gem,ficheiro,commit,categoria,loc_medio,loc_max,pct_singleton,pct_duck,mixins_por_classe,profundidade_heranca,metaprog_por_100,metodos,classes,formas,razao_formas
aasm,lib/aasm/aasm.rb,88061ec5104a,state machines,16.3,50,9,82,0.0,0,27.3,11,2,11,1.0
aasm,lib/aasm/base.rb,88061ec5104a,state machines,9.3,56,0,93,0.0,0,29.6,27,2,21,0.778
aasm,lib/aasm/core/event.rb,88061ec5104a,state machines,7.5,34,0,74,0.5,0,0.0,19,2,19,1.0
aasm,lib/aasm/core/invoker.rb,88061ec5104a,state machines,5.3,8,0,20,0.0,0,0.0,10,3,6,0.6
aasm,lib/aasm/core/invokers/base_invoker.rb,88061ec5104a,state machines,4.6,7,0,14,0.0,0,0.0,7,4,5,0.714
aasm,lib/aasm/core/invokers/class_invoker.rb,88061ec5104a,state machines,4.5,12,0,82,0.0,1,0.0,11,4,11,1.0
aasm,lib/aasm/core/invokers/literal_invoker.rb,88061ec5104a,state machines,4.8,9,0,92,0.0,1,53.8,13,4,13,1.0
aasm,lib/aasm/core/invokers/proc_invoker.rb,88061ec5104a,state machines,6.8,17,0,90,0.0,1,70.0,10,4,10,1.0
aasm,lib/aasm/core/state.rb,88061ec5104a,state machines,6.2,11,0,73,0.0,0,0.0,11,2,11,1.0
aasm,lib/aasm/core/transition.rb,88061ec5104a,state machines,6.7,22,0,67,0.5,0,0.0,9,2,9,1.0
aasm,lib/aasm/dsl_helper.rb,88061ec5104a,state machines,6.7,9,0,67,0.0,0,66.7,3,3,3,1.0
aasm,lib/aasm/instance_base.rb,88061ec5104a,state machines,8.1,26,0,88,0.0,0,25.0,16,2,16,1.0
aasm,lib/aasm/localizer.rb,88061ec5104a,state machines,6.1,10,0,100,0.0,0,0.0,8,2,8,1.0
aasm,lib/aasm/minitest/transition_from.rb,88061ec5104a,state machines,5.7,6,0,100,0.0,0,33.3,3,1,3,1.0
aasm,lib/aasm/persistence.rb,88061ec5104a,state machines,8,28,100,60,0.0,0,40.0,5,2,5,1.0
aasm,lib/aasm/persistence/active_record_persistence.rb,88061ec5104a,state machines,6.2,17,6,24,0.0,0,47.1,17,5,17,1.0
aasm,lib/aasm/persistence/base.rb,88061ec5104a,state machines,4.8,8,12,75,0.0,0,12.5,8,5,8,1.0
aasm,lib/aasm/persistence/core_data_query_persistence.rb,88061ec5104a,state machines,4.6,7,20,60,0.0,0,100.0,5,5,5,1.0
aasm,lib/aasm/persistence/dynamoid_persistence.rb,88061ec5104a,state machines,10.2,22,25,75,0.0,0,125.0,4,4,4,1.0
aasm,lib/aasm/persistence/mongoid_persistence.rb,88061ec5104a,state machines,6.1,14,11,33,0.0,0,66.7,9,5,9,1.0
aasm,lib/aasm/persistence/no_brainer_persistence.rb,88061ec5104a,state machines,4.6,8,11,22,0.0,0,44.4,9,5,9,1.0
aasm,lib/aasm/persistence/orm.rb,88061ec5104a,state machines,5.2,29,0,11,0.0,0,0.0,19,3,15,0.789
aasm,lib/aasm/persistence/plain_persistence.rb,88061ec5104a,state machines,4.3,7,0,0,0.0,0,100.0,3,3,3,1.0
aasm,lib/aasm/persistence/redis_persistence.rb,88061ec5104a,state machines,5,9,17,33,0.0,0,100.0,6,4,6,1.0
aasm,lib/aasm/persistence/sequel_persistence.rb,88061ec5104a,state machines,4.2,9,9,36,0.0,0,54.5,11,4,11,1.0
aasm,lib/aasm/state_machine.rb,88061ec5104a,state machines,6,8,0,83,0.0,0,0.0,6,2,6,1.0
aasm,lib/aasm/state_machine_store.rb,88061ec5104a,state machines,5.9,12,44,78,0.0,0,0.0,9,2,9,1.0
aasm,lib/generators/aasm/orm_helpers.rb,88061ec5104a,state machines,7,17,0,50,0.0,0,0.0,4,3,4,1.0
aasm,lib/generators/active_record/aasm_generator.rb,88061ec5104a,state machines,7.3,10,0,33,0.33,1,0.0,3,3,3,1.0
aasm,lib/generators/mongoid/aasm_generator.rb,88061ec5104a,state machines,3,3,0,0,0.33,1,0.0,4,3,4,1.0
aasm,lib/generators/nobrainer/aasm_generator.rb,88061ec5104a,state machines,3,3,0,0,0.33,1,0.0,4,3,4,1.0
active_model_serializers,lib/action_controller/serialization.rb,6934c8bd31f4,api builder and discovery,6.3,17,0,33,0.67,0,16.7,6,3,6,1.0
active_model_serializers,lib/active_model/serializer.rb,6934c8bd31f4,api builder and discovery,6.1,18,67,67,1.5,0,6.7,30,2,27,0.9
active_model_serializers,lib/active_model/serializer/association.rb,6934c8bd31f4,api builder and discovery,4.6,15,0,88,0.0,0,0.0,8,2,8,1.0
active_model_serializers,lib/active_model/serializer/collection_serializer.rb,6934c8bd31f4,api builder and discovery,7.6,18,0,75,0.25,1,0.0,8,4,8,1.0
active_model_serializers,lib/active_model/serializer/concerns/caching.rb,6934c8bd31f4,api builder and discovery,8.4,23,0,81,0.25,0,0.0,21,4,21,1.0
active_model_serializers,lib/active_model/serializer/field.rb,6934c8bd31f4,api builder and discovery,8.7,16,0,71,0.0,0,71.4,7,2,7,1.0
active_model_serializers,lib/active_model/serializer/fieldset.rb,6934c8bd31f4,api builder and discovery,4,7,0,50,0.0,0,0.0,4,3,4,1.0
active_model_serializers,lib/active_model/serializer/lazy_association.rb,6934c8bd31f4,api builder and discovery,6.5,17,0,82,0.0,0,0.0,11,2,11,1.0
active_model_serializers,lib/active_model/serializer/lint.rb,6934c8bd31f4,api builder and discovery,4.5,8,0,85,0.0,0,0.0,13,4,12,0.923
active_model_serializers,lib/active_model/serializer/reflection.rb,6934c8bd31f4,api builder and discovery,7.6,17,0,67,0.0,1,11.1,9,3,8,0.889
active_model_serializers,lib/active_model_serializers.rb,6934c8bd31f4,api builder and discovery,4.8,7,100,40,1.0,0,0.0,5,1,5,1.0
active_model_serializers,lib/active_model_serializers/adapter.rb,6934c8bd31f4,api builder and discovery,5.2,16,100,60,0.5,0,0.0,10,2,10,1.0
active_model_serializers,lib/active_model_serializers/adapter/attributes.rb,6934c8bd31f4,api builder and discovery,8,13,0,100,0.0,1,0.0,3,3,3,1.0
active_model_serializers,lib/active_model_serializers/adapter/base.rb,6934c8bd31f4,api builder and discovery,3.2,4,46,23,0.0,0,7.7,13,3,13,1.0
active_model_serializers,lib/active_model_serializers/adapter/json.rb,6934c8bd31f4,api builder and discovery,4.3,7,0,100,0.0,1,0.0,3,3,3,1.0
active_model_serializers,lib/active_model_serializers/adapter/json_api.rb,6934c8bd31f4,api builder and discovery,13.1,67,11,89,0.33,1,0.0,18,3,18,1.0
active_model_serializers,lib/active_model_serializers/adapter/json_api/deserialization.rb,6934c8bd31f4,api builder and discovery,10.8,30,0,78,0.0,1,11.1,9,4,9,1.0
active_model_serializers,lib/active_model_serializers/adapter/json_api/error.rb,6934c8bd31f4,api builder and discovery,9.7,14,100,67,0.0,1,33.3,3,4,3,1.0
active_model_serializers,lib/active_model_serializers/adapter/json_api/jsonapi.rb,6934c8bd31f4,api builder and discovery,5.7,11,0,67,0.0,1,0.0,3,4,3,1.0
active_model_serializers,lib/active_model_serializers/adapter/json_api/link.rb,6934c8bd31f4,api builder and discovery,7.2,12,0,50,0.25,1,25.0,4,4,3,0.75
active_model_serializers,lib/active_model_serializers/adapter/json_api/pagination_links.rb,6934c8bd31f4,api builder and discovery,5.2,11,0,83,0.0,1,0.0,12,4,12,1.0
active_model_serializers,lib/active_model_serializers/adapter/json_api/relationship.rb,6934c8bd31f4,api builder and discovery,9.8,24,0,88,0.0,1,12.5,8,4,8,1.0
active_model_serializers,lib/active_model_serializers/adapter/json_api/resource_identifier.rb,6934c8bd31f4,api builder and discovery,5.5,9,50,75,0.0,1,25.0,8,4,8,1.0
active_model_serializers,lib/active_model_serializers/logging.rb,6934c8bd31f4,api builder and discovery,6.8,11,0,38,0.6,1,37.5,8,5,8,1.0
active_model_serializers,lib/active_model_serializers/lookup_chain.rb,6934c8bd31f4,api builder and discovery,3.2,4,0,50,0.0,0,0.0,4,2,4,1.0
active_model_serializers,lib/active_model_serializers/model.rb,6934c8bd31f4,api builder and discovery,5.4,7,38,100,1.0,0,12.5,8,3,8,1.0
active_model_serializers,lib/active_model_serializers/register_jsonapi_renderer.rb,6934c8bd31f4,api builder and discovery,10.3,17,67,100,0.0,0,0.0,3,3,3,1.0
active_model_serializers,lib/active_model_serializers/serializable_resource.rb,6934c8bd31f4,api builder and discovery,4.5,12,0,80,0.5,0,0.0,10,2,9,0.9
active_model_serializers,lib/active_model_serializers/serialization_context.rb,6934c8bd31f4,api builder and discovery,4.8,12,60,40,0.0,0,20.0,5,3,5,1.0
active_model_serializers,lib/generators/rails/serializer_generator.rb,6934c8bd31f4,api builder and discovery,4.5,9,0,75,0.0,1,0.0,4,3,4,1.0
activerecord,examples/performance.rb,3989ebf3473d,orm/odm,1.9,3,67,44,0.0,1,0.0,9,4,7,0.778
activerecord,lib/active_record.rb,3989ebf3473d,orm/odm,7.9,21,100,33,0.86,0,5.6,18,7,18,1.0
activerecord,lib/active_record/aggregations.rb,3989ebf3473d,orm/odm,10.3,24,0,71,0.33,0,71.4,7,3,7,1.0
activerecord,lib/active_record/association_relation.rb,3989ebf3473d,orm/odm,3.7,7,0,71,0.0,1,0.0,7,2,7,1.0
activerecord,lib/active_record/associations.rb,3989ebf3473d,orm/odm,6.9,37,8,38,0.75,0,15.4,13,4,12,0.923
activerecord,lib/active_record/associations/alias_tracker.rb,3989ebf3473d,orm/odm,12,23,33,83,0.0,0,0.0,6,3,6,1.0
activerecord,lib/active_record/associations/association.rb,3989ebf3473d,orm/odm,5.7,27,0,62,0.0,0,6.4,47,3,42,0.894
activerecord,lib/active_record/associations/association_scope.rb,3989ebf3473d,orm/odm,9.6,36,20,60,0.0,1,6.7,15,4,15,1.0
activerecord,lib/active_record/associations/belongs_to_association.rb,3989ebf3473d,orm/odm,7.1,33,0,71,0.0,1,33.3,21,3,20,0.952
activerecord,lib/active_record/associations/belongs_to_polymorphic_association.rb,3989ebf3473d,orm/odm,4.1,9,0,88,0.0,2,0.0,8,3,8,1.0
activerecord,lib/active_record/associations/builder/association.rb,3989ebf3473d,orm/odm,7.5,19,100,65,0.0,0,23.5,17,2,13,0.765
activerecord,lib/active_record/associations/builder/belongs_to.rb,3989ebf3473d,orm/odm,13.9,34,100,82,0.0,1,45.5,11,2,10,0.909
activerecord,lib/active_record/associations/builder/collection_association.rb,3989ebf3473d,orm/odm,11,26,100,83,0.0,1,100.0,6,2,5,0.833
activerecord,lib/active_record/associations/builder/has_and_belongs_to_many.rb,3989ebf3473d,orm/odm,10.3,45,45,82,0.0,0,9.1,11,2,11,1.0
activerecord,lib/active_record/associations/builder/has_one.rb,3989ebf3473d,orm/odm,5.6,11,100,75,0.0,1,12.5,8,2,7,0.875
activerecord,lib/active_record/associations/builder/singular_association.rb,3989ebf3473d,orm/odm,15.5,21,100,75,0.0,1,50.0,4,2,4,1.0
activerecord,lib/active_record/associations/collection_association.rb,3989ebf3473d,orm/odm,10.3,34,0,82,0.0,1,5.3,38,3,38,1.0
activerecord,lib/active_record/associations/collection_proxy.rb,3989ebf3473d,orm/odm,3.5,7,0,68,0.33,1,0.0,37,3,32,0.865
activerecord,lib/active_record/associations/deprecation.rb,3989ebf3473d,orm/odm,6.6,24,100,78,0.0,0,0.0,9,1,9,1.0
activerecord,lib/active_record/associations/disable_joins_association_scope.rb,3989ebf3473d,orm/odm,16,24,0,100,0.0,1,0.0,3,3,3,1.0
activerecord,lib/active_record/associations/errors.rb,3989ebf3473d,orm/odm,8.4,12,0,95,0.13,3,0.0,20,23,18,0.9
activerecord,lib/active_record/associations/foreign_association.rb,3989ebf3473d,orm/odm,10,17,0,100,0.0,0,0.0,3,2,3,1.0
activerecord,lib/active_record/associations/has_many_association.rb,3989ebf3473d,orm/odm,9.5,46,0,85,0.33,1,23.1,13,3,13,1.0
activerecord,lib/active_record/associations/has_many_through_association.rb,3989ebf3473d,orm/odm,9.4,36,0,81,0.33,2,19.0,21,3,21,1.0
activerecord,lib/active_record/associations/has_one_association.rb,3989ebf3473d,orm/odm,14.9,31,0,88,0.33,1,25.0,8,3,8,1.0
activerecord,lib/active_record/associations/join_dependency.rb,3989ebf3473d,orm/odm,11.6,47,9,91,0.25,0,0.0,22,4,22,1.0
activerecord,lib/active_record/associations/join_dependency/join_association.rb,3989ebf3473d,orm/odm,13.7,54,0,100,0.0,1,0.0,6,4,6,1.0
activerecord,lib/active_record/associations/join_dependency/join_part.rb,3989ebf3473d,orm/odm,5.6,16,0,71,0.25,0,0.0,7,4,7,1.0
activerecord,lib/active_record/associations/nested_error.rb,3989ebf3473d,orm/odm,6,9,0,100,0.0,1,0.0,5,3,5,1.0
activerecord,lib/active_record/associations/preloader.rb,3989ebf3473d,orm/odm,6,16,0,80,0.33,0,0.0,5,3,5,1.0
activerecord,lib/active_record/associations/preloader/association.rb,3989ebf3473d,orm/odm,6.6,20,0,74,0.0,0,0.0,38,6,36,0.947
activerecord,lib/active_record/associations/preloader/batch.rb,3989ebf3473d,orm/odm,13,24,0,100,0.0,0,0.0,3,4,3,1.0
activerecord,lib/active_record/associations/preloader/branch.rb,3989ebf3473d,orm/odm,7.6,16,0,94,0.0,0,0.0,16,4,16,1.0
activerecord,lib/active_record/associations/preloader/through_association.rb,3989ebf3473d,orm/odm,9,43,0,100,0.0,1,0.0,14,4,14,1.0
activerecord,lib/active_record/associations/singular_association.rb,3989ebf3473d,orm/odm,5.3,11,0,40,0.0,1,0.0,10,3,9,0.9
activerecord,lib/active_record/associations/through_association.rb,3989ebf3473d,orm/odm,9.3,22,0,100,0.0,0,0.0,10,3,10,1.0
activerecord,lib/active_record/asynchronous_queries_tracker.rb,3989ebf3473d,orm/odm,3.7,7,27,73,0.0,0,0.0,11,3,11,1.0
activerecord,lib/active_record/attribute_assignment.rb,3989ebf3473d,orm/odm,8.9,18,0,86,0.0,0,28.6,7,2,7,1.0
activerecord,lib/active_record/attribute_methods.rb,3989ebf3473d,orm/odm,7.6,23,3,78,2.75,1,5.4,37,4,36,0.973
activerecord,lib/active_record/attribute_methods/before_type_cast.rb,3989ebf3473d,orm/odm,3.9,6,0,100,0.33,0,0.0,7,3,7,1.0
activerecord,lib/active_record/attribute_methods/composite_primary_key.rb,3989ebf3473d,orm/odm,7.1,8,0,100,0.0,0,0.0,8,3,8,1.0
activerecord,lib/active_record/attribute_methods/dirty.rb,3989ebf3473d,orm/odm,5.3,28,0,74,0.67,0,0.0,19,3,19,1.0
activerecord,lib/active_record/attribute_methods/primary_key.rb,3989ebf3473d,orm/odm,4.5,11,0,42,0.5,0,5.3,19,4,18,0.947
activerecord,lib/active_record/attribute_methods/query.rb,3989ebf3473d,orm/odm,9.7,19,0,67,0.33,0,33.3,3,3,3,1.0
activerecord,lib/active_record/attribute_methods/read.rb,3989ebf3473d,orm/odm,7,12,0,100,0.25,0,0.0,3,4,3,1.0
activerecord,lib/active_record/attribute_methods/serialization.rb,3989ebf3473d,orm/odm,13.2,23,0,100,0.2,1,0.0,4,5,4,1.0
activerecord,lib/active_record/attribute_methods/time_zone_conversion.rb,3989ebf3473d,orm/odm,7.6,21,12,50,0.2,1,0.0,8,5,8,1.0
activerecord,lib/active_record/attribute_methods/write.rb,3989ebf3473d,orm/odm,7.3,12,0,100,0.25,0,0.0,3,4,3,1.0
activerecord,lib/active_record/attributes.rb,3989ebf3473d,orm/odm,7.4,15,0,57,1.0,0,0.0,7,3,7,1.0
activerecord,lib/active_record/autosave_association.rb,3989ebf3473d,orm/odm,12.0,45,7,72,0.25,0,13.8,29,4,25,0.862
activerecord,lib/active_record/callbacks.rb,3989ebf3473d,orm/odm,4.3,11,0,0,1.0,0,0.0,6,3,6,1.0
activerecord,lib/active_record/coders/column_serializer.rb,3989ebf3473d,orm/odm,7.2,15,0,67,0.0,0,0.0,6,3,6,1.0
activerecord,lib/active_record/coders/json.rb,3989ebf3473d,orm/odm,3.3,4,0,67,0.0,0,0.0,3,3,3,1.0
activerecord,lib/active_record/coders/yaml_column.rb,3989ebf3473d,orm/odm,7.8,11,0,56,0.0,1,0.0,9,4,9,1.0
activerecord,lib/active_record/connection_adapters/abstract/connection_handler.rb,3989ebf3473d,orm/odm,6.5,39,0,54,0.0,0,0.0,26,4,24,0.923
activerecord,lib/active_record/connection_adapters/abstract/connection_pool.rb,3989ebf3473d,orm/odm,9.2,58,3,67,0.2,1,0.0,95,10,81,0.853
activerecord,lib/active_record/connection_adapters/abstract/connection_pool/queue.rb,3989ebf3473d,orm/odm,5.8,20,0,78,0.14,1,0.0,23,7,23,1.0
activerecord,lib/active_record/connection_adapters/abstract/connection_pool/reaper.rb,3989ebf3473d,orm/odm,13.4,42,60,80,0.0,0,0.0,5,4,5,1.0
activerecord,lib/active_record/connection_adapters/abstract/database_statements.rb,3989ebf3473d,orm/odm,6.3,41,0,32,0.0,0,0.0,71,3,59,0.831
activerecord,lib/active_record/connection_adapters/abstract/query_cache.rb,3989ebf3473d,orm/odm,7,21,6,86,0.0,0,2.8,36,6,35,0.972
activerecord,lib/active_record/connection_adapters/abstract/quoting.rb,3989ebf3473d,orm/odm,7.0,18,0,45,0.25,0,0.0,22,4,18,0.818
activerecord,lib/active_record/connection_adapters/abstract/schema_creation.rb,3989ebf3473d,orm/odm,7,33,0,73,0.0,0,4.5,22,3,21,0.955
activerecord,lib/active_record/connection_adapters/abstract/schema_definitions.rb,3989ebf3473d,orm/odm,5.4,30,0,79,0.5,0,1.1,90,8,79,0.878
activerecord,lib/active_record/connection_adapters/abstract/schema_dumper.rb,3989ebf3473d,orm/odm,5.9,14,7,71,0.0,1,0.0,14,3,14,1.0
activerecord,lib/active_record/connection_adapters/abstract/schema_statements.rb,3989ebf3473d,orm/odm,7.0,36,0,60,0.33,0,2.5,120,3,101,0.842
activerecord,lib/active_record/connection_adapters/abstract/transaction.rb,3989ebf3473d,orm/odm,5.9,41,0,57,0.0,2,0.0,97,13,61,0.629
activerecord,lib/active_record/connection_adapters/abstract_adapter.rb,3989ebf3473d,orm/odm,5.6,67,9,38,2.0,0,0.6,159,4,93,0.585
activerecord,lib/active_record/connection_adapters/abstract_mysql_adapter.rb,3989ebf3473d,orm/odm,8.4,49,6,56,0.75,1,0.0,96,4,74,0.771
activerecord,lib/active_record/connection_adapters/column.rb,3989ebf3473d,orm/odm,6.2,12,0,57,0.25,1,0.0,14,4,13,0.929
activerecord,lib/active_record/connection_adapters/deduplicable.rb,3989ebf3473d,orm/odm,3,3,0,0,0.25,0,0.0,4,4,4,1.0
activerecord,lib/active_record/connection_adapters/mysql/column.rb,3989ebf3473d,orm/odm,3,3,0,50,0.0,1,0.0,4,4,4,1.0
activerecord,lib/active_record/connection_adapters/mysql/database_statements.rb,3989ebf3473d,orm/odm,6.4,11,0,70,0.0,0,0.0,10,4,10,1.0
activerecord,lib/active_record/connection_adapters/mysql/explain_pretty_printer.rb,3989ebf3473d,orm/odm,8.8,19,0,100,0.0,0,20.0,5,4,5,1.0
activerecord,lib/active_record/connection_adapters/mysql/quoting.rb,3989ebf3473d,orm/odm,9,23,0,60,0.2,0,0.0,10,5,8,0.8
activerecord,lib/active_record/connection_adapters/mysql/schema_creation.rb,3989ebf3473d,orm/odm,7.7,26,0,82,0.0,1,0.0,11,4,11,1.0
activerecord,lib/active_record/connection_adapters/mysql/schema_definitions.rb,3989ebf3473d,orm/odm,5,15,0,70,0.57,1,0.0,10,7,10,1.0
activerecord,lib/active_record/connection_adapters/mysql/schema_dumper.rb,3989ebf3473d,orm/odm,8.7,20,0,100,0.0,1,22.2,9,4,9,1.0
activerecord,lib/active_record/connection_adapters/mysql/schema_statements.rb,3989ebf3473d,orm/odm,9.9,73,0,55,0.0,0,0.0,29,4,27,0.931
activerecord,lib/active_record/connection_adapters/mysql/type_metadata.rb,3989ebf3473d,orm/odm,4.8,5,0,75,0.25,1,0.0,4,4,4,1.0
activerecord,lib/active_record/connection_adapters/mysql2/database_statements.rb,3989ebf3473d,orm/odm,16,74,0,62,0.0,0,25.0,8,4,8,1.0
activerecord,lib/active_record/connection_adapters/mysql2_adapter.rb,3989ebf3473d,orm/odm,5.9,14,9,68,0.33,2,0.0,22,3,17,0.773
activerecord,lib/active_record/connection_adapters/pool_config.rb,3989ebf3473d,orm/odm,6.1,12,22,67,0.33,0,0.0,9,3,9,1.0
activerecord,lib/active_record/connection_adapters/pool_manager.rb,3989ebf3473d,orm/odm,4.6,9,0,100,0.0,0,0.0,9,3,9,1.0
activerecord,lib/active_record/connection_adapters/postgresql/column.rb,3989ebf3473d,orm/odm,4.3,7,0,64,0.0,1,0.0,14,4,13,0.929
activerecord,lib/active_record/connection_adapters/postgresql/database_statements.rb,3989ebf3473d,orm/odm,7.2,36,0,62,0.0,0,0.0,24,4,22,0.917
activerecord,lib/active_record/connection_adapters/postgresql/oid/array.rb,3989ebf3473d,orm/odm,6.2,12,0,80,0.2,2,10.0,10,5,10,1.0
activerecord,lib/active_record/connection_adapters/postgresql/oid/bit.rb,3989ebf3473d,orm/odm,4.3,12,0,14,0.0,2,0.0,7,6,6,0.857
activerecord,lib/active_record/connection_adapters/postgresql/oid/cidr.rb,3989ebf3473d,orm/odm,6.8,13,0,80,0.0,2,0.0,5,5,5,1.0
activerecord,lib/active_record/connection_adapters/postgresql/oid/date_time.rb,3989ebf3473d,orm/odm,7,11,0,33,0.0,1,0.0,3,5,3,1.0
activerecord,lib/active_record/connection_adapters/postgresql/oid/hstore.rb,3989ebf3473d,orm/odm,13.5,52,0,50,0.2,2,0.0,6,5,5,0.833
activerecord,lib/active_record/connection_adapters/postgresql/oid/interval.rb,3989ebf3473d,orm/odm,8,14,0,25,0.0,2,0.0,4,5,4,1.0
activerecord,lib/active_record/connection_adapters/postgresql/oid/legacy_point.rb,3989ebf3473d,orm/odm,6.5,13,0,75,0.2,2,0.0,4,5,4,1.0
activerecord,lib/active_record/connection_adapters/postgresql/oid/macaddr.rb,3989ebf3473d,orm/odm,3.7,4,0,67,0.0,1,0.0,3,5,3,1.0
activerecord,lib/active_record/connection_adapters/postgresql/oid/point.rb,3989ebf3473d,orm/odm,7.3,20,0,71,0.2,2,0.0,7,5,7,1.0
activerecord,lib/active_record/connection_adapters/postgresql/oid/range.rb,3989ebf3473d,orm/odm,6.1,13,0,93,0.0,2,0.0,14,5,14,1.0
activerecord,lib/active_record/connection_adapters/postgresql/oid/type_map_initializer.rb,3989ebf3473d,orm/odm,6.1,16,0,93,0.0,0,0.0,15,5,15,1.0
activerecord,lib/active_record/connection_adapters/postgresql/oid/uuid.rb,3989ebf3473d,orm/odm,4.6,8,0,80,0.0,2,0.0,5,5,5,1.0
activerecord,lib/active_record/connection_adapters/postgresql/oid/xml.rb,3989ebf3473d,orm/odm,3.2,4,0,0,0.0,1,0.0,4,6,3,0.75
activerecord,lib/active_record/connection_adapters/postgresql/quoting.rb,3989ebf3473d,orm/odm,7.8,28,0,71,0.17,1,0.0,24,6,23,0.958
activerecord,lib/active_record/connection_adapters/postgresql/schema_creation.rb,3989ebf3473d,orm/odm,9.6,35,0,71,0.0,1,0.0,14,4,13,0.929
activerecord,lib/active_record/connection_adapters/postgresql/schema_definitions.rb,3989ebf3473d,orm/odm,3.8,8,0,81,0.57,1,0.0,31,7,24,0.774
activerecord,lib/active_record/connection_adapters/postgresql/schema_dumper.rb,3989ebf3473d,orm/odm,9.3,15,0,93,0.0,1,0.0,15,4,15,1.0
activerecord,lib/active_record/connection_adapters/postgresql/schema_statements.rb,3989ebf3473d,orm/odm,10.1,71,0,57,0.0,0,0.0,94,4,87,0.926
activerecord,lib/active_record/connection_adapters/postgresql/type_metadata.rb,3989ebf3473d,orm/odm,5.2,6,0,75,0.25,1,0.0,4,4,4,1.0
activerecord,lib/active_record/connection_adapters/postgresql/utils.rb,3989ebf3473d,orm/odm,4.6,8,0,62,0.2,0,0.0,8,5,8,1.0
activerecord,lib/active_record/connection_adapters/postgresql_adapter.rb,3989ebf3473d,orm/odm,8.4,63,4,56,0.8,1,1.0,100,5,61,0.61
activerecord,lib/active_record/connection_adapters/schema_cache.rb,3989ebf3473d,orm/odm,5.7,25,5,62,0.0,0,1.5,66,6,62,0.939
activerecord,lib/active_record/connection_adapters/sql_type_metadata.rb,3989ebf3473d,orm/odm,6.8,8,0,75,0.33,0,0.0,4,3,4,1.0
activerecord,lib/active_record/connection_adapters/sqlite3/column.rb,3989ebf3473d,orm/odm,4.3,7,0,70,0.0,1,0.0,10,4,10,1.0
activerecord,lib/active_record/connection_adapters/sqlite3/database_statements.rb,3989ebf3473d,orm/odm,6.8,49,0,33,0.0,0,0.0,18,4,16,0.889
activerecord,lib/active_record/connection_adapters/sqlite3/quoting.rb,3989ebf3473d,orm/odm,7.1,15,0,54,0.2,0,0.0,13,5,11,0.846
activerecord,lib/active_record/connection_adapters/sqlite3/schema_creation.rb,3989ebf3473d,orm/odm,8,16,0,67,0.0,1,0.0,3,4,3,1.0
activerecord,lib/active_record/connection_adapters/sqlite3/schema_definitions.rb,3989ebf3473d,orm/odm,4.4,8,0,40,0.0,1,0.0,5,4,4,0.8
activerecord,lib/active_record/connection_adapters/sqlite3/schema_dumper.rb,3989ebf3473d,orm/odm,7.2,12,0,83,0.0,1,0.0,6,4,6,1.0
activerecord,lib/active_record/connection_adapters/sqlite3/schema_statements.rb,3989ebf3473d,orm/odm,10.1,47,0,67,0.0,0,0.0,18,4,18,1.0
activerecord,lib/active_record/connection_adapters/sqlite3_adapter.rb,3989ebf3473d,orm/odm,8.7,51,5,59,0.6,1,1.4,74,5,55,0.743
activerecord,lib/active_record/connection_adapters/statement_pool.rb,3989ebf3473d,orm/odm,3.9,6,0,91,0.33,0,0.0,11,3,11,1.0
activerecord,lib/active_record/connection_adapters/trilogy/database_statements.rb,3989ebf3473d,orm/odm,9,28,0,67,0.0,0,0.0,6,4,6,1.0
activerecord,lib/active_record/connection_adapters/trilogy_adapter.rb,3989ebf3473d,orm/odm,6.0,17,17,70,0.33,2,0.0,23,3,18,0.783
activerecord,lib/active_record/connection_handling.rb,3989ebf3473d,orm/odm,6.7,29,0,83,0.0,0,3.3,30,2,30,1.0
activerecord,lib/active_record/core.rb,3989ebf3473d,orm/odm,7.2,46,27,48,0.75,1,6.0,67,4,58,0.866
activerecord,lib/active_record/counter_cache.rb,3989ebf3473d,orm/odm,12.4,61,0,89,0.33,0,0.0,9,3,9,1.0
activerecord,lib/active_record/database_configurations.rb,3989ebf3473d,orm/odm,8.8,24,5,79,0.0,1,0.0,19,3,19,1.0
activerecord,lib/active_record/database_configurations/connection_url_resolver.rb,3989ebf3473d,orm/odm,8.6,17,0,86,0.0,0,0.0,7,3,7,1.0
activerecord,lib/active_record/database_configurations/hash_config.rb,3989ebf3473d,orm/odm,4.4,14,0,87,0.0,1,0.0,31,3,24,0.774
activerecord,lib/active_record/database_configurations/url_config.rb,3989ebf3473d,orm/odm,10,18,0,100,0.0,2,0.0,4,3,4,1.0
activerecord,lib/active_record/disable_joins_association_relation.rb,3989ebf3473d,orm/odm,7,13,0,100,0.0,1,0.0,4,2,4,1.0
activerecord,lib/active_record/dynamic_matchers.rb,3989ebf3473d,orm/odm,4.4,10,86,57,0.0,1,14.3,14,5,12,0.857
activerecord,lib/active_record/encryption/auto_filtered_parameters.rb,3989ebf3473d,orm/odm,5.2,7,0,44,0.0,0,0.0,9,3,9,1.0
activerecord,lib/active_record/encryption/cipher.rb,3989ebf3473d,orm/odm,4.3,7,0,50,0.0,0,0.0,6,3,6,1.0
activerecord,lib/active_record/encryption/cipher/aes256_gcm.rb,3989ebf3473d,orm/odm,8.6,26,25,50,0.0,0,0.0,8,4,8,1.0
activerecord,lib/active_record/encryption/config.rb,3989ebf3473d,orm/odm,6.6,15,0,40,0.0,0,0.0,5,3,5,1.0
activerecord,lib/active_record/encryption/configurable.rb,3989ebf3473d,orm/odm,9.3,19,0,67,0.33,0,66.7,3,3,3,1.0
activerecord,lib/active_record/encryption/context.rb,3989ebf3473d,orm/odm,4,7,0,0,0.0,0,0.0,4,3,4,1.0
activerecord,lib/active_record/encryption/contexts.rb,3989ebf3473d,orm/odm,4.3,11,0,17,0.33,0,16.7,6,3,5,0.833
activerecord,lib/active_record/encryption/encryptable_record.rb,3989ebf3473d,orm/odm,6.3,16,0,52,0.67,0,17.4,23,3,23,1.0
activerecord,lib/active_record/encryption/encrypted_attribute_type.rb,3989ebf3473d,orm/odm,4.9,17,0,59,0.33,2,0.0,27,3,27,1.0
activerecord,lib/active_record/encryption/encrypted_fixtures.rb,3989ebf3473d,orm/odm,9,11,0,67,0.0,0,0.0,3,3,3,1.0
activerecord,lib/active_record/encryption/encryptor.rb,3989ebf3473d,orm/odm,5,9,0,58,0.0,0,0.0,19,3,19,1.0
activerecord,lib/active_record/encryption/envelope_encryption_key_provider.rb,3989ebf3473d,orm/odm,4,7,0,57,0.0,0,0.0,7,3,7,1.0
activerecord,lib/active_record/encryption/extended_deterministic_queries.rb,3989ebf3473d,orm/odm,8.6,26,36,55,0.12,0,0.0,11,8,9,0.818
activerecord,lib/active_record/encryption/key.rb,3989ebf3473d,orm/odm,3.7,4,33,0,0.0,0,0.0,3,3,3,1.0
activerecord,lib/active_record/encryption/key_generator.rb,3989ebf3473d,orm/odm,3.2,4,0,0,0.0,0,0.0,6,3,6,1.0
activerecord,lib/active_record/encryption/key_provider.rb,3989ebf3473d,orm/odm,5,7,0,75,0.0,0,0.0,4,3,4,1.0
activerecord,lib/active_record/encryption/message.rb,3989ebf3473d,orm/odm,4.7,6,0,67,0.0,0,0.0,3,3,3,1.0
activerecord,lib/active_record/encryption/message_pack_message_serializer.rb,3989ebf3473d,orm/odm,5.5,9,0,75,0.0,0,0.0,8,3,8,1.0
activerecord,lib/active_record/encryption/message_serializer.rb,3989ebf3473d,orm/odm,6,9,0,80,0.0,0,0.0,10,3,10,1.0
activerecord,lib/active_record/encryption/null_encryptor.rb,3989ebf3473d,orm/odm,3,3,0,0,0.0,0,0.0,4,3,3,0.75
activerecord,lib/active_record/encryption/properties.rb,3989ebf3473d,orm/odm,4.4,5,0,60,0.0,0,0.0,5,3,5,1.0
activerecord,lib/active_record/encryption/read_only_null_encryptor.rb,3989ebf3473d,orm/odm,3,3,0,0,0.0,0,0.0,4,3,4,1.0
activerecord,lib/active_record/encryption/scheme.rb,3989ebf3473d,orm/odm,5.1,22,0,60,0.0,0,0.0,15,3,14,0.933
activerecord,lib/active_record/enum.rb,3989ebf3473d,orm/odm,12.3,66,6,72,0.25,2,50.0,18,4,18,1.0
activerecord,lib/active_record/errors.rb,3989ebf3473d,orm/odm,7.5,35,14,23,0.03,5,0.0,22,60,17,0.773
activerecord,lib/active_record/explain.rb,3989ebf3473d,orm/odm,10,19,20,60,0.0,0,0.0,5,2,5,1.0
activerecord,lib/active_record/explain_registry.rb,3989ebf3473d,orm/odm,4.3,9,20,20,0.0,0,0.0,10,3,10,1.0
activerecord,lib/active_record/filter_attribute_handler.rb,3989ebf3473d,orm/odm,5.3,9,20,40,0.0,0,0.0,10,2,10,1.0
activerecord,lib/active_record/fixture_set/file.rb,3989ebf3473d,orm/odm,6.2,13,10,80,0.33,0,0.0,10,3,9,0.9
activerecord,lib/active_record/fixture_set/model_metadata.rb,3989ebf3473d,orm/odm,3.4,6,0,88,0.0,0,0.0,8,3,8,1.0
activerecord,lib/active_record/fixture_set/render_context.rb,3989ebf3473d,orm/odm,5.7,11,33,0,0.0,0,0.0,3,1,3,1.0
activerecord,lib/active_record/fixture_set/table_row.rb,3989ebf3473d,orm/odm,8.2,37,0,91,0.0,1,0.0,23,6,23,1.0
activerecord,lib/active_record/fixture_set/table_rows.rb,3989ebf3473d,orm/odm,7.2,12,0,75,0.0,0,0.0,4,3,4,1.0
activerecord,lib/active_record/fixtures.rb,3989ebf3473d,orm/odm,7.4,30,53,78,0.17,2,6.2,32,6,32,1.0
activerecord,lib/active_record/future_result.rb,3989ebf3473d,orm/odm,6.7,23,5,48,0.0,1,0.0,21,5,19,0.905
activerecord,lib/active_record/inheritance.rb,3989ebf3473d,orm/odm,8.2,27,0,78,0.33,0,8.7,23,3,23,1.0
activerecord,lib/active_record/insert_all.rb,3989ebf3473d,orm/odm,6.8,29,3,95,0.0,0,0.0,39,3,38,0.974
activerecord,lib/active_record/integration.rb,3989ebf3473d,orm/odm,9.9,18,0,75,0.33,0,37.5,8,3,8,1.0
activerecord,lib/active_record/internal_metadata.rb,3989ebf3473d,orm/odm,7,13,0,78,0.0,0,0.0,18,3,17,0.944
activerecord,lib/active_record/locking/optimistic.rb,3989ebf3473d,orm/odm,6.3,38,5,52,0.2,1,4.8,21,5,20,0.952
activerecord,lib/active_record/log_subscriber.rb,3989ebf3473d,orm/odm,10.4,40,0,64,0.0,1,0.0,11,2,11,1.0
activerecord,lib/active_record/marshalling.rb,3989ebf3473d,orm/odm,14.3,18,33,100,0.0,0,0.0,3,3,3,1.0
activerecord,lib/active_record/message_pack.rb,3989ebf3473d,orm/odm,6.5,11,14,93,0.2,0,0.0,14,5,14,1.0
activerecord,lib/active_record/middleware/database_selector.rb,3989ebf3473d,orm/odm,8.7,13,0,67,0.0,0,0.0,3,3,3,1.0
activerecord,lib/active_record/middleware/database_selector/resolver.rb,3989ebf3473d,orm/odm,4.4,9,8,67,0.0,0,0.0,12,4,12,1.0
activerecord,lib/active_record/middleware/database_selector/resolver/session.rb,3989ebf3473d,orm/odm,2.9,3,43,71,0.0,0,0.0,7,5,6,0.857
activerecord,lib/active_record/middleware/shard_selector.rb,3989ebf3473d,orm/odm,6,9,0,75,0.0,0,0.0,4,3,4,1.0
activerecord,lib/active_record/migration.rb,3989ebf3473d,orm/odm,6.6,54,15,55,0.05,3,6.2,129,19,114,0.884
activerecord,lib/active_record/migration/command_recorder.rb,3989ebf3473d,orm/odm,7.3,17,0,82,0.5,0,32.4,34,4,26,0.765
activerecord,lib/active_record/migration/compatibility.rb,3989ebf3473d,orm/odm,5.2,22,3,66,0.12,10,1.5,65,25,40,0.615
activerecord,lib/active_record/migration/default_strategy.rb,3989ebf3473d,orm/odm,3,3,0,100,0.0,1,33.3,3,3,3,1.0
activerecord,lib/active_record/model_schema.rb,3989ebf3473d,orm/odm,6.0,19,2,85,0.33,0,4.9,41,3,40,0.976
activerecord,lib/active_record/nested_attributes.rb,3989ebf3473d,orm/odm,13.5,62,0,71,0.25,2,42.9,14,4,14,1.0
activerecord,lib/active_record/no_touching.rb,3989ebf3473d,orm/odm,3.4,6,43,29,0.33,0,0.0,7,3,7,1.0
activerecord,lib/active_record/persistence.rb,3989ebf3473d,orm/odm,8.1,33,0,51,0.33,0,27.9,61,3,57,0.934
activerecord,lib/active_record/promise.rb,3989ebf3473d,orm/odm,4.3,10,0,45,0.0,1,0.0,11,3,10,0.909
activerecord,lib/active_record/query_cache.rb,3989ebf3473d,orm/odm,7,13,60,100,0.0,0,0.0,5,4,5,1.0
activerecord,lib/active_record/query_logs.rb,3989ebf3473d,orm/odm,6.5,14,67,56,0.0,0,0.0,18,5,14,0.778
activerecord,lib/active_record/query_logs_formatter.rb,3989ebf3473d,orm/odm,3,3,100,50,0.0,0,0.0,4,4,3,0.75
activerecord,lib/active_record/querying.rb,3989ebf3473d,orm/odm,8.5,25,0,67,0.0,0,0.0,6,2,6,1.0
activerecord,lib/active_record/railties/controller_runtime.rb,3989ebf3473d,orm/odm,9.6,16,0,60,0.25,0,0.0,5,4,5,1.0
activerecord,lib/active_record/readonly_attributes.rb,3989ebf3473d,orm/odm,5.4,7,0,80,0.4,2,0.0,5,5,4,0.8
activerecord,lib/active_record/reflection.rb,3989ebf3473d,orm/odm,6.0,43,3,68,0.07,3,4.1,147,14,124,0.844
activerecord,lib/active_record/relation.rb,3989ebf3473d,orm/odm,7.3,44,2,76,2.5,0,2.0,100,4,99,0.99
activerecord,lib/active_record/relation/batches.rb,3989ebf3473d,orm/odm,18.4,78,0,93,0.0,0,0.0,14,2,13,0.929
activerecord,lib/active_record/relation/batches/batch_enumerator.rb,3989ebf3473d,orm/odm,5.2,9,0,62,0.33,0,0.0,8,3,8,1.0
activerecord,lib/active_record/relation/calculations.rb,3989ebf3473d,orm/odm,12.1,81,0,86,0.0,0,2.7,37,3,35,0.946
activerecord,lib/active_record/relation/delegation.rb,3989ebf3473d,orm/odm,6.7,18,14,79,0.43,1,42.9,14,7,14,1.0
activerecord,lib/active_record/relation/finder_methods.rb,3989ebf3473d,orm/odm,8.8,29,0,44,0.0,0,0.0,43,2,38,0.884
activerecord,lib/active_record/relation/from_clause.rb,3989ebf3473d,orm/odm,3.2,4,20,40,0.0,0,0.0,5,3,5,1.0
activerecord,lib/active_record/relation/merger.rb,3989ebf3473d,orm/odm,11.8,24,0,92,0.0,0,30.8,13,4,13,1.0
activerecord,lib/active_record/relation/predicate_builder.rb,3989ebf3473d,orm/odm,11.5,67,8,85,0.0,0,15.4,13,2,13,1.0
activerecord,lib/active_record/relation/predicate_builder/association_query_value.rb,3989ebf3473d,orm/odm,6.6,17,0,89,0.0,0,22.2,9,3,9,1.0
activerecord,lib/active_record/relation/predicate_builder/polymorphic_array_value.rb,3989ebf3473d,orm/odm,7.3,14,0,83,0.0,0,0.0,6,3,6,1.0
activerecord,lib/active_record/relation/query_attribute.rb,3989ebf3473d,orm/odm,4.9,15,0,50,0.0,2,0.0,10,3,10,1.0
activerecord,lib/active_record/relation/query_methods.rb,3989ebf3473d,orm/odm,8.5,55,0,72,0.5,0,3.8,130,4,119,0.915
activerecord,lib/active_record/relation/spawn_methods.rb,3989ebf3473d,orm/odm,5.7,11,0,100,0.0,0,33.3,6,2,6,1.0
activerecord,lib/active_record/relation/where_clause.rb,3989ebf3473d,orm/odm,7,24,4,84,0.0,0,0.0,25,3,25,1.0
activerecord,lib/active_record/result.rb,3989ebf3473d,orm/odm,6.2,25,4,82,0.33,0,0.0,28,3,27,0.964
activerecord,lib/active_record/runtime_registry.rb,3989ebf3473d,orm/odm,6.7,13,0,50,0.33,0,0.0,6,3,5,0.833
activerecord,lib/active_record/sanitization.rb,3989ebf3473d,orm/odm,10.8,18,0,92,0.33,0,0.0,12,3,12,1.0
activerecord,lib/active_record/schema.rb,3989ebf3473d,orm/odm,7,12,33,67,0.75,2,33.3,3,4,3,1.0
activerecord,lib/active_record/schema_dumper.rb,3989ebf3473d,orm/odm,11.7,72,8,73,0.0,0,0.0,26,2,22,0.846
activerecord,lib/active_record/schema_migration.rb,3989ebf3473d,orm/odm,5.6,9,0,79,0.0,0,0.0,14,3,14,1.0
activerecord,lib/active_record/scoping.rb,3989ebf3473d,orm/odm,3.7,11,5,21,0.75,0,0.0,19,4,15,0.789
activerecord,lib/active_record/scoping/default.rb,3989ebf3473d,orm/odm,7.7,26,0,50,0.2,0,10.0,10,5,10,1.0
activerecord,lib/active_record/scoping/named.rb,3989ebf3473d,orm/odm,12.2,36,0,67,0.25,0,50.0,6,4,6,1.0
activerecord,lib/active_record/signed_id.rb,3989ebf3473d,orm/odm,7.6,22,0,67,0.2,0,0.0,9,5,9,1.0
activerecord,lib/active_record/statement_cache.rb,3989ebf3473d,orm/odm,5.4,12,26,47,0.0,1,0.0,19,8,17,0.895
activerecord,lib/active_record/store.rb,3989ebf3473d,orm/odm,9.3,84,45,95,0.29,1,65.0,20,7,20,1.0
activerecord,lib/active_record/structured_event_subscriber.rb,3989ebf3473d,orm/odm,13.2,36,0,80,0.0,1,0.0,5,2,5,1.0
activerecord,lib/active_record/suppressor.rb,3989ebf3473d,orm/odm,4,7,25,0,0.33,0,0.0,4,3,3,0.75
activerecord,lib/active_record/table_metadata.rb,3989ebf3473d,orm/odm,6.1,23,0,88,0.0,0,0.0,8,2,8,1.0
activerecord,lib/active_record/tasks/abstract_tasks.rb,3989ebf3473d,orm/odm,5,16,9,64,0.0,0,0.0,11,3,11,1.0
activerecord,lib/active_record/tasks/database_tasks.rb,3989ebf3473d,orm/odm,7.8,33,0,60,0.25,1,0.0,67,4,66,0.985
activerecord,lib/active_record/tasks/mysql_database_tasks.rb,3989ebf3473d,orm/odm,8.4,18,0,100,0.0,1,0.0,8,3,8,1.0
activerecord,lib/active_record/tasks/postgresql_database_tasks.rb,3989ebf3473d,orm/odm,9.7,33,0,80,0.0,1,0.0,10,3,10,1.0
activerecord,lib/active_record/tasks/sqlite_database_tasks.rb,3989ebf3473d,orm/odm,7.4,16,0,88,0.0,1,0.0,8,3,8,1.0
activerecord,lib/active_record/test_fixtures.rb,3989ebf3473d,orm/odm,9.1,34,0,68,0.33,0,7.1,28,3,28,1.0
activerecord,lib/active_record/testing/query_assertions.rb,3989ebf3473d,orm/odm,8.7,18,0,57,0.0,0,0.0,7,4,7,1.0
activerecord,lib/active_record/timestamp.rb,3989ebf3473d,orm/odm,4.9,12,0,57,0.33,0,0.0,21,3,20,0.952
activerecord,lib/active_record/token_for.rb,3989ebf3473d,orm/odm,3.4,5,0,91,0.25,0,9.1,11,4,11,1.0
activerecord,lib/active_record/touch_later.rb,3989ebf3473d,orm/odm,8,26,0,43,0.0,0,0.0,7,2,7,1.0
activerecord,lib/active_record/transaction.rb,3989ebf3473d,orm/odm,4.2,7,0,67,0.0,0,0.0,6,2,6,1.0
activerecord,lib/active_record/transactions.rb,3989ebf3473d,orm/odm,7.2,28,0,44,0.33,0,0.0,32,3,26,0.812
activerecord,lib/active_record/type.rb,3989ebf3473d,orm/odm,3,3,100,60,0.0,0,0.0,5,2,5,1.0
activerecord,lib/active_record/type/adapter_specific_registry.rb,3989ebf3473d,orm/odm,4.6,10,0,67,0.0,1,0.0,21,6,21,1.0
activerecord,lib/active_record/type/hash_lookup_type_map.rb,3989ebf3473d,orm/odm,4.6,11,0,78,0.0,0,0.0,9,3,9,1.0
activerecord,lib/active_record/type/internal/timezone.rb,3989ebf3473d,orm/odm,3.2,4,0,50,0.0,0,0.0,4,4,4,1.0
activerecord,lib/active_record/type/json.rb,3989ebf3473d,orm/odm,5,13,0,40,0.33,2,0.0,5,3,4,0.8
activerecord,lib/active_record/type/serialized.rb,3989ebf3473d,orm/odm,5.7,12,0,70,0.33,1,0.0,10,3,9,0.9
activerecord,lib/active_record/type/time.rb,3989ebf3473d,orm/odm,6.3,8,0,33,0.25,1,0.0,3,4,3,1.0
activerecord,lib/active_record/type/type_map.rb,3989ebf3473d,orm/odm,7,13,0,67,0.0,0,0.0,6,3,6,1.0
activerecord,lib/active_record/type_caster/connection.rb,3989ebf3473d,orm/odm,7,13,0,67,0.0,0,0.0,3,3,3,1.0
activerecord,lib/active_record/type_caster/map.rb,3989ebf3473d,orm/odm,3.3,4,0,67,0.0,0,0.0,3,3,3,1.0
activerecord,lib/active_record/validations.rb,3989ebf3473d,orm/odm,4.2,11,0,38,0.33,2,0.0,8,3,8,1.0
activerecord,lib/active_record/validations/associated.rb,3989ebf3473d,orm/odm,4,7,0,75,0.0,1,0.0,4,4,4,1.0
activerecord,lib/active_record/validations/numericality.rb,3989ebf3473d,orm/odm,3.5,5,0,50,0.0,1,0.0,4,4,4,1.0
activerecord,lib/active_record/validations/uniqueness.rb,3989ebf3473d,orm/odm,13.7,33,0,90,0.0,1,20.0,10,4,10,1.0
activerecord,lib/arel.rb,3989ebf3473d,orm/odm,5,9,100,75,0.0,0,0.0,4,1,4,1.0
activerecord,lib/arel/attributes/attribute.rb,3989ebf3473d,orm/odm,3,3,0,100,1.67,1,0.0,4,3,4,1.0
activerecord,lib/arel/collectors/bind.rb,3989ebf3473d,orm/odm,3.4,4,0,40,0.0,0,0.0,5,3,4,0.8
activerecord,lib/arel/collectors/composite.rb,3989ebf3473d,orm/odm,4.5,5,0,83,0.0,0,0.0,6,3,6,1.0
activerecord,lib/arel/collectors/plain_string.rb,3989ebf3473d,orm/odm,3.3,4,0,33,0.0,0,0.0,3,3,3,1.0
activerecord,lib/arel/collectors/sql_string.rb,3989ebf3473d,orm/odm,4.3,5,0,33,0.0,1,0.0,3,3,3,1.0
activerecord,lib/arel/collectors/substitute_binds.rb,3989ebf3473d,orm/odm,3.6,4,0,80,0.0,0,40.0,5,3,5,1.0
activerecord,lib/arel/crud.rb,3989ebf3473d,orm/odm,8.5,14,0,75,0.0,0,0.0,4,2,4,1.0
activerecord,lib/arel/delete_manager.rb,3989ebf3473d,orm/odm,5,10,0,80,0.5,1,0.0,5,2,5,1.0
activerecord,lib/arel/factory_methods.rb,3989ebf3473d,orm/odm,3,3,0,18,0.0,0,0.0,11,2,7,0.636
activerecord,lib/arel/insert_manager.rb,3989ebf3473d,orm/odm,4.5,18,0,62,0.0,1,0.0,8,2,6,0.75
activerecord,lib/arel/nodes/binary.rb,3989ebf3473d,orm/odm,3.7,7,0,29,0.64,3,0.0,14,14,7,0.5
activerecord,lib/arel/nodes/bind_param.rb,3989ebf3473d,orm/odm,3.9,7,0,71,0.0,1,0.0,7,3,7,1.0
activerecord,lib/arel/nodes/bound_sql_literal.rb,3989ebf3473d,orm/odm,10,33,0,60,0.0,2,0.0,5,3,5,1.0
activerecord,lib/arel/nodes/case.rb,3989ebf3473d,orm/odm,4.6,6,0,57,0.0,3,0.0,7,5,7,1.0
activerecord,lib/arel/nodes/casted.rb,3989ebf3473d,orm/odm,4.8,13,12,62,0.0,3,0.0,8,4,7,0.875
activerecord,lib/arel/nodes/comment.rb,3989ebf3473d,orm/odm,3.8,4,0,50,0.0,1,0.0,4,3,4,1.0
activerecord,lib/arel/nodes/cte.rb,3989ebf3473d,orm/odm,3.8,6,0,20,0.0,3,0.0,5,3,5,1.0
activerecord,lib/arel/nodes/delete_statement.rb,3989ebf3473d,orm/odm,8,12,0,50,0.0,1,0.0,4,3,4,1.0
activerecord,lib/arel/nodes/extract.rb,3989ebf3473d,orm/odm,3.7,4,0,67,0.0,3,0.0,3,3,3,1.0
activerecord,lib/arel/nodes/fragments.rb,3989ebf3473d,orm/odm,4,5,0,40,0.0,1,0.0,5,3,5,1.0
activerecord,lib/arel/nodes/function.rb,3989ebf3473d,orm/odm,4.3,5,0,33,0.67,2,0.0,3,3,3,1.0
activerecord,lib/arel/nodes/homogeneous_in.rb,3989ebf3473d,orm/odm,4.2,10,0,73,0.0,1,0.0,11,3,11,1.0
activerecord,lib/arel/nodes/insert_statement.rb,3989ebf3473d,orm/odm,5.8,7,0,50,0.0,1,0.0,4,3,4,1.0
activerecord,lib/arel/nodes/named_function.rb,3989ebf3473d,orm/odm,3.3,4,0,67,0.0,3,0.0,3,3,3,1.0
activerecord,lib/arel/nodes/nary.rb,3989ebf3473d,orm/odm,3.3,4,0,67,0.0,2,0.0,6,3,6,1.0
activerecord,lib/arel/nodes/node.rb,3989ebf3473d,orm/odm,3,6,0,14,0.33,0,0.0,7,3,6,0.857
activerecord,lib/arel/nodes/select_core.rb,3989ebf3473d,orm/odm,7.8,14,0,67,0.0,1,0.0,6,3,6,1.0
activerecord,lib/arel/nodes/select_statement.rb,3989ebf3473d,orm/odm,6.5,9,0,50,0.0,2,0.0,4,3,4,1.0
activerecord,lib/arel/nodes/sql_literal.rb,3989ebf3473d,orm/odm,3.5,5,0,25,1.33,1,0.0,4,3,4,1.0
activerecord,lib/arel/nodes/table_alias.rb,3989ebf3473d,orm/odm,3,3,0,83,0.0,3,0.0,6,3,6,1.0
activerecord,lib/arel/nodes/unary.rb,3989ebf3473d,orm/odm,3.7,4,0,67,0.0,2,0.0,3,3,3,1.0
activerecord,lib/arel/nodes/unqualified_column.rb,3989ebf3473d,orm/odm,3,3,0,100,0.0,3,0.0,3,3,3,1.0
activerecord,lib/arel/nodes/update_statement.rb,3989ebf3473d,orm/odm,8.5,13,0,50,0.0,1,0.0,4,3,4,1.0
activerecord,lib/arel/nodes/window.rb,3989ebf3473d,orm/odm,4.3,7,0,42,0.0,3,0.0,19,9,13,0.684
activerecord,lib/arel/predications.rb,3989ebf3473d,orm/odm,4.4,27,0,21,0.0,0,4.3,47,2,21,0.447
activerecord,lib/arel/select_manager.rb,3989ebf3473d,orm/odm,6.1,17,0,92,0.5,1,5.3,38,2,36,0.947
activerecord,lib/arel/table.rb,3989ebf3473d,orm/odm,4.5,15,0,83,1.0,0,0.0,18,2,18,1.0
activerecord,lib/arel/tree_manager.rb,3989ebf3473d,orm/odm,4.4,7,0,100,0.33,0,0.0,10,3,10,1.0
activerecord,lib/arel/update_manager.rb,3989ebf3473d,orm/odm,6.5,14,0,83,0.5,1,0.0,6,2,6,1.0
activerecord,lib/arel/visitors/dot.rb,3989ebf3473d,orm/odm,5.3,14,0,26,0.0,1,2.4,42,5,21,0.5
activerecord,lib/arel/visitors/mysql.rb,3989ebf3473d,orm/odm,5.6,16,0,79,0.0,2,0.0,14,3,12,0.857
activerecord,lib/arel/visitors/postgresql.rb,3989ebf3473d,orm/odm,7.1,27,0,94,0.0,2,0.0,17,3,11,0.647
activerecord,lib/arel/visitors/sqlite.rb,3989ebf3473d,orm/odm,11.4,27,0,88,0.0,2,0.0,8,3,7,0.875
activerecord,lib/arel/visitors/to_sql.rb,3989ebf3473d,orm/odm,7.2,53,0,87,0.0,1,0.0,119,4,86,0.723
activerecord,lib/arel/visitors/visitor.rb,3989ebf3473d,orm/odm,6,16,20,40,0.0,0,40.0,5,3,5,1.0
activerecord,lib/rails/generators/active_record/migration.rb,3989ebf3473d,orm/odm,5.3,10,0,50,0.5,0,0.0,6,4,5,0.833
activerecord,lib/rails/generators/active_record/migration/migration_generator.rb,3989ebf3473d,orm/odm,6.6,18,0,71,0.0,1,0.0,7,3,7,1.0
activerecord,lib/rails/generators/active_record/model/model_generator.rb,3989ebf3473d,orm/odm,4.1,9,0,92,0.0,1,0.0,12,3,10,0.833
activerecord-import,benchmarks/lib/base.rb,8ac907c9bbc5,orm/odm extensions,11.1,41,0,86,0.0,0,28.6,7,1,7,1.0
activerecord-import,benchmarks/lib/cli_parser.rb,8ac907c9bbc5,orm/odm extensions,17.8,68,100,60,0.0,0,0.0,5,1,5,1.0
activerecord-import,benchmarks/lib/float.rb,8ac907c9bbc5,orm/odm extensions,3,3,0,0,0.0,0,0.0,3,1,3,1.0
activerecord-import,lib/activerecord-import/adapters/abstract_adapter.rb,8ac907c9bbc5,orm/odm extensions,8.6,17,0,71,0.0,0,0.0,7,2,7,1.0
activerecord-import,lib/activerecord-import/adapters/active_record_proxy_adapter.rb,8ac907c9bbc5,orm/odm extensions,3,3,0,0,0.0,0,0.0,4,1,3,0.75
activerecord-import,lib/activerecord-import/adapters/mysql_adapter.rb,8ac907c9bbc5,orm/odm extensions,13.1,52,0,100,2.0,0,0.0,9,1,9,1.0
activerecord-import,lib/activerecord-import/adapters/postgresql_adapter.rb,8ac907c9bbc5,orm/odm extensions,12.5,41,0,81,2.0,0,0.0,16,1,16,1.0
activerecord-import,lib/activerecord-import/adapters/sqlite3_adapter.rb,8ac907c9bbc5,orm/odm extensions,9.6,35,0,87,2.0,0,0.0,15,1,14,0.933
activerecord-import,lib/activerecord-import/base.rb,8ac907c9bbc5,orm/odm extensions,9.3,14,100,33,0.0,0,0.0,3,1,3,1.0
activerecord-import,lib/activerecord-import/import.rb,8ac907c9bbc5,orm/odm extensions,30,202,64,82,0.09,1,114.3,28,11,27,0.964
activerecord-import,lib/activerecord-import/value_sets_parser.rb,8ac907c9bbc5,orm/odm extensions,6.9,28,25,62,0.0,1,0.0,8,4,7,0.875
activesupport,lib/active_support.rb,3989ebf3473d,core extensions,4.3,7,100,0,1.0,0,0.0,7,1,7,1.0
activesupport,lib/active_support/actionable_error.rb,3989ebf3473d,core extensions,5.3,8,67,67,0.25,1,0.0,3,4,3,1.0
activesupport,lib/active_support/array_inquirer.rb,3989ebf3473d,core extensions,6.3,9,0,100,0.0,1,0.0,3,2,3,1.0
activesupport,lib/active_support/backtrace_cleaner.rb,3989ebf3473d,core extensions,6.3,15,0,55,0.0,0,0.0,20,2,17,0.85
activesupport,lib/active_support/broadcast_logger.rb,3989ebf3473d,core extensions,4.8,19,0,70,0.5,0,15.0,20,2,16,0.8
activesupport,lib/active_support/cache.rb,3989ebf3473d,core extensions,9.3,37,8,69,0.0,0,1.6,61,5,51,0.836
activesupport,lib/active_support/cache/coder.rb,3989ebf3473d,core extensions,7.4,27,0,79,0.0,1,0.0,14,5,14,1.0
activesupport,lib/active_support/cache/entry.rb,3989ebf3473d,core extensions,6,23,7,73,0.0,0,0.0,15,3,14,0.933
activesupport,lib/active_support/cache/file_store.rb,3989ebf3473d,core extensions,8.3,25,5,70,0.0,1,0.0,20,3,20,1.0
activesupport,lib/active_support/cache/mem_cache_store.rb,3989ebf3473d,core extensions,8.3,22,11,78,0.33,1,5.6,18,3,18,1.0
activesupport,lib/active_support/cache/memory_store.rb,3989ebf3473d,core extensions,8.0,19,5,86,0.5,1,0.0,21,4,20,0.952
activesupport,lib/active_support/cache/null_store.rb,3989ebf3473d,core extensions,2.5,3,8,8,0.33,1,0.0,12,3,7,0.583
activesupport,lib/active_support/cache/redis_cache_store.rb,3989ebf3473d,core extensions,9.4,26,14,79,0.33,1,3.6,28,3,28,1.0
activesupport,lib/active_support/cache/serializer_with_fallback.rb,3989ebf3473d,core extensions,5,20,6,56,1.14,0,0.0,18,7,15,0.833
activesupport,lib/active_support/cache/strategy/local_cache.rb,3989ebf3473d,core extensions,6.5,33,0,61,0.17,0,0.0,28,6,25,0.893
activesupport,lib/active_support/cache/strategy/local_cache_middleware.rb,3989ebf3473d,core extensions,7.3,13,0,33,0.0,0,0.0,3,5,3,1.0
activesupport,lib/active_support/callbacks.rb,3989ebf3473d,core extensions,6.8,48,3,72,0.15,0,17.7,79,20,65,0.823
activesupport,lib/active_support/code_generator.rb,3989ebf3473d,core extensions,7.5,12,12,75,0.0,0,37.5,8,3,8,1.0
activesupport,lib/active_support/concern.rb,3989ebf3473d,core extensions,8.2,13,12,75,0.0,1,125.0,8,4,6,0.75
activesupport,lib/active_support/concurrency/share_lock.rb,3989ebf3473d,core extensions,12.8,31,0,77,0.33,0,0.0,13,3,13,1.0
activesupport,lib/active_support/concurrency/thread_monitor.rb,3989ebf3473d,core extensions,7.6,11,0,60,0.0,0,0.0,5,3,5,1.0
activesupport,lib/active_support/configurable.rb,3989ebf3473d,core extensions,6.9,18,14,57,0.25,3,100.0,7,4,7,1.0
activesupport,lib/active_support/configuration_file.rb,3989ebf3473d,core extensions,8.4,21,20,80,0.0,1,0.0,5,3,5,1.0
activesupport,lib/active_support/continuous_integration.rb,3989ebf3473d,core extensions,5.3,16,10,50,0.0,0,10.0,10,2,10,1.0
activesupport,lib/active_support/core_ext/array/access.rb,3989ebf3473d,core extensions,3.4,7,0,27,0.0,0,0.0,11,1,5,0.455
activesupport,lib/active_support/core_ext/array/conversions.rb,3989ebf3473d,core extensions,22.3,30,0,67,0.0,0,0.0,3,1,3,1.0
activesupport,lib/active_support/core_ext/array/grouping.rb,3989ebf3473d,core extensions,21,25,0,100,0.0,0,0.0,3,1,3,1.0
activesupport,lib/active_support/core_ext/date/calculations.rb,3989ebf3473d,core extensions,4.5,10,38,56,1.0,0,0.0,16,1,16,1.0
activesupport,lib/active_support/core_ext/date/conversions.rb,3989ebf3473d,core extensions,5.2,11,0,75,0.0,0,25.0,4,1,4,1.0
activesupport,lib/active_support/core_ext/date_and_time/calculations.rb,3989ebf3473d,core extensions,3.4,7,0,40,0.0,0,0.0,50,2,42,0.84
activesupport,lib/active_support/core_ext/date_time/calculations.rb,3989ebf3473d,core extensions,5.7,24,5,50,0.0,0,0.0,20,1,15,0.75
activesupport,lib/active_support/core_ext/date_time/conversions.rb,3989ebf3473d,core extensions,3.9,8,10,80,0.0,0,0.0,10,1,9,0.9
activesupport,lib/active_support/core_ext/digest/uuid.rb,3989ebf3473d,core extensions,7.3,21,100,33,0.0,0,0.0,6,2,5,0.833
activesupport,lib/active_support/core_ext/enumerable.rb,3989ebf3473d,core extensions,7,19,0,72,0.0,1,5.6,18,8,18,1.0
activesupport,lib/active_support/core_ext/erb/util.rb,3989ebf3473d,core extensions,12.8,39,17,83,0.33,0,0.0,6,6,6,1.0
activesupport,lib/active_support/core_ext/hash/conversions.rb,3989ebf3473d,core extensions,7.3,32,12,71,0.0,1,0.0,17,4,17,1.0
activesupport,lib/active_support/core_ext/hash/deep_transform_values.rb,3989ebf3473d,core extensions,6.5,10,0,50,0.0,0,0.0,4,1,4,1.0
activesupport,lib/active_support/core_ext/hash/keys.rb,3989ebf3473d,core extensions,4.9,14,0,85,0.0,0,0.0,13,1,13,1.0
activesupport,lib/active_support/core_ext/module/attr_internal.rb,3989ebf3473d,core extensions,5.8,11,20,80,0.0,0,20.0,5,1,4,0.8
activesupport,lib/active_support/core_ext/module/attribute_accessors_per_thread.rb,3989ebf3473d,core extensions,22,40,0,67,0.0,0,200.0,3,1,3,1.0
activesupport,lib/active_support/core_ext/module/introspection.rb,3989ebf3473d,core extensions,9,12,0,67,0.0,0,0.0,3,1,3,1.0
activesupport,lib/active_support/core_ext/module/redefine_method.rb,3989ebf3473d,core extensions,6.5,10,0,25,0.0,0,50.0,4,1,4,1.0
activesupport,lib/active_support/core_ext/name_error.rb,3989ebf3473d,core extensions,11,23,0,67,0.0,0,0.0,3,1,3,1.0
activesupport,lib/active_support/core_ext/numeric/time.rb,3989ebf3473d,core extensions,3,3,0,0,0.0,0,0.0,7,1,7,1.0
activesupport,lib/active_support/core_ext/object/deep_dup.rb,3989ebf3473d,core extensions,6.2,12,0,50,0.0,0,0.0,4,4,4,1.0
activesupport,lib/active_support/core_ext/object/json.rb,3989ebf3473d,core extensions,5.0,23,0,30,0.0,0,0.0,27,28,16,0.593
activesupport,lib/active_support/core_ext/object/to_query.rb,3989ebf3473d,core extensions,4.4,10,0,44,0.0,0,0.0,9,6,7,0.778
activesupport,lib/active_support/core_ext/object/try.rb,3989ebf3473d,core extensions,7,11,0,50,0.4,0,100.0,4,5,3,0.75
activesupport,lib/active_support/core_ext/string/access.rb,3989ebf3473d,core extensions,3.2,4,0,40,0.0,0,0.0,5,1,5,1.0
activesupport,lib/active_support/core_ext/string/filters.rb,3989ebf3473d,core extensions,9.6,26,0,86,0.0,0,0.0,7,1,7,1.0
activesupport,lib/active_support/core_ext/string/inflections.rb,3989ebf3473d,core extensions,3.7,10,0,6,0.0,0,0.0,17,1,17,1.0
activesupport,lib/active_support/core_ext/string/output_safety.rb,3989ebf3473d,core extensions,4.7,14,0,45,0.0,1,3.4,29,6,23,0.793
activesupport,lib/active_support/core_ext/time/calculations.rb,3989ebf3473d,core extensions,7.3,55,19,58,1.0,0,0.0,31,1,23,0.742
activesupport,lib/active_support/core_ext/time/zones.rb,3989ebf3473d,core extensions,4.6,9,100,0,1.0,0,0.0,5,1,5,1.0
activesupport,lib/active_support/current_attributes.rb,3989ebf3473d,core extensions,5.8,28,69,50,1.0,0,6.2,16,2,15,0.938
activesupport,lib/active_support/deep_mergeable.rb,3989ebf3473d,core extensions,5.7,11,0,100,0.0,0,0.0,3,2,3,1.0
activesupport,lib/active_support/delegation.rb,3989ebf3473d,core extensions,54,128,100,67,0.0,1,66.7,3,3,3,1.0
activesupport,lib/active_support/dependencies.rb,3989ebf3473d,core extensions,5.2,8,100,83,0.0,0,0.0,6,2,6,1.0
activesupport,lib/active_support/dependencies/autoload.rb,3989ebf3473d,core extensions,7.4,13,0,40,0.0,0,20.0,5,2,4,0.8
activesupport,lib/active_support/dependencies/interlock.rb,3989ebf3473d,core extensions,3.6,8,0,70,0.0,0,0.0,10,3,10,1.0
activesupport,lib/active_support/deprecation/behaviors.rb,3989ebf3473d,core extensions,5.5,18,0,33,0.0,1,0.0,6,4,4,0.667
activesupport,lib/active_support/deprecation/constant_accessor.rb,3989ebf3473d,core extensions,26.3,66,33,100,0.0,0,0.0,3,3,3,1.0
activesupport,lib/active_support/deprecation/deprecators.rb,3989ebf3473d,core extensions,3.8,6,0,50,0.0,0,16.7,12,3,8,0.667
activesupport,lib/active_support/deprecation/disallowed.rb,3989ebf3473d,core extensions,9.3,13,0,67,0.0,0,0.0,3,3,3,1.0
activesupport,lib/active_support/deprecation/proxy_wrappers.rb,3989ebf3473d,core extensions,4.2,8,11,79,0.0,1,21.1,19,6,17,0.895
activesupport,lib/active_support/deprecation/reporting.rb,3989ebf3473d,core extensions,6.5,12,0,50,0.0,0,0.0,12,3,11,0.917
activesupport,lib/active_support/descendants_tracker.rb,3989ebf3473d,core extensions,4.1,10,36,57,0.0,1,0.0,14,5,12,0.857
activesupport,lib/active_support/digest.rb,3989ebf3473d,core extensions,3.3,4,100,67,0.0,0,0.0,3,2,3,1.0
activesupport,lib/active_support/duration.rb,3989ebf3473d,core extensions,5.5,26,18,80,0.0,1,5.0,60,3,44,0.733
activesupport,lib/active_support/duration/iso8601_parser.rb,3989ebf3473d,core extensions,11.1,40,0,86,0.0,1,0.0,7,4,7,1.0
activesupport,lib/active_support/duration/iso8601_serializer.rb,3989ebf3473d,core extensions,8.8,18,0,80,0.0,0,0.0,5,3,5,1.0
activesupport,lib/active_support/editor.rb,3989ebf3473d,core extensions,4.5,8,67,50,0.0,0,0.0,6,2,6,1.0
activesupport,lib/active_support/encrypted_configuration.rb,3989ebf3473d,core extensions,5.2,9,0,50,0.0,1,0.0,12,4,12,1.0
activesupport,lib/active_support/encrypted_file.rb,3989ebf3473d,core extensions,4,12,11,42,0.0,1,0.0,19,5,19,1.0
activesupport,lib/active_support/error_reporter.rb,3989ebf3473d,core extensions,9.2,43,0,86,0.0,0,7.1,14,3,14,1.0
activesupport,lib/active_support/event_reporter.rb,3989ebf3473d,core extensions,7.5,40,25,58,0.0,0,0.0,24,4,22,0.917
activesupport,lib/active_support/event_reporter/test_helper.rb,3989ebf3473d,core extensions,7.3,16,0,67,0.0,0,0.0,3,2,3,1.0
activesupport,lib/active_support/evented_file_update_checker.rb,3989ebf3473d,core extensions,7.5,26,0,82,0.0,0,0.0,17,3,17,1.0
activesupport,lib/active_support/execution_context.rb,3989ebf3473d,core extensions,5.9,22,71,79,0.0,0,0.0,14,3,14,1.0
activesupport,lib/active_support/execution_wrapper.rb,3989ebf3473d,core extensions,5.5,18,59,29,0.5,0,11.8,17,2,14,0.824
activesupport,lib/active_support/file_update_checker.rb,3989ebf3473d,core extensions,9.8,21,0,80,0.0,0,0.0,10,2,10,1.0
activesupport,lib/active_support/fork_tracker.rb,3989ebf3473d,core extensions,4.8,7,80,80,0.0,0,0.0,5,3,5,1.0
activesupport,lib/active_support/gzip.rb,3989ebf3473d,core extensions,4,8,50,25,0.0,1,0.0,4,3,4,1.0
activesupport,lib/active_support/hash_with_indifferent_access.rb,3989ebf3473d,core extensions,4.8,14,2,52,0.0,1,0.0,42,2,35,0.833
activesupport,lib/active_support/html_safe_translation.rb,3989ebf3473d,core extensions,8.4,22,0,40,0.5,0,0.0,5,2,5,1.0
activesupport,lib/active_support/i18n_railtie.rb,3989ebf3473d,core extensions,16.3,47,100,83,0.0,1,16.7,6,2,6,1.0
activesupport,lib/active_support/inflector/inflections.rb,3989ebf3473d,core extensions,6.9,28,11,79,0.5,0,15.8,19,4,18,0.947
activesupport,lib/active_support/inflector/methods.rb,3989ebf3473d,core extensions,6.5,25,0,65,0.5,0,5.0,20,2,19,0.95
activesupport,lib/active_support/isolated_execution_state.rb,3989ebf3473d,core extensions,6.5,17,100,100,0.0,0,0.0,8,2,8,1.0
activesupport,lib/active_support/json/decoding.rb,3989ebf3473d,core extensions,12.7,26,100,33,0.0,0,0.0,3,2,3,1.0
activesupport,lib/active_support/json/encoding.rb,3989ebf3473d,core extensions,9.8,23,40,80,0.0,0,0.0,10,5,9,0.9
activesupport,lib/active_support/key_generator.rb,3989ebf3473d,core extensions,4.6,9,29,71,0.0,0,0.0,7,3,7,1.0
activesupport,lib/active_support/lazy_load_hooks.rb,3989ebf3473d,core extensions,8,13,20,100,0.5,0,60.0,5,2,5,1.0
activesupport,lib/active_support/log_subscriber.rb,3989ebf3473d,core extensions,4.4,7,50,64,0.0,1,7.1,14,2,14,1.0
activesupport,lib/active_support/log_subscriber/test_helper.rb,3989ebf3473d,core extensions,4.8,10,0,50,0.25,1,0.0,8,4,8,1.0
activesupport,lib/active_support/logger.rb,3989ebf3473d,core extensions,6.5,12,50,75,0.33,1,25.0,4,3,4,1.0
activesupport,lib/active_support/logger_thread_safe_level.rb,3989ebf3473d,core extensions,6.2,15,0,20,0.5,0,20.0,5,2,5,1.0
activesupport,lib/active_support/message_encryptor.rb,3989ebf3473d,core extensions,6.5,24,19,52,0.25,1,0.0,21,4,20,0.952
activesupport,lib/active_support/message_pack/extensions.rb,3989ebf3473d,core extensions,6.7,90,0,92,0.2,1,2.7,37,5,34,0.919
activesupport,lib/active_support/message_pack/serializer.rb,3989ebf3473d,core extensions,5,10,0,50,0.0,0,0.0,8,3,8,1.0
activesupport,lib/active_support/message_verifier.rb,3989ebf3473d,core extensions,5.3,16,0,50,0.33,1,0.0,16,3,16,1.0
activesupport,lib/active_support/messages/codec.rb,3989ebf3473d,core extensions,4.8,7,0,75,0.33,0,0.0,8,3,8,1.0
activesupport,lib/active_support/messages/metadata.rb,3989ebf3473d,core extensions,7.2,16,0,64,0.0,0,0.0,14,3,14,1.0
activesupport,lib/active_support/messages/rotation_coordinator.rb,3989ebf3473d,core extensions,6.5,13,0,58,0.0,0,0.0,12,3,12,1.0
activesupport,lib/active_support/messages/rotator.rb,3989ebf3473d,core extensions,6.6,19,0,62,0.0,0,0.0,8,3,8,1.0
activesupport,lib/active_support/messages/serializer_with_fallback.rb,3989ebf3473d,core extensions,4.4,14,5,26,1.33,0,0.0,19,9,15,0.789
activesupport,lib/active_support/multibyte/chars.rb,3989ebf3473d,core extensions,4.4,14,0,86,0.33,0,7.1,14,3,14,1.0
activesupport,lib/active_support/multibyte/unicode.rb,3989ebf3473d,core extensions,4.5,7,0,100,0.33,0,0.0,4,3,4,1.0
activesupport,lib/active_support/notifications.rb,3989ebf3473d,core extensions,3.8,7,100,78,0.0,0,0.0,9,2,8,0.889
activesupport,lib/active_support/notifications/fanout.rb,3989ebf3473d,core extensions,5.9,29,4,66,0.2,2,0.0,56,20,49,0.875
activesupport,lib/active_support/notifications/instrumenter.rb,3989ebf3473d,core extensions,4.4,13,0,55,0.0,0,0.0,31,6,25,0.806
activesupport,lib/active_support/number_helper/number_converter.rb,3989ebf3473d,core extensions,5.2,10,9,82,0.0,0,0.0,11,3,11,1.0
activesupport,lib/active_support/number_helper/number_to_currency_converter.rb,3989ebf3473d,core extensions,10.3,17,0,100,0.0,1,0.0,3,3,3,1.0
activesupport,lib/active_support/number_helper/number_to_delimited_converter.rb,3989ebf3473d,core extensions,9.3,22,0,100,0.0,1,0.0,3,3,3,1.0
activesupport,lib/active_support/number_helper/number_to_human_converter.rb,3989ebf3473d,core extensions,9.4,17,0,100,0.0,1,0.0,5,3,5,1.0
activesupport,lib/active_support/number_helper/number_to_human_size_converter.rb,3989ebf3473d,core extensions,5.4,16,0,71,0.0,1,0.0,7,3,7,1.0
activesupport,lib/active_support/number_helper/number_to_phone_converter.rb,3989ebf3473d,core extensions,4.4,7,0,100,0.0,1,0.0,9,3,9,1.0
activesupport,lib/active_support/number_helper/number_to_rounded_converter.rb,3989ebf3473d,core extensions,14.3,32,0,100,0.0,1,0.0,3,3,3,1.0
activesupport,lib/active_support/number_helper/rounding_helper.rb,3989ebf3473d,core extensions,6.2,10,0,80,0.0,0,0.0,5,3,5,1.0
activesupport,lib/active_support/option_merger.rb,3989ebf3473d,core extensions,7.7,17,0,67,0.0,0,66.7,3,2,3,1.0
activesupport,lib/active_support/ordered_hash.rb,3989ebf3473d,core extensions,3,3,0,50,0.0,1,0.0,6,2,4,0.667
activesupport,lib/active_support/ordered_options.rb,3989ebf3473d,core extensions,3.9,12,0,72,0.0,2,0.0,18,3,17,0.944
activesupport,lib/active_support/parameter_filter.rb,3989ebf3473d,core extensions,12.1,31,14,71,0.0,0,0.0,7,2,7,1.0
activesupport,lib/active_support/reloader.rb,3989ebf3473d,core extensions,5.1,12,60,27,0.0,1,0.0,15,2,13,0.867
activesupport,lib/active_support/rescuable.rb,3989ebf3473d,core extensions,13.7,23,0,71,0.33,0,42.9,7,3,7,1.0
activesupport,lib/active_support/secure_compare_rotator.rb,3989ebf3473d,core extensions,6,10,0,67,0.5,0,0.0,3,2,3,1.0
activesupport,lib/active_support/security_utils.rb,3989ebf3473d,core extensions,5,9,0,67,0.0,0,0.0,3,2,3,1.0
activesupport,lib/active_support/structured_event_subscriber.rb,3989ebf3473d,core extensions,4.3,5,33,56,0.0,1,0.0,9,2,9,1.0
activesupport,lib/active_support/subscriber.rb,3989ebf3473d,core extensions,6.5,17,85,69,0.0,0,7.7,13,2,13,1.0
activesupport,lib/active_support/syntax_error_proxy.rb,3989ebf3473d,core extensions,4.7,12,0,44,0.0,1,0.0,9,4,8,0.889
activesupport,lib/active_support/tagged_logging.rb,3989ebf3473d,core extensions,5.3,17,17,78,0.0,0,0.0,18,5,18,1.0
activesupport,lib/active_support/test_case.rb,3989ebf3473d,core extensions,4,14,82,9,6.0,1,0.0,11,2,10,0.909
activesupport,lib/active_support/testing/assertions.rb,3989ebf3473d,core extensions,19.1,39,0,78,0.0,0,0.0,9,3,9,1.0
activesupport,lib/active_support/testing/deprecation.rb,3989ebf3473d,core extensions,10.3,15,0,100,0.0,0,0.0,3,3,3,1.0
activesupport,lib/active_support/testing/error_reporter_assertions.rb,3989ebf3473d,core extensions,9.8,17,50,83,0.0,0,0.0,6,5,6,1.0
activesupport,lib/active_support/testing/event_reporter_assertions.rb,3989ebf3473d,core extensions,10.5,31,33,75,0.0,0,0.0,12,5,12,1.0
activesupport,lib/active_support/testing/isolation.rb,3989ebf3473d,core extensions,19,38,40,80,0.2,0,20.0,5,5,5,1.0
activesupport,lib/active_support/testing/method_call_assertions.rb,3989ebf3473d,core extensions,7.4,22,0,71,0.0,0,14.3,7,3,7,1.0
activesupport,lib/active_support/testing/notification_assertions.rb,3989ebf3473d,core extensions,7.2,11,0,75,0.0,0,0.0,4,3,4,1.0
activesupport,lib/active_support/testing/parallelization.rb,3989ebf3473d,core extensions,5,15,33,33,0.0,0,0.0,9,3,6,0.667
activesupport,lib/active_support/testing/parallelization/server.rb,3989ebf3473d,core extensions,7.2,23,0,90,0.25,0,0.0,10,4,10,1.0
activesupport,lib/active_support/testing/parallelization/worker.rb,3989ebf3473d,core extensions,10,23,0,78,0.0,0,0.0,9,4,9,1.0
activesupport,lib/active_support/testing/parallelize_executor.rb,3989ebf3473d,core extensions,4.5,11,0,54,0.0,0,0.0,13,3,13,1.0
activesupport,lib/active_support/testing/setup_and_teardown.rb,3989ebf3473d,core extensions,5.2,11,20,20,0.0,0,0.0,5,4,4,0.8
activesupport,lib/active_support/testing/stream.rb,3989ebf3473d,core extensions,10,16,0,67,0.0,0,0.0,3,3,3,1.0
activesupport,lib/active_support/testing/time_helpers.rb,3989ebf3473d,core extensions,10.8,74,0,67,0.0,0,16.7,12,4,12,1.0
activesupport,lib/active_support/time_with_zone.rb,3989ebf3473d,core extensions,4.7,18,0,84,1.0,0,7.1,56,2,53,0.946
activesupport,lib/active_support/values/time_zone.rb,3989ebf3473d,core extensions,6.0,38,26,69,0.5,0,0.0,39,2,39,1.0
activesupport,lib/active_support/xml_mini.rb,3989ebf3473d,core extensions,7.2,32,0,43,0.33,0,7.1,14,3,13,0.929
activesupport,lib/active_support/xml_mini/jdom.rb,3989ebf3473d,core extensions,11,21,0,100,0.5,0,0.0,9,2,9,1.0
activesupport,lib/active_support/xml_mini/libxml.rb,3989ebf3473d,core extensions,14.7,30,0,100,0.17,0,0.0,3,6,3,1.0
activesupport,lib/active_support/xml_mini/libxmlsax.rb,3989ebf3473d,core extensions,7,17,0,86,0.67,0,0.0,7,3,7,1.0
activesupport,lib/active_support/xml_mini/nokogiri.rb,3989ebf3473d,core extensions,15.3,30,0,100,0.2,0,0.0,3,5,3,1.0
activesupport,lib/active_support/xml_mini/nokogirisax.rb,3989ebf3473d,core extensions,6,14,0,75,0.33,1,0.0,8,3,8,1.0
activesupport,lib/active_support/xml_mini/rexml.rb,3989ebf3473d,core extensions,9,19,0,88,0.5,0,0.0,8,2,8,1.0
addressable,lib/addressable/idna/native.rb,0c3e8589b23d,core extensions,6.2,11,100,100,0.5,0,0.0,5,2,5,1.0
addressable,lib/addressable/idna/pure.rb,0c3e8589b23d,core extensions,27.7,120,100,100,0.2,1,0.0,12,5,12,1.0
addressable,lib/addressable/template.rb,0c3e8589b23d,core extensions,14.8,96,0,70,0.0,1,0.0,30,6,30,1.0
addressable,lib/addressable/uri.rb,0c3e8589b23d,core extensions,18.5,93,16,69,0.0,1,3.4,88,6,87,0.989
autoprefixer-rails,lib/autoprefixer-rails.rb,01f8d15c4677,assets,4.8,9,100,25,0.0,0,0.0,4,1,4,1.0
autoprefixer-rails,lib/autoprefixer-rails/processor.rb,01f8d15c4677,assets,14.3,27,0,78,0.0,0,11.1,9,2,9,1.0
autoprefixer-rails,lib/autoprefixer-rails/sprockets.rb,01f8d15c4677,assets,6.1,10,71,57,0.0,0,0.0,7,2,7,1.0
awesome_print,lib/awesome_print/custom_defaults.rb,9ae56ba413b9,cli utilities,4.4,9,100,30,0.0,0,10.0,10,1,9,0.9
awesome_print,lib/awesome_print/ext/active_record.rb,9ae56ba413b9,cli utilities,14,20,20,100,0.0,0,80.0,5,2,5,1.0
awesome_print,lib/awesome_print/ext/active_support.rb,9ae56ba413b9,cli utilities,5.2,11,25,75,0.0,0,50.0,4,2,4,1.0
awesome_print,lib/awesome_print/ext/mongo_mapper.rb,9ae56ba413b9,cli utilities,12.4,25,14,100,0.0,0,42.9,7,2,7,1.0
awesome_print,lib/awesome_print/ext/mongoid.rb,9ae56ba413b9,cli utilities,8.6,13,20,100,0.0,0,40.0,5,2,5,1.0
awesome_print,lib/awesome_print/ext/nobrainer.rb,9ae56ba413b9,cli utilities,7.8,11,25,100,0.0,0,50.0,4,2,4,1.0
awesome_print,lib/awesome_print/ext/nokogiri.rb,9ae56ba413b9,cli utilities,9.3,16,33,100,0.0,0,66.7,3,2,3,1.0
awesome_print,lib/awesome_print/ext/ostruct.rb,9ae56ba413b9,cli utilities,4.7,7,33,100,0.0,0,66.7,3,2,3,1.0
awesome_print,lib/awesome_print/ext/ripple.rb,9ae56ba413b9,cli utilities,10.5,19,25,100,0.0,0,75.0,4,2,4,1.0
awesome_print,lib/awesome_print/ext/sequel.rb,9ae56ba413b9,cli utilities,6.6,11,20,100,0.0,0,40.0,5,2,5,1.0
awesome_print,lib/awesome_print/formatter.rb,9ae56ba413b9,cli utilities,4.7,14,0,44,0.5,0,5.6,18,2,10,0.556
awesome_print,lib/awesome_print/formatters/array_formatter.rb,9ae56ba413b9,cli utilities,6.5,15,0,88,0.0,1,5.9,17,3,16,0.941
awesome_print,lib/awesome_print/formatters/base_formatter.rb,9ae56ba413b9,cli utilities,10.6,38,0,89,0.33,0,0.0,9,3,9,1.0
awesome_print,lib/awesome_print/formatters/hash_formatter.rb,9ae56ba413b9,cli utilities,5.8,16,0,93,0.0,1,0.0,14,3,14,1.0
awesome_print,lib/awesome_print/formatters/object_formatter.rb,9ae56ba413b9,cli utilities,12.2,39,0,100,0.0,1,40.0,5,3,5,1.0
awesome_print,lib/awesome_print/formatters/struct_formatter.rb,9ae56ba413b9,cli utilities,13.8,39,0,100,0.0,1,25.0,4,3,4,1.0
awesome_print,lib/awesome_print/inspector.rb,9ae56ba413b9,cli utilities,9.8,46,0,67,0.0,0,0.0,12,2,12,1.0
better_errors,lib/better_errors.rb,fde3b7025db1,error handling,5.2,12,100,25,0.0,0,0.0,4,1,3,0.75
better_errors,lib/better_errors/code_formatter.rb,fde3b7025db1,error handling,4.1,5,0,62,0.0,0,0.0,8,2,8,1.0
better_errors,lib/better_errors/code_formatter/html.rb,fde3b7025db1,error handling,4.5,6,0,33,0.0,1,0.0,6,2,5,0.833
better_errors,lib/better_errors/editor.rb,fde3b7025db1,error handling,5.5,14,58,33,0.0,0,0.0,12,2,11,0.917
better_errors,lib/better_errors/error_page.rb,fde3b7025db1,error handling,4.7,15,22,78,0.0,0,3.7,27,2,23,0.852
better_errors,lib/better_errors/inspectable_value.rb,fde3b7025db1,error handling,5.6,9,0,40,0.0,1,0.0,5,3,5,1.0
better_errors,lib/better_errors/middleware.rb,fde3b7025db1,error handling,9.9,47,6,59,0.0,0,5.9,17,2,15,0.882
better_errors,lib/better_errors/rails.rb,fde3b7025db1,error handling,4.3,7,0,67,0.0,1,0.0,3,2,3,1.0
better_errors,lib/better_errors/raised_exception.rb,fde3b7025db1,error handling,9,23,0,75,0.0,0,0.0,8,2,8,1.0
better_errors,lib/better_errors/repl.rb,fde3b7025db1,error handling,4.8,8,100,50,0.0,0,25.0,4,2,4,1.0
better_errors,lib/better_errors/repl/basic.rb,fde3b7025db1,error handling,3.7,5,0,33,0.0,0,0.0,3,3,3,1.0
better_errors,lib/better_errors/repl/pry.rb,fde3b7025db1,error handling,5.8,12,0,64,0.0,0,45.5,11,5,10,0.909
better_errors,lib/better_errors/stack_frame.rb,fde3b7025db1,error handling,6.1,16,6,61,0.0,0,0.0,18,2,17,0.944
bootsnap,lib/bootsnap.rb,e099ec707644,optimizations,10.8,49,100,60,0.0,0,0.0,15,1,15,1.0
bootsnap,lib/bootsnap/cli.rb,e099ec707644,optimizations,14.1,62,0,33,0.0,0,6.7,15,3,13,0.867
bootsnap,lib/bootsnap/cli/worker_pool.rb,e099ec707644,optimizations,8.9,27,21,74,0.0,0,0.0,19,5,18,0.947
bootsnap,lib/bootsnap/compile_cache.rb,e099ec707644,optimizations,12,28,100,0,0.0,0,0.0,3,2,3,1.0
bootsnap,lib/bootsnap/compile_cache/iseq.rb,e099ec707644,optimizations,7,28,50,50,0.17,0,0.0,20,6,19,0.95
bootsnap,lib/bootsnap/compile_cache/yaml.rb,e099ec707644,optimizations,13.9,116,39,65,0.44,0,8.7,23,9,18,0.783
bootsnap,lib/bootsnap/explicit_require.rb,e099ec707644,optimizations,9.2,28,100,25,0.0,0,0.0,4,2,3,0.75
bootsnap,lib/bootsnap/load_path_cache.rb,e099ec707644,optimizations,12,16,100,0,0.0,0,0.0,3,2,3,1.0
bootsnap,lib/bootsnap/load_path_cache/cache.rb,e099ec707644,optimizations,9.1,53,0,84,0.0,0,0.0,19,3,19,1.0
bootsnap,lib/bootsnap/load_path_cache/change_observer.rb,e099ec707644,optimizations,5,8,25,88,0.0,0,62.5,8,4,7,0.875
bootsnap,lib/bootsnap/load_path_cache/loaded_features_index.rb,e099ec707644,optimizations,9.6,23,0,100,0.0,0,0.0,9,3,9,1.0
bootsnap,lib/bootsnap/load_path_cache/path.rb,e099ec707644,optimizations,9.8,24,0,80,0.0,0,0.0,10,3,9,0.9
bootsnap,lib/bootsnap/load_path_cache/path_scanner.rb,e099ec707644,optimizations,22.2,39,100,100,0.0,0,0.0,4,3,4,1.0
bootsnap,lib/bootsnap/load_path_cache/store.rb,e099ec707644,optimizations,9.3,21,0,82,0.0,0,0.0,11,3,11,1.0
brakeman,gem_common.rb,fffc4837becb,code analysis and metrics,8,11,100,100,0.0,0,0.0,3,2,3,1.0
brakeman,lib/brakeman.rb,fffc4837becb,code analysis and metrics,16.1,39,100,78,0.0,1,0.0,32,5,30,0.938
brakeman,lib/brakeman/app_tree.rb,fffc4837becb,code analysis and metrics,7.7,27,6,62,0.0,0,0.0,34,2,30,0.882
brakeman,lib/brakeman/call_index.rb,fffc4837becb,code analysis and metrics,11.9,51,0,79,0.0,0,0.0,19,1,17,0.895
brakeman,lib/brakeman/checks.rb,fffc4837becb,code analysis and metrics,10.6,49,75,88,0.0,0,0.0,16,1,15,0.938
brakeman,lib/brakeman/checks/base_check.rb,fffc4837becb,code analysis and metrics,13.1,69,6,75,4.0,1,0.0,32,1,31,0.969
brakeman,lib/brakeman/checks/check_basic_auth.rb,fffc4837becb,code analysis and metrics,11.5,22,0,83,0.0,2,0.0,6,1,6,1.0
brakeman,lib/brakeman/checks/check_content_tag.rb,fffc4837becb,code analysis and metrics,27.3,59,0,71,0.0,3,0.0,7,1,7,1.0
brakeman,lib/brakeman/checks/check_create_with.rb,fffc4837becb,code analysis and metrics,15.8,19,0,75,0.0,2,0.0,4,1,4,1.0
brakeman,lib/brakeman/checks/check_cross_site_scripting.rb,fffc4837becb,code analysis and metrics,11.4,68,0,67,0.0,2,0.0,27,1,23,0.852
brakeman,lib/brakeman/checks/check_default_routes.rb,fffc4837becb,code analysis and metrics,13,31,0,67,0.0,2,0.0,6,1,6,1.0
brakeman,lib/brakeman/checks/check_deserialize.rb,fffc4837becb,code analysis and metrics,11,28,0,70,0.0,2,0.0,10,1,9,0.9
brakeman,lib/brakeman/checks/check_detailed_exceptions.rb,fffc4837becb,code analysis and metrics,10.8,25,0,75,0.0,2,0.0,4,1,4,1.0
brakeman,lib/brakeman/checks/check_dynamic_finders.rb,fffc4837becb,code analysis and metrics,9.2,21,0,100,0.0,2,0.0,4,1,4,1.0
brakeman,lib/brakeman/checks/check_evaluation.rb,fffc4837becb,code analysis and metrics,14.2,28,0,100,0.0,2,0.0,4,1,4,1.0
brakeman,lib/brakeman/checks/check_execute.rb,fffc4837becb,code analysis and metrics,19.8,100,0,85,0.0,2,0.0,13,1,13,1.0
brakeman,lib/brakeman/checks/check_file_access.rb,fffc4837becb,code analysis and metrics,14.2,38,0,100,0.0,2,0.0,5,1,5,1.0
brakeman,lib/brakeman/checks/check_forgery_setting.rb,fffc4837becb,code analysis and metrics,23,38,0,33,0.0,2,0.0,3,1,3,1.0
brakeman,lib/brakeman/checks/check_i18n_xss.rb,fffc4837becb,code analysis and metrics,13,22,0,100,0.0,2,0.0,3,1,3,1.0
brakeman,lib/brakeman/checks/check_json_entity_escape.rb,fffc4837becb,code analysis and metrics,10,15,0,67,0.0,2,0.0,3,1,3,1.0
brakeman,lib/brakeman/checks/check_json_parsing.rb,fffc4837becb,code analysis and metrics,11.8,35,0,62,0.0,2,0.0,8,1,8,1.0
brakeman,lib/brakeman/checks/check_link_to.rb,fffc4837becb,code analysis and metrics,12,27,0,56,0.0,3,0.0,9,1,9,1.0
brakeman,lib/brakeman/checks/check_link_to_href.rb,fffc4837becb,code analysis and metrics,12.4,46,0,90,0.0,4,0.0,10,1,10,1.0
brakeman,lib/brakeman/checks/check_mass_assignment.rb,fffc4837becb,code analysis and metrics,13.8,44,0,79,0.0,2,0.0,14,1,14,1.0
brakeman,lib/brakeman/checks/check_model_attr_accessible.rb,fffc4837becb,code analysis and metrics,11.3,22,0,100,0.0,2,0.0,3,1,3,1.0
brakeman,lib/brakeman/checks/check_model_attributes.rb,fffc4837becb,code analysis and metrics,23.7,38,0,67,0.0,2,0.0,3,1,3,1.0
brakeman,lib/brakeman/checks/check_nested_attributes_bypass.rb,fffc4837becb,code analysis and metrics,7.5,13,0,50,0.0,2,0.0,6,1,6,1.0
brakeman,lib/brakeman/checks/check_number_to_currency.rb,fffc4837becb,code analysis and metrics,10.5,17,0,50,0.0,2,0.0,6,1,6,1.0
brakeman,lib/brakeman/checks/check_pathname.rb,fffc4837becb,code analysis and metrics,9.2,15,0,75,0.0,2,0.0,4,1,4,1.0
brakeman,lib/brakeman/checks/check_permit_attributes.rb,fffc4837becb,code analysis and metrics,9,13,0,100,0.0,2,0.0,3,1,3,1.0
brakeman,lib/brakeman/checks/check_ransack.rb,fffc4837becb,code analysis and metrics,14.3,35,0,100,0.0,2,0.0,3,1,3,1.0
brakeman,lib/brakeman/checks/check_redirect.rb,fffc4837becb,code analysis and metrics,12.2,41,0,85,0.0,2,0.0,20,1,20,1.0
brakeman,lib/brakeman/checks/check_regex_dos.rb,fffc4837becb,code analysis and metrics,16.3,31,0,100,0.0,2,0.0,3,1,3,1.0
brakeman,lib/brakeman/checks/check_render.rb,fffc4837becb,code analysis and metrics,13.7,30,0,100,0.0,2,0.0,6,1,6,1.0
brakeman,lib/brakeman/checks/check_render_dos.rb,fffc4837becb,code analysis and metrics,9.3,13,0,67,0.0,2,0.0,3,1,3,1.0
brakeman,lib/brakeman/checks/check_render_inline.rb,fffc4837becb,code analysis and metrics,15,31,0,100,0.0,3,0.0,3,1,3,1.0
brakeman,lib/brakeman/checks/check_render_rce.rb,fffc4837becb,code analysis and metrics,11,20,0,100,0.0,3,0.0,3,1,3,1.0
brakeman,lib/brakeman/checks/check_sanitize_config_cve.rb,fffc4837becb,code analysis and metrics,10.4,25,0,78,0.0,2,0.0,9,1,9,1.0
brakeman,lib/brakeman/checks/check_sanitize_methods.rb,fffc4837becb,code analysis and metrics,12.4,23,0,75,0.0,2,0.0,8,1,7,0.875
brakeman,lib/brakeman/checks/check_secrets.rb,fffc4837becb,code analysis and metrics,10.3,24,0,67,0.0,2,0.0,3,1,3,1.0
brakeman,lib/brakeman/checks/check_send.rb,fffc4837becb,code analysis and metrics,11.7,17,0,100,0.0,2,0.0,3,1,3,1.0
brakeman,lib/brakeman/checks/check_session_settings.rb,fffc4837becb,code analysis and metrics,12.4,23,0,75,0.0,2,0.0,12,1,10,0.833
brakeman,lib/brakeman/checks/check_simple_format.rb,fffc4837becb,code analysis and metrics,8.7,14,0,17,0.0,3,0.0,6,1,6,1.0
brakeman,lib/brakeman/checks/check_single_quotes.rb,fffc4837becb,code analysis and metrics,10.7,28,0,86,0.0,2,0.0,7,1,7,1.0
brakeman,lib/brakeman/checks/check_skip_before_filter.rb,fffc4837becb,code analysis and metrics,15,24,0,100,0.0,2,0.0,3,1,3,1.0
brakeman,lib/brakeman/checks/check_sql.rb,fffc4837becb,code analysis and metrics,16.6,102,0,81,0.0,2,0.0,36,1,36,1.0
brakeman,lib/brakeman/checks/check_sql_cves.rb,fffc4837becb,code analysis and metrics,19.2,59,0,80,0.0,2,0.0,5,1,5,1.0
brakeman,lib/brakeman/checks/check_ssl_verify.rb,fffc4837becb,code analysis and metrics,5.3,10,0,67,0.0,2,0.0,6,1,6,1.0
brakeman,lib/brakeman/checks/check_strip_tags.rb,fffc4837becb,code analysis and metrics,14.8,24,0,80,0.0,2,0.0,5,1,5,1.0
brakeman,lib/brakeman/checks/check_symbol_dos.rb,fffc4837becb,code analysis and metrics,14.8,33,0,100,0.0,2,0.0,4,1,4,1.0
brakeman,lib/brakeman/checks/check_unsafe_reflection_methods.rb,fffc4837becb,code analysis and metrics,11.4,20,0,80,0.0,2,0.0,5,1,5,1.0
brakeman,lib/brakeman/checks/check_unscoped_find.rb,fffc4837becb,code analysis and metrics,18.3,26,0,100,0.0,2,0.0,3,1,3,1.0
brakeman,lib/brakeman/checks/check_validation_regex.rb,fffc4837becb,code analysis and metrics,11.2,20,0,100,0.0,2,0.0,6,1,6,1.0
brakeman,lib/brakeman/checks/check_verb_confusion.rb,fffc4837becb,code analysis and metrics,16,23,0,100,0.0,2,0.0,4,1,4,1.0
brakeman,lib/brakeman/checks/check_weak_hash.rb,fffc4837becb,code analysis and metrics,14.7,35,0,100,0.0,2,0.0,9,1,8,0.889
brakeman,lib/brakeman/checks/check_weak_rsa_key.rb,fffc4837becb,code analysis and metrics,18.6,27,0,80,0.0,2,0.0,5,1,5,1.0
brakeman,lib/brakeman/checks/check_without_protection.rb,fffc4837becb,code analysis and metrics,22,31,0,100,0.0,2,0.0,3,1,3,1.0
brakeman,lib/brakeman/checks/check_yaml_parsing.rb,fffc4837becb,code analysis and metrics,25.5,41,0,75,0.0,2,0.0,4,1,4,1.0
brakeman,lib/brakeman/checks/eol_check.rb,fffc4837becb,code analysis and metrics,13.7,25,0,100,0.0,2,0.0,3,1,3,1.0
brakeman,lib/brakeman/codeclimate/engine_configuration.rb,fffc4837becb,code analysis and metrics,8.4,19,0,89,0.0,0,0.0,9,3,9,1.0
brakeman,lib/brakeman/commandline.rb,fffc4837becb,code analysis and metrics,13.7,33,100,83,0.0,0,0.0,12,2,12,1.0
brakeman,lib/brakeman/differ.rb,fffc4837becb,code analysis and metrics,9.2,19,0,75,0.0,0,0.0,4,1,4,1.0
brakeman,lib/brakeman/file_parser.rb,fffc4837becb,code analysis and metrics,17.2,36,0,67,0.0,0,0.0,6,2,6,1.0
brakeman,lib/brakeman/file_path.rb,fffc4837becb,code analysis and metrics,4.4,13,9,36,0.0,0,0.0,11,2,11,1.0
brakeman,lib/brakeman/logger.rb,fffc4837becb,code analysis and metrics,5.2,18,3,39,0.0,1,0.0,38,7,30,0.789
brakeman,lib/brakeman/messages.rb,fffc4837becb,code analysis and metrics,4.6,18,0,24,0.0,0,0.0,34,10,16,0.471
brakeman,lib/brakeman/options.rb,fffc4837becb,code analysis and metrics,105,397,100,50,0.0,0,0.0,4,1,3,0.75
brakeman,lib/brakeman/parsers/rails_erubi.rb,fffc4837becb,code analysis and metrics,10.5,18,0,67,0.0,1,0.0,6,2,5,0.833
brakeman,lib/brakeman/parsers/template_parser.rb,fffc4837becb,code analysis and metrics,14.4,32,11,89,0.5,0,0.0,9,2,9,1.0
brakeman,lib/brakeman/processor.rb,fffc4837becb,code analysis and metrics,5.4,25,0,25,0.5,0,0.0,12,2,12,1.0
brakeman,lib/brakeman/processors/alias_processor.rb,fffc4837becb,code analysis and metrics,19.5,181,0,94,4.0,1,1.5,68,1,66,0.971
brakeman,lib/brakeman/processors/base_processor.rb,fffc4837becb,code analysis and metrics,11.7,68,0,76,3.0,1,0.0,21,1,18,0.857
brakeman,lib/brakeman/processors/controller_alias_processor.rb,fffc4837becb,code analysis and metrics,14.4,33,0,86,1.0,2,0.0,14,1,14,1.0
brakeman,lib/brakeman/processors/controller_processor.rb,fffc4837becb,code analysis and metrics,21.6,82,0,70,1.0,2,0.0,10,1,10,1.0
brakeman,lib/brakeman/processors/erubi_template_procesor.rb,fffc4837becb,code analysis and metrics,15,34,0,100,0.0,3,0.0,5,1,5,1.0
brakeman,lib/brakeman/processors/gem_processor.rb,fffc4837becb,code analysis and metrics,13.5,29,0,83,0.0,2,0.0,6,1,6,1.0
brakeman,lib/brakeman/processors/haml6_template_processor.rb,fffc4837becb,code analysis and metrics,6.9,17,0,80,0.0,4,0.0,10,1,10,1.0
brakeman,lib/brakeman/processors/haml_template_processor.rb,fffc4837becb,code analysis and metrics,10.9,59,0,93,0.0,3,0.0,14,1,12,0.857
brakeman,lib/brakeman/processors/lib/basic_processor.rb,fffc4837becb,code analysis and metrics,8.3,17,0,33,3.0,1,0.0,3,1,3,1.0
brakeman,lib/brakeman/processors/lib/call_conversion_helper.rb,fffc4837becb,code analysis and metrics,13.7,24,0,100,0.0,0,16.7,6,2,6,1.0
brakeman,lib/brakeman/processors/lib/file_type_detector.rb,fffc4837becb,code analysis and metrics,10.2,20,0,60,0.0,2,0.0,5,2,5,1.0
brakeman,lib/brakeman/processors/lib/find_all_calls.rb,fffc4837becb,code analysis and metrics,12.8,47,0,71,0.0,2,0.0,17,1,16,0.941
brakeman,lib/brakeman/processors/lib/find_call.rb,fffc4837becb,code analysis and metrics,7.5,14,0,50,0.0,2,0.0,8,1,8,1.0
brakeman,lib/brakeman/processors/lib/find_return_value.rb,fffc4837becb,code analysis and metrics,15.4,65,11,67,1.0,0,0.0,9,1,9,1.0
brakeman,lib/brakeman/processors/lib/module_helper.rb,fffc4837becb,code analysis and metrics,22.2,33,0,83,0.0,0,0.0,6,1,6,1.0
brakeman,lib/brakeman/processors/lib/processor_helper.rb,fffc4837becb,code analysis and metrics,10.6,20,0,100,0.0,0,0.0,7,1,7,1.0
brakeman,lib/brakeman/processors/lib/rails2_config_processor.rb,fffc4837becb,code analysis and metrics,11,23,0,75,0.0,2,0.0,8,2,8,1.0
brakeman,lib/brakeman/processors/lib/rails2_route_processor.rb,fffc4837becb,code analysis and metrics,13.3,33,0,83,0.5,2,0.0,18,2,18,1.0
brakeman,lib/brakeman/processors/lib/rails3_config_processor.rb,fffc4837becb,code analysis and metrics,10.6,19,0,78,0.0,2,0.0,9,1,9,1.0
brakeman,lib/brakeman/processors/lib/rails3_route_processor.rb,fffc4837becb,code analysis and metrics,13.8,52,0,80,1.0,2,0.0,20,1,20,1.0
brakeman,lib/brakeman/processors/lib/render_helper.rb,fffc4837becb,code analysis and metrics,22.4,99,0,89,0.0,0,11.1,9,1,9,1.0
brakeman,lib/brakeman/processors/lib/render_path.rb,fffc4837becb,code analysis and metrics,6.1,16,0,68,0.0,0,0.0,19,2,18,0.947
brakeman,lib/brakeman/processors/lib/route_helper.rb,fffc4837becb,code analysis and metrics,9.6,23,0,100,0.0,0,0.0,5,1,4,0.8
brakeman,lib/brakeman/processors/library_processor.rb,fffc4837becb,code analysis and metrics,10.1,26,0,57,1.0,2,0.0,7,1,7,1.0
brakeman,lib/brakeman/processors/model_processor.rb,fffc4837becb,code analysis and metrics,17.3,48,0,50,1.0,2,0.0,6,1,6,1.0
brakeman,lib/brakeman/processors/output_processor.rb,fffc4837becb,code analysis and metrics,6.9,22,0,47,1.0,1,0.0,17,1,11,0.647
brakeman,lib/brakeman/processors/slim_template_processor.rb,fffc4837becb,code analysis and metrics,10.2,34,0,80,1.0,3,0.0,10,1,10,1.0
brakeman,lib/brakeman/processors/template_alias_processor.rb,fffc4837becb,code analysis and metrics,14.5,33,0,100,1.0,2,0.0,8,1,8,1.0
brakeman,lib/brakeman/processors/template_processor.rb,fffc4837becb,code analysis and metrics,8.8,17,0,75,0.0,2,0.0,8,1,8,1.0
brakeman,lib/brakeman/report.rb,fffc4837becb,code analysis and metrics,7.7,44,0,18,0.0,0,0.0,11,1,6,0.545
brakeman,lib/brakeman/report/ignore/config.rb,fffc4837becb,code analysis and metrics,9.7,19,0,92,0.0,0,0.0,13,2,13,1.0
brakeman,lib/brakeman/report/ignore/interactive.rb,fffc4837becb,code analysis and metrics,10.5,33,0,68,0.0,0,0.0,31,2,31,1.0
brakeman,lib/brakeman/report/pager.rb,fffc4837becb,code analysis and metrics,10,21,0,80,0.0,0,0.0,10,2,10,1.0
brakeman,lib/brakeman/report/report_base.rb,fffc4837becb,code analysis and metrics,9.9,36,0,100,1.0,0,0.0,16,1,16,1.0
brakeman,lib/brakeman/report/report_codeclimate.rb,fffc4837becb,code analysis and metrics,7.5,23,0,100,0.0,1,0.0,8,1,8,1.0
brakeman,lib/brakeman/report/report_csv.rb,fffc4837becb,code analysis and metrics,15,26,0,67,0.0,1,0.0,3,1,3,1.0
brakeman,lib/brakeman/report/report_github.rb,fffc4837becb,code analysis and metrics,5.5,11,0,100,0.0,1,0.0,4,1,4,1.0
brakeman,lib/brakeman/report/report_html.rb,fffc4837becb,code analysis and metrics,16.2,71,0,92,0.0,2,0.0,12,1,12,1.0
brakeman,lib/brakeman/report/report_markdown.rb,fffc4837becb,code analysis and metrics,10.4,29,0,78,0.0,2,0.0,9,2,9,1.0
brakeman,lib/brakeman/report/report_sarif.rb,fffc4837becb,code analysis and metrics,21.1,108,0,73,0.0,1,0.0,11,1,11,1.0
brakeman,lib/brakeman/report/report_sonar.rb,fffc4837becb,code analysis and metrics,10.7,17,0,100,0.0,1,0.0,3,1,3,1.0
brakeman,lib/brakeman/report/report_table.rb,fffc4837becb,code analysis and metrics,10.6,36,0,67,0.0,1,0.0,24,1,23,0.958
brakeman,lib/brakeman/report/report_text.rb,fffc4837becb,code analysis and metrics,11.6,34,0,84,0.0,1,0.0,19,1,19,1.0
brakeman,lib/brakeman/rescanner.rb,fffc4837becb,code analysis and metrics,7.2,33,0,85,1.0,1,0.0,13,2,12,0.923
brakeman,lib/brakeman/scanner.rb,fffc4837becb,code analysis and metrics,11.9,72,0,93,0.0,1,0.0,30,3,30,1.0
brakeman,lib/brakeman/tracker.rb,fffc4837becb,code analysis and metrics,11.4,66,0,80,0.0,0,0.0,30,1,29,0.967
brakeman,lib/brakeman/tracker/collection.rb,fffc4837becb,code analysis and metrics,7.4,14,0,94,0.5,0,0.0,17,2,17,1.0
brakeman,lib/brakeman/tracker/config.rb,fffc4837becb,code analysis and metrics,12.4,88,0,65,0.5,0,0.0,20,2,19,0.95
brakeman,lib/brakeman/tracker/constants.rb,fffc4837becb,code analysis and metrics,11.2,42,14,79,0.67,0,0.0,14,3,14,1.0
brakeman,lib/brakeman/tracker/controller.rb,fffc4837becb,code analysis and metrics,9.8,38,0,100,0.33,1,0.0,14,3,11,0.786
brakeman,lib/brakeman/tracker/file_cache.rb,fffc4837becb,code analysis and metrics,5.7,14,0,92,0.0,0,8.3,12,2,8,0.667
brakeman,lib/brakeman/tracker/method_info.rb,fffc4837becb,code analysis and metrics,11,21,0,60,0.5,0,20.0,5,2,5,1.0
brakeman,lib/brakeman/tracker/model.rb,fffc4837becb,code analysis and metrics,7.4,18,0,78,0.33,1,0.0,9,3,9,1.0
brakeman,lib/brakeman/tracker/template.rb,fffc4837becb,code analysis and metrics,5,7,0,75,0.0,1,0.0,4,2,4,1.0
brakeman,lib/brakeman/util.rb,fffc4837becb,code analysis and metrics,6.3,23,0,93,0.0,0,0.0,43,1,33,0.767
brakeman,lib/brakeman/warning.rb,fffc4837becb,code analysis and metrics,12.2,81,0,55,0.0,0,5.0,20,1,20,1.0
brakeman,lib/ruby_parser/bm_sexp.rb,fffc4837becb,code analysis and metrics,7.7,25,0,20,0.0,1,0.0,59,3,38,0.644
brakeman,lib/ruby_parser/bm_sexp_processor.rb,fffc4837becb,code analysis and metrics,9.8,22,20,60,0.0,0,20.0,5,1,5,1.0
bullet,lib/bullet.rb,bc55c037d27a,profiler and optimization,6.1,20,100,52,0.5,1,0.0,31,2,26,0.839
bullet,lib/bullet/active_record4.rb,bc55c037d27a,profiler and optimization,21.1,191,13,87,0.0,0,80.0,15,2,15,1.0
bullet,lib/bullet/active_record41.rb,bc55c037d27a,profiler and optimization,22.3,185,14,86,0.0,0,71.4,14,2,14,1.0
bullet,lib/bullet/active_record42.rb,bc55c037d27a,profiler and optimization,26.4,256,18,88,0.0,0,58.8,17,2,17,1.0
bullet,lib/bullet/active_record5.rb,bc55c037d27a,profiler and optimization,29.4,278,6,88,0.0,0,0.0,17,3,16,0.941
bullet,lib/bullet/active_record52.rb,bc55c037d27a,profiler and optimization,29.6,262,6,88,0.0,0,0.0,16,3,16,1.0
bullet,lib/bullet/active_record60.rb,bc55c037d27a,profiler and optimization,29.5,294,6,89,0.0,0,11.1,18,3,17,0.944
bullet,lib/bullet/active_record61.rb,bc55c037d27a,profiler and optimization,29.5,294,6,89,0.0,0,11.1,18,3,17,0.944
bullet,lib/bullet/active_record70.rb,bc55c037d27a,profiler and optimization,28.6,303,5,89,0.0,0,10.5,19,3,18,0.947
bullet,lib/bullet/active_record71.rb,bc55c037d27a,profiler and optimization,28.6,303,5,89,0.0,0,10.5,19,3,18,0.947
bullet,lib/bullet/active_record72.rb,bc55c037d27a,profiler and optimization,28.6,303,5,89,0.0,0,10.5,19,3,18,0.947
bullet,lib/bullet/active_record80.rb,bc55c037d27a,profiler and optimization,28.6,303,5,89,0.0,0,10.5,19,3,18,0.947
bullet,lib/bullet/active_record81.rb,bc55c037d27a,profiler and optimization,28.8,305,5,89,0.0,0,10.5,19,3,18,0.947
bullet,lib/bullet/detector/counter_cache.rb,bc55c037d27a,profiler and optimization,7,13,100,71,0.0,1,0.0,7,3,6,0.857
bullet,lib/bullet/detector/n_plus_one_query.rb,bc55c037d27a,profiler and optimization,10.5,23,100,91,0.67,1,0.0,11,3,11,1.0
bullet,lib/bullet/detector/unused_eager_loading.rb,bc55c037d27a,profiler and optimization,14.8,37,100,100,0.67,1,0.0,5,3,5,1.0
bullet,lib/bullet/ext/object.rb,bc55c037d27a,profiler and optimization,7,10,0,100,0.0,0,0.0,3,3,3,1.0
bullet,lib/bullet/mongoid4x.rb,bc55c037d27a,profiler and optimization,14.3,53,17,50,0.0,0,33.3,6,2,6,1.0
bullet,lib/bullet/mongoid5x.rb,bc55c037d27a,profiler and optimization,14.3,53,17,50,0.0,0,33.3,6,2,6,1.0
bullet,lib/bullet/mongoid6x.rb,bc55c037d27a,profiler and optimization,14.3,53,17,50,0.0,0,33.3,6,2,6,1.0
bullet,lib/bullet/mongoid7x.rb,bc55c037d27a,profiler and optimization,27,68,25,75,0.0,0,100.0,4,2,4,1.0
bullet,lib/bullet/mongoid8x.rb,bc55c037d27a,profiler and optimization,15.7,57,17,50,0.0,0,33.3,6,2,6,1.0
bullet,lib/bullet/mongoid9x.rb,bc55c037d27a,profiler and optimization,27,68,25,75,0.0,0,100.0,4,2,4,1.0
bullet,lib/bullet/notification/base.rb,bc55c037d27a,profiler and optimization,4.7,12,0,64,0.0,0,0.0,14,3,13,0.929
bullet,lib/bullet/notification/n_plus_one_query.rb,bc55c037d27a,profiler and optimization,3.4,5,0,0,0.0,1,0.0,5,3,5,1.0
bullet,lib/bullet/notification/unused_eager_loading.rb,bc55c037d27a,profiler and optimization,3.4,5,0,0,0.0,1,0.0,5,3,5,1.0
bullet,lib/bullet/notification_collector.rb,bc55c037d27a,profiler and optimization,3,3,0,50,0.0,0,0.0,4,2,4,1.0
bullet,lib/bullet/rack.rb,bc55c037d27a,profiler and optimization,9.4,34,0,75,0.5,0,0.0,16,2,16,1.0
bullet,lib/bullet/registry/base.rb,bc55c037d27a,profiler and optimization,3.6,8,0,88,0.0,0,0.0,8,3,8,1.0
bullet,lib/bullet/stack_trace_filter.rb,bc55c037d27a,profiler and optimization,9.6,22,0,100,0.0,0,0.0,5,2,5,1.0
bundler-audit,lib/bundler/audit/advisory.rb,f8b06ebbefdd,security,8.3,37,9,36,0.0,1,0.0,11,3,11,1.0
bundler-audit,lib/bundler/audit/cli.rb,f8b06ebbefdd,security,15.6,41,14,57,0.33,1,0.0,7,3,7,1.0
bundler-audit,lib/bundler/audit/cli/formats.rb,f8b06ebbefdd,security,8.7,16,100,100,0.0,1,0.0,3,5,3,1.0
bundler-audit,lib/bundler/audit/cli/formats/junit.rb,f8b06ebbefdd,security,8.4,24,0,100,0.0,1,0.0,9,5,9,1.0
bundler-audit,lib/bundler/audit/cli/formats/text.rb,f8b06ebbefdd,security,25,51,0,67,0.0,1,0.0,3,5,3,1.0
bundler-audit,lib/bundler/audit/database.rb,f8b06ebbefdd,security,6.9,17,24,35,0.0,1,0.0,17,5,16,0.941
bundler-audit,lib/bundler/audit/report.rb,f8b06ebbefdd,security,5.7,12,0,100,0.33,0,0.0,9,3,8,0.889
bundler-audit,lib/bundler/audit/results/insecure_source.rb,f8b06ebbefdd,security,3.8,6,0,50,0.0,1,0.0,4,4,4,1.0
bundler-audit,lib/bundler/audit/results/unpatched_gem.rb,f8b06ebbefdd,security,6,10,0,75,0.0,1,0.0,4,4,4,1.0
bundler-audit,lib/bundler/audit/scanner.rb,f8b06ebbefdd,security,11.2,21,0,75,0.0,0,0.0,8,3,8,1.0
bundler-audit,lib/bundler/audit/task.rb,f8b06ebbefdd,security,8,21,0,0,0.0,1,0.0,5,4,4,0.8
byebug,docker/manager.rb,aff644023372,debugging tools,5.5,15,50,19,0.0,0,0.0,26,2,23,0.885
byebug,lib/byebug/attacher.rb,aff644023372,debugging tools,6.5,10,50,25,0.0,0,0.0,4,2,4,1.0
byebug,lib/byebug/breakpoint.rb,aff644023372,debugging tools,4.3,8,89,33,0.0,0,11.1,9,2,9,1.0
byebug,lib/byebug/command.rb,aff644023372,debugging tools,4,7,56,56,1.0,0,0.0,9,2,9,1.0
byebug,lib/byebug/command_list.rb,aff644023372,debugging tools,3,3,0,80,0.5,0,0.0,5,2,5,1.0
byebug,lib/byebug/commands/break.rb,aff644023372,debugging tools,9.2,20,33,67,1.5,1,0.0,9,2,8,0.889
byebug,lib/byebug/commands/catch.rb,aff644023372,debugging tools,6.4,12,38,38,0.5,1,0.0,8,2,7,0.875
byebug,lib/byebug/commands/condition.rb,aff644023372,debugging tools,8.5,16,75,25,0.5,1,0.0,4,2,3,0.75
byebug,lib/byebug/commands/continue.rb,aff644023372,debugging tools,6.1,16,43,57,0.5,1,0.0,7,2,6,0.857
byebug,lib/byebug/commands/debug.rb,aff644023372,debugging tools,5.2,10,75,25,0.5,1,0.0,4,2,3,0.75
byebug,lib/byebug/commands/delete.rb,aff644023372,debugging tools,8.8,19,75,25,0.5,1,0.0,4,2,3,0.75
byebug,lib/byebug/commands/disable/breakpoints.rb,aff644023372,debugging tools,4.8,10,75,25,0.33,1,0.0,4,3,3,0.75
byebug,lib/byebug/commands/disable/display.rb,aff644023372,debugging tools,5,11,75,25,0.33,1,0.0,4,3,3,0.75
byebug,lib/byebug/commands/display.rb,aff644023372,debugging tools,5.9,10,43,29,0.5,1,0.0,7,2,6,0.857
byebug,lib/byebug/commands/down.rb,aff644023372,debugging tools,5.8,9,75,25,1.0,1,0.0,4,2,3,0.75
byebug,lib/byebug/commands/edit.rb,aff644023372,debugging tools,6.7,15,43,29,0.0,1,0.0,7,2,6,0.857
byebug,lib/byebug/commands/enable/breakpoints.rb,aff644023372,debugging tools,4.8,10,75,25,0.33,1,0.0,4,3,3,0.75
byebug,lib/byebug/commands/enable/display.rb,aff644023372,debugging tools,5,11,75,25,0.33,1,0.0,4,3,3,0.75
byebug,lib/byebug/commands/finish.rb,aff644023372,debugging tools,6.6,13,60,40,0.5,1,0.0,5,2,4,0.8
byebug,lib/byebug/commands/frame.rb,aff644023372,debugging tools,8.8,19,75,25,1.0,1,0.0,4,2,3,0.75
byebug,lib/byebug/commands/help.rb,aff644023372,debugging tools,5,11,38,62,0.0,1,0.0,8,2,7,0.875
byebug,lib/byebug/commands/history.rb,aff644023372,debugging tools,5,7,75,25,0.5,1,0.0,4,2,3,0.75
byebug,lib/byebug/commands/info/breakpoints.rb,aff644023372,debugging tools,8.6,16,60,40,0.0,1,0.0,5,3,4,0.8
byebug,lib/byebug/commands/info/display.rb,aff644023372,debugging tools,7.5,17,75,25,0.0,1,0.0,4,3,3,0.75
byebug,lib/byebug/commands/info/file.rb,aff644023372,debugging tools,6.2,14,38,25,0.67,1,0.0,8,3,7,0.875
byebug,lib/byebug/commands/info/line.rb,aff644023372,debugging tools,4,7,75,25,0.0,1,0.0,4,3,3,0.75
byebug,lib/byebug/commands/info/program.rb,aff644023372,debugging tools,5.4,10,60,20,0.0,1,0.0,5,3,4,0.8
byebug,lib/byebug/commands/interrupt.rb,aff644023372,debugging tools,4.5,7,75,0,0.0,1,0.0,4,2,3,0.75
byebug,lib/byebug/commands/irb.rb,aff644023372,debugging tools,6.2,9,60,20,0.0,1,0.0,5,2,4,0.8
byebug,lib/byebug/commands/kill.rb,aff644023372,debugging tools,7.2,14,75,25,0.0,1,0.0,4,2,3,0.75
byebug,lib/byebug/commands/list.rb,aff644023372,debugging tools,6.2,15,21,64,1.5,1,7.1,14,2,12,0.857
byebug,lib/byebug/commands/method.rb,aff644023372,debugging tools,8.5,15,75,25,0.5,1,0.0,4,2,3,0.75
byebug,lib/byebug/commands/next.rb,aff644023372,debugging tools,5,7,75,25,0.5,1,0.0,4,2,3,0.75
byebug,lib/byebug/commands/pry.rb,aff644023372,debugging tools,6,11,75,25,0.0,1,0.0,4,2,3,0.75
byebug,lib/byebug/commands/quit.rb,aff644023372,debugging tools,6.2,11,75,25,0.0,1,0.0,4,2,3,0.75
byebug,lib/byebug/commands/restart.rb,aff644023372,debugging tools,5.8,11,50,50,1.0,1,0.0,6,2,5,0.833
byebug,lib/byebug/commands/save.rb,aff644023372,debugging tools,6.1,14,38,62,0.0,1,0.0,8,2,7,0.875
byebug,lib/byebug/commands/set.rb,aff644023372,debugging tools,9.2,21,67,33,0.5,1,0.0,6,2,5,0.833
byebug,lib/byebug/commands/show.rb,aff644023372,debugging tools,5.4,9,80,20,0.0,1,0.0,5,2,4,0.8
byebug,lib/byebug/commands/skip.rb,aff644023372,debugging tools,4.5,7,58,33,0.5,1,0.0,12,2,9,0.75
byebug,lib/byebug/commands/source.rb,aff644023372,debugging tools,5.2,8,75,25,0.0,1,0.0,4,2,3,0.75
byebug,lib/byebug/commands/step.rb,aff644023372,debugging tools,5,7,75,25,0.5,1,0.0,4,2,3,0.75
byebug,lib/byebug/commands/thread/current.rb,aff644023372,debugging tools,4,7,75,0,0.33,1,0.0,4,3,3,0.75
byebug,lib/byebug/commands/thread/list.rb,aff644023372,debugging tools,5.5,9,75,0,0.33,1,0.0,4,3,3,0.75
byebug,lib/byebug/commands/thread/resume.rb,aff644023372,debugging tools,6,11,75,25,0.33,1,0.0,4,3,3,0.75
byebug,lib/byebug/commands/thread/stop.rb,aff644023372,debugging tools,5.5,9,75,25,0.33,1,0.0,4,3,3,0.75
byebug,lib/byebug/commands/thread/switch.rb,aff644023372,debugging tools,6.2,12,75,25,0.33,1,0.0,4,3,3,0.75
byebug,lib/byebug/commands/tracevar.rb,aff644023372,debugging tools,7.4,13,60,40,0.0,1,20.0,5,2,5,1.0
byebug,lib/byebug/commands/undisplay.rb,aff644023372,debugging tools,8,15,75,25,0.5,1,0.0,4,2,3,0.75
byebug,lib/byebug/commands/untracevar.rb,aff644023372,debugging tools,5.5,9,75,25,0.0,1,0.0,4,2,3,0.75
byebug,lib/byebug/commands/up.rb,aff644023372,debugging tools,5.8,9,75,25,1.0,1,0.0,4,2,3,0.75
byebug,lib/byebug/commands/var/all.rb,aff644023372,debugging tools,4.5,7,75,0,0.33,1,0.0,4,3,3,0.75
byebug,lib/byebug/commands/var/args.rb,aff644023372,debugging tools,4,7,75,0,0.33,1,0.0,4,3,3,0.75
byebug,lib/byebug/commands/var/const.rb,aff644023372,debugging tools,4.6,7,60,40,0.33,1,20.0,5,3,4,0.8
byebug,lib/byebug/commands/var/global.rb,aff644023372,debugging tools,4,7,75,0,0.33,1,0.0,4,3,3,0.75
byebug,lib/byebug/commands/var/instance.rb,aff644023372,debugging tools,4,7,75,25,0.33,1,0.0,4,3,3,0.75
byebug,lib/byebug/commands/var/local.rb,aff644023372,debugging tools,4,7,75,0,0.33,1,0.0,4,3,3,0.75
byebug,lib/byebug/commands/where.rb,aff644023372,debugging tools,8.2,18,60,20,0.5,1,0.0,5,2,4,0.8
byebug,lib/byebug/context.rb,aff644023372,debugging tools,3.9,7,18,47,1.5,0,0.0,17,2,16,0.941
byebug,lib/byebug/core.rb,aff644023372,debugging tools,6.6,10,40,60,1.0,0,20.0,5,2,5,1.0
byebug,lib/byebug/errors.rb,aff644023372,debugging tools,3.8,6,0,25,0.0,1,0.0,4,2,3,0.75
byebug,lib/byebug/frame.rb,aff644023372,debugging tools,4.6,13,0,75,0.5,0,0.0,24,2,23,0.958
byebug,lib/byebug/helpers/bin.rb,aff644023372,debugging tools,5.6,10,0,20,0.0,0,0.0,5,3,5,1.0
byebug,lib/byebug/helpers/eval.rb,aff644023372,debugging tools,4.7,7,0,62,0.0,0,0.0,13,3,13,1.0
byebug,lib/byebug/helpers/file.rb,aff644023372,debugging tools,5.3,7,0,83,0.0,0,0.0,6,3,6,1.0
byebug,lib/byebug/helpers/frame.rb,aff644023372,debugging tools,5.5,16,0,62,0.0,0,0.0,8,3,8,1.0
byebug,lib/byebug/helpers/parse.rb,aff644023372,debugging tools,11.8,17,0,25,0.0,0,0.0,4,3,4,1.0
byebug,lib/byebug/helpers/path.rb,aff644023372,debugging tools,3,3,0,14,0.0,0,0.0,7,3,6,0.857
byebug,lib/byebug/helpers/string.rb,aff644023372,debugging tools,3,3,0,67,0.0,0,0.0,3,3,3,1.0
byebug,lib/byebug/helpers/thread.rb,aff644023372,debugging tools,6.7,13,0,86,0.0,0,0.0,7,3,7,1.0
byebug,lib/byebug/helpers/toggle.rb,aff644023372,debugging tools,10.5,15,0,75,0.33,0,0.0,4,3,4,1.0
byebug,lib/byebug/helpers/var.rb,aff644023372,debugging tools,10.2,23,0,100,0.33,0,20.0,5,3,5,1.0
byebug,lib/byebug/history.rb,aff644023372,debugging tools,4.8,9,0,42,0.0,0,0.0,12,2,12,1.0
byebug,lib/byebug/interface.rb,aff644023372,debugging tools,4.6,13,0,71,0.5,0,0.0,14,2,14,1.0
byebug,lib/byebug/interfaces/local_interface.rb,aff644023372,debugging tools,7.2,11,0,0,0.0,1,0.0,4,2,4,1.0
byebug,lib/byebug/interfaces/remote_interface.rb,aff644023372,debugging tools,4.7,6,0,29,0.0,1,0.0,7,2,3,0.429
byebug,lib/byebug/interfaces/script_interface.rb,aff644023372,debugging tools,5.2,8,0,50,0.0,1,0.0,4,2,4,1.0
byebug,lib/byebug/interfaces/test_interface.rb,aff644023372,debugging tools,5.1,8,0,89,0.0,1,0.0,9,2,8,0.889
byebug,lib/byebug/option_setter.rb,aff644023372,debugging tools,5.5,13,0,85,0.0,0,0.0,13,2,12,0.923
byebug,lib/byebug/printers/base.rb,aff644023372,debugging tools,6,12,0,71,0.0,1,0.0,7,5,7,1.0
byebug,lib/byebug/printers/plain.rb,aff644023372,debugging tools,6.5,11,0,75,0.0,1,0.0,4,3,4,1.0
byebug,lib/byebug/processors/command_processor.rb,aff644023372,debugging tools,4.8,10,0,53,1.0,0,0.0,19,2,17,0.895
byebug,lib/byebug/processors/script_processor.rb,aff644023372,debugging tools,5.2,10,0,40,0.0,1,0.0,5,2,5,1.0
byebug,lib/byebug/remote.rb,aff644023372,debugging tools,4,8,100,70,0.0,0,0.0,10,1,10,1.0
byebug,lib/byebug/remote/client.rb,aff644023372,debugging tools,8.5,22,0,75,0.0,0,0.0,4,3,4,1.0
byebug,lib/byebug/runner.rb,aff644023372,debugging tools,6,18,0,35,1.5,0,0.0,17,2,17,1.0
byebug,lib/byebug/setting.rb,aff644023372,debugging tools,4.5,12,45,45,0.0,0,0.0,11,2,11,1.0
byebug,lib/byebug/settings/autoirb.rb,aff644023372,debugging tools,3,3,0,0,0.0,1,0.0,4,2,4,1.0
byebug,lib/byebug/settings/autolist.rb,aff644023372,debugging tools,3,3,0,0,0.0,1,0.0,4,2,4,1.0
byebug,lib/byebug/settings/autopry.rb,aff644023372,debugging tools,3,3,0,0,0.0,1,0.0,4,2,4,1.0
byebug,lib/byebug/settings/linetrace.rb,aff644023372,debugging tools,3,3,0,0,0.0,1,0.0,3,2,3,1.0
byebug,lib/byebug/settings/post_mortem.rb,aff644023372,debugging tools,3,3,0,0,0.0,1,0.0,4,2,4,1.0
byebug,lib/byebug/source_file_formatter.rb,aff644023372,debugging tools,4.1,12,0,36,0.5,0,0.0,11,2,11,1.0
byebug,lib/byebug/subcommands.rb,aff644023372,debugging tools,4.5,9,25,75,0.67,0,0.0,4,3,4,1.0
byebug,tasks/linter.rb,aff644023372,debugging tools,5.4,18,0,50,0.8,0,0.0,14,5,12,0.857
capybara,lib/capybara.rb,a210c6e57872,testing,5.9,24,100,36,0.06,3,8.0,25,18,21,0.84
capybara,lib/capybara/config.rb,a210c6e57872,testing,5.2,10,0,38,0.5,0,0.0,8,2,7,0.875
capybara,lib/capybara/dsl.rb,a210c6e57872,testing,3.4,4,40,60,0.5,0,0.0,5,2,5,1.0
capybara,lib/capybara/helpers.rb,a210c6e57872,testing,4,10,0,47,0.0,0,0.0,15,3,13,0.867
capybara,lib/capybara/node/actions.rb,a210c6e57872,testing,8.6,28,0,62,0.0,0,0.0,16,3,12,0.75
capybara,lib/capybara/node/base.rb,a210c6e57872,testing,6.9,28,0,67,1.0,0,0.0,9,3,8,0.889
capybara,lib/capybara/node/document.rb,a210c6e57872,testing,3,3,0,17,0.33,1,0.0,6,3,6,1.0
capybara,lib/capybara/node/document_matchers.rb,a210c6e57872,testing,4.2,5,0,60,0.0,0,0.0,5,3,5,1.0
capybara,lib/capybara/node/element.rb,a210c6e57872,testing,5.4,16,0,92,0.0,1,0.0,38,3,38,1.0
capybara,lib/capybara/node/finders.rb,a210c6e57872,testing,6,20,0,57,0.0,0,0.0,14,3,10,0.714
capybara,lib/capybara/node/matchers.rb,a210c6e57872,testing,4.6,15,0,42,0.0,0,0.0,59,3,36,0.61
capybara,lib/capybara/node/simple.rb,a210c6e57872,testing,4.6,16,0,77,1.0,0,0.0,22,3,18,0.818
capybara,lib/capybara/queries/base_query.rb,a210c6e57872,testing,5.1,15,8,58,0.0,0,0.0,12,3,11,0.917
capybara,lib/capybara/queries/current_path_query.rb,a210c6e57872,testing,6,14,0,57,0.0,1,0.0,7,3,6,0.857
capybara,lib/capybara/queries/match_query.rb,a210c6e57872,testing,4.7,8,0,67,0.0,2,0.0,3,3,3,1.0
capybara,lib/capybara/queries/selector_query.rb,a210c6e57872,testing,8.5,70,0,84,0.0,1,0.0,77,4,73,0.948
capybara,lib/capybara/queries/style_query.rb,a210c6e57872,testing,6,11,0,60,0.0,1,0.0,5,3,5,1.0
capybara,lib/capybara/queries/text_query.rb,a210c6e57872,testing,6.1,19,0,67,0.0,1,0.0,15,3,14,0.933
capybara,lib/capybara/queries/title_query.rb,a210c6e57872,testing,3.8,7,0,50,0.0,1,0.0,6,3,5,0.833
capybara,lib/capybara/rack_test/browser.rb,a210c6e57872,testing,6.2,19,0,62,1.0,0,3.8,26,1,25,0.962
capybara,lib/capybara/rack_test/driver.rb,a210c6e57872,testing,2.9,7,0,84,0.0,1,0.0,25,1,23,0.92
capybara,lib/capybara/rack_test/form.rb,a210c6e57872,testing,6.1,30,0,50,0.0,2,0.0,20,3,16,0.8
capybara,lib/capybara/rack_test/node.rb,a210c6e57872,testing,5.5,25,0,86,1.0,1,0.0,43,1,40,0.93
capybara,lib/capybara/registration_container.rb,a210c6e57872,testing,3.7,7,0,86,0.0,0,14.3,7,2,7,1.0
capybara,lib/capybara/result.rb,a210c6e57872,testing,7.8,25,0,94,1.0,0,0.0,16,2,16,1.0
capybara,lib/capybara/rspec/matcher_proxies.rb,a210c6e57872,testing,5.4,7,50,62,0.25,0,25.0,8,8,6,0.75
capybara,lib/capybara/rspec/matchers.rb,a210c6e57872,testing,3.2,4,0,8,0.0,0,0.0,13,2,6,0.462
capybara,lib/capybara/rspec/matchers/base.rb,a210c6e57872,testing,5.2,10,0,85,0.57,2,0.0,13,7,13,1.0
capybara,lib/capybara/rspec/matchers/become_closed.rb,a210c6e57872,testing,5,11,0,75,0.0,0,0.0,4,4,3,0.75
capybara,lib/capybara/rspec/matchers/compound.rb,a210c6e57872,testing,4.8,14,0,50,0.38,1,0.0,10,8,8,0.8
capybara,lib/capybara/rspec/matchers/count_sugar.rb,a210c6e57872,testing,2.8,4,0,38,0.0,0,0.0,8,3,4,0.5
capybara,lib/capybara/rspec/matchers/have_ancestor.rb,a210c6e57872,testing,3.2,4,0,75,0.0,3,0.0,4,4,4,1.0
capybara,lib/capybara/rspec/matchers/have_current_path.rb,a210c6e57872,testing,3,3,0,100,0.0,2,0.0,4,4,4,1.0
capybara,lib/capybara/rspec/matchers/have_selector.rb,a210c6e57872,testing,2.7,7,0,57,0.0,3,0.0,14,7,10,0.714
capybara,lib/capybara/rspec/matchers/have_sibling.rb,a210c6e57872,testing,3,3,0,75,0.0,3,0.0,4,4,4,1.0
capybara,lib/capybara/rspec/matchers/have_text.rb,a210c6e57872,testing,3,3,0,80,0.0,3,0.0,5,4,5,1.0
capybara,lib/capybara/rspec/matchers/have_title.rb,a210c6e57872,testing,3,3,0,100,0.0,2,0.0,4,4,4,1.0
capybara,lib/capybara/rspec/matchers/match_selector.rb,a210c6e57872,testing,3,3,0,75,0.0,4,0.0,4,4,4,1.0
capybara,lib/capybara/rspec/matchers/match_style.rb,a210c6e57872,testing,3.4,4,0,40,0.0,3,0.0,5,8,5,1.0
capybara,lib/capybara/selector/builders/css_builder.rb,a210c6e57872,testing,13,22,0,80,0.0,1,0.0,5,3,5,1.0
capybara,lib/capybara/selector/builders/xpath_builder.rb,a210c6e57872,testing,10.4,16,0,80,0.0,1,0.0,5,3,5,1.0
capybara,lib/capybara/selector/css.rb,a210c6e57872,testing,9.2,25,38,62,0.0,1,0.0,8,4,7,0.875
capybara,lib/capybara/selector/definition.rb,a210c6e57872,testing,5.3,15,0,57,0.33,1,4.3,23,3,21,0.913
capybara,lib/capybara/selector/definition/table.rb,a210c6e57872,testing,6.2,11,0,67,0.0,0,0.0,6,0,6,1.0
capybara,lib/capybara/selector/filter_set.rb,a210c6e57872,testing,5.4,12,25,75,0.0,1,6.2,16,3,14,0.875
capybara,lib/capybara/selector/filters/base.rb,a210c6e57872,testing,5,15,0,100,0.0,1,18.2,11,4,10,0.909
capybara,lib/capybara/selector/filters/expression_filter.rb,a210c6e57872,testing,1.4,3,0,0,0.0,2,0.0,5,5,4,0.8
capybara,lib/capybara/selector/filters/locator_filter.rb,a210c6e57872,testing,4.3,5,0,33,0.0,2,33.3,3,4,3,1.0
capybara,lib/capybara/selector/regexp_disassembler.rb,a210c6e57872,testing,5.6,15,0,72,0.0,1,0.0,29,4,28,0.966
capybara,lib/capybara/selector/selector.rb,a210c6e57872,testing,5.6,17,27,64,0.0,1,13.6,22,2,20,0.909
capybara,lib/capybara/selenium/driver.rb,a210c6e57872,testing,7.0,32,3,75,2.0,1,1.6,61,1,55,0.902
capybara,lib/capybara/selenium/driver_specializations/chrome_driver.rb,a210c6e57872,testing,6.6,20,7,79,0.0,0,14.3,14,1,14,1.0
capybara,lib/capybara/selenium/driver_specializations/edge_driver.rb,a210c6e57872,testing,6.9,20,7,87,0.0,0,13.3,15,1,15,1.0
capybara,lib/capybara/selenium/driver_specializations/firefox_driver.rb,a210c6e57872,testing,6.9,17,33,67,0.0,0,22.2,9,2,9,1.0
capybara,lib/capybara/selenium/extensions/file_input_click_emulation.rb,a210c6e57872,testing,5.8,10,0,75,0.0,1,0.0,4,2,4,1.0
capybara,lib/capybara/selenium/extensions/find.rb,a210c6e57872,testing,11.6,41,0,62,0.0,0,25.0,8,3,8,1.0
capybara,lib/capybara/selenium/extensions/html5_drag.rb,a210c6e57872,testing,9,12,0,100,0.0,1,0.0,4,2,4,1.0
capybara,lib/capybara/selenium/extensions/modifier_keys_stack.rb,a210c6e57872,testing,3,3,0,80,0.0,1,0.0,5,2,5,1.0
capybara,lib/capybara/selenium/extensions/scroll.rb,a210c6e57872,testing,11.2,15,0,100,0.0,0,0.0,5,3,4,0.8
capybara,lib/capybara/selenium/node.rb,a210c6e57872,testing,6.5,36,0,80,1.0,1,1.4,71,3,66,0.93
capybara,lib/capybara/selenium/nodes/chrome_node.rb,a210c6e57872,testing,7.1,17,0,79,2.0,2,14.3,14,1,13,0.929
capybara,lib/capybara/selenium/nodes/edge_node.rb,a210c6e57872,testing,8.2,17,0,91,1.0,2,18.2,11,1,11,1.0
capybara,lib/capybara/selenium/nodes/firefox_node.rb,a210c6e57872,testing,7.9,24,0,93,2.0,2,7.1,14,1,13,0.929
capybara,lib/capybara/selenium/nodes/safari_node.rb,a210c6e57872,testing,9.2,19,0,100,0.0,2,0.0,10,1,10,1.0
capybara,lib/capybara/selenium/patches/logs.rb,a210c6e57872,testing,8,15,0,33,0.0,0,0.0,3,3,3,1.0
capybara,lib/capybara/server.rb,a210c6e57872,testing,7.2,19,8,77,0.0,0,0.0,13,2,13,1.0
capybara,lib/capybara/server/animation_disabler.rb,a210c6e57872,testing,8,13,17,67,0.0,0,0.0,6,3,6,1.0
capybara,lib/capybara/server/checker.rb,a210c6e57872,testing,3.7,7,0,14,0.0,0,0.0,7,3,6,0.857
capybara,lib/capybara/server/middleware.rb,a210c6e57872,testing,5,17,0,80,0.0,0,0.0,10,4,10,1.0
capybara,lib/capybara/session.rb,a210c6e57872,testing,6.7,27,2,69,0.5,0,0.0,62,2,56,0.903
capybara,lib/capybara/session/config.rb,a210c6e57872,testing,4.5,7,0,83,0.0,1,0.0,6,3,5,0.833
capybara,lib/capybara/session/matchers.rb,a210c6e57872,testing,4.8,7,0,67,0.0,0,0.0,6,2,6,1.0
capybara,lib/capybara/window.rb,a210c6e57872,testing,3.9,11,0,92,0.0,0,0.0,13,2,13,1.0
carrierwave,lib/carrierwave.rb,5effe4ecaae9,file upload,3,3,100,0,0.0,1,0.0,4,5,4,1.0
carrierwave,lib/carrierwave/compatibility/paperclip.rb,5effe4ecaae9,file upload,3.6,6,0,43,0.25,0,0.0,7,4,5,0.714
carrierwave,lib/carrierwave/downloader/base.rb,5effe4ecaae9,file upload,12.5,33,0,75,0.33,0,0.0,4,3,4,1.0
carrierwave,lib/carrierwave/downloader/remote_file.rb,5effe4ecaae9,file upload,6.4,19,0,75,0.0,0,12.5,8,3,7,0.875
carrierwave,lib/carrierwave/mount.rb,5effe4ecaae9,file upload,19.5,77,0,73,1.33,0,63.6,11,3,11,1.0
carrierwave,lib/carrierwave/mounter.rb,5effe4ecaae9,file upload,6.5,28,3,88,0.0,1,0.0,32,4,32,1.0
carrierwave,lib/carrierwave/processing/mini_magick.rb,5effe4ecaae9,file upload,6.7,26,0,61,0.33,0,5.6,18,3,15,0.833
carrierwave,lib/carrierwave/processing/rmagick.rb,5effe4ecaae9,file upload,6.7,28,0,55,0.67,0,4.5,22,3,19,0.864
carrierwave,lib/carrierwave/processing/vips.rb,5effe4ecaae9,file upload,5.8,18,0,59,0.33,0,0.0,17,3,16,0.941
carrierwave,lib/carrierwave/sanitized_file.rb,5effe4ecaae9,file upload,6.8,22,4,61,0.5,0,0.0,28,2,28,1.0
carrierwave,lib/carrierwave/storage/file.rb,5effe4ecaae9,file upload,7.7,13,0,86,0.0,1,0.0,7,3,7,1.0
carrierwave,lib/carrierwave/storage/fog.rb,5effe4ecaae9,file upload,7.4,48,6,88,0.5,1,0.0,34,4,33,0.971
carrierwave,lib/carrierwave/uploader/cache.rb,5effe4ecaae9,file upload,5.4,28,12,35,0.67,2,0.0,17,6,16,0.941
carrierwave,lib/carrierwave/uploader/callbacks.rb,5effe4ecaae9,file upload,4.3,5,0,67,0.25,0,66.7,3,4,3,1.0
carrierwave,lib/carrierwave/uploader/configuration.rb,5effe4ecaae9,file upload,19,40,0,50,0.25,0,33.3,6,4,6,1.0
carrierwave,lib/carrierwave/uploader/content_type_allowlist.rb,5effe4ecaae9,file upload,8,16,0,67,0.33,0,0.0,3,3,3,1.0
carrierwave,lib/carrierwave/uploader/content_type_denylist.rb,5effe4ecaae9,file upload,9,19,0,67,0.33,0,0.0,3,3,3,1.0
carrierwave,lib/carrierwave/uploader/extension_allowlist.rb,5effe4ecaae9,file upload,7.7,17,0,67,0.33,0,0.0,3,3,3,1.0
carrierwave,lib/carrierwave/uploader/extension_denylist.rb,5effe4ecaae9,file upload,8,19,0,67,0.33,0,0.0,3,3,3,1.0
carrierwave,lib/carrierwave/uploader/processing.rb,5effe4ecaae9,file upload,19.7,32,0,100,0.5,0,133.3,3,4,3,1.0
carrierwave,lib/carrierwave/uploader/proxy.rb,5effe4ecaae9,file upload,3,3,0,75,0.0,0,0.0,8,3,6,0.75
carrierwave,lib/carrierwave/uploader/serialization.rb,5effe4ecaae9,file upload,3.2,4,0,50,0.33,0,0.0,4,3,4,1.0
carrierwave,lib/carrierwave/uploader/store.rb,5effe4ecaae9,file upload,6.5,16,0,36,1.25,0,0.0,11,4,11,1.0
carrierwave,lib/carrierwave/uploader/versions.rb,5effe4ecaae9,file upload,7.8,46,0,77,0.6,0,26.9,26,5,25,0.962
childprocess,lib/childprocess.rb,c756730c4ac4,processes,6.6,27,100,53,0.0,0,0.0,17,1,16,0.941
childprocess,lib/childprocess/abstract_io.rb,c756730c4ac4,processes,3.8,4,0,0,0.0,0,0.0,5,2,3,0.6
childprocess,lib/childprocess/abstract_process.rb,c756730c4ac4,processes,4.4,15,0,24,0.0,0,0.0,17,2,10,0.588
childprocess,lib/childprocess/process_spawn_process.rb,c756730c4ac4,processes,15.9,58,0,57,0.0,1,0.0,7,2,6,0.857
childprocess,lib/childprocess/windows/io.rb,c756730c4ac4,processes,4,6,0,100,0.0,1,0.0,3,3,3,1.0
chronic,lib/chronic/date.rb,7d3d82d38c99,date and time processing,4.8,8,100,100,0.0,0,0.0,5,2,3,0.6
chronic,lib/chronic/grabber.rb,7d3d82d38c99,date and time processing,5.3,8,67,67,0.0,1,0.0,3,2,3,1.0
chronic,lib/chronic/handler.rb,7d3d82d38c99,date and time processing,14.2,49,0,80,0.0,0,40.0,5,2,5,1.0
chronic,lib/chronic/handlers.rb,7d3d82d38c99,date and time processing,11.9,58,0,96,0.0,0,0.0,46,2,35,0.761
chronic,lib/chronic/mini_date.rb,7d3d82d38c99,date and time processing,7.2,15,25,75,0.0,0,0.0,4,2,4,1.0
chronic,lib/chronic/ordinal.rb,7d3d82d38c99,date and time processing,5.2,14,20,80,0.0,2,0.0,5,5,3,0.6
chronic,lib/chronic/parser.rb,7d3d82d38c99,date and time processing,24.7,76,0,100,0.5,0,0.0,7,2,7,1.0
chronic,lib/chronic/pointer.rb,7d3d82d38c99,date and time processing,5,7,67,67,0.0,1,0.0,3,2,3,1.0
chronic,lib/chronic/repeater.rb,7d3d82d38c99,date and time processing,8.5,25,58,25,0.0,1,8.3,12,2,9,0.75
chronic,lib/chronic/repeaters/repeater_day.rb,7d3d82d38c99,date and time processing,7.2,17,0,50,0.0,2,0.0,6,2,6,1.0
chronic,lib/chronic/repeaters/repeater_day_name.rb,7d3d82d38c99,date and time processing,6.7,20,0,67,0.0,2,0.0,6,2,6,1.0
chronic,lib/chronic/repeaters/repeater_day_portion.rb,7d3d82d38c99,date and time processing,12.7,44,0,100,0.0,2,0.0,7,2,7,1.0
chronic,lib/chronic/repeaters/repeater_fortnight.rb,7d3d82d38c99,date and time processing,10.2,24,0,50,0.0,2,0.0,6,2,6,1.0
chronic,lib/chronic/repeaters/repeater_hour.rb,7d3d82d38c99,date and time processing,8,17,0,50,0.0,2,0.0,6,2,6,1.0
chronic,lib/chronic/repeaters/repeater_minute.rb,7d3d82d38c99,date and time processing,8,17,0,50,0.0,2,0.0,6,2,6,1.0
chronic,lib/chronic/repeaters/repeater_month.rb,7d3d82d38c99,date and time processing,7.8,18,0,62,0.0,2,0.0,8,2,8,1.0
chronic,lib/chronic/repeaters/repeater_month_name.rb,7d3d82d38c99,date and time processing,11.7,47,0,33,0.0,2,0.0,6,2,6,1.0
chronic,lib/chronic/repeaters/repeater_season.rb,7d3d82d38c99,date and time processing,6.5,21,0,62,0.0,2,0.0,13,2,13,1.0
chronic,lib/chronic/repeaters/repeater_season_name.rb,7d3d82d38c99,date and time processing,8,21,0,100,0.0,3,0.0,4,2,4,1.0
chronic,lib/chronic/repeaters/repeater_second.rb,7d3d82d38c99,date and time processing,5.3,13,0,50,0.0,2,0.0,6,2,6,1.0
chronic,lib/chronic/repeaters/repeater_time.rb,7d3d82d38c99,date and time processing,11.7,52,0,70,0.0,2,0.0,10,3,9,0.9
chronic,lib/chronic/repeaters/repeater_week.rb,7d3d82d38c99,date and time processing,10.7,26,0,50,0.0,2,0.0,6,2,6,1.0
chronic,lib/chronic/repeaters/repeater_weekday.rb,7d3d82d38c99,date and time processing,6.8,21,0,33,0.0,2,0.0,9,2,9,1.0
chronic,lib/chronic/repeaters/repeater_weekend.rb,7d3d82d38c99,date and time processing,9.3,23,0,50,0.0,2,0.0,6,2,6,1.0
chronic,lib/chronic/repeaters/repeater_year.rb,7d3d82d38c99,date and time processing,7.9,17,0,62,0.0,2,0.0,8,2,8,1.0
chronic,lib/chronic/season.rb,7d3d82d38c99,date and time processing,3.8,5,75,25,0.0,0,0.0,4,2,3,0.75
chronic,lib/chronic/sign.rb,7d3d82d38c99,date and time processing,3.5,6,50,17,0.0,2,0.0,6,4,4,0.667
chronic,lib/chronic/span.rb,7d3d82d38c99,date and time processing,3,3,0,25,0.0,1,0.0,4,2,4,1.0
chronic,lib/chronic/tag.rb,7d3d82d38c99,date and time processing,6,11,33,33,0.0,0,0.0,3,2,3,1.0
chronic,lib/chronic/time_zone.rb,7d3d82d38c99,date and time processing,5,7,67,33,0.0,1,0.0,3,2,3,1.0
chronic,lib/chronic/token.rb,7d3d82d38c99,date and time processing,3.1,4,0,71,0.0,0,0.0,7,2,7,1.0
cocoapods,lib/cocoapods/command.rb,5493bfd201a3,package management,6.9,17,58,67,0.8,1,8.3,12,5,12,1.0
cocoapods,lib/cocoapods/command/cache/clean.rb,5493bfd201a3,package management,8.8,21,17,83,0.0,2,0.0,6,4,6,1.0
cocoapods,lib/cocoapods/command/cache/list.rb,5493bfd201a3,package management,9.2,15,25,75,0.0,2,0.0,4,4,4,1.0
cocoapods,lib/cocoapods/command/env.rb,5493bfd201a3,package management,5,13,11,22,0.0,2,0.0,9,3,9,1.0
cocoapods,lib/cocoapods/command/init.rb,5493bfd201a3,package management,11.8,22,0,100,0.0,2,0.0,6,3,6,1.0
cocoapods,lib/cocoapods/command/install.rb,5493bfd201a3,package management,7.3,9,33,100,0.67,2,0.0,3,3,3,1.0
cocoapods,lib/cocoapods/command/ipc/podfile.rb,5493bfd201a3,package management,4.3,5,0,67,0.25,3,0.0,3,4,3,1.0
cocoapods,lib/cocoapods/command/ipc/podfile_json.rb,5493bfd201a3,package management,4,4,0,67,0.25,3,0.0,3,4,3,1.0
cocoapods,lib/cocoapods/command/ipc/repl.rb,5493bfd201a3,package management,5.4,10,0,60,0.25,3,20.0,5,4,5,1.0
cocoapods,lib/cocoapods/command/ipc/spec.rb,5493bfd201a3,package management,4.3,5,0,67,0.0,3,0.0,3,4,3,1.0
cocoapods,lib/cocoapods/command/lib/create.rb,5493bfd201a3,package management,5.8,11,12,25,0.25,3,0.0,8,4,8,1.0
cocoapods,lib/cocoapods/command/lib/lint.rb,5493bfd201a3,package management,22.8,45,20,60,0.0,3,0.0,5,4,5,1.0
cocoapods,lib/cocoapods/command/list.rb,5493bfd201a3,package management,5.8,7,25,50,0.0,2,0.0,4,3,4,1.0
cocoapods,lib/cocoapods/command/options/project_directory.rb,5493bfd201a3,package management,5.2,7,25,75,0.0,1,0.0,4,5,4,1.0
cocoapods,lib/cocoapods/command/options/repo_update.rb,5493bfd201a3,package management,4.8,7,25,75,0.0,1,0.0,4,5,4,1.0
cocoapods,lib/cocoapods/command/outdated.rb,5493bfd201a3,package management,11,39,9,91,0.67,2,27.3,11,3,11,1.0
cocoapods,lib/cocoapods/command/repo/add.rb,5493bfd201a3,package management,8.1,16,14,71,0.0,3,0.0,7,4,7,1.0
cocoapods,lib/cocoapods/command/repo/add_cdn.rb,5493bfd201a3,package management,7.2,10,0,100,0.0,3,0.0,4,4,4,1.0
cocoapods,lib/cocoapods/command/repo/lint.rb,5493bfd201a3,package management,17.7,43,33,67,0.0,3,0.0,3,4,3,1.0
cocoapods,lib/cocoapods/command/repo/list.rb,5493bfd201a3,package management,6.7,15,17,83,0.0,3,0.0,6,4,6,1.0
cocoapods,lib/cocoapods/command/repo/push.rb,5493bfd201a3,package management,11.9,39,6,76,0.25,3,0.0,17,4,17,1.0
cocoapods,lib/cocoapods/command/repo/remove.rb,5493bfd201a3,package management,5.3,7,0,33,0.0,3,0.0,3,4,3,1.0
cocoapods,lib/cocoapods/command/repo/update.rb,5493bfd201a3,package management,4,5,0,100,0.0,3,0.0,3,4,3,1.0
cocoapods,lib/cocoapods/command/spec.rb,5493bfd201a3,package management,14.2,22,0,80,0.0,2,0.0,5,3,5,1.0
cocoapods,lib/cocoapods/command/update.rb,5493bfd201a3,package management,11.5,22,17,83,0.67,2,0.0,6,3,6,1.0
cocoapods,lib/cocoapods/config.rb,5493bfd201a3,package management,5.2,18,4,71,0.0,0,8.3,24,3,21,0.875
cocoapods,lib/cocoapods/downloader.rb,5493bfd201a3,package management,11.1,32,50,62,0.25,0,0.0,8,4,7,0.875
cocoapods,lib/cocoapods/downloader/cache.rb,5493bfd201a3,package management,7.9,22,21,74,0.0,0,0.0,19,3,18,0.947
cocoapods,lib/cocoapods/downloader/request.rb,5493bfd201a3,package management,8,10,0,100,0.0,0,0.0,3,3,3,1.0
cocoapods,lib/cocoapods/executable.rb,5493bfd201a3,package management,13,33,70,80,0.0,1,20.0,10,3,10,1.0
cocoapods,lib/cocoapods/external_sources.rb,5493bfd201a3,package management,7,9,100,100,0.0,0,0.0,3,2,3,1.0
cocoapods,lib/cocoapods/external_sources/abstract_external_source.rb,5493bfd201a3,package management,9.7,24,0,50,0.0,0,0.0,10,3,10,1.0
cocoapods,lib/cocoapods/external_sources/path_source.rb,5493bfd201a3,package management,5.6,14,0,80,0.0,1,0.0,5,3,5,1.0
cocoapods,lib/cocoapods/external_sources/podspec_source.rb,5493bfd201a3,package management,9.7,18,0,100,0.0,1,0.0,3,3,3,1.0
cocoapods,lib/cocoapods/generator/acknowledgements.rb,5493bfd201a3,package management,4.6,19,10,30,0.0,0,0.0,10,3,5,0.5
cocoapods,lib/cocoapods/generator/acknowledgements/markdown.rb,5493bfd201a3,package management,5.2,10,17,83,0.0,1,0.0,6,3,6,1.0
cocoapods,lib/cocoapods/generator/acknowledgements/plist.rb,5493bfd201a3,package management,6,12,10,50,0.0,1,0.0,10,3,10,1.0
cocoapods,lib/cocoapods/generator/app_target_helper.rb,5493bfd201a3,package management,10.1,30,100,100,0.0,0,0.0,10,3,10,1.0
cocoapods,lib/cocoapods/generator/bridge_support.rb,5493bfd201a3,package management,3,3,0,67,0.33,0,0.0,3,3,3,1.0
cocoapods,lib/cocoapods/generator/copy_dsyms_script.rb,5493bfd201a3,package management,8.7,16,0,67,0.0,0,0.0,3,3,3,1.0
cocoapods,lib/cocoapods/generator/copy_resources_script.rb,5493bfd201a3,package management,7.2,19,0,50,0.0,0,0.0,6,3,6,1.0
cocoapods,lib/cocoapods/generator/copy_xcframework_script.rb,5493bfd201a3,package management,18.4,100,11,67,0.0,0,0.0,9,3,9,1.0
cocoapods,lib/cocoapods/generator/dummy_source.rb,5493bfd201a3,package management,6.3,10,0,67,0.0,0,0.0,3,3,3,1.0
cocoapods,lib/cocoapods/generator/embed_frameworks_script.rb,5493bfd201a3,package management,29.6,129,0,60,0.0,0,0.0,5,3,5,1.0
cocoapods,lib/cocoapods/generator/file_list.rb,5493bfd201a3,package management,3,3,0,67,0.0,0,0.0,3,3,3,1.0
cocoapods,lib/cocoapods/generator/header.rb,5493bfd201a3,package management,11,28,0,75,0.0,0,0.0,4,3,4,1.0
cocoapods,lib/cocoapods/generator/info_plist_file.rb,5493bfd201a3,package management,9.2,23,0,38,0.0,0,0.0,8,3,8,1.0
cocoapods,lib/cocoapods/generator/module_map.rb,5493bfd201a3,package management,7.3,11,0,86,0.0,0,0.0,7,3,7,1.0
cocoapods,lib/cocoapods/hooks_manager.rb,5493bfd201a3,package management,10.8,23,75,75,0.0,0,0.0,4,3,4,1.0
cocoapods,lib/cocoapods/installer.rb,5493bfd201a3,package management,9.7,43,2,69,0.5,0,1.6,64,2,62,0.969
cocoapods,lib/cocoapods/installer/analyzer.rb,5493bfd201a3,package management,18.9,81,2,100,0.33,0,0.0,40,3,40,1.0
cocoapods,lib/cocoapods/installer/analyzer/analysis_result.rb,5493bfd201a3,package management,5.8,11,0,60,0.0,0,0.0,5,4,5,1.0
cocoapods,lib/cocoapods/installer/analyzer/locking_dependency_analyzer.rb,5493bfd201a3,package management,14.5,33,100,75,0.0,0,0.0,4,4,4,1.0
cocoapods,lib/cocoapods/installer/analyzer/pod_variant.rb,5493bfd201a3,package management,5.8,10,0,50,0.0,0,0.0,4,4,4,1.0
cocoapods,lib/cocoapods/installer/analyzer/pod_variant_set.rb,5493bfd201a3,package management,10.2,46,0,90,0.0,0,0.0,10,4,10,1.0
cocoapods,lib/cocoapods/installer/analyzer/podfile_dependency_cache.rb,5493bfd201a3,package management,6,13,25,75,0.0,0,0.0,4,4,4,1.0
cocoapods,lib/cocoapods/installer/analyzer/sandbox_analyzer.rb,5493bfd201a3,package management,4.4,12,0,89,0.0,0,0.0,18,4,18,1.0
cocoapods,lib/cocoapods/installer/analyzer/specs_state.rb,5493bfd201a3,package management,9,19,0,40,0.0,0,40.0,5,4,5,1.0
cocoapods,lib/cocoapods/installer/analyzer/target_inspector.rb,5493bfd201a3,package management,15.7,36,0,89,0.0,0,0.0,9,4,9,1.0
cocoapods,lib/cocoapods/installer/base_install_hooks_context.rb,5493bfd201a3,package management,6.2,13,17,50,0.0,0,0.0,6,4,6,1.0
cocoapods,lib/cocoapods/installer/installation_options.rb,5493bfd201a3,package management,5.2,9,50,88,0.0,0,25.0,8,3,8,1.0
cocoapods,lib/cocoapods/installer/pod_source_downloader.rb,5493bfd201a3,package management,5.1,15,0,83,0.0,0,0.0,12,3,12,1.0
cocoapods,lib/cocoapods/installer/pod_source_installer.rb,5493bfd201a3,package management,3.7,6,0,78,0.0,0,0.0,18,3,18,1.0
cocoapods,lib/cocoapods/installer/pod_source_preparer.rb,5493bfd201a3,package management,8,16,0,67,0.33,0,0.0,3,3,3,1.0
cocoapods,lib/cocoapods/installer/podfile_validator.rb,5493bfd201a3,package management,7.7,18,0,85,0.0,0,0.0,13,3,13,1.0
cocoapods,lib/cocoapods/installer/project_cache/project_cache_analyzer.rb,5493bfd201a3,package management,14.1,60,0,89,0.0,0,0.0,9,4,9,1.0
cocoapods,lib/cocoapods/installer/project_cache/project_cache_version.rb,5493bfd201a3,package management,3.7,5,33,33,0.0,0,0.0,3,4,3,1.0
cocoapods,lib/cocoapods/installer/project_cache/project_installation_cache.rb,5493bfd201a3,package management,5.6,13,11,22,0.0,0,0.0,9,4,5,0.556
cocoapods,lib/cocoapods/installer/project_cache/project_metadata_cache.rb,5493bfd201a3,package management,5.8,11,20,60,0.0,0,0.0,5,4,5,1.0
cocoapods,lib/cocoapods/installer/project_cache/target_cache_key.rb,5493bfd201a3,package management,18.1,40,43,71,0.0,0,0.0,7,4,7,1.0
cocoapods,lib/cocoapods/installer/project_cache/target_metadata.rb,5493bfd201a3,package management,4.4,7,40,40,0.0,0,0.0,5,4,5,1.0
cocoapods,lib/cocoapods/installer/sandbox_dir_cleaner.rb,5493bfd201a3,package management,8.5,44,0,75,0.0,0,0.0,8,3,8,1.0
cocoapods,lib/cocoapods/installer/sandbox_header_paths_installer.rb,5493bfd201a3,package management,6.7,9,0,67,0.0,0,0.0,3,3,3,1.0
cocoapods,lib/cocoapods/installer/source_provider_hooks_context.rb,5493bfd201a3,package management,4,5,33,33,0.0,0,0.0,3,3,3,1.0
cocoapods,lib/cocoapods/installer/user_project_integrator.rb,5493bfd201a3,package management,10.5,21,0,92,0.0,0,0.0,12,3,11,0.917
cocoapods,lib/cocoapods/installer/user_project_integrator/target_integrator.rb,5493bfd201a3,package management,13.1,59,53,88,0.0,0,0.0,34,4,32,0.941
cocoapods,lib/cocoapods/installer/user_project_integrator/target_integrator/xcconfig_integrator.rb,5493bfd201a3,package management,13.7,23,100,100,0.0,0,0.0,6,5,6,1.0
cocoapods,lib/cocoapods/installer/xcode/multi_pods_project_generator.rb,5493bfd201a3,package management,10,21,0,83,0.0,1,0.0,6,4,6,1.0
cocoapods,lib/cocoapods/installer/xcode/pods_project_generator.rb,5493bfd201a3,package management,15.8,56,0,92,0.0,0,0.0,12,4,12,1.0
cocoapods,lib/cocoapods/installer/xcode/pods_project_generator/aggregate_target_installer.rb,5493bfd201a3,package management,10.4,29,0,90,0.0,1,0.0,10,5,10,1.0
cocoapods,lib/cocoapods/installer/xcode/pods_project_generator/app_host_installer.rb,5493bfd201a3,package management,10,22,0,100,0.2,0,0.0,5,5,5,1.0
cocoapods,lib/cocoapods/installer/xcode/pods_project_generator/file_references_installer.rb,5493bfd201a3,package management,13,44,0,75,0.0,0,6.2,16,5,14,0.875
cocoapods,lib/cocoapods/installer/xcode/pods_project_generator/pod_target_dependency_installer.rb,5493bfd201a3,package management,22.4,38,0,86,0.0,0,0.0,7,4,7,1.0
cocoapods,lib/cocoapods/installer/xcode/pods_project_generator/pod_target_installer.rb,5493bfd201a3,package management,19.9,106,7,96,0.0,1,0.0,45,5,45,1.0
cocoapods,lib/cocoapods/installer/xcode/pods_project_generator/pod_target_integrator.rb,5493bfd201a3,package management,18.9,46,0,91,0.0,0,0.0,11,5,11,1.0
cocoapods,lib/cocoapods/installer/xcode/pods_project_generator/pods_project_writer.rb,5493bfd201a3,package management,10.8,23,0,75,0.0,0,0.0,4,4,4,1.0
cocoapods,lib/cocoapods/installer/xcode/pods_project_generator/project_generator.rb,5493bfd201a3,package management,13.5,34,0,25,0.0,0,0.0,4,4,4,1.0
cocoapods,lib/cocoapods/installer/xcode/pods_project_generator/target_installation_result.rb,5493bfd201a3,package management,5.4,12,0,88,0.0,0,0.0,8,5,8,1.0
cocoapods,lib/cocoapods/installer/xcode/pods_project_generator/target_installer.rb,5493bfd201a3,package management,9.8,24,0,83,0.2,0,0.0,12,5,12,1.0
cocoapods,lib/cocoapods/installer/xcode/pods_project_generator/target_installer_helper.rb,5493bfd201a3,package management,11.7,13,0,100,0.0,0,0.0,3,5,3,1.0
cocoapods,lib/cocoapods/installer/xcode/pods_project_generator_result.rb,5493bfd201a3,package management,5,7,0,67,0.0,0,0.0,3,5,3,1.0
cocoapods,lib/cocoapods/installer/xcode/target_validator.rb,5493bfd201a3,package management,16,31,0,88,0.0,0,0.0,8,4,8,1.0
cocoapods,lib/cocoapods/project.rb,5493bfd201a3,package management,10.4,35,0,77,0.0,1,4.5,22,2,22,1.0
cocoapods,lib/cocoapods/resolver.rb,5493bfd201a3,package management,11.0,71,0,69,0.5,2,0.0,29,4,23,0.793
cocoapods,lib/cocoapods/resolver/lazy_specification.rb,5493bfd201a3,package management,10.2,31,0,67,0.0,1,0.0,6,6,6,1.0
cocoapods,lib/cocoapods/resolver/resolver_specification.rb,5493bfd201a3,package management,4,5,0,75,0.0,0,0.0,4,3,4,1.0
cocoapods,lib/cocoapods/sandbox.rb,5493bfd201a3,package management,5.5,33,3,81,0.0,0,0.0,32,2,26,0.812
cocoapods,lib/cocoapods/sandbox/file_accessor.rb,5493bfd201a3,package management,5.2,23,8,80,0.0,0,2.0,49,3,41,0.837
cocoapods,lib/cocoapods/sandbox/headers_store.rb,5493bfd201a3,package management,7.1,18,0,88,0.0,0,0.0,8,3,8,1.0
cocoapods,lib/cocoapods/sandbox/path_list.rb,5493bfd201a3,package management,13.1,41,0,78,0.0,0,0.0,9,3,8,0.889
cocoapods,lib/cocoapods/sandbox/pod_dir_cleaner.rb,5493bfd201a3,package management,5,12,0,50,0.0,0,0.0,6,3,6,1.0
cocoapods,lib/cocoapods/sources_manager.rb,5493bfd201a3,package management,14.1,30,0,70,0.25,0,0.0,10,4,10,1.0
cocoapods,lib/cocoapods/target.rb,5493bfd201a3,package management,3.7,11,5,49,0.0,0,0.0,39,2,29,0.744
cocoapods,lib/cocoapods/target/aggregate_target.rb,5493bfd201a3,package management,5.5,32,0,75,0.0,1,0.0,48,2,41,0.854
cocoapods,lib/cocoapods/target/build_settings.rb,5493bfd201a3,package management,9.2,42,15,77,0.0,1,19.2,26,5,24,0.923
cocoapods,lib/cocoapods/target/pod_target.rb,5493bfd201a3,package management,6.7,31,0,88,0.0,1,0.0,90,2,70,0.778
cocoapods,lib/cocoapods/user_interface.rb,5493bfd201a3,package management,9.5,31,100,61,0.2,0,4.3,23,5,21,0.913
cocoapods,lib/cocoapods/user_interface/error_report.rb,5493bfd201a3,package management,9.2,44,100,72,0.0,0,0.0,18,3,17,0.944
cocoapods,lib/cocoapods/user_interface/inspector_reporter.rb,5493bfd201a3,package management,7.8,19,0,100,0.0,0,0.0,6,3,6,1.0
cocoapods,lib/cocoapods/validator.rb,5493bfd201a3,package management,11.2,48,0,82,0.33,1,13.6,66,3,62,0.939
cocoapods,lib/cocoapods/version_metadata.rb,5493bfd201a3,package management,5.7,8,100,33,0.0,0,0.0,3,2,3,1.0
cocoapods,lib/cocoapods/xcode/framework_paths.rb,5493bfd201a3,package management,5.2,8,20,40,0.0,0,0.0,5,3,5,1.0
cocoapods,lib/cocoapods/xcode/xcframework.rb,5493bfd201a3,package management,5.9,17,0,86,0.0,0,0.0,7,3,7,1.0
cocoapods,lib/cocoapods/xcode/xcframework/xcframework_slice.rb,5493bfd201a3,package management,8.3,20,0,80,0.0,0,0.0,10,4,10,1.0
coderay,lib/coderay.rb,d30855fe96e3,code highlighting,3.3,5,100,18,0.0,0,0.0,11,1,11,1.0
coderay,lib/coderay/duo.rb,d30855fe96e3,code highlighting,5,10,0,50,0.0,0,0.0,4,2,4,1.0
coderay,lib/coderay/encoders/count.rb,d30855fe96e3,code highlighting,3.5,5,0,0,0.0,1,0.0,4,3,4,1.0
coderay,lib/coderay/encoders/debug_lint.rb,d30855fe96e3,code highlighting,4.4,5,0,86,0.0,1,0.0,7,3,5,0.714
coderay,lib/coderay/encoders/encoder.rb,d30855fe96e3,code highlighting,5.2,16,11,39,0.33,0,0.0,18,3,14,0.778
coderay,lib/coderay/encoders/filter.rb,d30855fe96e3,code highlighting,3.3,5,0,86,0.0,1,0.0,7,3,7,1.0
coderay,lib/coderay/encoders/html.rb,d30855fe96e3,code highlighting,10.3,23,12,88,0.0,1,0.0,16,3,15,0.938
coderay,lib/coderay/encoders/html/css.rb,d30855fe96e3,code highlighting,8.2,11,25,50,0.0,1,0.0,4,4,4,1.0
coderay,lib/coderay/encoders/html/output.rb,d30855fe96e3,code highlighting,6.6,23,36,45,0.0,1,0.0,11,5,11,1.0
coderay,lib/coderay/encoders/json.rb,d30855fe96e3,code highlighting,4.1,9,0,38,0.0,1,0.0,8,3,5,0.625
coderay,lib/coderay/encoders/lint.rb,d30855fe96e3,code highlighting,3.4,4,0,86,0.0,1,0.0,7,3,5,0.714
coderay,lib/coderay/encoders/statistic.rb,d30855fe96e3,code highlighting,5.9,17,0,50,0.0,1,0.0,8,3,5,0.625
coderay,lib/coderay/encoders/terminal.rb,d30855fe96e3,code highlighting,8.3,14,0,83,0.0,1,0.0,6,3,6,1.0
coderay,lib/coderay/encoders/token_kind_filter.rb,d30855fe96e3,code highlighting,6.6,9,0,62,0.0,2,0.0,8,3,6,0.75
coderay,lib/coderay/encoders/xml.rb,d30855fe96e3,code highlighting,8.2,19,0,100,0.0,1,0.0,5,3,5,1.0
coderay,lib/coderay/encoders/yaml.rb,d30855fe96e3,code highlighting,3.3,5,0,71,0.0,1,0.0,7,3,4,0.571
coderay,lib/coderay/for_redcloth.rb,d30855fe96e3,code highlighting,20.2,71,17,67,0.0,0,33.3,6,3,6,1.0
coderay,lib/coderay/helpers/file_type.rb,d30855fe96e3,code highlighting,13,16,100,67,0.0,0,0.0,3,2,3,1.0
coderay,lib/coderay/helpers/plugin.rb,d30855fe96e3,code highlighting,5.8,7,0,100,0.0,0,25.0,4,2,4,1.0
coderay,lib/coderay/helpers/plugin_host.rb,d30855fe96e3,code highlighting,7.3,22,7,60,0.0,0,0.0,15,2,15,1.0
coderay,lib/coderay/helpers/word_list.rb,d30855fe96e3,code highlighting,3.2,4,0,75,0.0,2,0.0,4,3,4,1.0
coderay,lib/coderay/scanners/erb.rb,d30855fe96e3,code highlighting,14,34,0,67,0.0,2,0.0,3,3,3,1.0
coderay,lib/coderay/scanners/html.rb,d30855fe96e3,code highlighting,40.6,181,0,60,0.0,2,0.0,5,3,4,0.8
coderay,lib/coderay/scanners/java_script.rb,d30855fe96e3,code highlighting,42.5,160,0,50,0.0,2,0.0,4,3,4,1.0
coderay,lib/coderay/scanners/php.rb,d30855fe96e3,code highlighting,98.7,289,0,67,0.0,2,0.0,3,5,3,1.0
coderay,lib/coderay/scanners/ruby.rb,d30855fe96e3,code highlighting,150,444,0,33,0.0,2,0.0,3,3,3,1.0
coderay,lib/coderay/scanners/ruby/string_state.rb,d30855fe96e3,code highlighting,10.3,14,33,67,0.0,2,0.0,3,4,3,1.0
coderay,lib/coderay/scanners/scanner.rb,d30855fe96e3,code highlighting,6.1,20,24,59,0.67,1,0.0,29,3,28,0.966
coderay,lib/coderay/tokens.rb,d30855fe96e3,code highlighting,9.2,64,0,33,0.0,1,0.0,9,2,6,0.667
coderay,lib/coderay/tokens_proxy.rb,d30855fe96e3,code highlighting,4.7,7,0,67,0.0,0,16.7,6,2,6,1.0
coderay,rake_tasks/code_statistics.rb,d30855fe96e3,code highlighting,11.3,53,0,82,0.0,0,0.0,11,1,10,0.909
colorize,lib/colorize/class_methods.rb,a252d8af6b76,cli utilities,5.7,11,0,55,0.0,0,15.0,20,2,14,0.7
colorize,lib/colorize/instance_methods.rb,a252d8af6b76,cli utilities,5.9,11,0,40,0.0,0,0.0,15,2,15,1.0
commander,lib/commander/command.rb,b4c6be4b149c,cli builder,5.1,11,0,73,0.33,0,20.0,15,3,14,0.933
commander,lib/commander/help_formatters.rb,b4c6be4b149c,cli builder,3.4,5,0,75,0.0,1,12.5,8,4,6,0.75
commander,lib/commander/help_formatters/base.rb,b4c6be4b149c,cli builder,3,3,0,33,0.0,0,0.0,3,3,3,1.0
commander,lib/commander/help_formatters/terminal.rb,b4c6be4b149c,cli builder,3,3,0,0,0.0,1,0.0,3,3,3,1.0
commander,lib/commander/runner.rb,b4c6be4b149c,cli builder,7.7,38,9,64,0.0,2,0.0,33,4,31,0.939
commander,lib/commander/user_interaction.rb,b4c6be4b149c,cli builder,7.4,32,0,83,0.0,0,6.7,30,4,28,0.933
concurrent-ruby,docs-source/actor/define.in.rb,0b88d5ff75f6,concurrency and parallelism,6.7,12,0,67,0.0,2,0.0,3,1,3,1.0
concurrent-ruby,docs-source/actor/define.out.rb,0b88d5ff75f6,concurrency and parallelism,6.7,12,0,67,0.0,2,0.0,3,1,3,1.0
concurrent-ruby,docs-source/actor/io.in.rb,0b88d5ff75f6,concurrency and parallelism,3.5,5,0,0,0.0,2,0.0,4,2,3,0.75
concurrent-ruby,docs-source/actor/io.out.rb,0b88d5ff75f6,concurrency and parallelism,3.5,5,0,0,0.0,2,0.0,4,2,3,0.75
concurrent-ruby,docs-source/actor/supervision_tree.in.rb,0b88d5ff75f6,concurrency and parallelism,7.4,11,0,60,0.0,2,0.0,5,2,5,1.0
concurrent-ruby,docs-source/actor/supervision_tree.out.rb,0b88d5ff75f6,concurrency and parallelism,7.4,11,0,60,0.0,2,0.0,5,2,5,1.0
concurrent-ruby,docs-source/medium-example.in.rb,0b88d5ff75f6,concurrency and parallelism,10.2,33,50,83,0.0,0,0.0,6,2,6,1.0
concurrent-ruby,docs-source/medium-example.init.rb,0b88d5ff75f6,concurrency and parallelism,3,4,67,0,0.0,0,0.0,3,0,3,1.0
concurrent-ruby,docs-source/medium-example.out.rb,0b88d5ff75f6,concurrency and parallelism,10.2,33,50,83,0.0,0,0.0,6,2,6,1.0
concurrent-ruby,docs-source/top-stock-scala/top-stock.rb,0b88d5ff75f6,concurrency and parallelism,10,13,0,67,0.0,0,0.0,3,0,3,1.0
concurrent-ruby,examples/a-tour-of-go-channels/equivalent-binary-trees.rb,0b88d5ff75f6,concurrency and parallelism,16.7,26,0,100,0.0,0,0.0,3,0,3,1.0
concurrent-ruby,examples/actor_stress_test.rb,0b88d5ff75f6,concurrency and parallelism,12.7,35,0,83,1.0,2,33.3,6,2,6,1.0
concurrent-ruby,examples/benchmark_atomic_1.rb,0b88d5ff75f6,concurrency and parallelism,14,36,0,67,0.0,0,0.0,3,0,3,1.0
concurrent-ruby,examples/benchmark_read_write_lock.rb,0b88d5ff75f6,concurrency and parallelism,8.6,44,0,56,0.0,0,0.0,9,3,9,1.0
concurrent-ruby,examples/thread_local_memory_usage.rb,0b88d5ff75f6,concurrency and parallelism,7.7,10,0,100,0.0,0,0.0,3,0,3,1.0
concurrent-ruby,lib/concurrent-ruby-edge/concurrent/actor.rb,0b88d5ff75f6,concurrency and parallelism,5.8,11,100,80,0.0,0,0.0,5,2,5,1.0
concurrent-ruby,lib/concurrent-ruby-edge/concurrent/actor/behaviour.rb,0b88d5ff75f6,concurrency and parallelism,4.6,7,100,0,0.0,0,0.0,7,3,6,0.857
concurrent-ruby,lib/concurrent-ruby-edge/concurrent/actor/behaviour/abstract.rb,0b88d5ff75f6,concurrency and parallelism,3.5,5,0,67,0.5,0,0.0,6,4,6,1.0
concurrent-ruby,lib/concurrent-ruby-edge/concurrent/actor/behaviour/buffer.rb,0b88d5ff75f6,concurrency and parallelism,6.6,9,0,80,0.0,1,0.0,5,4,5,1.0
concurrent-ruby,lib/concurrent-ruby-edge/concurrent/actor/behaviour/linking.rb,0b88d5ff75f6,concurrency and parallelism,6.6,14,0,100,0.0,1,0.0,5,4,5,1.0
concurrent-ruby,lib/concurrent-ruby-edge/concurrent/actor/behaviour/pausing.rb,0b88d5ff75f6,concurrency and parallelism,6.2,21,0,33,0.0,1,0.0,15,4,15,1.0
concurrent-ruby,lib/concurrent-ruby-edge/concurrent/actor/behaviour/termination.rb,0b88d5ff75f6,concurrency and parallelism,9.7,22,0,83,0.0,1,0.0,6,4,6,1.0
concurrent-ruby,lib/concurrent-ruby-edge/concurrent/actor/context.rb,0b88d5ff75f6,concurrency and parallelism,3.6,11,18,29,0.4,1,0.0,17,5,15,0.882
concurrent-ruby,lib/concurrent-ruby-edge/concurrent/actor/core.rb,0b88d5ff75f6,concurrency and parallelism,7.1,42,0,83,0.67,2,16.7,18,3,18,1.0
concurrent-ruby,lib/concurrent-ruby-edge/concurrent/actor/envelope.rb,0b88d5ff75f6,concurrency and parallelism,4.8,7,0,75,0.33,0,0.0,4,3,4,1.0
concurrent-ruby,lib/concurrent-ruby-edge/concurrent/actor/internal_delegations.rb,0b88d5ff75f6,concurrency and parallelism,3.1,4,0,78,0.67,0,0.0,9,3,9,1.0
concurrent-ruby,lib/concurrent-ruby-edge/concurrent/actor/public_delegations.rb,0b88d5ff75f6,concurrency and parallelism,3,3,0,100,0.0,0,0.0,6,3,6,1.0
concurrent-ruby,lib/concurrent-ruby-edge/concurrent/actor/reference.rb,0b88d5ff75f6,concurrency and parallelism,3.1,4,0,44,0.67,0,11.1,9,3,9,1.0
concurrent-ruby,lib/concurrent-ruby-edge/concurrent/actor/root.rb,0b88d5ff75f6,concurrency and parallelism,6.2,10,0,25,0.0,1,0.0,4,3,4,1.0
concurrent-ruby,lib/concurrent-ruby-edge/concurrent/actor/type_check.rb,0b88d5ff75f6,concurrency and parallelism,4.1,5,14,57,0.0,0,0.0,7,3,7,1.0
concurrent-ruby,lib/concurrent-ruby-edge/concurrent/actor/utils/balancer.rb,0b88d5ff75f6,concurrency and parallelism,9,18,0,67,0.0,2,0.0,3,4,3,1.0
concurrent-ruby,lib/concurrent-ruby-edge/concurrent/actor/utils/broadcast.rb,0b88d5ff75f6,concurrency and parallelism,7.7,17,0,33,0.0,2,0.0,3,4,3,1.0
concurrent-ruby,lib/concurrent-ruby-edge/concurrent/channel.rb,0b88d5ff75f6,concurrency and parallelism,5.7,27,21,56,0.67,1,0.0,34,3,30,0.882
concurrent-ruby,lib/concurrent-ruby-edge/concurrent/channel/buffer/base.rb,0b88d5ff75f6,concurrency and parallelism,3.4,10,0,0,0.0,2,0.0,22,4,10,0.455
concurrent-ruby,lib/concurrent-ruby-edge/concurrent/channel/buffer/buffered.rb,0b88d5ff75f6,concurrency and parallelism,6.6,13,0,80,0.0,3,0.0,10,4,10,1.0
concurrent-ruby,lib/concurrent-ruby-edge/concurrent/channel/buffer/timer.rb,0b88d5ff75f6,concurrency and parallelism,5.4,13,0,10,0.0,3,0.0,10,4,6,0.6
concurrent-ruby,lib/concurrent-ruby-edge/concurrent/channel/buffer/unbuffered.rb,0b88d5ff75f6,concurrency and parallelism,7.5,20,0,73,0.0,3,0.0,11,4,10,0.909
concurrent-ruby,lib/concurrent-ruby-edge/concurrent/channel/selector.rb,0b88d5ff75f6,concurrency and parallelism,6.1,17,0,62,0.0,0,0.0,8,3,8,1.0
concurrent-ruby,lib/concurrent-ruby-edge/concurrent/channel/tick.rb,0b88d5ff75f6,concurrency and parallelism,4.8,11,0,60,0.33,2,0.0,5,3,5,1.0
concurrent-ruby,lib/concurrent-ruby-edge/concurrent/edge/cancellation.rb,0b88d5ff75f6,concurrency and parallelism,3.2,4,12,25,0.0,2,0.0,8,2,7,0.875
concurrent-ruby,lib/concurrent-ruby-edge/concurrent/edge/channel.rb,0b88d5ff75f6,concurrency and parallelism,7.0,44,22,64,0.33,2,0.0,36,3,32,0.889
concurrent-ruby,lib/concurrent-ruby-edge/concurrent/edge/erlang_actor.rb,0b88d5ff75f6,concurrency and parallelism,7.3,45,3,63,0.45,3,2.7,111,33,84,0.757
concurrent-ruby,lib/concurrent-ruby-edge/concurrent/edge/lock_free_linked_set.rb,0b88d5ff75f6,concurrency and parallelism,11.7,18,0,83,0.33,0,0.0,6,3,6,1.0
concurrent-ruby,lib/concurrent-ruby-edge/concurrent/edge/lock_free_linked_set/node.rb,0b88d5ff75f6,concurrency and parallelism,3.3,6,0,36,0.17,2,0.0,11,6,8,0.727
concurrent-ruby,lib/concurrent-ruby-edge/concurrent/edge/lock_free_queue.rb,0b88d5ff75f6,concurrency and parallelism,16,37,0,50,0.0,2,0.0,6,3,6,1.0
concurrent-ruby,lib/concurrent-ruby-edge/concurrent/edge/old_channel_integration.rb,0b88d5ff75f6,concurrency and parallelism,6,11,0,67,0.33,3,0.0,3,6,3,1.0
concurrent-ruby,lib/concurrent-ruby-edge/concurrent/edge/processing_actor.rb,0b88d5ff75f6,concurrency and parallelism,3.5,6,18,55,0.0,2,0.0,11,2,10,0.909
concurrent-ruby,lib/concurrent-ruby-edge/concurrent/edge/promises.rb,0b88d5ff75f6,concurrency and parallelism,4.9,20,17,42,0.44,3,0.0,12,9,12,1.0
concurrent-ruby,lib/concurrent-ruby-edge/concurrent/edge/throttle.rb,0b88d5ff75f6,concurrency and parallelism,8.8,33,0,67,0.67,2,0.0,15,3,15,1.0
concurrent-ruby,lib/concurrent-ruby-edge/concurrent/executor/wrapping_executor.rb,0b88d5ff75f6,concurrency and parallelism,3.8,5,0,75,0.5,2,0.0,4,2,4,1.0
concurrent-ruby,lib/concurrent-ruby-edge/concurrent/lazy_register.rb,0b88d5ff75f6,concurrency and parallelism,4,5,0,80,0.0,2,0.0,5,2,5,1.0
concurrent-ruby,lib/concurrent-ruby/concurrent/agent.rb,0b88d5ff75f6,concurrency and parallelism,6.0,26,10,60,0.25,2,3.3,30,4,28,0.933
concurrent-ruby,lib/concurrent-ruby/concurrent/async.rb,0b88d5ff75f6,concurrency and parallelism,6.4,17,14,64,0.0,2,28.6,14,5,12,0.857
concurrent-ruby,lib/concurrent-ruby/concurrent/atom.rb,0b88d5ff75f6,concurrency and parallelism,8.6,14,0,80,0.5,2,0.0,5,2,5,1.0
concurrent-ruby,lib/concurrent-ruby/concurrent/atomic/atomic_markable_reference.rb,0b88d5ff75f6,concurrency and parallelism,7.5,25,0,40,0.0,2,0.0,10,2,9,0.9
concurrent-ruby,lib/concurrent-ruby/concurrent/atomic/cyclic_barrier.rb,0b88d5ff75f6,concurrency and parallelism,6.1,22,0,33,0.0,2,0.0,9,2,8,0.889
concurrent-ruby,lib/concurrent-ruby/concurrent/atomic/event.rb,0b88d5ff75f6,concurrency and parallelism,5.4,10,0,12,0.0,2,0.0,8,2,7,0.875
concurrent-ruby,lib/concurrent-ruby/concurrent/atomic/fiber_local_var.rb,0b88d5ff75f6,concurrency and parallelism,7.8,15,0,20,0.0,0,0.0,5,2,5,1.0
concurrent-ruby,lib/concurrent-ruby/concurrent/atomic/java_count_down_latch.rb,0b88d5ff75f6,concurrency and parallelism,5.8,12,0,100,0.0,0,0.0,4,2,4,1.0
concurrent-ruby,lib/concurrent-ruby/concurrent/atomic/locals.rb,0b88d5ff75f6,concurrency and parallelism,7.7,17,0,53,0.0,1,0.0,15,4,14,0.933
concurrent-ruby,lib/concurrent-ruby/concurrent/atomic/mutex_atomic_boolean.rb,0b88d5ff75f6,concurrency and parallelism,3.9,7,0,56,0.5,0,0.0,9,2,7,0.778
concurrent-ruby,lib/concurrent-ruby/concurrent/atomic/mutex_atomic_fixnum.rb,0b88d5ff75f6,concurrency and parallelism,4.8,10,0,44,0.5,0,0.0,9,2,9,1.0
concurrent-ruby,lib/concurrent-ruby/concurrent/atomic/mutex_count_down_latch.rb,0b88d5ff75f6,concurrency and parallelism,4.4,7,0,40,0.0,2,0.0,5,2,5,1.0
concurrent-ruby,lib/concurrent-ruby/concurrent/atomic/mutex_semaphore.rb,0b88d5ff75f6,concurrency and parallelism,8.2,21,0,40,0.0,2,0.0,10,2,10,1.0
concurrent-ruby,lib/concurrent-ruby/concurrent/atomic/read_write_lock.rb,0b88d5ff75f6,concurrency and parallelism,8.4,33,0,81,0.0,2,0.0,16,2,14,0.875
concurrent-ruby,lib/concurrent-ruby/concurrent/atomic/reentrant_read_write_lock.rb,0b88d5ff75f6,concurrency and parallelism,12.8,50,0,81,0.0,2,0.0,16,2,14,0.875
concurrent-ruby,lib/concurrent-ruby/concurrent/atomic/thread_local_var.rb,0b88d5ff75f6,concurrency and parallelism,7.8,15,0,20,0.0,0,0.0,5,2,5,1.0
concurrent-ruby,lib/concurrent-ruby/concurrent/atomic_reference/atomic_direct_update.rb,0b88d5ff75f6,concurrency and parallelism,8,12,0,0,0.0,0,0.0,3,2,3,1.0
concurrent-ruby,lib/concurrent-ruby/concurrent/atomic_reference/mutex_atomic.rb,0b88d5ff75f6,concurrency and parallelism,5.8,10,0,33,1.5,0,0.0,6,2,6,1.0
concurrent-ruby,lib/concurrent-ruby/concurrent/collection/copy_on_notify_observer_set.rb,0b88d5ff75f6,concurrency and parallelism,6,17,0,64,0.0,2,9.1,11,3,11,1.0
concurrent-ruby,lib/concurrent-ruby/concurrent/collection/copy_on_write_observer_set.rb,0b88d5ff75f6,concurrency and parallelism,5.8,19,0,33,0.0,2,8.3,12,3,12,1.0
concurrent-ruby,lib/concurrent-ruby/concurrent/collection/java_non_concurrent_priority_queue.rb,0b88d5ff75f6,concurrency and parallelism,4.3,8,10,100,0.0,0,0.0,10,3,10,1.0
concurrent-ruby,lib/concurrent-ruby/concurrent/collection/lock_free_stack.rb,0b88d5ff75f6,concurrency and parallelism,4.4,10,17,39,0.33,2,0.0,18,3,17,0.944
concurrent-ruby,lib/concurrent-ruby/concurrent/collection/map/mri_map_backend.rb,0b88d5ff75f6,concurrency and parallelism,3.4,7,0,92,0.0,1,0.0,12,3,6,0.5
concurrent-ruby,lib/concurrent-ruby/concurrent/collection/map/non_concurrent_map_backend.rb,0b88d5ff75f6,concurrency and parallelism,4.9,8,0,91,0.0,0,0.0,22,3,22,1.0
concurrent-ruby,lib/concurrent-ruby/concurrent/collection/ruby_non_concurrent_priority_queue.rb,0b88d5ff75f6,concurrency and parallelism,6.5,16,7,86,0.0,0,0.0,14,3,14,1.0
concurrent-ruby,lib/concurrent-ruby/concurrent/collection/ruby_timeout_queue.rb,0b88d5ff75f6,concurrency and parallelism,13.3,24,0,67,0.0,1,0.0,3,3,3,1.0
concurrent-ruby,lib/concurrent-ruby/concurrent/concern/dereferenceable.rb,0b88d5ff75f6,concurrency and parallelism,4.8,8,0,40,0.0,0,0.0,5,3,5,1.0
concurrent-ruby,lib/concurrent-ruby/concurrent/concern/logging.rb,0b88d5ff75f6,concurrency and parallelism,10.6,26,86,43,0.25,0,14.3,7,4,7,1.0
concurrent-ruby,lib/concurrent-ruby/concurrent/concern/obligation.rb,0b88d5ff75f6,concurrency and parallelism,4.4,11,0,50,0.33,0,0.0,22,3,18,0.818
concurrent-ruby,lib/concurrent-ruby/concurrent/concern/observable.rb,0b88d5ff75f6,concurrency and parallelism,3.4,4,0,80,0.0,0,0.0,5,3,5,1.0
concurrent-ruby,lib/concurrent-ruby/concurrent/configuration.rb,0b88d5ff75f6,concurrency and parallelism,4.4,10,100,25,1.0,0,0.0,8,1,6,0.75
concurrent-ruby,lib/concurrent-ruby/concurrent/dataflow.rb,0b88d5ff75f6,concurrency and parallelism,6.4,24,0,29,0.0,0,14.3,7,2,6,0.857
concurrent-ruby,lib/concurrent-ruby/concurrent/delay.rb,0b88d5ff75f6,concurrency and parallelism,13.3,25,0,43,0.5,2,0.0,7,2,7,1.0
concurrent-ruby,lib/concurrent-ruby/concurrent/errors.rb,0b88d5ff75f6,concurrency and parallelism,4.3,6,0,67,0.0,1,0.0,3,4,3,1.0
concurrent-ruby,lib/concurrent-ruby/concurrent/exchanger.rb,0b88d5ff75f6,concurrency and parallelism,14.6,119,0,25,0.0,3,0.0,12,6,9,0.75
concurrent-ruby,lib/concurrent-ruby/concurrent/executor/abstract_executor_service.rb,0b88d5ff75f6,concurrency and parallelism,4.5,20,0,7,1.0,2,0.0,15,2,12,0.8
concurrent-ruby,lib/concurrent-ruby/concurrent/executor/executor_service.rb,0b88d5ff75f6,concurrency and parallelism,3.2,4,0,0,0.5,0,0.0,4,2,3,0.75
concurrent-ruby,lib/concurrent-ruby/concurrent/executor/immediate_executor.rb,0b88d5ff75f6,concurrency and parallelism,3.6,6,0,62,0.5,3,0.0,8,2,8,1.0
concurrent-ruby,lib/concurrent-ruby/concurrent/executor/java_executor_service.rb,0b88d5ff75f6,concurrency and parallelism,4.9,8,0,82,0.25,3,0.0,11,4,11,1.0
concurrent-ruby,lib/concurrent-ruby/concurrent/executor/java_thread_pool_executor.rb,0b88d5ff75f6,concurrency and parallelism,5.1,35,0,87,0.5,4,0.0,15,2,15,1.0
concurrent-ruby,lib/concurrent-ruby/concurrent/executor/ruby_executor_service.rb,0b88d5ff75f6,concurrency and parallelism,5.3,15,0,64,0.0,3,0.0,11,2,10,0.909
concurrent-ruby,lib/concurrent-ruby/concurrent/executor/ruby_thread_pool_executor.rb,0b88d5ff75f6,concurrency and parallelism,7.3,25,0,66,0.67,4,0.0,35,3,31,0.886
concurrent-ruby,lib/concurrent-ruby/concurrent/executor/serialized_execution.rb,0b88d5ff75f6,concurrency and parallelism,9.6,23,0,57,0.5,2,0.0,7,2,7,1.0
concurrent-ruby,lib/concurrent-ruby/concurrent/executor/simple_executor_service.rb,0b88d5ff75f6,concurrency and parallelism,5.2,14,18,64,0.0,4,0.0,11,2,10,0.909
concurrent-ruby,lib/concurrent-ruby/concurrent/executor/timer_set.rb,0b88d5ff75f6,concurrency and parallelism,8.9,32,0,70,0.0,4,0.0,10,2,10,1.0
concurrent-ruby,lib/concurrent-ruby/concurrent/future.rb,0b88d5ff75f6,concurrency and parallelism,6.4,11,12,62,0.0,3,0.0,8,2,8,1.0
concurrent-ruby,lib/concurrent-ruby/concurrent/immutable_struct.rb,0b88d5ff75f6,concurrency and parallelism,3.9,9,14,14,0.5,0,0.0,14,2,14,1.0
concurrent-ruby,lib/concurrent-ruby/concurrent/ivar.rb,0b88d5ff75f6,concurrency and parallelism,7.5,20,0,50,1.0,2,8.3,12,2,12,1.0
concurrent-ruby,lib/concurrent-ruby/concurrent/map.rb,0b88d5ff75f6,concurrency and parallelism,5.6,13,0,48,0.0,1,0.0,21,3,18,0.857
concurrent-ruby,lib/concurrent-ruby/concurrent/maybe.rb,0b88d5ff75f6,concurrency and parallelism,5,9,38,50,0.5,2,0.0,8,2,8,1.0
concurrent-ruby,lib/concurrent-ruby/concurrent/mutable_struct.rb,0b88d5ff75f6,concurrency and parallelism,5.4,15,7,21,0.5,0,28.6,14,2,14,1.0
concurrent-ruby,lib/concurrent-ruby/concurrent/mvar.rb,0b88d5ff75f6,concurrency and parallelism,8.5,17,0,82,0.5,2,0.0,17,2,17,1.0
concurrent-ruby,lib/concurrent-ruby/concurrent/promise.rb,0b88d5ff75f6,concurrency and parallelism,7.3,28,27,69,0.0,3,11.5,26,2,23,0.885
concurrent-ruby,lib/concurrent-ruby/concurrent/promises.rb,0b88d5ff75f6,concurrency and parallelism,4.8,27,2,36,0.2,7,0.4,223,46,152,0.682
concurrent-ruby,lib/concurrent-ruby/concurrent/scheduled_task.rb,0b88d5ff75f6,concurrency and parallelism,5.1,17,7,43,0.5,3,21.4,14,2,12,0.857
concurrent-ruby,lib/concurrent-ruby/concurrent/settable_struct.rb,0b88d5ff75f6,concurrency and parallelism,6.1,20,7,21,0.5,0,28.6,14,2,14,1.0
concurrent-ruby,lib/concurrent-ruby/concurrent/synchronization/abstract_lockable_object.rb,0b88d5ff75f6,concurrency and parallelism,5.2,14,0,20,0.0,2,0.0,5,3,3,0.6
concurrent-ruby,lib/concurrent-ruby/concurrent/synchronization/abstract_object.rb,0b88d5ff75f6,concurrency and parallelism,3,3,33,0,0.0,0,0.0,3,3,3,1.0
concurrent-ruby,lib/concurrent-ruby/concurrent/synchronization/abstract_struct.rb,0b88d5ff75f6,concurrency and parallelism,6.1,28,6,71,0.33,0,41.2,17,3,17,1.0
concurrent-ruby,lib/concurrent-ruby/concurrent/synchronization/condition.rb,0b88d5ff75f6,concurrency and parallelism,3.1,4,0,40,0.0,2,0.0,10,4,9,0.9
concurrent-ruby,lib/concurrent-ruby/concurrent/synchronization/full_memory_barrier.rb,0b88d5ff75f6,concurrency and parallelism,3,4,100,0,0.0,0,0.0,4,2,3,0.75
concurrent-ruby,lib/concurrent-ruby/concurrent/synchronization/lock.rb,0b88d5ff75f6,concurrency and parallelism,3,3,0,0,0.0,2,0.0,4,3,4,1.0
concurrent-ruby,lib/concurrent-ruby/concurrent/synchronization/mutex_lockable_object.rb,0b88d5ff75f6,concurrency and parallelism,4.6,7,0,80,0.4,3,0.0,10,5,9,0.9
concurrent-ruby,lib/concurrent-ruby/concurrent/synchronization/object.rb,0b88d5ff75f6,concurrency and parallelism,8.4,32,80,50,0.67,1,30.0,10,3,10,1.0
concurrent-ruby,lib/concurrent-ruby/concurrent/synchronization/volatile.rb,0b88d5ff75f6,concurrency and parallelism,11.4,19,20,80,0.0,0,60.0,5,4,3,0.6
concurrent-ruby,lib/concurrent-ruby/concurrent/thread_safe/synchronized_delegator.rb,0b88d5ff75f6,concurrency and parallelism,5,9,0,25,0.0,1,0.0,4,2,4,1.0
concurrent-ruby,lib/concurrent-ruby/concurrent/thread_safe/util/adder.rb,0b88d5ff75f6,concurrency and parallelism,5.4,9,0,40,0.0,1,0.0,5,4,4,0.8
concurrent-ruby,lib/concurrent-ruby/concurrent/thread_safe/util/data_structures.rb,0b88d5ff75f6,concurrency and parallelism,9,24,60,40,0.0,0,60.0,5,4,5,1.0
concurrent-ruby,lib/concurrent-ruby/concurrent/thread_safe/util/power_of_two_tuple.rb,0b88d5ff75f6,concurrency and parallelism,3.2,4,0,60,0.0,1,0.0,5,4,5,1.0
concurrent-ruby,lib/concurrent-ruby/concurrent/thread_safe/util/striped64.rb,0b88d5ff75f6,concurrency and parallelism,8.2,35,8,46,0.2,2,0.0,13,5,13,1.0
concurrent-ruby,lib/concurrent-ruby/concurrent/timer_task.rb,0b88d5ff75f6,concurrency and parallelism,6.7,21,7,64,1.0,4,0.0,14,2,13,0.929
concurrent-ruby,lib/concurrent-ruby/concurrent/tuple.rb,0b88d5ff75f6,concurrency and parallelism,4.8,9,0,100,0.5,0,0.0,5,2,5,1.0
concurrent-ruby,lib/concurrent-ruby/concurrent/tvar.rb,0b88d5ff75f6,concurrency and parallelism,7.4,55,11,33,0.0,2,0.0,18,3,15,0.833
concurrent-ruby,lib/concurrent-ruby/concurrent/utility/engine.rb,0b88d5ff75f6,concurrency and parallelism,3.9,9,0,14,0.33,0,0.0,7,3,3,0.429
concurrent-ruby,lib/concurrent-ruby/concurrent/utility/native_extension_loader.rb,0b88d5ff75f6,concurrency and parallelism,6.1,16,0,25,0.33,0,0.0,8,3,5,0.625
concurrent-ruby,lib/concurrent-ruby/concurrent/utility/native_integer.rb,0b88d5ff75f6,concurrency and parallelism,5.8,6,0,83,0.33,0,0.0,6,3,4,0.667
concurrent-ruby,lib/concurrent-ruby/concurrent/utility/processor_counter.rb,0b88d5ff75f6,concurrency and parallelism,8.1,39,31,88,0.0,0,0.0,16,3,13,0.812
connection_pool,lib/connection_pool.rb,78bc41e2a9ff,database tools,7.6,26,9,73,0.0,2,0.0,11,5,10,0.909
connection_pool,lib/connection_pool/fork.rb,78bc41e2a9ff,database tools,8,14,67,67,0.0,0,0.0,3,2,3,1.0
connection_pool,lib/connection_pool/timed_stack.rb,78bc41e2a9ff,database tools,7.1,24,0,83,0.0,0,0.0,18,1,18,1.0
connection_pool,lib/connection_pool/wrapper.rb,78bc41e2a9ff,database tools,3.2,5,0,89,0.0,1,11.1,9,2,9,1.0
countries,lib/countries/configuration.rb,8c026f5b49da,country data,4.5,9,38,25,0.0,0,0.0,8,2,8,1.0
countries,lib/countries/country.rb,8c026f5b49da,country data,3.5,7,0,83,2.5,0,4.2,24,2,20,0.833
countries,lib/countries/country/class_methods.rb,8c026f5b49da,country data,6.2,10,8,77,0.0,0,23.1,13,2,13,1.0
countries,lib/countries/country/country_subdivision_methods.rb,8c026f5b49da,country data,4.3,7,0,100,0.0,0,0.0,10,2,9,0.9
countries,lib/countries/country/finder_methods.rb,8c026f5b49da,country data,6.3,12,0,90,0.0,0,10.0,10,2,10,1.0
countries,lib/countries/data.rb,8c026f5b49da,country data,5.2,11,92,67,1.0,0,0.0,24,2,24,1.0
countries,lib/countries/data/locales_methods.rb,8c026f5b49da,country data,3,3,0,100,0.0,0,0.0,4,2,4,1.0
countries,lib/countries/data/subdivision_methods.rb,8c026f5b49da,country data,5.8,10,0,50,0.0,0,0.0,4,2,4,1.0
countries,lib/countries/mongoid.rb,8c026f5b49da,country data,3.8,7,80,40,0.0,0,20.0,5,2,5,1.0
countries,lib/countries/sources/cldr/subdivision.rb,8c026f5b49da,country data,3.7,6,0,83,0.0,0,0.0,6,3,5,0.833
countries,lib/countries/sources/local/cached_loader.rb,8c026f5b49da,country data,4.2,7,0,75,0.0,0,0.0,4,3,4,1.0
countries,lib/countries/sources/local/subdivision.rb,8c026f5b49da,country data,4.2,7,20,20,0.0,0,0.0,5,3,5,1.0
countries,lib/countries/subdivision.rb,8c026f5b49da,country data,3.8,5,0,50,0.0,0,50.0,4,2,4,1.0
dalli,lib/dalli.rb,fc1b590e462a,caching,4,6,100,25,0.0,3,0.0,4,11,4,1.0
dalli,lib/dalli/client.rb,fc1b590e462a,caching,7.3,26,0,71,0.0,0,0.0,62,2,56,0.903
dalli,lib/dalli/compressor.rb,fc1b590e462a,caching,4.2,7,100,25,0.0,0,0.0,4,3,4,1.0
dalli,lib/dalli/instrumentation.rb,fc1b590e462a,caching,4.6,7,100,60,0.0,0,0.0,5,2,5,1.0
dalli,lib/dalli/key_manager.rb,fc1b590e462a,caching,5.7,9,0,100,0.0,0,0.0,12,2,12,1.0
dalli,lib/dalli/options.rb,fc1b590e462a,caching,4.2,5,10,90,0.0,0,0.0,10,2,5,0.5
dalli,lib/dalli/pipelined_deleter.rb,fc1b590e462a,caching,9.7,14,0,67,0.0,0,0.0,6,2,6,1.0
dalli,lib/dalli/pipelined_getter.rb,fc1b590e462a,caching,12.1,25,0,93,0.0,0,0.0,15,2,15,1.0
dalli,lib/dalli/pipelined_setter.rb,fc1b590e462a,caching,9.5,14,0,83,0.0,0,0.0,6,2,6,1.0
dalli,lib/dalli/protocol/base.rb,fc1b590e462a,caching,9,36,0,75,0.33,0,3.6,28,3,27,0.964
dalli,lib/dalli/protocol/connection_manager.rb,fc1b590e462a,caching,6.3,18,0,56,0.0,0,0.0,34,3,31,0.912
dalli,lib/dalli/protocol/key_regularizer.rb,fc1b590e462a,caching,3.3,4,0,67,0.0,1,0.0,3,4,3,1.0
dalli,lib/dalli/protocol/meta.rb,fc1b590e462a,caching,6.4,18,0,80,0.0,1,0.0,35,3,32,0.914
dalli,lib/dalli/protocol/request_formatter.rb,fc1b590e462a,caching,11.6,21,0,76,0.25,1,0.0,17,4,16,0.941
dalli,lib/dalli/protocol/response_buffer.rb,fc1b590e462a,caching,6.1,13,0,71,0.0,0,0.0,7,3,7,1.0
dalli,lib/dalli/protocol/response_processor.rb,fc1b590e462a,caching,6.4,28,0,75,0.0,1,0.0,32,4,25,0.781
dalli,lib/dalli/protocol/server_config_parser.rb,fc1b590e462a,caching,5.8,13,100,78,0.0,0,0.0,9,3,8,0.889
dalli,lib/dalli/protocol/string_marshaller.rb,fc1b590e462a,caching,4,6,0,38,0.0,0,0.0,8,3,5,0.625
dalli,lib/dalli/protocol/ttl_sanitizer.rb,fc1b590e462a,caching,5.2,9,100,75,0.0,0,0.0,4,3,4,1.0
dalli,lib/dalli/protocol/value_compressor.rb,fc1b590e462a,caching,5.1,10,0,100,0.0,0,0.0,7,3,5,0.714
dalli,lib/dalli/protocol/value_marshaller.rb,fc1b590e462a,caching,5.6,8,0,100,0.33,0,0.0,5,3,5,1.0
dalli,lib/dalli/protocol/value_serializer.rb,fc1b590e462a,caching,7.6,14,0,100,0.0,0,0.0,9,3,9,1.0
dalli,lib/dalli/ring.rb,fc1b590e462a,caching,7.4,14,0,86,0.0,0,0.0,14,3,14,1.0
dalli,lib/dalli/servers_arg_normalizer.rb,fc1b590e462a,caching,5.7,7,100,100,0.0,0,0.0,3,2,3,1.0
dalli,lib/dalli/socket.rb,fc1b590e462a,caching,7.8,27,63,84,0.43,1,0.0,19,7,19,1.0
dalli,lib/rack/session/dalli.rb,fc1b590e462a,caching,7.4,15,0,89,0.0,1,0.0,19,4,19,1.0
danger,lib/danger/ci_source/appcenter.rb,c94d38b3ce68,automation,3.6,5,71,86,0.0,1,0.0,7,2,7,1.0
danger,lib/danger/ci_source/appcircle.rb,c94d38b3ce68,automation,6.8,15,33,83,0.0,1,0.0,6,2,6,1.0
danger,lib/danger/ci_source/appveyor.rb,c94d38b3ce68,automation,5.2,8,50,75,0.0,1,0.0,4,2,4,1.0
danger,lib/danger/ci_source/azure_pipelines.rb,c94d38b3ce68,automation,6.2,9,50,75,0.0,1,0.0,4,2,4,1.0
danger,lib/danger/ci_source/bamboo.rb,c94d38b3ce68,automation,4.5,6,50,75,0.0,1,0.0,4,2,4,1.0
danger,lib/danger/ci_source/bitbucket_pipelines.rb,c94d38b3ce68,automation,3.5,5,50,75,0.0,1,0.0,4,2,3,0.75
danger,lib/danger/ci_source/bitrise.rb,c94d38b3ce68,automation,6.7,15,33,83,0.0,1,0.0,6,2,6,1.0
danger,lib/danger/ci_source/buddybuild.rb,c94d38b3ce68,automation,5.2,8,50,75,0.0,1,0.0,4,2,3,0.75
danger,lib/danger/ci_source/buildkite.rb,c94d38b3ce68,automation,4.2,7,50,75,0.0,1,0.0,4,2,4,1.0
danger,lib/danger/ci_source/ci_source.rb,c94d38b3ce68,automation,3.1,4,57,29,0.0,0,0.0,7,2,6,0.857
danger,lib/danger/ci_source/circle.rb,c94d38b3ce68,automation,11.2,27,50,75,0.0,1,0.0,4,2,4,1.0
danger,lib/danger/ci_source/circle_api.rb,c94d38b3ce68,automation,7,15,0,80,0.0,0,0.0,5,2,5,1.0
danger,lib/danger/ci_source/cirrus.rb,c94d38b3ce68,automation,4.2,7,50,75,0.0,1,0.0,4,2,4,1.0
danger,lib/danger/ci_source/code_build.rb,c94d38b3ce68,automation,7,19,71,71,0.0,1,0.0,7,2,7,1.0
danger,lib/danger/ci_source/codefresh.rb,c94d38b3ce68,automation,4,6,60,80,0.0,1,0.0,5,2,5,1.0
danger,lib/danger/ci_source/codemagic.rb,c94d38b3ce68,automation,4.8,8,50,75,0.0,1,0.0,4,2,4,1.0
danger,lib/danger/ci_source/codeship.rb,c94d38b3ce68,automation,3.7,5,67,83,0.0,1,0.0,6,2,6,1.0
danger,lib/danger/ci_source/concourse.rb,c94d38b3ce68,automation,5.8,8,50,75,0.0,1,0.0,4,2,4,1.0
danger,lib/danger/ci_source/custom_ci_with_github.rb,c94d38b3ce68,automation,5.8,13,50,75,0.0,1,0.0,4,2,4,1.0
danger,lib/danger/ci_source/dotci.rb,c94d38b3ce68,automation,4.8,9,67,83,0.0,1,0.0,6,2,6,1.0
danger,lib/danger/ci_source/drone.rb,c94d38b3ce68,automation,4.3,11,67,67,0.0,1,0.0,6,2,6,1.0
danger,lib/danger/ci_source/github_actions.rb,c94d38b3ce68,automation,5.2,11,50,75,0.0,1,0.0,4,2,4,1.0
danger,lib/danger/ci_source/gitlab_ci.rb,c94d38b3ce68,automation,9.2,28,67,67,0.0,1,0.0,6,2,6,1.0
danger,lib/danger/ci_source/jenkins.rb,c94d38b3ce68,automation,6.8,22,75,83,0.0,1,0.0,12,3,10,0.833
danger,lib/danger/ci_source/local_git_repo.rb,c94d38b3ce68,automation,6.4,18,15,54,0.0,1,0.0,13,2,13,1.0
danger,lib/danger/ci_source/local_only_git_repo.rb,c94d38b3ce68,automation,3.3,5,33,50,0.0,1,0.0,6,2,6,1.0
danger,lib/danger/ci_source/screwdriver.rb,c94d38b3ce68,automation,4.2,7,50,75,0.0,1,0.0,4,2,4,1.0
danger,lib/danger/ci_source/semaphore.rb,c94d38b3ce68,automation,4.2,6,50,75,0.0,1,0.0,4,2,4,1.0
danger,lib/danger/ci_source/support/commits.rb,c94d38b3ce68,automation,3,3,0,100,0.0,0,0.0,3,2,3,1.0
danger,lib/danger/ci_source/support/find_repo_info_from_logs.rb,c94d38b3ce68,automation,5.5,8,0,50,0.0,0,0.0,4,2,4,1.0
danger,lib/danger/ci_source/support/pull_request_finder.rb,c94d38b3ce68,automation,8.6,38,0,64,0.0,0,0.0,22,2,21,0.955
danger,lib/danger/ci_source/surf.rb,c94d38b3ce68,automation,4.2,8,50,50,0.0,1,0.0,4,2,4,1.0
danger,lib/danger/ci_source/teamcity.rb,c94d38b3ce68,automation,5.1,14,46,77,0.0,1,0.0,13,2,8,0.615
danger,lib/danger/ci_source/travis.rb,c94d38b3ce68,automation,4.2,7,50,75,0.0,1,0.0,4,2,4,1.0
danger,lib/danger/ci_source/xcode_cloud.rb,c94d38b3ce68,automation,4.8,8,50,75,0.0,1,0.0,4,2,3,0.75
danger,lib/danger/ci_source/xcode_server.rb,c94d38b3ce68,automation,6,10,50,75,0.0,1,0.0,4,2,4,1.0
danger,lib/danger/commands/dangerfile/gem.rb,c94d38b3ce68,automation,7,9,25,75,0.0,3,0.0,4,2,4,1.0
danger,lib/danger/commands/dry_run.rb,c94d38b3ce68,automation,10.2,17,25,50,0.0,2,0.0,4,2,4,1.0
danger,lib/danger/commands/init.rb,c94d38b3ce68,automation,13.2,30,5,90,0.0,2,0.0,20,2,20,1.0
danger,lib/danger/commands/init_helpers/interviewer.rb,c94d38b3ce68,automation,6.2,36,0,58,0.0,0,0.0,12,2,12,1.0
danger,lib/danger/commands/local.rb,c94d38b3ce68,automation,12,20,20,60,0.0,2,0.0,5,2,5,1.0
danger,lib/danger/commands/local_helpers/http_cache.rb,c94d38b3ce68,automation,5.2,10,0,100,0.0,0,0.0,5,2,5,1.0
danger,lib/danger/commands/local_helpers/pry_setup.rb,c94d38b3ce68,automation,6.7,10,0,67,0.0,0,0.0,3,2,3,1.0
danger,lib/danger/commands/mr.rb,c94d38b3ce68,automation,14,21,20,60,0.0,2,0.0,5,2,5,1.0
danger,lib/danger/commands/plugins/plugin_lint.rb,c94d38b3ce68,automation,9,15,33,67,0.0,1,0.0,3,2,3,1.0
danger,lib/danger/commands/pr.rb,c94d38b3ce68,automation,14.4,21,20,60,0.0,2,0.0,5,2,5,1.0
danger,lib/danger/commands/runner.rb,c94d38b3ce68,automation,10.2,15,20,60,0.0,1,20.0,5,2,5,1.0
danger,lib/danger/commands/staging.rb,c94d38b3ce68,automation,9.8,15,25,50,0.0,2,0.0,4,2,4,1.0
danger,lib/danger/core_ext/string.rb,c94d38b3ce68,automation,4.3,7,0,67,0.0,0,0.0,3,1,3,1.0
danger,lib/danger/danger_core/dangerfile.rb,c94d38b3ce68,automation,12.5,35,9,77,0.5,0,36.4,22,2,19,0.864
danger,lib/danger/danger_core/environment_manager.rb,c94d38b3ce68,automation,6.2,19,25,56,0.0,0,0.0,16,2,15,0.938
danger,lib/danger/danger_core/executor.rb,c94d38b3ce68,automation,9.2,35,0,38,0.0,0,0.0,8,2,8,1.0
danger,lib/danger/danger_core/message_aggregator.rb,c94d38b3ce68,automation,12.3,26,33,67,0.0,0,0.0,3,2,3,1.0
danger,lib/danger/danger_core/message_group.rb,c94d38b3ce68,automation,5.9,15,0,71,0.0,0,0.0,7,2,7,1.0
danger,lib/danger/danger_core/messages/base.rb,c94d38b3ce68,automation,7.2,12,0,40,0.0,0,0.0,5,2,5,1.0
danger,lib/danger/danger_core/messages/markdown.rb,c94d38b3ce68,automation,9,14,0,83,0.0,1,0.0,6,2,6,1.0
danger,lib/danger/danger_core/messages/violation.rb,c94d38b3ce68,automation,7.6,9,0,80,0.0,1,0.0,5,2,5,1.0
danger,lib/danger/danger_core/plugins/dangerfile_bitbucket_cloud_plugin.rb,c94d38b3ce68,automation,3.2,5,17,92,0.0,1,0.0,12,2,7,0.583
danger,lib/danger/danger_core/plugins/dangerfile_bitbucket_server_plugin.rb,c94d38b3ce68,automation,4.1,18,12,76,0.0,1,0.0,17,2,13,0.765
danger,lib/danger/danger_core/plugins/dangerfile_danger_plugin.rb,c94d38b3ce68,automation,9.5,22,8,69,0.0,1,0.0,13,2,13,1.0
danger,lib/danger/danger_core/plugins/dangerfile_git_plugin.rb,c94d38b3ce68,automation,3.9,12,7,93,0.0,1,0.0,14,2,12,0.857
danger,lib/danger/danger_core/plugins/dangerfile_github_plugin.rb,c94d38b3ce68,automation,4.2,15,11,89,0.0,1,0.0,19,2,15,0.789
danger,lib/danger/danger_core/plugins/dangerfile_gitlab_plugin.rb,c94d38b3ce68,automation,4.1,14,10,86,0.0,1,0.0,21,2,21,1.0
danger,lib/danger/danger_core/plugins/dangerfile_local_only_plugin.rb,c94d38b3ce68,automation,4.3,5,67,67,0.0,1,0.0,3,2,3,1.0
danger,lib/danger/danger_core/plugins/dangerfile_messaging_plugin.rb,c94d38b3ce68,automation,8.7,18,11,78,0.0,1,0.0,9,2,8,0.889
danger,lib/danger/danger_core/plugins/dangerfile_vsts_plugin.rb,c94d38b3ce68,automation,4.5,18,13,73,0.0,1,0.0,15,2,11,0.733
danger,lib/danger/danger_core/standard_error.rb,c94d38b3ce68,automation,11.9,34,0,57,0.0,1,0.0,7,2,7,1.0
danger,lib/danger/helpers/array_subclass.rb,c94d38b3ce68,automation,4.6,11,0,56,0.33,0,22.2,9,3,8,0.889
danger,lib/danger/helpers/comment.rb,c94d38b3ce68,automation,4.4,8,40,80,0.0,0,0.0,5,2,5,1.0
danger,lib/danger/helpers/comments_helper.rb,c94d38b3ce68,automation,8.9,21,0,64,0.33,0,0.0,14,3,14,1.0
danger,lib/danger/helpers/comments_parsing_helper.rb,c94d38b3ce68,automation,8.2,16,0,50,0.0,0,0.0,6,3,6,1.0
danger,lib/danger/helpers/emoji_mapper.rb,c94d38b3ce68,automation,3.3,4,0,33,0.0,0,0.0,3,2,3,1.0
danger,lib/danger/helpers/message_groups_array_helper.rb,c94d38b3ce68,automation,5,11,0,100,0.0,0,0.0,4,3,3,0.75
danger,lib/danger/plugin_support/gems_resolver.rb,c94d38b3ce68,automation,7.2,13,0,62,0.0,0,0.0,8,2,8,1.0
danger,lib/danger/plugin_support/plugin.rb,c94d38b3ce68,automation,3.6,7,57,43,0.0,0,28.6,7,2,7,1.0
danger,lib/danger/plugin_support/plugin_linter.rb,c94d38b3ce68,automation,12.1,29,0,80,0.0,0,0.0,10,3,10,1.0
danger,lib/danger/plugin_support/plugin_parser.rb,c94d38b3ce68,automation,12.2,32,0,67,0.0,0,8.3,12,2,12,1.0
danger,lib/danger/request_sources/bitbucket_cloud.rb,c94d38b3ce68,automation,10.4,42,14,64,0.33,1,0.0,14,3,13,0.929
danger,lib/danger/request_sources/bitbucket_cloud_api.rb,c94d38b3ce68,automation,8.2,22,0,53,0.0,0,0.0,19,3,19,1.0
danger,lib/danger/request_sources/bitbucket_server.rb,c94d38b3ce68,automation,9.4,44,11,74,0.33,1,0.0,19,3,18,0.947
danger,lib/danger/request_sources/bitbucket_server_api.rb,c94d38b3ce68,automation,6.2,16,0,56,0.0,0,0.0,16,3,15,0.938
danger,lib/danger/request_sources/code_insights_api.rb,c94d38b3ce68,automation,10.5,33,0,82,0.0,0,0.0,11,3,11,1.0
danger,lib/danger/request_sources/github/github.rb,c94d38b3ce68,automation,14.6,68,5,82,0.33,1,0.0,38,3,35,0.921
danger,lib/danger/request_sources/github/github_review.rb,c94d38b3ce68,automation,5.5,12,0,57,0.25,0,0.0,14,4,11,0.786
danger,lib/danger/request_sources/github/github_review_unsupported.rb,c94d38b3ce68,automation,1,1,0,0,0.0,0,0.0,7,4,3,0.429
danger,lib/danger/request_sources/gitlab.rb,c94d38b3ce68,automation,14.8,77,6,74,0.33,1,0.0,34,3,32,0.941
danger,lib/danger/request_sources/local_only.rb,c94d38b3ce68,automation,3.2,9,11,11,0.33,1,0.0,9,3,6,0.667
danger,lib/danger/request_sources/request_source.rb,c94d38b3ce68,automation,3.5,9,32,21,0.0,0,0.0,19,3,12,0.632
danger,lib/danger/request_sources/vsts.rb,c94d38b3ce68,automation,12.2,57,10,70,0.33,1,0.0,20,3,17,0.85
danger,lib/danger/request_sources/vsts_api.rb,c94d38b3ce68,automation,10.3,31,0,57,0.0,0,0.0,14,3,14,1.0
danger,lib/danger/scm_source/git_repo.rb,c94d38b3ce68,automation,7.2,25,0,27,0.0,0,0.0,22,5,20,0.909
database_cleaner,examples/lib/redis_models.rb,23fb7a715317,database tools,3.5,8,73,18,0.0,1,0.0,11,3,8,0.727
database_cleaner,lib/database_cleaner/cleaner.rb,23fb7a715317,database tools,5.7,12,13,53,0.67,1,20.0,15,3,15,1.0
database_cleaner,lib/database_cleaner/cleaners.rb,23fb7a715317,database tools,4.1,6,0,70,0.0,1,0.0,10,2,10,1.0
database_cleaner,lib/database_cleaner/deprecation.rb,23fb7a715317,database tools,4.3,5,0,67,0.0,0,0.0,3,2,3,1.0
database_cleaner,lib/database_cleaner/null_strategy.rb,23fb7a715317,database tools,3.2,4,0,0,0.0,0,0.0,4,2,3,0.75
database_cleaner,lib/database_cleaner/safeguard.rb,23fb7a715317,database tools,3.9,11,0,33,0.0,2,0.0,15,9,14,0.933
database_cleaner,lib/database_cleaner/strategy.rb,23fb7a715317,database tools,4.4,8,0,0,0.0,0,0.0,5,2,4,0.8
debug,lib/debug/abbrev_command.rb,bad4d38f8330,developer tooling,6,12,0,80,0.0,0,0.0,10,3,10,1.0
debug,lib/debug/breakpoint.rb,bad4d38f8330,developer tooling,8.9,43,2,62,0.25,1,7.7,52,8,46,0.885
debug,lib/debug/client.rb,bad4d38f8330,developer tooling,19.1,62,42,58,0.0,1,33.3,12,3,12,1.0
debug,lib/debug/color.rb,bad4d38f8330,developer tooling,4.9,13,0,27,0.0,0,0.0,15,4,10,0.667
debug,lib/debug/config.rb,bad4d38f8330,developer tooling,18.1,177,52,59,0.0,0,11.1,27,2,26,0.963
debug,lib/debug/console.rb,bad4d38f8330,developer tooling,11.8,65,0,50,0.5,0,0.0,16,2,13,0.812
debug,lib/debug/dap_custom/traceInspector.rb,bad4d38f8330,developer tooling,14.8,53,0,90,0.0,1,10.0,20,7,19,0.95
debug,lib/debug/frame_info.rb,bad4d38f8330,developer tooling,6.5,17,5,68,0.0,0,0.0,22,2,22,1.0
debug,lib/debug/irb_integration.rb,bad4d38f8330,developer tooling,7.7,8,0,33,0.0,0,66.7,3,4,3,1.0
debug,lib/debug/local.rb,bad4d38f8330,developer tooling,7.2,17,0,31,0.0,1,0.0,13,2,13,1.0
debug,lib/debug/server.rb,bad4d38f8330,developer tooling,18.4,58,0,73,0.0,2,0.0,26,8,24,0.923
debug,lib/debug/server_cdp.rb,bad4d38f8330,developer tooling,27,202,9,83,0.27,1,26.1,46,11,42,0.913
debug,lib/debug/server_dap.rb,bad4d38f8330,developer tooling,32.6,219,12,81,0.17,1,28.1,32,6,31,0.969
debug,lib/debug/session.rb,bad4d38f8330,developer tooling,15.6,675,16,69,0.62,1,3.4,149,24,129,0.866
debug,lib/debug/source_repository.rb,bad4d38f8330,developer tooling,8.4,18,0,79,0.5,0,14.3,14,2,14,1.0
debug,lib/debug/thread_client.rb,bad4d38f8330,developer tooling,14.7,377,1,76,0.62,1,5.7,87,8,82,0.943
debug,lib/debug/tracer.rb,bad4d38f8330,developer tooling,9.6,55,0,67,0.33,1,4.8,21,6,20,0.952
devise,app/controllers/devise/confirmations_controller.rb,9ea459de9aec,authentication and oauth,6.3,12,0,50,0.0,2,0.0,6,1,6,1.0
devise,app/controllers/devise/omniauth_callbacks_controller.rb,9ea459de9aec,authentication and oauth,3.8,7,0,50,0.0,2,0.0,6,1,6,1.0
devise,app/controllers/devise/passwords_controller.rb,9ea459de9aec,authentication and oauth,6.1,20,0,70,0.0,2,0.0,10,1,10,1.0
devise,app/controllers/devise/registrations_controller.rb,9ea459de9aec,authentication and oauth,5.9,21,0,53,0.0,2,21.1,19,1,18,0.947
devise,app/controllers/devise/sessions_controller.rb,9ea459de9aec,authentication and oauth,5.4,8,0,60,0.0,2,0.0,10,1,10,1.0
devise,app/controllers/devise/unlocks_controller.rb,9ea459de9aec,authentication and oauth,5.7,12,0,50,0.0,2,0.0,6,1,5,0.833
devise,app/controllers/devise_controller.rb,9ea459de9aec,authentication and oauth,5.7,18,5,73,1.0,1,9.1,22,1,22,1.0
devise,guides/bug_report_templates/integration_test.rb,9ea459de9aec,authentication and oauth,5.5,8,0,50,0.5,3,0.0,4,6,4,1.0
devise,lib/devise.rb,9ea459de9aec,authentication and oauth,7.7,44,89,42,0.43,0,5.3,19,7,19,1.0
devise,lib/devise/controllers/helpers.rb,9ea459de9aec,authentication and oauth,8.6,43,6,67,0.6,1,33.3,18,5,18,1.0
devise,lib/devise/controllers/rememberable.rb,9ea459de9aec,authentication and oauth,4.9,8,14,86,0.0,0,0.0,7,3,7,1.0
devise,lib/devise/controllers/sign_in_out.rb,9ea459de9aec,authentication and oauth,8,14,0,100,0.0,0,16.7,6,3,6,1.0
devise,lib/devise/controllers/store_location.rb,9ea459de9aec,authentication and oauth,5.7,10,0,71,0.0,0,0.0,7,3,7,1.0
devise,lib/devise/controllers/url_helpers.rb,9ea459de9aec,authentication and oauth,10,22,67,33,0.0,0,133.3,3,3,3,1.0
devise,lib/devise/failure_app.rb,9ea459de9aec,authentication and oauth,7.2,26,7,83,3.0,1,10.3,29,2,26,0.897
devise,lib/devise/mailers/helpers.rb,9ea459de9aec,authentication and oauth,6.4,18,0,71,0.67,0,14.3,7,3,7,1.0
devise,lib/devise/mapping.rb,9ea459de9aec,authentication and oauth,6.3,21,17,72,0.0,0,11.1,18,2,17,0.944
devise,lib/devise/models.rb,9ea459de9aec,authentication and oauth,13.5,34,33,67,1.33,1,100.0,6,3,6,1.0
devise,lib/devise/models/authenticatable.rb,9ea459de9aec,authentication and oauth,4.7,16,5,41,0.25,0,13.6,22,4,19,0.864
devise,lib/devise/models/confirmable.rb,9ea459de9aec,authentication and oauth,6.4,26,3,50,0.25,0,0.0,30,4,26,0.867
devise,lib/devise/models/database_authenticatable.rb,9ea459de9aec,authentication and oauth,4.8,20,6,44,0.25,0,0.0,18,4,16,0.889
devise,lib/devise/models/lockable.rb,9ea459de9aec,authentication and oauth,6.3,19,5,45,0.25,0,0.0,20,4,20,1.0
devise,lib/devise/models/recoverable.rb,9ea459de9aec,authentication and oauth,6.5,17,9,45,0.25,0,0.0,11,4,11,1.0
devise,lib/devise/models/rememberable.rb,9ea459de9aec,authentication and oauth,5.9,18,8,46,0.25,0,0.0,13,4,13,1.0
devise,lib/devise/models/timeoutable.rb,9ea459de9aec,authentication and oauth,3,3,33,33,0.25,0,0.0,3,4,3,1.0
devise,lib/devise/models/trackable.rb,9ea459de9aec,authentication and oauth,6.8,12,25,25,0.0,0,0.0,4,3,4,1.0
devise,lib/devise/models/validatable.rb,9ea459de9aec,authentication and oauth,6.2,14,60,60,0.0,0,20.0,5,4,5,1.0
devise,lib/devise/omniauth/config.rb,9ea459de9aec,authentication and oauth,6,8,0,60,0.0,1,20.0,5,4,5,1.0
devise,lib/devise/orm.rb,9ea459de9aec,authentication and oauth,3.4,7,12,19,0.0,0,12.5,16,4,15,0.938
devise,lib/devise/parameter_filter.rb,9ea459de9aec,authentication and oauth,6.2,10,0,60,0.0,0,20.0,5,2,5,1.0
devise,lib/devise/parameter_sanitizer.rb,9ea459de9aec,authentication and oauth,6.9,15,0,70,0.0,0,0.0,10,2,10,1.0
devise,lib/devise/rails/routes.rb,9ea459de9aec,authentication and oauth,12.9,46,0,65,0.2,0,11.8,17,5,15,0.882
devise,lib/devise/rails/warden_compat.rb,9ea459de9aec,authentication and oauth,3,3,0,67,0.0,0,0.0,3,1,3,1.0
devise,lib/devise/strategies/authenticatable.rb,9ea459de9aec,authentication and oauth,4.3,12,0,83,0.0,2,4.3,23,3,23,1.0
devise,lib/devise/strategies/rememberable.rb,9ea459de9aec,authentication and oauth,4.7,14,0,71,0.0,1,0.0,7,3,6,0.857
devise,lib/devise/token_generator.rb,9ea459de9aec,authentication and oauth,4.8,9,0,75,0.0,0,0.0,4,2,4,1.0
devise,lib/generators/active_record/devise_generator.rb,9ea459de9aec,authentication and oauth,7.5,32,0,42,0.33,2,0.0,12,3,12,1.0
devise,lib/generators/devise/install_generator.rb,9ea459de9aec,authentication and oauth,7.3,16,0,67,0.0,2,0.0,3,3,3,1.0
devise,lib/generators/devise/orm_helpers.rb,9ea459de9aec,authentication and oauth,4.4,10,0,0,0.0,0,0.0,5,3,5,1.0
devise,lib/generators/devise/views_generator.rb,9ea459de9aec,authentication and oauth,5.6,13,0,67,0.67,2,0.0,9,9,8,0.889
devise,lib/generators/mongoid/devise_generator.rb,9ea459de9aec,authentication and oauth,10.2,32,0,25,0.33,1,0.0,4,3,4,1.0
diffy,lib/diffy/diff.rb,72dc29ff5a5b,diff,13.4,35,20,80,0.5,0,10.0,10,2,10,1.0
diffy,lib/diffy/format.rb,72dc29ff5a5b,diff,6.2,16,0,75,0.0,0,0.0,4,2,4,1.0
diffy,lib/diffy/html_formatter.rb,72dc29ff5a5b,diff,13.2,39,0,89,0.0,0,0.0,9,2,9,1.0
diffy,lib/diffy/split_diff.rb,72dc29ff5a5b,diff,8.5,11,0,75,0.0,0,0.0,4,2,3,0.75
docile,lib/docile/fallback_context_proxy.rb,f0c25f516b8f,core extensions,17,36,0,67,0.0,0,266.7,3,2,3,1.0
doorkeeper,app/controllers/doorkeeper/applications_controller.rb,75a84fefe686,authentication and oauth,7.7,22,0,70,0.0,2,0.0,10,2,10,1.0
doorkeeper,app/controllers/doorkeeper/authorizations_controller.rb,75a84fefe686,authentication and oauth,7.5,23,0,61,0.0,2,0.0,18,2,18,1.0
doorkeeper,app/controllers/doorkeeper/token_info_controller.rb,75a84fefe686,authentication and oauth,5,9,0,67,0.0,2,0.0,3,2,3,1.0
doorkeeper,app/controllers/doorkeeper/tokens_controller.rb,75a84fefe686,authentication and oauth,8,28,0,75,0.0,2,0.0,16,2,16,1.0
doorkeeper,lib/doorkeeper.rb,75a84fefe686,authentication and oauth,5.9,13,100,64,0.0,0,0.0,11,15,11,1.0
doorkeeper,lib/doorkeeper/config.rb,75a84fefe686,authentication and oauth,4.2,15,0,57,0.67,1,37.3,67,3,36,0.537
doorkeeper,lib/doorkeeper/config/validations.rb,75a84fefe686,authentication and oauth,8.2,11,0,80,0.0,0,0.0,5,3,5,1.0
doorkeeper,lib/doorkeeper/errors.rb,75a84fefe686,authentication and oauth,3.5,7,27,18,0.0,3,0.0,11,9,6,0.545
doorkeeper,lib/doorkeeper/grant_flow/flow.rb,75a84fefe686,authentication and oauth,3.7,8,0,100,0.0,0,0.0,7,3,7,1.0
doorkeeper,lib/doorkeeper/grant_flow/registry.rb,75a84fefe686,authentication and oauth,6.2,16,0,100,0.0,0,0.0,4,3,4,1.0
doorkeeper,lib/doorkeeper/grape/helpers.rb,75a84fefe686,authentication and oauth,5.7,12,0,50,0.67,0,0.0,6,3,6,1.0
doorkeeper,lib/doorkeeper/helpers/controller.rb,75a84fefe686,authentication and oauth,4.8,14,8,46,0.0,0,30.8,13,3,13,1.0
doorkeeper,lib/doorkeeper/models/access_grant_mixin.rb,75a84fefe686,authentication and oauth,4,10,0,43,3.67,0,0.0,7,3,7,1.0
doorkeeper,lib/doorkeeper/models/access_token_mixin.rb,75a84fefe686,authentication and oauth,7.3,22,0,65,4.0,0,3.2,31,3,29,0.935
doorkeeper,lib/doorkeeper/models/application_mixin.rb,75a84fefe686,authentication and oauth,6,16,0,67,1.67,0,0.0,6,3,6,1.0
doorkeeper,lib/doorkeeper/models/concerns/expirable.rb,75a84fefe686,authentication and oauth,4.3,7,0,67,0.0,0,0.0,3,3,3,1.0
doorkeeper,lib/doorkeeper/models/concerns/expiration_time_sql_math.rb,75a84fefe686,authentication and oauth,3.5,7,0,18,0.1,1,0.0,11,10,7,0.636
doorkeeper,lib/doorkeeper/models/concerns/scopes.rb,75a84fefe686,authentication and oauth,4,7,0,50,0.0,0,0.0,4,3,4,1.0
doorkeeper,lib/doorkeeper/models/concerns/secret_storable.rb,75a84fefe686,authentication and oauth,5.4,11,0,60,0.25,0,0.0,5,4,4,0.8
doorkeeper,lib/doorkeeper/oauth/authorization/code.rb,75a84fefe686,authentication and oauth,5.8,16,0,44,0.0,0,0.0,9,4,9,1.0
doorkeeper,lib/doorkeeper/oauth/authorization/token.rb,75a84fefe686,authentication and oauth,8.4,18,33,78,0.0,0,0.0,9,4,9,1.0
doorkeeper,lib/doorkeeper/oauth/authorization/uri_builder.rb,75a84fefe686,authentication and oauth,5,6,100,100,0.0,0,0.0,3,4,3,1.0
doorkeeper,lib/doorkeeper/oauth/authorization_code_request.rb,75a84fefe686,authentication and oauth,7.7,22,0,83,0.0,1,0.0,12,3,12,1.0
doorkeeper,lib/doorkeeper/oauth/base_request.rb,75a84fefe686,authentication and oauth,7.8,15,0,50,0.33,0,0.0,6,3,6,1.0
doorkeeper,lib/doorkeeper/oauth/client.rb,75a84fefe686,authentication and oauth,4.7,6,67,67,0.0,0,0.0,3,3,3,1.0
doorkeeper,lib/doorkeeper/oauth/client/credentials.rb,75a84fefe686,authentication and oauth,10.6,34,100,100,0.0,0,0.0,5,3,5,1.0
doorkeeper,lib/doorkeeper/oauth/client_credentials/creator.rb,75a84fefe686,authentication and oauth,11.2,18,0,50,0.0,0,0.0,4,4,4,1.0
doorkeeper,lib/doorkeeper/oauth/client_credentials/issuer.rb,75a84fefe686,authentication and oauth,10.7,17,0,67,0.0,0,0.0,3,4,3,1.0
doorkeeper,lib/doorkeeper/oauth/client_credentials/validator.rb,75a84fefe686,authentication and oauth,8.2,15,0,100,0.5,0,0.0,4,4,4,1.0
doorkeeper,lib/doorkeeper/oauth/client_credentials_request.rb,75a84fefe686,authentication and oauth,5.2,8,0,80,0.0,1,0.0,5,3,5,1.0
doorkeeper,lib/doorkeeper/oauth/code_request.rb,75a84fefe686,authentication and oauth,4.3,5,0,67,0.0,0,0.0,3,3,3,1.0
doorkeeper,lib/doorkeeper/oauth/code_response.rb,75a84fefe686,authentication and oauth,7,15,0,80,0.33,1,0.0,5,3,5,1.0
doorkeeper,lib/doorkeeper/oauth/error_response.rb,75a84fefe686,authentication and oauth,5.8,11,21,57,0.33,1,0.0,14,3,14,1.0
doorkeeper,lib/doorkeeper/oauth/forbidden_token_response.rb,75a84fefe686,authentication and oauth,3.4,4,20,60,0.0,2,0.0,5,3,4,0.8
doorkeeper,lib/doorkeeper/oauth/helpers/scope_checker.rb,75a84fefe686,authentication and oauth,6,8,20,60,0.0,0,0.0,5,5,5,1.0
doorkeeper,lib/doorkeeper/oauth/helpers/uri_checker.rb,75a84fefe686,authentication and oauth,6.2,22,100,80,0.0,0,0.0,10,4,10,1.0
doorkeeper,lib/doorkeeper/oauth/invalid_request_response.rb,75a84fefe686,authentication and oauth,5.3,10,17,50,0.0,2,0.0,6,3,5,0.833
doorkeeper,lib/doorkeeper/oauth/invalid_token_response.rb,75a84fefe686,authentication and oauth,5.8,11,17,50,0.0,2,0.0,6,3,6,1.0
doorkeeper,lib/doorkeeper/oauth/password_access_token_request.rb,75a84fefe686,authentication and oauth,6,10,0,83,0.33,1,0.0,6,3,6,1.0
doorkeeper,lib/doorkeeper/oauth/pre_authorization.rb,75a84fefe686,authentication and oauth,6.1,13,0,86,0.33,0,0.0,22,3,22,1.0
doorkeeper,lib/doorkeeper/oauth/refresh_token_request.rb,75a84fefe686,authentication and oauth,9.2,36,0,92,0.33,1,0.0,12,3,12,1.0
doorkeeper,lib/doorkeeper/oauth/scopes.rb,75a84fefe686,authentication and oauth,5.2,12,12,76,0.67,0,0.0,17,3,16,0.941
doorkeeper,lib/doorkeeper/oauth/token.rb,75a84fefe686,authentication and oauth,4.5,9,100,80,0.0,0,0.0,10,3,9,0.9
doorkeeper,lib/doorkeeper/oauth/token_introspection.rb,75a84fefe686,authentication and oauth,6.6,14,0,71,0.0,0,0.0,17,3,17,1.0
doorkeeper,lib/doorkeeper/oauth/token_request.rb,75a84fefe686,authentication and oauth,4.3,5,0,67,0.0,0,0.0,3,3,3,1.0
doorkeeper,lib/doorkeeper/oauth/token_response.rb,75a84fefe686,authentication and oauth,5.8,10,0,25,0.0,0,0.0,4,3,4,1.0
doorkeeper,lib/doorkeeper/orm/active_record/mixins/access_grant.rb,75a84fefe686,authentication and oauth,5.3,7,0,100,1.0,0,0.0,3,3,3,1.0
doorkeeper,lib/doorkeeper/orm/active_record/mixins/access_token.rb,75a84fefe686,authentication and oauth,6.2,14,0,75,1.0,0,0.0,4,3,4,1.0
doorkeeper,lib/doorkeeper/orm/active_record/mixins/application.rb,75a84fefe686,authentication and oauth,6.1,14,0,81,1.0,0,0.0,16,3,16,1.0
doorkeeper,lib/doorkeeper/orm/active_record/redirect_uri_validator.rb,75a84fefe686,authentication and oauth,6.9,21,0,71,0.0,1,0.0,7,2,7,1.0
doorkeeper,lib/doorkeeper/orm/active_record/stale_records_cleaner.rb,75a84fefe686,authentication and oauth,9,16,0,67,0.0,0,0.0,3,4,3,1.0
doorkeeper,lib/doorkeeper/rails/helpers.rb,75a84fefe686,authentication and oauth,5.6,13,0,55,0.0,0,0.0,11,3,10,0.909
doorkeeper,lib/doorkeeper/rails/routes.rb,75a84fefe686,authentication and oauth,5.7,12,8,69,0.5,0,0.0,13,4,10,0.769
doorkeeper,lib/doorkeeper/rails/routes/abstract_router.rb,75a84fefe686,authentication and oauth,4.7,7,0,67,0.33,0,33.3,3,3,3,1.0
doorkeeper,lib/doorkeeper/rails/routes/mapper.rb,75a84fefe686,authentication and oauth,3.2,4,0,60,0.0,0,20.0,5,4,5,1.0
doorkeeper,lib/doorkeeper/rails/routes/mapping.rb,75a84fefe686,authentication and oauth,8.7,17,0,67,0.0,0,0.0,3,4,3,1.0
doorkeeper,lib/doorkeeper/request.rb,75a84fefe686,authentication and oauth,9.3,20,100,50,0.0,0,0.0,6,2,6,1.0
doorkeeper,lib/doorkeeper/revocable_tokens/revocable_access_token.rb,75a84fefe686,authentication and oauth,3,3,0,67,0.0,0,0.0,3,3,3,1.0
doorkeeper,lib/doorkeeper/revocable_tokens/revocable_refresh_token.rb,75a84fefe686,authentication and oauth,3,3,0,67,0.0,0,0.0,3,3,3,1.0
doorkeeper,lib/doorkeeper/secret_storing/base.rb,75a84fefe686,authentication and oauth,4.2,6,100,33,0.0,0,16.7,6,3,6,1.0
doorkeeper,lib/doorkeeper/secret_storing/bcrypt.rb,75a84fefe686,authentication and oauth,6,13,100,60,0.0,1,0.0,5,3,5,1.0
doorkeeper,lib/doorkeeper/secret_storing/plain.rb,75a84fefe686,authentication and oauth,3,3,100,33,0.0,1,33.3,3,3,3,1.0
doorkeeper,lib/doorkeeper/server.rb,75a84fefe686,authentication and oauth,3.4,4,0,75,0.0,0,25.0,8,2,7,0.875
doorkeeper,lib/doorkeeper/stale_records_cleaner.rb,75a84fefe686,authentication and oauth,4.7,8,100,33,0.0,0,0.0,3,2,3,1.0
doorkeeper,lib/doorkeeper/validations.rb,75a84fefe686,authentication and oauth,4.5,8,0,75,0.33,0,25.0,4,3,4,1.0
doorkeeper,lib/generators/doorkeeper/application_owner_generator.rb,75a84fefe686,authentication and oauth,4.3,7,33,0,0.5,1,0.0,3,2,3,1.0
doorkeeper,lib/generators/doorkeeper/confidential_applications_generator.rb,75a84fefe686,authentication and oauth,4.3,7,33,0,0.5,1,0.0,3,2,3,1.0
doorkeeper,lib/generators/doorkeeper/enable_polymorphic_resource_owner_generator.rb,75a84fefe686,authentication and oauth,6,12,33,0,0.5,1,0.0,3,2,3,1.0
doorkeeper,lib/generators/doorkeeper/migration_generator.rb,75a84fefe686,authentication and oauth,4.3,7,33,0,0.5,1,0.0,3,2,3,1.0
doorkeeper,lib/generators/doorkeeper/pkce_generator.rb,75a84fefe686,authentication and oauth,4.3,7,33,0,0.5,1,0.0,3,2,3,1.0
doorkeeper,lib/generators/doorkeeper/previous_refresh_token_generator.rb,75a84fefe686,authentication and oauth,5,8,25,0,0.5,1,0.0,4,2,4,1.0
doorkeeper,lib/generators/doorkeeper/remove_applications_secret_not_null_constraint_generator.rb,75a84fefe686,authentication and oauth,4.3,7,33,0,0.5,1,0.0,3,2,3,1.0
dotenv,lib/dotenv.rb,34156bf400cd,configuration,8.4,19,0,64,1.0,0,0.0,11,1,9,0.818
dotenv,lib/dotenv/diff.rb,34156bf400cd,configuration,4.1,6,0,71,0.0,0,0.0,7,2,7,1.0
dotenv,lib/dotenv/environment.rb,34156bf400cd,configuration,4,6,0,0,0.0,1,0.0,3,2,3,1.0
dotenv,lib/dotenv/log_subscriber.rb,34156bf400cd,configuration,4.6,12,0,38,0.0,1,0.0,8,2,8,1.0
dotenv,lib/dotenv/parser.rb,34156bf400cd,configuration,8.1,19,14,86,0.0,1,0.0,7,3,7,1.0
dotenv,lib/dotenv/rails.rb,34156bf400cd,configuration,5.4,15,12,62,0.0,1,0.0,8,2,8,1.0
dotenv,lib/dotenv/replay_logger.rb,34156bf400cd,configuration,3.7,4,0,67,0.0,1,0.0,3,2,3,1.0
dotenv,lib/dotenv/template.rb,34156bf400cd,configuration,6.4,19,0,80,0.0,0,0.0,5,2,5,1.0
dry-types,lib/dry/types.rb,1a13fb04926f,type signatures and type checking,7.3,28,100,50,2.0,0,8.3,12,2,10,0.833
dry-types,lib/dry/types/any.rb,1a13fb04926f,type signatures and type checking,1.8,3,20,0,0.0,1,0.0,5,3,4,0.8
dry-types,lib/dry/types/array/constructor.rb,1a13fb04926f,type signatures and type checking,1,1,0,67,0.0,2,0.0,3,4,3,1.0
dry-types,lib/dry/types/array/member.rb,1a13fb04926f,type signatures and type checking,9,21,0,86,0.0,2,0.0,7,4,7,1.0
dry-types,lib/dry/types/builder.rb,1a13fb04926f,type signatures and type checking,8.3,34,0,54,0.33,0,0.0,13,3,10,0.769
dry-types,lib/dry/types/builder_methods.rb,1a13fb04926f,type signatures and type checking,4.3,11,0,70,0.0,0,0.0,10,3,9,0.9
dry-types,lib/dry/types/coercions.rb,1a13fb04926f,type signatures and type checking,10.2,15,0,80,0.33,0,0.0,5,3,3,0.6
dry-types,lib/dry/types/coercions/params.rb,1a13fb04926f,type signatures and type checking,9.2,11,100,88,0.25,0,0.0,8,4,6,0.75
dry-types,lib/dry/types/compiler.rb,1a13fb04926f,type signatures and type checking,5.0,17,0,67,0.33,0,4.8,21,3,18,0.857
dry-types,lib/dry/types/composition.rb,1a13fb04926f,type signatures and type checking,2.9,8,6,38,1.75,0,25.0,16,4,12,0.75
dry-types,lib/dry/types/constrained.rb,1a13fb04926f,type signatures and type checking,4.2,10,0,83,1.67,0,0.0,12,3,12,1.0
dry-types,lib/dry/types/constrained/coercible.rb,1a13fb04926f,type signatures and type checking,11.7,16,0,100,0.0,1,0.0,3,4,3,1.0
dry-types,lib/dry/types/constructor.rb,1a13fb04926f,type signatures and type checking,5.2,13,20,73,0.33,1,13.3,15,3,15,1.0
dry-types,lib/dry/types/constructor/function.rb,1a13fb04926f,type signatures and type checking,5.8,21,26,79,0.2,3,26.3,19,10,17,0.895
dry-types,lib/dry/types/constructor/wrapper.rb,1a13fb04926f,type signatures and type checking,4.7,12,0,83,0.0,1,0.0,6,4,6,1.0
dry-types,lib/dry/types/decorator.rb,1a13fb04926f,type signatures and type checking,3.1,13,0,78,0.33,0,11.1,9,3,9,1.0
dry-types,lib/dry/types/default.rb,1a13fb04926f,type signatures and type checking,3.8,7,9,55,1.5,1,0.0,11,4,10,0.909
dry-types,lib/dry/types/enum.rb,1a13fb04926f,type signatures and type checking,3.6,9,0,64,1.33,0,0.0,11,3,11,1.0
dry-types,lib/dry/types/errors.rb,1a13fb04926f,type signatures and type checking,5.5,11,10,90,0.12,2,0.0,10,8,9,0.9
dry-types,lib/dry/types/extensions/maybe.rb,1a13fb04926f,type signatures and type checking,5.5,10,0,75,1.0,0,0.0,8,6,8,1.0
dry-types,lib/dry/types/fn_container.rb,1a13fb04926f,type signatures and type checking,4.8,7,100,75,0.0,0,0.0,4,3,4,1.0
dry-types,lib/dry/types/hash.rb,1a13fb04926f,type signatures and type checking,6.4,10,0,60,0.0,1,0.0,10,3,10,1.0
dry-types,lib/dry/types/hash/constructor.rb,1a13fb04926f,type signatures and type checking,1,1,0,67,0.0,2,0.0,3,4,3,1.0
dry-types,lib/dry/types/implication.rb,1a13fb04926f,type signatures and type checking,5.8,7,20,80,0.33,0,0.0,5,3,5,1.0
dry-types,lib/dry/types/intersection.rb,1a13fb04926f,type signatures and type checking,6.9,16,12,62,0.33,0,0.0,8,3,8,1.0
dry-types,lib/dry/types/lax.rb,1a13fb04926f,type signatures and type checking,1.8,3,0,80,2.0,0,0.0,5,3,5,1.0
dry-types,lib/dry/types/map.rb,1a13fb04926f,type signatures and type checking,5.4,27,0,73,0.0,1,0.0,11,3,10,0.909
dry-types,lib/dry/types/meta.rb,1a13fb04926f,type signatures and type checking,5.2,9,0,75,0.0,0,0.0,4,3,4,1.0
dry-types,lib/dry/types/module.rb,1a13fb04926f,type signatures and type checking,18.2,28,0,100,0.67,1,140.0,5,3,5,1.0
dry-types,lib/dry/types/nominal.rb,1a13fb04926f,type signatures and type checking,3.8,16,5,37,2.33,0,0.0,19,3,15,0.789
dry-types,lib/dry/types/predicate_inferrer.rb,1a13fb04926f,type signatures and type checking,7.6,33,0,39,0.5,0,5.6,18,4,15,0.833
dry-types,lib/dry/types/predicate_registry.rb,1a13fb04926f,type signatures and type checking,2.3,3,0,33,0.0,0,0.0,3,3,3,1.0
dry-types,lib/dry/types/primitive_inferrer.rb,1a13fb04926f,type signatures and type checking,2.1,5,0,42,0.25,0,8.3,12,4,8,0.667
dry-types,lib/dry/types/printer.rb,1a13fb04926f,type signatures and type checking,11.9,38,0,90,0.0,0,4.8,21,3,21,1.0
dry-types,lib/dry/types/printer/composition.rb,1a13fb04926f,type signatures and type checking,6.8,8,0,75,0.0,0,0.0,4,4,4,1.0
dry-types,lib/dry/types/result.rb,1a13fb04926f,type signatures and type checking,1.7,4,0,14,0.4,1,0.0,7,5,4,0.571
dry-types,lib/dry/types/schema.rb,1a13fb04926f,type signatures and type checking,8.2,46,0,71,0.33,2,0.0,24,3,24,1.0
dry-types,lib/dry/types/schema/key.rb,1a13fb04926f,type signatures and type checking,4.2,13,0,92,1.5,2,0.0,12,4,12,1.0
dry-types,lib/dry/types/sum.rb,1a13fb04926f,type signatures and type checking,4.8,11,12,75,0.33,0,0.0,8,3,8,1.0
eventmachine,examples/guides/getting_started/03_simple_chat_server.rb,9cb13a8a6236,concurrency and parallelism,5.1,13,0,53,0.0,1,0.0,17,1,15,0.882
eventmachine,examples/guides/getting_started/05_simple_chat_server_step_two.rb,9cb13a8a6236,concurrency and parallelism,3.7,4,0,0,0.0,1,0.0,3,1,3,1.0
eventmachine,examples/guides/getting_started/06_simple_chat_server_step_three.rb,9cb13a8a6236,concurrency and parallelism,5,13,0,33,0.0,1,0.0,9,1,9,1.0
eventmachine,examples/guides/getting_started/07_simple_chat_server_step_four.rb,9cb13a8a6236,concurrency and parallelism,5,13,0,42,0.0,1,0.0,12,1,12,1.0
eventmachine,examples/guides/getting_started/08_simple_chat_server_step_five.rb,9cb13a8a6236,concurrency and parallelism,5.4,13,0,53,0.0,1,0.0,15,1,13,0.867
eventmachine,examples/old/ex_channel.rb,9cb13a8a6236,concurrency and parallelism,3,3,50,25,0.0,1,0.0,4,1,4,1.0
eventmachine,examples/old/ex_tick_loop_counter.rb,9cb13a8a6236,concurrency and parallelism,3.5,4,0,25,0.0,0,0.0,4,1,4,1.0
eventmachine,ext/extconf.rb,9cb13a8a6236,concurrency and parallelism,6.7,19,0,71,0.0,0,0.0,7,0,7,1.0
eventmachine,ext/fastfilereader/extconf.rb,9cb13a8a6236,concurrency and parallelism,3,3,0,67,0.0,0,0.0,3,0,3,1.0
eventmachine,lib/em/buftok.rb,9cb13a8a6236,concurrency and parallelism,10.7,19,0,100,0.0,0,0.0,3,1,3,1.0
eventmachine,lib/em/channel.rb,9cb13a8a6236,concurrency and parallelism,4.4,8,0,57,0.0,0,0.0,7,2,7,1.0
eventmachine,lib/em/completion.rb,9cb13a8a6236,concurrency and parallelism,4.7,11,0,47,0.5,0,0.0,17,2,13,0.765
eventmachine,lib/em/connection.rb,9cb13a8a6236,concurrency and parallelism,4.3,44,2,15,0.0,1,2.2,46,3,40,0.87
eventmachine,lib/em/deferrable.rb,9cb13a8a6236,concurrency and parallelism,8,23,0,78,0.33,0,0.0,9,3,6,0.667
eventmachine,lib/em/file_watch.rb,9cb13a8a6236,concurrency and parallelism,3.7,10,0,0,0.0,1,0.0,6,2,3,0.5
eventmachine,lib/em/iterator.rb,9cb13a8a6236,concurrency and parallelism,16.2,51,0,78,0.0,0,0.0,9,2,8,0.889
eventmachine,lib/em/pool.rb,9cb13a8a6236,concurrency and parallelism,5.5,12,0,83,0.0,0,0.0,12,2,12,1.0
eventmachine,lib/em/process_watch.rb,9cb13a8a6236,concurrency and parallelism,3.6,8,0,0,0.0,1,0.0,5,2,3,0.6
eventmachine,lib/em/processes.rb,9cb13a8a6236,concurrency and parallelism,4.2,11,25,62,0.33,1,0.0,8,3,7,0.875
eventmachine,lib/em/protocols/header_and_content.rb,9cb13a8a6236,concurrency and parallelism,10.3,35,14,29,0.33,1,0.0,7,3,7,1.0
eventmachine,lib/em/protocols/httpclient.rb,9cb13a8a6236,concurrency and parallelism,22.8,88,11,56,0.33,1,11.1,9,3,9,1.0
eventmachine,lib/em/protocols/httpclient2.rb,9cb13a8a6236,concurrency and parallelism,9.5,48,5,73,0.5,1,0.0,22,4,21,0.955
eventmachine,lib/em/protocols/line_and_text.rb,9cb13a8a6236,concurrency and parallelism,13.8,34,0,60,0.0,1,0.0,5,3,5,1.0
eventmachine,lib/em/protocols/linetext2.rb,9cb13a8a6236,concurrency and parallelism,11.6,63,0,56,0.0,0,0.0,9,3,8,0.889
eventmachine,lib/em/protocols/memcache.rb,9cb13a8a6236,concurrency and parallelism,9,39,7,50,0.4,1,0.0,14,5,14,1.0
eventmachine,lib/em/protocols/object_protocol.rb,9cb13a8a6236,concurrency and parallelism,5.5,12,0,50,0.0,0,0.0,4,3,4,1.0
eventmachine,lib/em/protocols/postgres3.rb,9cb13a8a6236,concurrency and parallelism,16.9,40,0,88,0.25,1,0.0,8,4,8,1.0
eventmachine,lib/em/protocols/saslauth.rb,9cb13a8a6236,concurrency and parallelism,10,17,0,50,0.0,0,0.0,6,4,5,0.833
eventmachine,lib/em/protocols/smtpclient.rb,9cb13a8a6236,concurrency and parallelism,9.0,38,4,84,0.67,1,4.0,25,3,24,0.96
eventmachine,lib/em/protocols/smtpserver.rb,9cb13a8a6236,concurrency and parallelism,8.5,37,3,38,0.33,1,0.0,37,3,24,0.649
eventmachine,lib/em/protocols/socks4.rb,9cb13a8a6236,concurrency and parallelism,6,17,29,14,0.0,1,0.0,7,3,7,1.0
eventmachine,lib/em/protocols/stomp.rb,9cb13a8a6236,concurrency and parallelism,7.8,29,0,45,0.25,0,0.0,11,4,10,0.909
eventmachine,lib/em/protocols/tcptest.rb,9cb13a8a6236,concurrency and parallelism,3.5,5,25,0,0.33,1,0.0,4,3,4,1.0
eventmachine,lib/em/pure_ruby.rb,9cb13a8a6236,concurrency and parallelism,6.5,53,42,52,0.05,2,2.6,114,37,80,0.702
eventmachine,lib/em/queue.rb,9cb13a8a6236,concurrency and parallelism,6.5,15,0,83,0.0,0,0.0,6,2,6,1.0
eventmachine,lib/em/resolver.rb,9cb13a8a6236,concurrency and parallelism,6.9,19,31,50,0.17,1,3.8,26,6,23,0.885
eventmachine,lib/em/spawnable.rb,9cb13a8a6236,concurrency and parallelism,5.4,15,43,29,0.0,0,28.6,7,3,6,0.857
eventmachine,lib/em/streamer.rb,9cb13a8a6236,concurrency and parallelism,11.8,24,0,60,0.5,0,0.0,5,2,5,1.0
eventmachine,lib/em/threaded_resource.rb,9cb13a8a6236,concurrency and parallelism,8.7,12,0,100,0.0,0,0.0,3,2,3,1.0
eventmachine,lib/em/tick_loop.rb,9cb13a8a6236,concurrency and parallelism,5.7,11,14,43,0.0,0,0.0,7,2,7,1.0
eventmachine,lib/em/timers.rb,9cb13a8a6236,concurrency and parallelism,4.2,7,0,17,0.0,0,16.7,6,3,6,1.0
eventmachine,lib/eventmachine.rb,9cb13a8a6236,concurrency and parallelism,12.9,96,100,64,1.0,0,17.0,47,1,46,0.979
eventmachine,lib/jeventmachine.rb,9cb13a8a6236,concurrency and parallelism,3.9,36,91,56,0.0,1,0.0,54,8,40,0.741
excon,benchmarks/httpbin.rb,ac022b6417d7,http clients and tools,2.8,6,0,0,0.0,0,0.0,5,1,3,0.6
excon,lib/excon.rb,ac022b6417d7,http clients and tools,11.1,46,100,29,0.0,0,0.0,14,1,10,0.714
excon,lib/excon/connection.rb,ac022b6417d7,http clients and tools,18.8,102,0,80,0.5,0,3.3,30,2,26,0.867
excon,lib/excon/error.rb,ac022b6417d7,http clients and tools,15.4,45,43,43,0.0,4,14.3,7,63,6,0.857
excon,lib/excon/headers.rb,ac022b6417d7,http clients and tools,4,7,0,82,0.0,1,0.0,11,2,11,1.0
excon,lib/excon/middlewares/base.rb,ac022b6417d7,http clients and tools,3.6,4,20,60,0.0,0,0.0,5,3,5,1.0
excon,lib/excon/middlewares/idempotent.rb,ac022b6417d7,http clients and tools,15.3,33,33,67,0.0,1,0.0,3,3,3,1.0
excon,lib/excon/middlewares/instrumentor.rb,ac022b6417d7,http clients and tools,9.8,14,25,75,0.0,1,0.0,4,3,4,1.0
excon,lib/excon/middlewares/redirect_follower.rb,ac022b6417d7,http clients and tools,19,59,25,75,0.0,1,0.0,4,3,4,1.0
excon,lib/excon/socket.rb,ac022b6417d7,http clients and tools,17.2,88,0,79,1.0,0,0.0,19,2,18,0.947
excon,lib/excon/socks5.rb,ac022b6417d7,http clients and tools,23.3,31,0,100,0.0,0,0.0,6,2,6,1.0
excon,lib/excon/ssl_socket.rb,ac022b6417d7,http clients and tools,32.7,161,0,83,0.0,1,0.0,6,2,5,0.833
excon,lib/excon/utils.rb,ac022b6417d7,http clients and tools,9.5,21,0,100,0.0,0,0.0,12,2,12,1.0
eye,examples/plugin/plugin.rb,300aa8793112,process management and monitoring,4.6,10,0,33,0.25,2,0.0,9,4,9,1.0
eye,examples/processes/em.rb,300aa8793112,process management and monitoring,4.6,12,0,29,0.5,1,0.0,7,2,4,0.571
eye,examples/processes/sample.rb,300aa8793112,process management and monitoring,11.2,16,0,75,0.0,0,0.0,4,1,4,1.0
eye,lib/eye/application.rb,300aa8793112,process management and monitoring,3.7,6,0,58,0.0,0,0.0,12,1,11,0.917
eye,lib/eye/checker.rb,300aa8793112,process management and monitoring,6.6,36,31,59,0.17,2,6.9,29,6,27,0.931
eye,lib/eye/checker/children_count.rb,300aa8793112,process management and monitoring,6,9,0,100,0.0,2,0.0,4,1,4,1.0
eye,lib/eye/checker/cpu.rb,300aa8793112,process management and monitoring,3,3,0,0,0.0,2,0.0,3,1,3,1.0
eye,lib/eye/checker/file_ctime.rb,300aa8793112,process management and monitoring,4.2,7,0,75,0.0,1,0.0,4,1,4,1.0
eye,lib/eye/checker/file_size.rb,300aa8793112,process management and monitoring,5,12,0,60,0.0,2,0.0,5,1,5,1.0
eye,lib/eye/checker/file_touched.rb,300aa8793112,process management and monitoring,3.7,4,0,67,0.0,1,0.0,3,1,3,1.0
eye,lib/eye/checker/http.rb,300aa8793112,process management and monitoring,12.8,17,0,100,0.0,2,16.7,6,1,6,1.0
eye,lib/eye/checker/memory.rb,300aa8793112,process management and monitoring,3,3,0,33,0.0,2,0.0,3,1,3,1.0
eye,lib/eye/checker/socket.rb,300aa8793112,process management and monitoring,17,31,0,100,0.0,2,0.0,7,1,7,1.0
eye,lib/eye/child_process.rb,300aa8793112,process management and monitoring,3.8,17,0,21,8.0,0,0.0,14,1,11,0.786
eye,lib/eye/cli.rb,300aa8793112,process management and monitoring,7.6,17,5,57,3.0,1,0.0,21,1,20,0.952
eye,lib/eye/cli/commands.rb,300aa8793112,process management and monitoring,11,20,0,83,0.0,0,0.0,6,1,6,1.0
eye,lib/eye/cli/render.rb,300aa8793112,process management and monitoring,16.1,36,0,100,0.0,0,0.0,9,1,9,1.0
eye,lib/eye/cli/server.rb,300aa8793112,process management and monitoring,10.4,36,0,25,0.0,0,0.0,8,1,8,1.0
eye,lib/eye/client.rb,300aa8793112,process management and monitoring,6.5,10,0,50,0.0,0,0.0,4,1,4,1.0
eye,lib/eye/config.rb,300aa8793112,process management and monitoring,10,41,0,91,0.0,0,0.0,11,1,11,1.0
eye,lib/eye/controller.rb,300aa8793112,process management and monitoring,4.7,8,0,33,7.0,0,0.0,3,1,3,1.0
eye,lib/eye/controller/apply.rb,300aa8793112,process management and monitoring,15.7,45,0,70,0.0,1,0.0,10,2,9,0.9
eye,lib/eye/controller/commands.rb,300aa8793112,process management and monitoring,27,59,0,67,0.0,0,0.0,3,1,3,1.0
eye,lib/eye/controller/helpers.rb,300aa8793112,process management and monitoring,7.9,20,0,100,0.0,0,0.0,11,1,11,1.0
eye,lib/eye/controller/load.rb,300aa8793112,process management and monitoring,14.3,56,0,64,0.0,0,7.1,14,2,13,0.929
eye,lib/eye/controller/status.rb,300aa8793112,process management and monitoring,9.1,22,0,86,0.0,0,0.0,7,1,7,1.0
eye,lib/eye/dsl.rb,300aa8793112,process management and monitoring,6.2,16,100,50,0.0,1,0.0,4,2,4,1.0
eye,lib/eye/dsl/application_opts.rb,300aa8793112,process management and monitoring,7,17,0,50,1.0,2,25.0,4,1,3,0.75
eye,lib/eye/dsl/config_opts.rb,300aa8793112,process management and monitoring,9,13,20,80,0.0,1,40.0,5,1,5,1.0
eye,lib/eye/dsl/helpers.rb,300aa8793112,process management and monitoring,4.3,7,0,33,0.0,0,0.0,3,0,3,1.0
eye,lib/eye/dsl/main.rb,300aa8793112,process management and monitoring,12.5,20,0,75,0.0,0,75.0,4,1,4,1.0
eye,lib/eye/dsl/opts.rb,300aa8793112,process management and monitoring,7.3,21,0,70,0.0,1,4.3,23,1,20,0.87
eye,lib/eye/dsl/process_opts.rb,300aa8793112,process management and monitoring,6.2,12,0,75,0.0,2,25.0,4,1,4,1.0
eye,lib/eye/dsl/pure_opts.rb,300aa8793112,process management and monitoring,11.9,39,22,33,0.0,0,122.2,9,1,7,0.778
eye,lib/eye/dsl/validation.rb,300aa8793112,process management and monitoring,7.5,24,9,64,0.0,1,18.2,11,3,8,0.727
eye,lib/eye/group.rb,300aa8793112,process management and monitoring,4.1,9,0,67,5.0,0,0.0,9,1,9,1.0
eye,lib/eye/group/call.rb,300aa8793112,process management and monitoring,4.6,12,0,17,0.0,0,0.0,12,1,8,0.667
eye,lib/eye/group/chain.rb,300aa8793112,process management and monitoring,15,36,0,100,0.0,0,0.0,5,1,5,1.0
eye,lib/eye/group/data.rb,300aa8793112,process management and monitoring,11.3,22,0,67,0.0,0,0.0,3,1,3,1.0
eye,lib/eye/local.rb,300aa8793112,process management and monitoring,4.6,14,100,12,0.0,0,0.0,16,1,15,0.938
eye,lib/eye/logger.rb,300aa8793112,process management and monitoring,6,22,36,36,0.0,1,0.0,11,3,11,1.0
eye,lib/eye/notify.rb,300aa8793112,process management and monitoring,5.9,26,46,46,1.0,1,7.7,13,2,13,1.0
eye,lib/eye/notify/mail.rb,300aa8793112,process management and monitoring,7.3,10,0,67,0.0,1,0.0,3,1,3,1.0
eye,lib/eye/process/children.rb,300aa8793112,process management and monitoring,11.2,42,0,60,0.0,0,0.0,5,1,5,1.0
eye,lib/eye/process/commands.rb,300aa8793112,process management and monitoring,26.1,47,0,82,0.0,0,0.0,11,1,11,1.0
eye,lib/eye/process/config.rb,300aa8793112,process management and monitoring,10.5,24,0,83,0.0,0,0.0,6,1,5,0.833
eye,lib/eye/process/controller.rb,300aa8793112,process management and monitoring,6,12,0,38,0.0,0,0.0,8,1,8,1.0
eye,lib/eye/process/data.rb,300aa8793112,process management and monitoring,6.1,17,0,50,0.0,0,0.0,12,1,11,0.917
eye,lib/eye/process/monitor.rb,300aa8793112,process management and monitoring,17.8,36,0,50,0.0,0,0.0,6,1,6,1.0
eye,lib/eye/process/scheduler.rb,300aa8793112,process management and monitoring,7,35,0,72,0.0,0,5.6,18,1,17,0.944
eye,lib/eye/process/states.rb,300aa8793112,process management and monitoring,4.5,7,0,50,0.0,1,25.0,4,2,4,1.0
eye,lib/eye/process/states_history.rb,300aa8793112,process management and monitoring,4.2,10,0,100,0.0,2,0.0,6,1,5,0.833
eye,lib/eye/process/system.rb,300aa8793112,process management and monitoring,6.7,19,0,41,0.0,0,0.0,17,1,17,1.0
eye,lib/eye/process/trigger.rb,300aa8793112,process management and monitoring,5.6,15,0,40,0.0,0,0.0,5,1,5,1.0
eye,lib/eye/process/watchers.rb,300aa8793112,process management and monitoring,9.7,30,0,83,0.0,0,0.0,6,1,6,1.0
eye,lib/eye/server.rb,300aa8793112,process management and monitoring,11.4,37,0,60,1.0,0,0.0,5,1,5,1.0
eye,lib/eye/system.rb,300aa8793112,process management and monitoring,13.2,26,100,50,0.0,0,0.0,8,1,7,0.875
eye,lib/eye/system_resources.rb,300aa8793112,process management and monitoring,5.1,8,65,47,0.5,0,0.0,17,2,17,1.0
eye,lib/eye/trigger.rb,300aa8793112,process management and monitoring,5.6,11,39,72,0.5,1,22.2,18,2,18,1.0
eye,lib/eye/trigger/flapping.rb,300aa8793112,process management and monitoring,8.4,18,0,60,0.0,1,0.0,5,1,5,1.0
eye,lib/eye/trigger/starting_guard.rb,300aa8793112,process management and monitoring,16.7,41,0,67,0.0,1,0.0,3,1,3,1.0
eye,lib/eye/utils.rb,300aa8793112,process management and monitoring,8.2,12,100,100,0.0,0,0.0,6,1,6,1.0
eye,lib/eye/utils/alive_array.rb,300aa8793112,process management and monitoring,4.3,10,0,50,2.0,0,0.0,10,1,9,0.9
eye,lib/eye/utils/mini_active_support.rb,300aa8793112,process management and monitoring,3.5,10,0,11,0.0,0,5.3,19,5,13,0.684
eye,lib/eye/utils/tail.rb,300aa8793112,process management and monitoring,4,5,0,33,0.0,1,0.0,3,1,3,1.0
factory_bot,lib/factory_bot/attribute.rb,5d399535578d,testing,3.2,4,0,25,0.0,0,0.0,4,2,3,0.75
factory_bot,lib/factory_bot/attribute/association.rb,5d399535578d,testing,5.3,8,0,33,0.0,1,0.0,3,3,3,1.0
factory_bot,lib/factory_bot/attribute_assigner.rb,5d399535578d,testing,5.0,12,0,86,0.0,0,13.6,22,2,22,1.0
factory_bot,lib/factory_bot/attribute_list.rb,5d399535578d,testing,4,6,0,50,0.5,0,0.0,12,2,11,0.917
factory_bot,lib/factory_bot/callback.rb,5d399535578d,testing,4.5,7,0,75,0.0,0,75.0,4,2,4,1.0
factory_bot,lib/factory_bot/callbacks_observer.rb,5d399535578d,testing,4.5,8,0,83,0.0,0,0.0,6,2,6,1.0
factory_bot,lib/factory_bot/declaration/association.rb,5d399535578d,testing,10,17,0,75,0.0,1,0.0,4,3,4,1.0
factory_bot,lib/factory_bot/declaration/dynamic.rb,5d399535578d,testing,4.3,6,0,33,0.0,1,0.0,3,3,3,1.0
factory_bot,lib/factory_bot/declaration/implicit.rb,5d399535578d,testing,7.7,13,0,67,0.0,1,0.0,3,3,3,1.0
factory_bot,lib/factory_bot/declaration_list.rb,5d399535578d,testing,4.1,7,0,62,0.5,0,0.0,8,2,7,0.875
factory_bot,lib/factory_bot/decorator.rb,5d399535578d,testing,3,3,20,40,0.0,1,60.0,5,2,5,1.0
factory_bot,lib/factory_bot/decorator/invocation_tracker.rb,5d399535578d,testing,3.7,4,0,67,0.0,2,0.0,3,3,3,1.0
factory_bot,lib/factory_bot/definition.rb,5d399535578d,testing,5.7,23,0,69,0.0,0,3.4,29,2,25,0.862
factory_bot,lib/factory_bot/definition_hierarchy.rb,5d399535578d,testing,6.5,7,100,50,0.0,0,75.0,4,2,3,0.75
factory_bot,lib/factory_bot/definition_proxy.rb,5d399535578d,testing,5.2,14,0,88,0.0,0,6.2,16,2,16,1.0
factory_bot,lib/factory_bot/enum.rb,5d399535578d,testing,4.2,5,0,25,0.0,0,25.0,4,2,4,1.0
factory_bot,lib/factory_bot/evaluation.rb,5d399535578d,testing,5,6,0,67,0.0,0,0.0,3,2,3,1.0
factory_bot,lib/factory_bot/evaluator.rb,5d399535578d,testing,8,13,25,100,0.0,0,50.0,8,2,8,1.0
factory_bot,lib/factory_bot/factory.rb,5d399535578d,testing,5.5,19,0,90,0.0,0,0.0,21,2,21,1.0
factory_bot,lib/factory_bot/internal.rb,5d399535578d,testing,4.4,8,100,68,0.0,0,0.0,19,2,19,1.0
factory_bot,lib/factory_bot/linter.rb,5d399535578d,testing,6.3,11,0,60,0.0,1,13.3,15,4,14,0.933
factory_bot,lib/factory_bot/null_object.rb,5d399535578d,testing,4.3,7,0,67,0.0,1,0.0,3,2,3,1.0
factory_bot,lib/factory_bot/registry.rb,5d399535578d,testing,3.7,6,0,78,0.5,0,0.0,9,2,9,1.0
factory_bot,lib/factory_bot/sequence.rb,5d399535578d,testing,5.1,19,7,74,0.0,0,3.7,27,3,26,0.963
factory_bot,lib/factory_bot/strategy/attributes_for.rb,5d399535578d,testing,3,3,0,67,0.0,0,0.0,3,3,3,1.0
factory_bot,lib/factory_bot/strategy/build.rb,5d399535578d,testing,4.3,7,0,67,0.0,0,0.0,3,3,3,1.0
factory_bot,lib/factory_bot/strategy/create.rb,5d399535578d,testing,5.3,10,0,67,0.0,0,0.0,3,3,3,1.0
factory_bot,lib/factory_bot/strategy/stub.rb,5d399535578d,testing,6.4,26,7,60,0.0,0,13.3,15,3,12,0.8
factory_bot,lib/factory_bot/strategy_syntax_method_registrar.rb,5d399535578d,testing,7.4,14,14,29,0.0,0,42.9,7,2,7,1.0
factory_bot,lib/factory_bot/syntax/default.rb,5d399535578d,testing,4.4,12,25,50,0.4,0,50.0,8,5,6,0.75
factory_bot,lib/factory_bot/syntax/methods.rb,5d399535578d,testing,9,10,0,33,0.0,0,0.0,3,3,3,1.0
factory_bot,lib/factory_bot/trait.rb,5d399535578d,testing,5.5,12,0,75,0.0,0,25.0,4,2,4,1.0
factory_bot,lib/factory_bot/uri_manager.rb,5d399535578d,testing,8,11,25,100,0.0,0,0.0,4,2,4,1.0
faker,benchmark/generators.rb,e48d35f4fa0d,testing,10.3,17,0,67,0.0,0,33.3,3,0,3,1.0
faker,lib/faker.rb,e48d35f4fa0d,testing,7.4,28,100,45,0.0,0,9.7,31,3,28,0.903
faker,lib/faker/books/lovecraft.rb,e48d35f4fa0d,testing,4.7,9,100,64,0.0,1,0.0,11,3,9,0.818
faker,lib/faker/default/app.rb,e48d35f4fa0d,testing,3,3,100,0,0.0,1,0.0,4,2,3,0.75
faker,lib/faker/default/bank.rb,e48d35f4fa0d,testing,5.5,18,100,50,0.0,1,0.0,16,2,15,0.938
faker,lib/faker/default/barcode.rb,e48d35f4fa0d,testing,4,13,100,17,0.0,1,0.0,12,2,8,0.667
faker,lib/faker/default/chile_rut.rb,e48d35f4fa0d,testing,6.6,19,100,40,0.0,1,0.0,5,2,5,1.0
faker,lib/faker/default/code.rb,e48d35f4fa0d,testing,11.2,38,100,71,0.0,1,0.0,17,2,16,0.941
faker,lib/faker/default/coffee.rb,e48d35f4fa0d,testing,3.3,5,100,17,0.0,1,0.0,6,2,4,0.667
faker,lib/faker/default/color.rb,e48d35f4fa0d,testing,6.9,24,100,57,0.0,1,0.0,7,2,7,1.0
faker,lib/faker/default/commerce.rb,e48d35f4fa0d,testing,5.5,16,100,30,0.0,1,0.0,10,2,7,0.7
faker,lib/faker/default/company.rb,e48d35f4fa0d,testing,8.6,42,100,62,0.0,1,0.0,39,2,31,0.795
faker,lib/faker/default/computer.rb,e48d35f4fa0d,testing,3.8,5,100,50,0.0,1,0.0,4,2,3,0.75
faker,lib/faker/default/cosmere.rb,e48d35f4fa0d,testing,3,3,100,0,0.0,1,0.0,10,2,10,1.0
faker,lib/faker/default/crypto_coin.rb,e48d35f4fa0d,testing,4.2,9,100,60,0.0,1,0.0,5,2,3,0.6
faker,lib/faker/default/date.rb,e48d35f4fa0d,testing,10,30,100,56,0.0,1,0.0,9,2,9,1.0
faker,lib/faker/default/driving_licence.rb,e48d35f4fa0d,testing,6.2,17,89,44,0.0,1,0.0,9,3,9,1.0
faker,lib/faker/default/educator.rb,e48d35f4fa0d,testing,3,3,100,0,0.0,1,0.0,7,2,3,0.429
faker,lib/faker/default/file.rb,e48d35f4fa0d,testing,5.2,8,100,0,0.0,1,0.0,4,2,4,1.0
faker,lib/faker/default/finance.rb,e48d35f4fa0d,testing,6.5,18,100,33,0.0,1,0.0,6,2,6,1.0
faker,lib/faker/default/funny_name.rb,e48d35f4fa0d,testing,6.2,7,100,80,0.0,1,0.0,5,2,3,0.6
faker,lib/faker/default/hacker.rb,e48d35f4fa0d,testing,4,10,100,0,0.0,1,0.0,7,2,3,0.429
faker,lib/faker/default/hipster.rb,e48d35f4fa0d,testing,6.1,12,100,100,0.0,1,0.0,7,2,7,1.0
faker,lib/faker/default/html.rb,e48d35f4fa0d,testing,6,16,100,50,0.0,1,7.1,14,2,13,0.929
faker,lib/faker/default/id_number.rb,e48d35f4fa0d,testing,10.2,38,100,62,0.0,1,0.0,24,2,22,0.917
faker,lib/faker/default/invoice.rb,e48d35f4fa0d,testing,7.5,24,100,62,0.0,1,12.5,8,2,7,0.875
faker,lib/faker/default/json.rb,e48d35f4fa0d,testing,9.7,12,100,100,0.0,1,0.0,6,2,6,1.0
faker,lib/faker/default/lorem.rb,e48d35f4fa0d,testing,3.9,13,100,33,0.0,1,0.0,15,2,13,0.867
faker,lib/faker/default/lorem_flickr.rb,e48d35f4fa0d,testing,5.8,10,100,80,0.0,1,0.0,5,2,4,0.8
faker,lib/faker/default/markdown.rb,e48d35f4fa0d,testing,6,9,100,60,0.0,1,10.0,10,2,8,0.8
faker,lib/faker/default/measurement.rb,e48d35f4fa0d,testing,5.1,14,100,17,0.0,1,0.0,12,2,5,0.417
faker,lib/faker/default/name.rb,e48d35f4fa0d,testing,3.4,7,100,0,0.0,1,0.0,10,2,4,0.4
faker,lib/faker/default/number.rb,e48d35f4fa0d,testing,4.9,9,100,53,0.0,1,5.9,17,2,14,0.824
faker,lib/faker/default/omniauth.rb,e48d35f4fa0d,testing,26.5,72,93,57,0.0,1,0.0,14,2,13,0.929
faker,lib/faker/default/phone_number.rb,e48d35f4fa0d,testing,3.7,9,100,22,0.0,1,0.0,9,2,6,0.667
faker,lib/faker/default/south_africa.rb,e48d35f4fa0d,testing,3.4,5,100,0,0.0,1,0.0,10,2,10,1.0
faker,lib/faker/default/string.rb,e48d35f4fa0d,testing,5,8,100,33,0.0,1,0.0,6,2,6,1.0
faker,lib/faker/default/stripe.rb,e48d35f4fa0d,testing,8.7,14,100,83,0.0,1,0.0,6,2,4,0.667
faker,lib/faker/default/time.rb,e48d35f4fa0d,testing,4,7,100,30,0.0,1,0.0,10,2,10,1.0
faker,lib/faker/default/types.rb,e48d35f4fa0d,testing,6.2,14,100,56,0.0,1,0.0,9,2,9,1.0
faker,lib/faker/default/university.rb,e48d35f4fa0d,testing,3.2,4,100,0,0.0,1,0.0,5,2,4,0.8
faker,lib/faker/default/vehicle.rb,e48d35f4fa0d,testing,4.6,21,100,19,0.0,1,0.0,21,2,12,0.571
faker,lib/faker/default/world_cup.rb,e48d35f4fa0d,testing,3,3,100,0,0.0,1,0.0,5,2,3,0.6
faker,lib/faker/default/x.rb,e48d35f4fa0d,testing,13.9,37,100,50,0.0,1,0.0,10,2,10,1.0
faker,lib/faker/internet.rb,e48d35f4fa0d,testing,9.3,49,100,50,0.0,1,3.6,28,2,26,0.929
faker,lib/faker/japanese_media/kamen_rider.rb,e48d35f4fa0d,testing,4.2,12,100,38,0.0,1,0.0,8,4,5,0.625
faker,lib/faker/movies/star_wars.rb,e48d35f4fa0d,testing,4.1,18,100,11,0.0,1,0.0,18,3,11,0.611
faker,lib/faker/movies/tron.rb,e48d35f4fa0d,testing,4,18,100,7,0.0,1,0.0,15,3,10,0.667
faker,lib/faker/quotes/chiquito.rb,e48d35f4fa0d,testing,3,3,100,0,0.0,1,0.0,8,3,5,0.625
faker,lib/faker/quotes/shakespeare.rb,e48d35f4fa0d,testing,3,3,100,0,0.0,1,0.0,8,3,5,0.625
faker,lib/faker/sports/chess.rb,e48d35f4fa0d,testing,6.5,15,100,0,0.0,1,0.0,6,3,4,0.667
faker,lib/faker/travel/train_station.rb,e48d35f4fa0d,testing,8.3,16,100,67,0.0,1,0.0,3,3,3,1.0
faker,lib/helpers/char.rb,e48d35f4fa0d,testing,17.7,37,100,100,0.0,0,0.0,3,2,3,1.0
faker,lib/helpers/deprecator.rb,e48d35f4fa0d,testing,9,27,71,43,0.0,0,0.0,7,2,7,1.0
faker,lib/helpers/positional_generator.rb,e48d35f4fa0d,testing,6.2,20,0,72,0.0,0,3.1,32,9,24,0.75
faker,lib/helpers/unique_generator.rb,e48d35f4fa0d,testing,5.1,14,25,75,0.0,1,12.5,8,3,8,1.0
faraday,examples/client_spec.rb,f1ace878bae1,http clients and tools,4,5,0,67,0.0,0,0.0,3,1,3,1.0
faraday,examples/client_test.rb,f1ace878bae1,http clients and tools,10.8,20,0,91,0.0,1,0.0,11,2,11,1.0
faraday,lib/faraday.rb,f1ace878bae1,http clients and tools,4,7,100,29,0.0,0,14.3,7,1,7,1.0
faraday,lib/faraday/adapter.rb,f1ace878bae1,http clients and tools,5.6,12,0,50,0.67,0,0.0,8,3,8,1.0
faraday,lib/faraday/adapter/test.rb,f1ace878bae1,http clients and tools,8.6,38,0,54,0.0,1,0.0,24,5,19,0.792
faraday,lib/faraday/adapter_registry.rb,f1ace878bae1,http clients and tools,6,8,0,67,0.0,0,33.3,3,2,3,1.0
faraday,lib/faraday/connection.rb,f1ace878bae1,http clients and tools,9.9,32,0,91,0.5,0,0.0,23,2,22,0.957
faraday,lib/faraday/encoders/nested_params_encoder.rb,f1ace878bae1,http clients and tools,10.9,26,0,100,0.75,0,0.0,12,4,12,1.0
faraday,lib/faraday/error.rb,f1ace878bae1,http clients and tools,6.1,12,0,71,0.0,3,0.0,14,19,13,0.929
faraday,lib/faraday/logging/formatter.rb,f1ace878bae1,http clients and tools,5.6,10,0,87,0.33,0,33.3,15,3,13,0.867
faraday,lib/faraday/middleware.rb,f1ace878bae1,http clients and tools,6,9,50,67,0.5,0,0.0,6,2,6,1.0
faraday,lib/faraday/middleware_registry.rb,f1ace878bae1,http clients and tools,5.7,15,0,83,0.0,0,16.7,6,2,6,1.0
faraday,lib/faraday/options.rb,f1ace878bae1,http clients and tools,5.7,15,30,81,0.0,1,55.6,27,2,26,0.963
faraday,lib/faraday/options/env.rb,f1ace878bae1,http clients and tools,5.1,13,11,67,1.0,0,5.6,18,1,18,1.0
faraday,lib/faraday/options/ssl_options.rb,f1ace878bae1,http clients and tools,3,3,0,100,0.0,0,0.0,3,1,3,1.0
faraday,lib/faraday/rack_builder.rb,f1ace878bae1,http clients and tools,4.8,10,0,70,0.0,1,0.0,30,4,30,1.0
faraday,lib/faraday/request.rb,f1ace878bae1,http clients and tools,6.9,15,11,78,1.0,0,0.0,9,1,9,1.0
faraday,lib/faraday/request/authorization.rb,f1ace878bae1,http clients and tools,8.3,15,0,67,0.0,1,0.0,3,3,3,1.0
faraday,lib/faraday/request/instrumentation.rb,f1ace878bae1,http clients and tools,4,5,0,25,0.0,1,0.0,4,3,3,0.75
faraday,lib/faraday/request/json.rb,f1ace878bae1,http clients and tools,6.8,12,0,100,0.0,1,16.7,6,3,6,1.0
faraday,lib/faraday/request/url_encoded.rb,f1ace878bae1,http clients and tools,6,8,0,100,0.0,1,0.0,4,3,4,1.0
faraday,lib/faraday/response.rb,f1ace878bae1,http clients and tools,4.2,8,0,64,1.0,0,0.0,14,2,14,1.0
faraday,lib/faraday/response/json.rb,f1ace878bae1,http clients and tools,6.5,13,0,75,0.0,1,12.5,8,3,8,1.0
faraday,lib/faraday/response/logger.rb,f1ace878bae1,http clients and tools,4.2,7,0,100,0.0,1,0.0,4,3,4,1.0
faraday,lib/faraday/response/raise_error.rb,f1ace878bae1,http clients and tools,14.7,22,0,100,0.0,1,0.0,3,3,3,1.0
faraday,lib/faraday/utils.rb,f1ace878bae1,http clients and tools,4.4,10,0,56,0.0,0,0.0,16,2,13,0.812
faraday,lib/faraday/utils/headers.rb,f1ace878bae1,http clients and tools,5.4,15,12,71,0.0,1,0.0,17,3,17,1.0
faraday,lib/faraday/utils/params_hash.rb,f1ace878bae1,http clients and tools,3.6,6,0,40,0.0,1,0.0,10,3,8,0.8
fastimage,lib/fastimage/fastimage.rb,7a0dcf780e6d,image processing,10.8,54,12,56,0.14,2,4.0,25,7,22,0.88
fastimage,lib/fastimage/fastimage_parsing/exif.rb,7a0dcf780e6d,image processing,12.8,27,0,80,0.0,0,0.0,5,2,5,1.0
fastimage,lib/fastimage/fastimage_parsing/fiber_stream.rb,7a0dcf780e6d,image processing,11,17,0,50,0.5,0,0.0,4,2,4,1.0
fastimage,lib/fastimage/fastimage_parsing/gif.rb,7a0dcf780e6d,image processing,18,41,0,100,0.0,1,0.0,3,2,3,1.0
fastimage,lib/fastimage/fastimage_parsing/image_base.rb,7a0dcf780e6d,image processing,3,3,0,0,0.0,0,0.0,3,2,3,1.0
fastimage,lib/fastimage/fastimage_parsing/iso_bmff.rb,7a0dcf780e6d,image processing,9.5,35,0,93,0.0,0,0.0,15,2,12,0.8
fastimage,lib/fastimage/fastimage_parsing/jxlc.rb,7a0dcf780e6d,image processing,12.4,24,0,80,0.0,0,0.0,5,2,5,1.0
fastimage,lib/fastimage/fastimage_parsing/stream_util.rb,7a0dcf780e6d,image processing,4.3,7,0,33,0.0,0,0.0,3,2,3,1.0
fastimage,lib/fastimage/fastimage_parsing/svg.rb,7a0dcf780e6d,image processing,20.3,35,0,100,0.0,1,0.0,3,2,3,1.0
fastimage,lib/fastimage/fastimage_parsing/webp.rb,7a0dcf780e6d,image processing,10,15,0,100,0.0,1,0.0,5,2,5,1.0
fastlane,cert/lib/cert/runner.rb,38d0ec404332,mobile development,21.4,52,0,73,0.0,0,0.0,11,2,11,1.0
fastlane,credentials_manager/lib/credentials_manager/account_manager.rb,38d0ec404332,mobile development,9.9,41,0,50,0.0,0,0.0,12,2,12,1.0
fastlane,credentials_manager/lib/credentials_manager/appfile_config.rb,38d0ec404332,mobile development,5.9,30,12,24,0.0,0,0.0,25,2,11,0.44
fastlane,credentials_manager/lib/credentials_manager/cli.rb,38d0ec404332,mobile development,17.3,41,0,33,0.5,0,0.0,3,2,3,1.0
fastlane,deliver/lib/deliver/app_screenshot.rb,38d0ec404332,mobile development,11,36,20,20,0.0,0,0.0,5,2,5,1.0
fastlane,deliver/lib/deliver/app_screenshot_iterator.rb,38d0ec404332,mobile development,16.5,32,0,75,0.0,0,0.0,4,2,4,1.0
fastlane,deliver/lib/deliver/app_screenshot_validator.rb,38d0ec404332,mobile development,8.3,24,57,57,0.0,0,0.0,7,3,7,1.0
fastlane,deliver/lib/deliver/commands_generator.rb,38d0ec404332,mobile development,46,160,50,75,0.5,0,0.0,4,2,4,1.0
fastlane,deliver/lib/deliver/detect_values.rb,38d0ec404332,mobile development,10.5,16,0,88,0.0,0,0.0,8,2,8,1.0
fastlane,deliver/lib/deliver/download_app_clip_header_images.rb,38d0ec404332,mobile development,18.3,25,100,67,0.0,0,0.0,3,2,3,1.0
fastlane,deliver/lib/deliver/download_screenshots.rb,38d0ec404332,mobile development,22,37,100,67,0.0,0,0.0,3,2,3,1.0
fastlane,deliver/lib/deliver/html_generator.rb,38d0ec404332,mobile development,14,24,0,100,0.0,0,0.0,4,2,4,1.0
fastlane,deliver/lib/deliver/loader.rb,38d0ec404332,mobile development,9.4,31,38,62,0.0,0,0.0,13,3,12,0.923
fastlane,deliver/lib/deliver/runner.rb,38d0ec404332,mobile development,23.8,43,0,83,0.0,0,0.0,12,2,12,1.0
fastlane,deliver/lib/deliver/screenshot_comparable.rb,38d0ec404332,mobile development,6.7,13,50,67,0.0,0,0.0,6,2,6,1.0
fastlane,deliver/lib/deliver/setup.rb,38d0ec404332,mobile development,26.1,89,0,57,0.0,0,142.9,7,2,7,1.0
fastlane,deliver/lib/deliver/submit_for_review.rb,38d0ec404332,mobile development,25.8,33,0,100,0.0,0,0.0,6,2,6,1.0
fastlane,deliver/lib/deliver/sync_app_previews.rb,38d0ec404332,mobile development,26.1,56,0,86,0.0,0,0.0,7,2,7,1.0
fastlane,deliver/lib/deliver/sync_screenshots.rb,38d0ec404332,mobile development,10.1,27,0,81,0.0,0,0.0,16,3,15,0.938
fastlane,deliver/lib/deliver/upload_app_clip_default_experience_header_images.rb,38d0ec404332,mobile development,23.6,68,14,86,0.0,0,0.0,7,2,7,1.0
fastlane,deliver/lib/deliver/upload_app_clip_default_experience_metadata.rb,38d0ec404332,mobile development,20.6,53,0,100,0.0,0,0.0,9,2,9,1.0
fastlane,deliver/lib/deliver/upload_metadata.rb,38d0ec404332,mobile development,39.3,268,0,94,0.0,0,5.6,18,2,18,1.0
fastlane,deliver/lib/deliver/upload_screenshots.rb,38d0ec404332,mobile development,24.9,55,20,80,0.0,0,0.0,10,2,10,1.0
fastlane,fastlane/actions/plugin_scores.rb,38d0ec404332,mobile development,8.3,21,100,29,0.0,1,0.0,7,3,6,0.857
fastlane,fastlane/actions/test_sample_code.rb,38d0ec404332,mobile development,14.6,40,100,29,0.0,1,0.0,7,3,7,1.0
fastlane,fastlane/helper/plugin_scores_helper.rb,38d0ec404332,mobile development,21,63,0,71,0.0,0,0.0,17,7,15,0.882
fastlane,fastlane/lib/assets/custom_action_template.rb,38d0ec404332,mobile development,8.4,25,100,38,0.0,1,0.0,8,4,6,0.75
fastlane,fastlane/lib/fastlane/action.rb,38d0ec404332,mobile development,4.3,10,74,4,0.33,0,0.0,27,3,19,0.704
fastlane,fastlane/lib/fastlane/action_collector.rb,38d0ec404332,mobile development,8.3,14,33,33,0.0,0,33.3,3,2,3,1.0
fastlane,fastlane/lib/fastlane/actions/actions_helper.rb,38d0ec404332,mobile development,8.2,42,82,47,0.0,1,11.8,17,4,12,0.706
fastlane,fastlane/lib/fastlane/actions/adb.rb,38d0ec404332,mobile development,4.7,17,100,18,0.0,1,0.0,11,4,5,0.455
fastlane,fastlane/lib/fastlane/actions/adb_devices.rb,38d0ec404332,mobile development,4.3,10,100,18,0.0,1,0.0,11,4,5,0.455
fastlane,fastlane/lib/fastlane/actions/add_extra_platforms.rb,38d0ec404332,mobile development,4.7,9,100,14,0.0,1,0.0,7,3,5,0.714
fastlane,fastlane/lib/fastlane/actions/add_git_tag.rb,38d0ec404332,mobile development,15.5,54,100,12,0.0,1,0.0,8,3,6,0.75
fastlane,fastlane/lib/fastlane/actions/app_store_build_number.rb,38d0ec404332,mobile development,19.3,84,100,33,0.0,1,0.0,12,4,10,0.833
fastlane,fastlane/lib/fastlane/actions/app_store_connect_api_key.rb,38d0ec404332,mobile development,14.7,49,100,22,0.0,1,0.0,9,4,7,0.778
fastlane,fastlane/lib/fastlane/actions/appaloosa.rb,38d0ec404332,mobile development,10.3,46,100,57,0.0,1,0.0,23,3,21,0.913
fastlane,fastlane/lib/fastlane/actions/appetize.rb,38d0ec404332,mobile development,14.2,51,100,42,0.0,1,0.0,12,4,10,0.833
fastlane,fastlane/lib/fastlane/actions/appetize_viewing_url_generator.rb,38d0ec404332,mobile development,14.4,69,100,25,0.0,1,0.0,8,4,4,0.5
fastlane,fastlane/lib/fastlane/actions/appium.rb,38d0ec404332,mobile development,14.5,44,100,45,0.0,1,0.0,11,3,9,0.818
fastlane,fastlane/lib/fastlane/actions/appledoc.rb,38d0ec404332,mobile development,13.1,62,100,25,0.0,1,0.0,12,4,9,0.75
fastlane,fastlane/lib/fastlane/actions/apteligent.rb,38d0ec404332,mobile development,7.8,18,100,45,0.0,1,0.0,11,3,9,0.818
fastlane,fastlane/lib/fastlane/actions/artifactory.rb,38d0ec404332,mobile development,16.9,88,100,30,0.0,1,0.0,10,4,7,0.7
fastlane,fastlane/lib/fastlane/actions/automatic_code_signing.rb,38d0ec404332,mobile development,15.5,93,100,15,0.0,1,0.0,13,3,6,0.462
fastlane,fastlane/lib/fastlane/actions/backup_file.rb,38d0ec404332,mobile development,4.1,7,100,14,0.0,1,0.0,7,3,5,0.714
fastlane,fastlane/lib/fastlane/actions/backup_xcarchive.rb,38d0ec404332,mobile development,14,47,100,12,0.0,1,0.0,8,4,6,0.75
fastlane,fastlane/lib/fastlane/actions/badge.rb,38d0ec404332,mobile development,16.8,79,100,25,0.0,1,0.0,8,3,6,0.75
fastlane,fastlane/lib/fastlane/actions/build_and_upload_to_appetize.rb,38d0ec404332,mobile development,9.4,38,100,30,0.0,1,0.0,10,3,5,0.5
fastlane,fastlane/lib/fastlane/actions/build_app.rb,38d0ec404332,mobile development,12.1,88,100,8,0.0,1,0.0,12,4,7,0.583
fastlane,fastlane/lib/fastlane/actions/build_ios_app.rb,38d0ec404332,mobile development,6.2,11,100,50,0.0,2,0.0,4,3,4,1.0
fastlane,fastlane/lib/fastlane/actions/build_mac_app.rb,38d0ec404332,mobile development,6.2,11,100,50,0.0,2,0.0,4,3,4,1.0
fastlane,fastlane/lib/fastlane/actions/bundle_install.rb,38d0ec404332,mobile development,18.9,96,100,25,0.0,1,0.0,8,3,5,0.625
fastlane,fastlane/lib/fastlane/actions/capture_android_screenshots.rb,38d0ec404332,mobile development,5.8,13,100,25,0.0,1,0.0,8,4,6,0.75
fastlane,fastlane/lib/fastlane/actions/capture_ios_screenshots.rb,38d0ec404332,mobile development,5.5,12,100,12,0.0,1,0.0,8,4,6,0.75
fastlane,fastlane/lib/fastlane/actions/carthage.rb,38d0ec404332,mobile development,22.1,123,100,30,0.0,1,0.0,10,3,6,0.6
fastlane,fastlane/lib/fastlane/actions/changelog_from_git_commits.rb,38d0ec404332,mobile development,15.3,81,100,18,0.0,1,0.0,11,4,6,0.545
fastlane,fastlane/lib/fastlane/actions/chatwork.rb,38d0ec404332,mobile development,9.9,28,100,25,0.0,1,0.0,8,4,5,0.625
fastlane,fastlane/lib/fastlane/actions/check_app_store_metadata.rb,38d0ec404332,mobile development,4.4,10,100,20,0.0,1,0.0,10,4,5,0.5
fastlane,fastlane/lib/fastlane/actions/clean_build_artifacts.rb,38d0ec404332,mobile development,7.2,26,100,12,0.0,1,0.0,8,3,6,0.75
fastlane,fastlane/lib/fastlane/actions/clean_cocoapods_cache.rb,38d0ec404332,mobile development,9,31,100,29,0.0,1,0.0,7,3,5,0.714
fastlane,fastlane/lib/fastlane/actions/clear_derived_data.rb,38d0ec404332,mobile development,4.8,11,100,30,0.0,1,0.0,10,3,6,0.6
fastlane,fastlane/lib/fastlane/actions/clipboard.rb,38d0ec404332,mobile development,4.7,8,100,14,0.0,1,0.0,7,3,5,0.714
fastlane,fastlane/lib/fastlane/actions/cloc.rb,38d0ec404332,mobile development,9,26,100,12,0.0,1,0.0,8,3,6,0.75
fastlane,fastlane/lib/fastlane/actions/cocoapods.rb,38d0ec404332,mobile development,13.3,80,100,25,0.0,1,0.0,12,3,9,0.75
fastlane,fastlane/lib/fastlane/actions/commit_github_file.rb,38d0ec404332,mobile development,15.3,61,100,18,0.0,1,0.0,11,4,7,0.636
fastlane,fastlane/lib/fastlane/actions/commit_version_bump.rb,38d0ec404332,mobile development,19,116,100,50,0.0,1,0.0,14,4,12,0.857
fastlane,fastlane/lib/fastlane/actions/copy_artifacts.rb,38d0ec404332,mobile development,11.8,34,100,12,0.0,1,0.0,8,3,6,0.75
fastlane,fastlane/lib/fastlane/actions/create_app_on_managed_play_store.rb,38d0ec404332,mobile development,14,84,90,30,0.0,1,0.0,10,4,6,0.6
fastlane,fastlane/lib/fastlane/actions/create_app_online.rb,38d0ec404332,mobile development,6.3,15,100,11,0.0,1,0.0,9,4,7,0.778
fastlane,fastlane/lib/fastlane/actions/create_keychain.rb,38d0ec404332,mobile development,14.1,62,100,9,0.0,1,0.0,11,4,9,0.818
fastlane,fastlane/lib/fastlane/actions/create_pull_request.rb,38d0ec404332,mobile development,18.8,80,100,38,0.0,1,0.0,13,4,9,0.692
fastlane,fastlane/lib/fastlane/actions/create_xcframework.rb,38d0ec404332,mobile development,13.5,67,100,38,0.0,1,0.0,13,4,10,0.769
fastlane,fastlane/lib/fastlane/actions/danger.rb,38d0ec404332,mobile development,16.6,75,100,12,0.0,1,0.0,8,3,6,0.75
fastlane,fastlane/lib/fastlane/actions/debug.rb,38d0ec404332,mobile development,3.5,5,100,0,0.0,1,0.0,6,3,4,0.667
fastlane,fastlane/lib/fastlane/actions/default_platform.rb,38d0ec404332,mobile development,4.4,9,100,14,0.0,1,0.0,7,4,4,0.571
fastlane,fastlane/lib/fastlane/actions/delete_keychain.rb,38d0ec404332,mobile development,6.6,18,100,12,0.0,1,0.0,8,3,5,0.625
fastlane,fastlane/lib/fastlane/actions/deploygate.rb,38d0ec404332,mobile development,15.2,58,100,42,0.0,1,0.0,12,4,10,0.833
fastlane,fastlane/lib/fastlane/actions/dotgpg_environment.rb,38d0ec404332,mobile development,5.1,14,100,12,0.0,1,0.0,8,4,5,0.625
fastlane,fastlane/lib/fastlane/actions/download.rb,38d0ec404332,mobile development,6,15,100,22,0.0,1,0.0,9,4,6,0.667
fastlane,fastlane/lib/fastlane/actions/download_app_privacy_details_from_app_store.rb,38d0ec404332,mobile development,12.4,44,100,30,0.0,1,0.0,10,3,7,0.7
fastlane,fastlane/lib/fastlane/actions/download_dsyms.rb,38d0ec404332,mobile development,22.9,112,100,47,0.0,1,0.0,15,4,12,0.8
fastlane,fastlane/lib/fastlane/actions/download_from_play_store.rb,38d0ec404332,mobile development,4.2,9,100,20,0.0,1,0.0,10,3,5,0.5
fastlane,fastlane/lib/fastlane/actions/download_universal_apk_from_google_play.rb,38d0ec404332,mobile development,11.4,39,100,33,0.0,1,0.0,9,3,5,0.556
fastlane,fastlane/lib/fastlane/actions/dsym_zip.rb,38d0ec404332,mobile development,7.7,23,100,11,0.0,1,0.0,9,4,6,0.667
fastlane,fastlane/lib/fastlane/actions/ensure_bundle_exec.rb,38d0ec404332,mobile development,4.1,8,100,0,0.0,1,0.0,9,4,5,0.556
fastlane,fastlane/lib/fastlane/actions/ensure_env_vars.rb,38d0ec404332,mobile development,5.1,10,100,25,0.0,1,0.0,8,3,5,0.625
fastlane,fastlane/lib/fastlane/actions/ensure_git_branch.rb,38d0ec404332,mobile development,5.1,9,100,11,0.0,1,0.0,9,4,6,0.667
fastlane,fastlane/lib/fastlane/actions/ensure_git_status_clean.rb,38d0ec404332,mobile development,12.5,49,100,30,0.0,1,0.0,10,4,7,0.7
fastlane,fastlane/lib/fastlane/actions/ensure_no_debug_code.rb,38d0ec404332,mobile development,12.8,44,100,22,0.0,1,0.0,9,3,6,0.667
fastlane,fastlane/lib/fastlane/actions/ensure_xcode_version.rb,38d0ec404332,mobile development,8.2,50,100,8,0.0,1,0.0,13,3,8,0.615
fastlane,fastlane/lib/fastlane/actions/environment_variable.rb,38d0ec404332,mobile development,7,21,100,12,0.0,1,0.0,8,3,4,0.5
fastlane,fastlane/lib/fastlane/actions/erb.rb,38d0ec404332,mobile development,9.5,27,100,12,0.0,1,0.0,8,3,6,0.75
fastlane,fastlane/lib/fastlane/actions/flock.rb,38d0ec404332,mobile development,7.3,19,100,33,0.0,1,0.0,9,3,6,0.667
fastlane,fastlane/lib/fastlane/actions/frame_screenshots.rb,38d0ec404332,mobile development,6.4,12,100,12,0.0,1,0.0,8,3,6,0.75
fastlane,fastlane/lib/fastlane/actions/gcovr.rb,38d0ec404332,mobile development,10.2,31,100,30,0.0,1,0.0,10,3,7,0.7
fastlane,fastlane/lib/fastlane/actions/get_build_number.rb,38d0ec404332,mobile development,8.1,33,100,20,0.0,1,0.0,10,4,6,0.6
fastlane,fastlane/lib/fastlane/actions/get_build_number_repository.rb,38d0ec404332,mobile development,6.1,21,100,7,0.0,1,0.0,15,4,8,0.533
fastlane,fastlane/lib/fastlane/actions/get_certificates.rb,38d0ec404332,mobile development,6.9,24,100,22,0.0,1,0.0,9,4,7,0.778
fastlane,fastlane/lib/fastlane/actions/get_github_release.rb,38d0ec404332,mobile development,15.3,48,100,20,0.0,1,0.0,10,4,6,0.6
fastlane,fastlane/lib/fastlane/actions/get_info_plist_value.rb,38d0ec404332,mobile development,5.9,16,100,10,0.0,1,0.0,10,4,5,0.5
fastlane,fastlane/lib/fastlane/actions/get_ipa_info_plist_value.rb,38d0ec404332,mobile development,5.2,13,100,9,0.0,1,0.0,11,4,5,0.455
fastlane,fastlane/lib/fastlane/actions/get_managed_play_store_publishing_rights.rb,38d0ec404332,mobile development,11.4,38,100,11,0.0,1,0.0,9,3,6,0.667
fastlane,fastlane/lib/fastlane/actions/get_provisioning_profile.rb,38d0ec404332,mobile development,6.8,26,100,17,0.0,1,0.0,12,4,6,0.5
fastlane,fastlane/lib/fastlane/actions/get_push_certificate.rb,38d0ec404332,mobile development,9.2,19,100,25,0.0,1,0.0,8,3,6,0.75
fastlane,fastlane/lib/fastlane/actions/get_version_number.rb,38d0ec404332,mobile development,11.4,35,100,40,0.0,1,0.0,15,4,11,0.733
fastlane,fastlane/lib/fastlane/actions/git_add.rb,38d0ec404332,mobile development,9.4,29,100,22,0.0,1,0.0,9,3,6,0.667
fastlane,fastlane/lib/fastlane/actions/git_branch.rb,38d0ec404332,mobile development,3.6,5,100,10,0.0,1,0.0,10,3,4,0.4
fastlane,fastlane/lib/fastlane/actions/git_commit.rb,38d0ec404332,mobile development,6.9,19,100,11,0.0,1,0.0,9,3,5,0.556
fastlane,fastlane/lib/fastlane/actions/git_pull.rb,38d0ec404332,mobile development,6.6,14,100,14,0.0,1,0.0,7,3,5,0.714
fastlane,fastlane/lib/fastlane/actions/git_remote_branch.rb,38d0ec404332,mobile development,3.8,8,100,10,0.0,1,0.0,10,3,5,0.5
fastlane,fastlane/lib/fastlane/actions/git_submodule_update.rb,38d0ec404332,mobile development,4.7,12,100,11,0.0,1,0.0,9,3,5,0.556
fastlane,fastlane/lib/fastlane/actions/git_tag_exists.rb,38d0ec404332,mobile development,5.9,15,100,10,0.0,1,0.0,10,3,6,0.6
fastlane,fastlane/lib/fastlane/actions/github_api.rb,38d0ec404332,mobile development,15.8,77,100,33,0.0,1,0.0,15,4,12,0.8
fastlane,fastlane/lib/fastlane/actions/google_play_track_release_names.rb,38d0ec404332,mobile development,4.3,10,100,30,0.0,1,0.0,10,3,5,0.5
fastlane,fastlane/lib/fastlane/actions/google_play_track_version_codes.rb,38d0ec404332,mobile development,4.6,13,100,30,0.0,1,0.0,10,3,5,0.5
fastlane,fastlane/lib/fastlane/actions/gradle.rb,38d0ec404332,mobile development,24.6,98,100,25,0.0,1,0.0,12,4,8,0.667
fastlane,fastlane/lib/fastlane/actions/hg_add_tag.rb,38d0ec404332,mobile development,5,10,100,14,0.0,1,0.0,7,3,5,0.714
fastlane,fastlane/lib/fastlane/actions/hg_commit_version_bump.rb,38d0ec404332,mobile development,21.1,101,100,25,0.0,1,0.0,8,3,7,0.875
fastlane,fastlane/lib/fastlane/actions/hg_ensure_clean_status.rb,38d0ec404332,mobile development,4.5,10,100,0,0.0,1,0.0,8,4,4,0.5
fastlane,fastlane/lib/fastlane/actions/hg_push.rb,38d0ec404332,mobile development,6.2,14,100,12,0.0,1,0.0,8,3,6,0.75
fastlane,fastlane/lib/fastlane/actions/hockey.rb,38d0ec404332,mobile development,26.4,145,100,43,0.0,1,0.0,14,4,12,0.857
fastlane,fastlane/lib/fastlane/actions/ifttt.rb,38d0ec404332,mobile development,9.5,29,100,25,0.0,1,0.0,8,3,5,0.625
fastlane,fastlane/lib/fastlane/actions/import.rb,38d0ec404332,mobile development,3.4,6,100,0,0.0,1,0.0,9,3,4,0.444
fastlane,fastlane/lib/fastlane/actions/import_certificate.rb,38d0ec404332,mobile development,8.8,33,100,12,0.0,1,0.0,8,3,5,0.625
fastlane,fastlane/lib/fastlane/actions/import_from_git.rb,38d0ec404332,mobile development,8.9,35,100,0,0.0,1,0.0,8,3,4,0.5
fastlane,fastlane/lib/fastlane/actions/increment_build_number.rb,38d0ec404332,mobile development,10.2,44,100,20,0.0,1,0.0,10,4,6,0.6
fastlane,fastlane/lib/fastlane/actions/increment_version_number.rb,38d0ec404332,mobile development,12.4,86,100,20,0.0,1,0.0,15,4,9,0.6
fastlane,fastlane/lib/fastlane/actions/install_on_device.rb,38d0ec404332,mobile development,9.1,33,100,38,0.0,1,0.0,8,4,5,0.625
fastlane,fastlane/lib/fastlane/actions/install_provisioning_profile.rb,38d0ec404332,mobile development,4.5,15,100,10,0.0,1,0.0,10,3,5,0.5
fastlane,fastlane/lib/fastlane/actions/install_xcode_plugin.rb,38d0ec404332,mobile development,8.2,33,100,22,0.0,1,0.0,9,3,5,0.556
fastlane,fastlane/lib/fastlane/actions/installr.rb,38d0ec404332,mobile development,12.2,38,100,33,0.0,1,0.0,9,4,7,0.778
fastlane,fastlane/lib/fastlane/actions/ipa.rb,38d0ec404332,mobile development,15.8,67,100,23,0.0,1,0.0,13,4,10,0.769
fastlane,fastlane/lib/fastlane/actions/is_ci.rb,38d0ec404332,mobile development,3.7,9,100,0,0.0,1,0.0,9,3,4,0.444
fastlane,fastlane/lib/fastlane/actions/jazzy.rb,38d0ec404332,mobile development,4.6,12,100,11,0.0,1,0.0,9,3,5,0.556
fastlane,fastlane/lib/fastlane/actions/jira.rb,38d0ec404332,mobile development,13.9,46,100,20,0.0,1,0.0,10,4,7,0.7
fastlane,fastlane/lib/fastlane/actions/lane_context.rb,38d0ec404332,mobile development,3.5,6,100,0,0.0,1,0.0,11,3,5,0.455
fastlane,fastlane/lib/fastlane/actions/last_git_commit.rb,38d0ec404332,mobile development,4.4,10,100,0,0.0,1,0.0,9,3,4,0.444
fastlane,fastlane/lib/fastlane/actions/last_git_tag.rb,38d0ec404332,mobile development,4.1,8,100,10,0.0,1,0.0,10,3,6,0.6
fastlane,fastlane/lib/fastlane/actions/latest_testflight_build_number.rb,38d0ec404332,mobile development,10.5,78,100,0,0.0,1,0.0,12,4,7,0.583
fastlane,fastlane/lib/fastlane/actions/lcov.rb,38d0ec404332,mobile development,6.8,20,100,25,0.0,1,0.0,12,3,9,0.75
fastlane,fastlane/lib/fastlane/actions/mailgun.rb,38d0ec404332,mobile development,17.8,77,100,36,0.0,1,0.0,11,3,9,0.818
fastlane,fastlane/lib/fastlane/actions/make_changelog_from_jenkins.rb,38d0ec404332,mobile development,7,22,100,11,0.0,1,0.0,9,4,6,0.667
fastlane,fastlane/lib/fastlane/actions/match_nuke.rb,38d0ec404332,mobile development,5.2,11,100,12,0.0,1,0.0,8,3,6,0.75
fastlane,fastlane/lib/fastlane/actions/min_fastlane_version.rb,38d0ec404332,mobile development,5.1,15,100,12,0.0,1,0.0,8,4,5,0.625
fastlane,fastlane/lib/fastlane/actions/modify_services.rb,38d0ec404332,mobile development,17.5,64,100,45,0.0,1,36.4,11,3,9,0.818
fastlane,fastlane/lib/fastlane/actions/nexus_upload.rb,38d0ec404332,mobile development,17.6,91,100,58,0.0,1,0.0,12,3,10,0.833
fastlane,fastlane/lib/fastlane/actions/notarize.rb,38d0ec404332,mobile development,22.9,81,100,50,0.0,1,0.0,8,3,6,0.75
fastlane,fastlane/lib/fastlane/actions/notification.rb,38d0ec404332,mobile development,9,31,100,14,0.0,1,0.0,7,3,5,0.714
fastlane,fastlane/lib/fastlane/actions/number_of_commits.rb,38d0ec404332,mobile development,5,12,100,9,0.0,1,0.0,11,3,6,0.545
fastlane,fastlane/lib/fastlane/actions/oclint.rb,38d0ec404332,mobile development,22,97,100,27,0.0,1,0.0,11,4,8,0.727
fastlane,fastlane/lib/fastlane/actions/onesignal.rb,38d0ec404332,mobile development,18.8,67,100,30,0.0,1,0.0,10,4,7,0.7
fastlane,fastlane/lib/fastlane/actions/opt_out_crash_reporting.rb,38d0ec404332,mobile development,3,3,100,0,0.0,1,0.0,7,3,3,0.429
fastlane,fastlane/lib/fastlane/actions/opt_out_usage.rb,38d0ec404332,mobile development,4,7,100,0,0.0,1,0.0,7,3,5,0.714
fastlane,fastlane/lib/fastlane/actions/pod_lib_lint.rb,38d0ec404332,mobile development,16.9,108,100,20,0.0,1,0.0,10,3,5,0.5
fastlane,fastlane/lib/fastlane/actions/pod_push.rb,38d0ec404332,mobile development,22.6,84,100,25,0.0,1,0.0,8,3,5,0.625
fastlane,fastlane/lib/fastlane/actions/podio_item.rb,38d0ec404332,mobile development,10.9,45,100,44,0.0,1,0.0,16,4,14,0.875
fastlane,fastlane/lib/fastlane/actions/prompt.rb,38d0ec404332,mobile development,8.9,38,100,9,0.0,1,0.0,11,3,6,0.545
fastlane,fastlane/lib/fastlane/actions/push_git_tags.rb,38d0ec404332,mobile development,7.4,20,100,12,0.0,1,0.0,8,3,5,0.625
fastlane,fastlane/lib/fastlane/actions/push_to_git_remote.rb,38d0ec404332,mobile development,15.5,48,100,12,0.0,1,0.0,8,3,6,0.75
fastlane,fastlane/lib/fastlane/actions/puts.rb,38d0ec404332,mobile development,4.7,11,100,20,0.0,1,0.0,10,3,6,0.6
fastlane,fastlane/lib/fastlane/actions/read_podspec.rb,38d0ec404332,mobile development,6,13,100,9,0.0,1,0.0,11,4,7,0.636
fastlane,fastlane/lib/fastlane/actions/recreate_schemes.rb,38d0ec404332,mobile development,4.9,9,100,14,0.0,1,0.0,7,3,5,0.714
fastlane,fastlane/lib/fastlane/actions/register_device.rb,38d0ec404332,mobile development,14.7,65,100,33,0.0,1,0.0,9,3,6,0.667
fastlane,fastlane/lib/fastlane/actions/register_devices.rb,38d0ec404332,mobile development,18.6,77,100,36,0.0,1,0.0,11,3,8,0.727
fastlane,fastlane/lib/fastlane/actions/reset_git_repo.rb,38d0ec404332,mobile development,12.8,35,100,12,0.0,1,0.0,8,3,6,0.75
fastlane,fastlane/lib/fastlane/actions/reset_simulator_contents.rb,38d0ec404332,mobile development,5.5,17,100,15,0.0,1,0.0,13,3,8,0.615
fastlane,fastlane/lib/fastlane/actions/resign.rb,38d0ec404332,mobile development,17.6,80,100,43,0.0,1,0.0,7,3,5,0.714
fastlane,fastlane/lib/fastlane/actions/restore_file.rb,38d0ec404332,mobile development,4.6,8,100,14,0.0,1,0.0,7,3,5,0.714
fastlane,fastlane/lib/fastlane/actions/rocket.rb,38d0ec404332,mobile development,7.2,38,100,0,0.0,1,0.0,9,3,4,0.444
fastlane,fastlane/lib/fastlane/actions/rsync.rb,38d0ec404332,mobile development,6.2,20,100,12,0.0,1,0.0,8,4,5,0.625
fastlane,fastlane/lib/fastlane/actions/ruby_version.rb,38d0ec404332,mobile development,5,14,100,12,0.0,1,0.0,8,4,5,0.625
fastlane,fastlane/lib/fastlane/actions/run_tests.rb,38d0ec404332,mobile development,8.9,38,100,9,0.0,1,0.0,11,4,6,0.545
fastlane,fastlane/lib/fastlane/actions/s3.rb,38d0ec404332,mobile development,14.2,88,100,0,0.0,1,0.0,10,4,8,0.8
fastlane,fastlane/lib/fastlane/actions/say.rb,38d0ec404332,mobile development,6.1,14,100,14,0.0,1,0.0,7,3,5,0.714
fastlane,fastlane/lib/fastlane/actions/scp.rb,38d0ec404332,mobile development,12.7,37,100,14,0.0,1,0.0,7,4,5,0.714
fastlane,fastlane/lib/fastlane/actions/set_build_number_repository.rb,38d0ec404332,mobile development,7,19,100,25,0.0,1,0.0,8,4,6,0.75
fastlane,fastlane/lib/fastlane/actions/set_changelog.rb,38d0ec404332,mobile development,20.3,78,100,22,0.0,1,0.0,9,3,7,0.778
fastlane,fastlane/lib/fastlane/actions/set_github_release.rb,38d0ec404332,mobile development,18.4,85,100,29,0.0,1,0.0,14,4,11,0.786
fastlane,fastlane/lib/fastlane/actions/set_info_plist_value.rb,38d0ec404332,mobile development,11,31,100,14,0.0,1,0.0,7,4,5,0.714
fastlane,fastlane/lib/fastlane/actions/set_pod_key.rb,38d0ec404332,mobile development,7.5,23,100,12,0.0,1,0.0,8,3,5,0.625
fastlane,fastlane/lib/fastlane/actions/setup_ci.rb,38d0ec404332,mobile development,11.2,34,100,42,0.0,1,0.0,12,3,10,0.833
fastlane,fastlane/lib/fastlane/actions/setup_circle_ci.rb,38d0ec404332,mobile development,5.1,12,100,12,0.0,1,0.0,8,3,6,0.75
fastlane,fastlane/lib/fastlane/actions/setup_jenkins.rb,38d0ec404332,mobile development,20.1,64,100,12,0.0,1,0.0,8,3,6,0.75
fastlane,fastlane/lib/fastlane/actions/setup_travis.rb,38d0ec404332,mobile development,5,11,100,12,0.0,1,0.0,8,3,6,0.75
fastlane,fastlane/lib/fastlane/actions/sh.rb,38d0ec404332,mobile development,5,17,100,0,0.0,1,0.0,10,3,5,0.5
fastlane,fastlane/lib/fastlane/actions/slack.rb,38d0ec404332,mobile development,17.6,84,81,44,0.0,1,0.0,16,4,13,0.812
fastlane,fastlane/lib/fastlane/actions/slather.rb,38d0ec404332,mobile development,18,165,100,33,0.0,1,0.0,15,3,11,0.733
fastlane,fastlane/lib/fastlane/actions/sonar.rb,38d0ec404332,mobile development,16,80,100,20,0.0,1,0.0,10,3,7,0.7
fastlane,fastlane/lib/fastlane/actions/sourcedocs.rb,38d0ec404332,mobile development,12.2,66,100,11,0.0,1,0.0,9,3,5,0.556
fastlane,fastlane/lib/fastlane/actions/spaceship_logs.rb,38d0ec404332,mobile development,13.4,60,100,11,0.0,1,0.0,9,3,5,0.556
fastlane,fastlane/lib/fastlane/actions/spaceship_stats.rb,38d0ec404332,mobile development,7.5,32,100,12,0.0,1,0.0,8,3,6,0.75
fastlane,fastlane/lib/fastlane/actions/splunkmint.rb,38d0ec404332,mobile development,9.5,47,100,57,0.0,1,0.0,14,3,10,0.714
fastlane,fastlane/lib/fastlane/actions/spm.rb,38d0ec404332,mobile development,12.9,98,100,31,0.0,1,0.0,16,3,9,0.562
fastlane,fastlane/lib/fastlane/actions/ssh.rb,38d0ec404332,mobile development,13.3,37,100,20,0.0,1,0.0,10,4,7,0.7
fastlane,fastlane/lib/fastlane/actions/swiftlint.rb,38d0ec404332,mobile development,15.4,94,100,40,0.0,1,0.0,15,3,11,0.733
fastlane,fastlane/lib/fastlane/actions/sync_code_signing.rb,38d0ec404332,mobile development,6.7,20,100,25,0.0,1,0.0,12,4,8,0.667
fastlane,fastlane/lib/fastlane/actions/team_id.rb,38d0ec404332,mobile development,4.7,11,100,33,0.0,1,0.0,6,4,4,0.667
fastlane,fastlane/lib/fastlane/actions/team_name.rb,38d0ec404332,mobile development,4.7,11,100,33,0.0,1,0.0,6,4,4,0.667
fastlane,fastlane/lib/fastlane/actions/testfairy.rb,38d0ec404332,mobile development,27.5,128,100,36,0.0,1,0.0,11,4,9,0.818
fastlane,fastlane/lib/fastlane/actions/trainer.rb,38d0ec404332,mobile development,4.5,14,100,12,0.0,1,0.0,8,3,4,0.5
fastlane,fastlane/lib/fastlane/actions/tryouts.rb,38d0ec404332,mobile development,12.8,50,100,30,0.0,1,0.0,10,4,7,0.7
fastlane,fastlane/lib/fastlane/actions/twitter.rb,38d0ec404332,mobile development,8.4,29,100,12,0.0,1,0.0,8,3,5,0.625
fastlane,fastlane/lib/fastlane/actions/typetalk.rb,38d0ec404332,mobile development,8.8,29,100,22,0.0,1,0.0,9,3,6,0.667
fastlane,fastlane/lib/fastlane/actions/unlock_keychain.rb,38d0ec404332,mobile development,10.6,28,100,36,0.0,1,0.0,11,3,9,0.818
fastlane,fastlane/lib/fastlane/actions/update_app_age_rating.rb,38d0ec404332,mobile development,16.7,63,100,27,0.0,1,0.0,11,3,8,0.727
fastlane,fastlane/lib/fastlane/actions/update_app_group_identifiers.rb,38d0ec404332,mobile development,7.6,25,100,33,0.0,1,0.0,9,4,6,0.667
fastlane,fastlane/lib/fastlane/actions/update_app_identifier.rb,38d0ec404332,mobile development,11.8,46,100,33,0.0,1,0.0,9,3,6,0.667
fastlane,fastlane/lib/fastlane/actions/update_code_signing_settings.rb,38d0ec404332,mobile development,18.7,94,100,18,0.0,1,0.0,11,3,6,0.545
fastlane,fastlane/lib/fastlane/actions/update_fastlane.rb,38d0ec404332,mobile development,15.3,74,100,22,0.0,1,0.0,9,3,7,0.778
fastlane,fastlane/lib/fastlane/actions/update_icloud_container_identifiers.rb,38d0ec404332,mobile development,8.4,33,100,33,0.0,1,0.0,9,4,6,0.667
fastlane,fastlane/lib/fastlane/actions/update_info_plist.rb,38d0ec404332,mobile development,15.4,43,100,25,0.0,1,0.0,8,4,5,0.625
fastlane,fastlane/lib/fastlane/actions/update_keychain_access_groups.rb,38d0ec404332,mobile development,7.9,28,100,33,0.0,1,0.0,9,4,6,0.667
fastlane,fastlane/lib/fastlane/actions/update_plist.rb,38d0ec404332,mobile development,11.9,46,100,12,0.0,1,0.0,8,4,5,0.625
fastlane,fastlane/lib/fastlane/actions/update_project_code_signing.rb,38d0ec404332,mobile development,7.5,22,100,25,0.0,1,0.0,8,4,5,0.625
fastlane,fastlane/lib/fastlane/actions/update_project_provisioning.rb,38d0ec404332,mobile development,18,76,100,33,0.0,1,0.0,9,4,7,0.778
fastlane,fastlane/lib/fastlane/actions/update_project_team.rb,38d0ec404332,mobile development,10.9,40,100,12,0.0,1,0.0,8,4,5,0.625
fastlane,fastlane/lib/fastlane/actions/update_urban_airship_configuration.rb,38d0ec404332,mobile development,9.6,35,100,25,0.0,1,0.0,8,3,5,0.625
fastlane,fastlane/lib/fastlane/actions/update_url_schemes.rb,38d0ec404332,mobile development,9.5,33,100,20,0.0,1,0.0,10,3,7,0.7
fastlane,fastlane/lib/fastlane/actions/upload_app_privacy_details_to_app_store.rb,38d0ec404332,mobile development,22.5,74,100,42,0.0,1,0.0,12,3,9,0.75
fastlane,fastlane/lib/fastlane/actions/upload_symbols_to_crashlytics.rb,38d0ec404332,mobile development,15.5,86,100,47,0.0,1,0.0,15,3,11,0.733
fastlane,fastlane/lib/fastlane/actions/upload_symbols_to_sentry.rb,38d0ec404332,mobile development,12.7,52,100,36,0.0,1,0.0,11,3,7,0.636
fastlane,fastlane/lib/fastlane/actions/upload_to_app_store.rb,38d0ec404332,mobile development,6.9,18,100,12,0.0,1,0.0,8,4,6,0.75
fastlane,fastlane/lib/fastlane/actions/upload_to_play_store.rb,38d0ec404332,mobile development,6.1,31,100,20,0.0,1,0.0,10,3,5,0.5
fastlane,fastlane/lib/fastlane/actions/upload_to_play_store_internal_app_sharing.rb,38d0ec404332,mobile development,6.7,30,100,33,0.0,1,0.0,9,3,4,0.444
fastlane,fastlane/lib/fastlane/actions/upload_to_testflight.rb,38d0ec404332,mobile development,13.6,53,100,12,0.0,1,0.0,8,3,6,0.75
fastlane,fastlane/lib/fastlane/actions/validate_play_store_json_key.rb,38d0ec404332,mobile development,10.6,47,100,25,0.0,1,0.0,8,3,5,0.625
fastlane,fastlane/lib/fastlane/actions/verify_build.rb,38d0ec404332,mobile development,11.7,42,100,40,0.0,1,0.0,15,3,10,0.667
fastlane,fastlane/lib/fastlane/actions/verify_pod_keys.rb,38d0ec404332,mobile development,4.8,11,100,30,0.0,1,0.0,10,3,7,0.7
fastlane,fastlane/lib/fastlane/actions/verify_xcode.rb,38d0ec404332,mobile development,11.1,48,100,33,0.0,1,0.0,12,4,9,0.75
fastlane,fastlane/lib/fastlane/actions/version_bump_podspec.rb,38d0ec404332,mobile development,9.2,33,100,22,0.0,1,0.0,9,4,6,0.667
fastlane,fastlane/lib/fastlane/actions/version_get_podspec.rb,38d0ec404332,mobile development,6.1,18,100,25,0.0,1,0.0,8,4,5,0.625
fastlane,fastlane/lib/fastlane/actions/xcode_install.rb,38d0ec404332,mobile development,7.2,29,100,8,0.0,1,0.0,12,4,5,0.417
fastlane,fastlane/lib/fastlane/actions/xcode_select.rb,38d0ec404332,mobile development,5.6,14,100,14,0.0,1,0.0,7,3,5,0.714
fastlane,fastlane/lib/fastlane/actions/xcode_server_get_assets.rb,38d0ec404332,mobile development,16.1,94,59,35,0.0,1,0.0,17,5,14,0.824
fastlane,fastlane/lib/fastlane/actions/xcodes.rb,38d0ec404332,mobile development,11.6,55,100,18,0.0,1,0.0,11,4,6,0.545
fastlane,fastlane/lib/fastlane/actions/xcov.rb,38d0ec404332,mobile development,6.5,14,100,12,0.0,1,0.0,8,3,6,0.75
fastlane,fastlane/lib/fastlane/actions/xctool.rb,38d0ec404332,mobile development,6.1,14,100,14,0.0,1,0.0,7,3,5,0.714
fastlane,fastlane/lib/fastlane/actions/xcversion.rb,38d0ec404332,mobile development,5.7,13,100,11,0.0,1,0.0,9,3,6,0.667
fastlane,fastlane/lib/fastlane/actions/zip.rb,38d0ec404332,mobile development,10.5,43,67,13,0.0,1,0.0,15,4,10,0.667
fastlane,fastlane/lib/fastlane/cli_tools_distributor.rb,38d0ec404332,mobile development,20.2,123,100,40,0.0,0,10.0,10,2,9,0.9
fastlane,fastlane/lib/fastlane/commands_generator.rb,38d0ec404332,mobile development,90.2,286,50,50,0.5,0,0.0,4,2,4,1.0
fastlane,fastlane/lib/fastlane/documentation/actions_list.rb,38d0ec404332,mobile development,16.4,35,100,83,0.0,0,16.7,12,2,12,1.0
fastlane,fastlane/lib/fastlane/documentation/docs_generator.rb,38d0ec404332,mobile development,27,59,100,100,0.0,0,0.0,3,2,3,1.0
fastlane,fastlane/lib/fastlane/documentation/markdown_docs_generator.rb,38d0ec404332,mobile development,15.4,65,0,64,0.0,0,0.0,14,2,13,0.929
fastlane,fastlane/lib/fastlane/environment_printer.rb,38d0ec404332,mobile development,21.8,74,100,77,0.0,0,0.0,13,2,13,1.0
fastlane,fastlane/lib/fastlane/erb_template_helper.rb,38d0ec404332,mobile development,4,6,60,0,0.0,1,0.0,5,3,5,1.0
fastlane,fastlane/lib/fastlane/fast_file.rb,38d0ec404332,mobile development,12.7,126,3,50,0.0,0,0.0,30,2,28,0.933
fastlane,fastlane/lib/fastlane/fastlane_require.rb,38d0ec404332,mobile development,18,36,100,100,0.0,0,0.0,4,2,4,1.0
fastlane,fastlane/lib/fastlane/helper/adb_helper.rb,38d0ec404332,mobile development,5.7,12,0,57,0.0,0,0.0,7,4,7,1.0
fastlane,fastlane/lib/fastlane/helper/dotenv_helper.rb,38d0ec404332,mobile development,12.7,22,100,67,0.0,0,0.0,3,3,3,1.0
fastlane,fastlane/lib/fastlane/helper/git_helper.rb,38d0ec404332,mobile development,8.5,16,100,67,0.0,0,0.0,15,3,15,1.0
fastlane,fastlane/lib/fastlane/helper/gradle_helper.rb,38d0ec404332,mobile development,5.5,13,0,67,0.0,0,0.0,6,4,6,1.0
fastlane,fastlane/lib/fastlane/helper/podspec_helper.rb,38d0ec404332,mobile development,11.8,21,0,80,0.0,0,0.0,5,3,5,1.0
fastlane,fastlane/lib/fastlane/helper/s3_client_helper.rb,38d0ec404332,mobile development,7.8,20,0,62,0.0,0,0.0,8,3,8,1.0
fastlane,fastlane/lib/fastlane/helper/sh_helper.rb,38d0ec404332,mobile development,26,76,100,50,0.0,0,0.0,4,2,3,0.75
fastlane,fastlane/lib/fastlane/helper/xcodeproj_helper.rb,38d0ec404332,mobile development,15,42,100,80,0.0,0,0.0,10,3,10,1.0
fastlane,fastlane/lib/fastlane/helper/xcodes_helper.rb,38d0ec404332,mobile development,5,9,100,67,0.0,0,0.0,3,4,3,1.0
fastlane,fastlane/lib/fastlane/lane.rb,38d0ec404332,mobile development,10.4,21,57,43,0.0,0,0.0,7,2,7,1.0
fastlane,fastlane/lib/fastlane/lane_list.rb,38d0ec404332,mobile development,17.6,38,100,71,0.0,0,0.0,7,2,7,1.0
fastlane,fastlane/lib/fastlane/lane_manager.rb,38d0ec404332,mobile development,38.3,60,100,67,0.0,1,0.0,3,2,3,1.0
fastlane,fastlane/lib/fastlane/lane_manager_base.rb,38d0ec404332,mobile development,17.6,25,100,80,0.0,0,0.0,5,2,5,1.0
fastlane,fastlane/lib/fastlane/markdown_table_formatter.rb,38d0ec404332,mobile development,6.1,11,0,62,0.0,0,0.0,8,2,8,1.0
fastlane,fastlane/lib/fastlane/new_action.rb,38d0ec404332,mobile development,7.4,13,100,40,0.0,0,0.0,5,2,5,1.0
fastlane,fastlane/lib/fastlane/notification/slack.rb,38d0ec404332,mobile development,6.8,18,67,100,0.0,0,0.0,6,4,5,0.833
fastlane,fastlane/lib/fastlane/plugins/plugin_fetcher.rb,38d0ec404332,mobile development,12,25,33,100,0.0,0,0.0,3,3,3,1.0
fastlane,fastlane/lib/fastlane/plugins/plugin_generator.rb,38d0ec404332,mobile development,10.7,15,0,67,0.0,0,16.7,6,2,6,1.0
fastlane,fastlane/lib/fastlane/plugins/plugin_generator_ui.rb,38d0ec404332,mobile development,3,3,0,25,0.0,0,0.0,4,2,4,1.0
fastlane,fastlane/lib/fastlane/plugins/plugin_info.rb,38d0ec404332,mobile development,4,7,0,29,0.0,0,0.0,7,2,6,0.857
fastlane,fastlane/lib/fastlane/plugins/plugin_info_collector.rb,38d0ec404332,mobile development,8.6,34,0,86,0.0,0,0.0,14,2,12,0.857
fastlane,fastlane/lib/fastlane/plugins/plugin_manager.rb,38d0ec404332,mobile development,12.1,38,16,56,0.0,0,4.0,25,2,23,0.92
fastlane,fastlane/lib/fastlane/plugins/plugin_update_manager.rb,38d0ec404332,mobile development,12.2,38,100,20,0.0,0,0.0,5,2,5,1.0
fastlane,fastlane/lib/fastlane/runner.rb,38d0ec404332,mobile development,12.3,62,0,60,0.0,1,0.0,25,3,19,0.76
fastlane,fastlane/lib/fastlane/server/action_command.rb,38d0ec404332,mobile development,5.4,10,0,71,0.0,0,14.3,7,3,7,1.0
fastlane,fastlane/lib/fastlane/server/command_parser.rb,38d0ec404332,mobile development,8.2,16,100,50,0.0,0,0.0,4,2,4,1.0
fastlane,fastlane/lib/fastlane/server/json_return_value_processor.rb,38d0ec404332,mobile development,10.2,22,0,83,0.0,0,0.0,6,2,4,0.667
fastlane,fastlane/lib/fastlane/server/socket_server.rb,38d0ec404332,mobile development,18.3,57,0,73,0.0,0,0.0,11,2,11,1.0
fastlane,fastlane/lib/fastlane/server/socket_server_action_command_executor.rb,38d0ec404332,mobile development,16.2,37,0,80,0.0,1,0.0,5,2,5,1.0
fastlane,fastlane/lib/fastlane/setup/setup.rb,38d0ec404332,mobile development,15.9,96,11,21,0.0,0,0.0,19,2,19,1.0
fastlane,fastlane/lib/fastlane/setup/setup_android.rb,38d0ec404332,mobile development,21.8,45,0,25,0.0,1,0.0,4,2,4,1.0
fastlane,fastlane/lib/fastlane/setup/setup_ios.rb,38d0ec404332,mobile development,28.6,67,0,62,0.0,1,18.8,16,2,16,1.0
fastlane,fastlane/lib/fastlane/supported_platforms.rb,38d0ec404332,mobile development,4.3,5,100,67,0.0,0,0.0,3,2,3,1.0
fastlane,fastlane/lib/fastlane/swift_fastlane_api_generator.rb,38d0ec404332,mobile development,22.6,63,0,79,0.0,1,0.0,19,7,19,1.0
fastlane,fastlane/lib/fastlane/swift_fastlane_function.rb,38d0ec404332,mobile development,17.5,50,0,87,0.0,1,0.0,23,3,22,0.957
fastlane,fastlane/lib/fastlane/swift_lane_manager.rb,38d0ec404332,mobile development,19.4,65,100,79,0.0,1,0.0,14,2,14,1.0
fastlane,fastlane/lib/fastlane/swift_runner_upgrader.rb,38d0ec404332,mobile development,22.4,45,0,80,0.0,0,0.0,10,2,10,1.0
fastlane,fastlane_core/lib/fastlane_core/analytics/action_launch_context.rb,38d0ec404332,mobile development,7.3,9,33,67,0.0,0,0.0,3,2,3,1.0
fastlane,fastlane_core/lib/fastlane_core/analytics/analytics_event_builder.rb,38d0ec404332,mobile development,12,16,0,33,0.0,0,0.0,3,2,3,1.0
fastlane,fastlane_core/lib/fastlane_core/analytics/analytics_ingester_client.rb,38d0ec404332,mobile development,12.2,30,0,50,0.0,0,0.0,4,2,4,1.0
fastlane,fastlane_core/lib/fastlane_core/analytics/analytics_session.rb,38d0ec404332,mobile development,10.2,22,0,33,0.0,0,0.0,6,2,6,1.0
fastlane,fastlane_core/lib/fastlane_core/analytics/app_identifier_guesser.rb,38d0ec404332,mobile development,9.2,15,0,25,0.0,0,0.0,4,2,4,1.0
fastlane,fastlane_core/lib/fastlane_core/android_package_name_guesser.rb,38d0ec404332,mobile development,8.3,16,100,43,0.0,0,0.0,7,2,7,1.0
fastlane,fastlane_core/lib/fastlane_core/build_watcher.rb,38d0ec404332,mobile development,24.6,60,100,100,0.0,1,0.0,7,3,7,1.0
fastlane,fastlane_core/lib/fastlane_core/cert_checker.rb,38d0ec404332,mobile development,13.4,34,100,92,0.0,0,0.0,12,2,10,0.833
fastlane,fastlane_core/lib/fastlane_core/clipboard.rb,38d0ec404332,mobile development,3.7,4,100,33,0.0,0,0.0,3,2,3,1.0
fastlane,fastlane_core/lib/fastlane_core/configuration/config_item.rb,38d0ec404332,mobile development,14.8,79,0,62,0.0,0,0.0,16,2,16,1.0
fastlane,fastlane_core/lib/fastlane_core/configuration/configuration.rb,38d0ec404332,mobile development,13.5,54,16,89,0.0,0,0.0,19,2,18,0.947
fastlane,fastlane_core/lib/fastlane_core/configuration/configuration_file.rb,38d0ec404332,mobile development,16.5,52,0,75,0.0,1,0.0,8,3,7,0.875
fastlane,fastlane_core/lib/fastlane_core/core_ext/shellwords.rb,38d0ec404332,mobile development,7.4,18,0,40,0.0,0,0.0,5,4,5,1.0
fastlane,fastlane_core/lib/fastlane_core/core_ext/string.rb,38d0ec404332,mobile development,4.3,7,0,0,0.0,0,0.0,3,1,3,1.0
fastlane,fastlane_core/lib/fastlane_core/device_manager.rb,38d0ec404332,mobile development,9.6,45,75,64,0.0,1,0.0,28,6,23,0.821
fastlane,fastlane_core/lib/fastlane_core/fastlane_folder.rb,38d0ec404332,mobile development,5.8,11,100,11,0.0,0,0.0,9,2,8,0.889
fastlane,fastlane_core/lib/fastlane_core/fastlane_pty.rb,38d0ec404332,mobile development,10.7,31,67,50,0.0,1,0.0,6,4,5,0.833
fastlane,fastlane_core/lib/fastlane_core/feature/feature.rb,38d0ec404332,mobile development,6.8,10,80,100,0.0,0,120.0,5,2,5,1.0
fastlane,fastlane_core/lib/fastlane_core/globals.rb,38d0ec404332,mobile development,3.5,4,100,25,0.0,0,0.0,4,2,3,0.75
fastlane,fastlane_core/lib/fastlane_core/helper.rb,38d0ec404332,mobile development,6.7,34,100,23,0.0,0,0.0,53,2,46,0.868
fastlane,fastlane_core/lib/fastlane_core/ios_app_identifier_guesser.rb,38d0ec404332,mobile development,11.1,24,100,50,0.0,0,0.0,8,2,8,1.0
fastlane,fastlane_core/lib/fastlane_core/ipa_file_analyser.rb,38d0ec404332,mobile development,8.9,17,100,100,0.0,0,0.0,7,2,5,0.714
fastlane,fastlane_core/lib/fastlane_core/ipa_upload_package_builder.rb,38d0ec404332,mobile development,18,44,0,0,0.0,0,0.0,3,2,3,1.0
fastlane,fastlane_core/lib/fastlane_core/itunes_transporter.rb,38d0ec404332,mobile development,15.7,63,4,71,0.0,1,0.0,56,9,53,0.946
fastlane,fastlane_core/lib/fastlane_core/keychain_importer.rb,38d0ec404332,mobile development,27.8,47,100,75,0.0,0,0.0,4,2,4,1.0
fastlane,fastlane_core/lib/fastlane_core/module.rb,38d0ec404332,mobile development,3.7,5,100,0,0.0,0,0.0,3,1,3,1.0
fastlane,fastlane_core/lib/fastlane_core/pkg_file_analyser.rb,38d0ec404332,mobile development,8.2,23,100,80,0.0,0,0.0,5,2,3,0.6
fastlane,fastlane_core/lib/fastlane_core/print_table.rb,38d0ec404332,mobile development,19.3,37,100,83,0.0,0,0.0,6,2,6,1.0
fastlane,fastlane_core/lib/fastlane_core/project.rb,38d0ec404332,mobile development,9.5,56,10,49,0.0,0,0.0,49,2,38,0.776
fastlane,fastlane_core/lib/fastlane_core/provisioning_profile.rb,38d0ec404332,mobile development,9,21,100,40,0.0,0,0.0,10,2,9,0.9
fastlane,fastlane_core/lib/fastlane_core/queue_worker.rb,38d0ec404332,mobile development,9.2,25,0,75,0.0,0,0.0,4,2,4,1.0
fastlane,fastlane_core/lib/fastlane_core/string_filters.rb,38d0ec404332,mobile development,9,14,0,100,0.0,0,0.0,3,1,3,1.0
fastlane,fastlane_core/lib/fastlane_core/swag.rb,38d0ec404332,mobile development,12.8,20,100,25,0.0,0,0.0,4,2,4,1.0
fastlane,fastlane_core/lib/fastlane_core/tag_version.rb,38d0ec404332,mobile development,5.3,10,67,67,0.0,1,0.0,3,2,3,1.0
fastlane,fastlane_core/lib/fastlane_core/test_parser.rb,38d0ec404332,mobile development,20.8,38,0,75,0.0,0,0.0,4,2,4,1.0
fastlane,fastlane_core/lib/fastlane_core/ui/fastlane_runner.rb,38d0ec404332,mobile development,19,107,0,86,0.0,2,0.0,14,10,13,0.929
fastlane,fastlane_core/lib/fastlane_core/ui/github_issue_inspector_reporter.rb,38d0ec404332,mobile development,6.7,11,0,83,0.0,0,0.0,6,2,6,1.0
fastlane,fastlane_core/lib/fastlane_core/ui/implementations/shell.rb,38d0ec404332,mobile development,7.1,18,0,84,0.0,1,0.0,19,2,19,1.0
fastlane,fastlane_core/lib/fastlane_core/ui/interface.rb,38d0ec404332,mobile development,3.0,4,0,17,0.0,0,0.0,24,3,10,0.417
fastlane,fastlane_core/lib/fastlane_core/update_checker/update_checker.rb,38d0ec404332,mobile development,8.4,24,100,44,0.0,0,0.0,9,2,9,1.0
fastlane,fastlane_core/lib/fastlane_core/video_utils.rb,38d0ec404332,mobile development,13.9,28,100,100,0.0,0,0.0,11,2,10,0.909
fastlane,frameit/lib/frameit/commands_generator.rb,38d0ec404332,mobile development,39,108,33,67,0.5,0,0.0,3,2,3,1.0
fastlane,frameit/lib/frameit/config_parser.rb,38d0ec404332,mobile development,10.3,30,27,82,0.0,0,0.0,11,2,11,1.0
fastlane,frameit/lib/frameit/device.rb,38d0ec404332,mobile development,10.7,27,33,100,0.0,0,33.3,6,2,6,1.0
fastlane,frameit/lib/frameit/device_types.rb,38d0ec404332,mobile development,4,7,100,25,0.0,0,75.0,4,5,4,1.0
fastlane,frameit/lib/frameit/editor.rb,38d0ec404332,mobile development,16.2,93,0,81,0.0,0,3.2,31,2,30,0.968
fastlane,frameit/lib/frameit/frame_downloader.rb,38d0ec404332,mobile development,11.5,25,17,50,0.0,0,0.0,6,2,6,1.0
fastlane,frameit/lib/frameit/mac_editor.rb,38d0ec404332,mobile development,4.6,10,0,60,0.0,1,0.0,5,2,4,0.8
fastlane,frameit/lib/frameit/runner.rb,38d0ec404332,mobile development,13.2,36,0,100,0.0,0,0.0,6,2,6,1.0
fastlane,frameit/lib/frameit/screenshot.rb,38d0ec404332,mobile development,5.5,30,0,76,0.0,0,0.0,17,2,15,0.882
fastlane,gym/lib/gym/code_signing_mapping.rb,38d0ec404332,mobile development,26.6,86,0,86,0.0,0,0.0,7,2,7,1.0
fastlane,gym/lib/gym/commands_generator.rb,38d0ec404332,mobile development,20.3,53,33,100,0.5,0,0.0,3,2,3,1.0
fastlane,gym/lib/gym/detect_values.rb,38d0ec404332,mobile development,12.4,38,100,50,0.0,0,0.0,14,2,14,1.0
fastlane,gym/lib/gym/error_handler.rb,38d0ec404332,mobile development,24.3,69,100,42,0.0,0,0.0,12,2,11,0.917
fastlane,gym/lib/gym/generators/build_command_generator.rb,38d0ec404332,mobile development,11.5,28,100,73,0.0,0,0.0,15,2,15,1.0
fastlane,gym/lib/gym/generators/package_command_generator.rb,38d0ec404332,mobile development,3,3,100,92,0.0,0,0.0,13,2,13,1.0
fastlane,gym/lib/gym/generators/package_command_generator_xcode7.rb,38d0ec404332,mobile development,9.7,35,100,42,0.0,0,0.0,19,2,14,0.737
fastlane,gym/lib/gym/module.rb,38d0ec404332,mobile development,6.2,12,100,17,0.0,0,0.0,12,1,12,1.0
fastlane,gym/lib/gym/runner.rb,38d0ec404332,mobile development,16.4,70,0,24,0.0,0,0.0,21,2,21,1.0
fastlane,gym/lib/gym/xcode.rb,38d0ec404332,mobile development,3.8,6,100,25,0.0,0,0.0,4,2,4,1.0
fastlane,internal/rubocop/fork_usage.rb,38d0ec404332,mobile development,4.2,5,0,25,0.0,1,0.0,4,3,4,1.0
fastlane,internal/rubocop/missing_keys_on_shared_area.rb,38d0ec404332,mobile development,8.6,12,0,86,0.0,1,0.0,7,3,7,1.0
fastlane,match/lib/match/encryption.rb,38d0ec404332,mobile development,13.3,20,100,100,0.0,0,0.0,3,2,3,1.0
fastlane,match/lib/match/encryption/encryption.rb,38d0ec404332,mobile development,10.7,25,0,100,0.0,0,0.0,10,6,10,1.0
fastlane,match/lib/match/encryption/openssl.rb,38d0ec404332,mobile development,8.9,23,9,55,0.0,1,0.0,11,3,11,1.0
fastlane,match/lib/match/generator.rb,38d0ec404332,mobile development,40.7,62,100,100,0.0,0,0.0,3,2,3,1.0
fastlane,match/lib/match/migrate.rb,38d0ec404332,mobile development,33.7,88,0,100,0.0,0,0.0,3,2,3,1.0
fastlane,match/lib/match/module.rb,38d0ec404332,mobile development,13.4,47,100,60,0.0,0,0.0,5,1,4,0.8
fastlane,match/lib/match/nuke.rb,38d0ec404332,mobile development,28.5,60,0,85,0.0,0,0.0,13,2,13,1.0
fastlane,match/lib/match/options.rb,38d0ec404332,mobile development,125.7,365,100,67,0.0,0,0.0,3,2,3,1.0
fastlane,match/lib/match/portal_cache.rb,38d0ec404332,mobile development,9.7,21,11,67,0.0,0,0.0,9,3,9,1.0
fastlane,match/lib/match/portal_fetcher.rb,38d0ec404332,mobile development,14.8,24,100,75,0.0,0,0.0,4,3,4,1.0
fastlane,match/lib/match/profile_includes.rb,38d0ec404332,mobile development,13.1,23,100,86,0.0,0,0.0,7,2,7,1.0
fastlane,match/lib/match/runner.rb,38d0ec404332,mobile development,50.6,129,0,86,0.0,0,0.0,7,2,7,1.0
fastlane,match/lib/match/spaceship_ensure.rb,38d0ec404332,mobile development,18.2,29,0,80,0.0,0,0.0,5,2,5,1.0
fastlane,match/lib/match/storage.rb,38d0ec404332,mobile development,29.3,67,100,100,0.0,0,0.0,3,2,3,1.0
fastlane,match/lib/match/storage/git_storage.rb,38d0ec404332,mobile development,13.1,57,6,61,0.0,1,0.0,18,3,18,1.0
fastlane,match/lib/match/storage/gitlab/client.rb,38d0ec404332,mobile development,10.5,22,0,50,0.0,0,10.0,10,4,9,0.9
fastlane,match/lib/match/storage/gitlab/secure_file.rb,38d0ec404332,mobile development,6.4,20,0,71,0.0,0,0.0,7,4,7,1.0
fastlane,match/lib/match/storage/gitlab_secure_files.rb,38d0ec404332,mobile development,12.2,28,8,50,0.0,1,0.0,12,3,12,1.0
fastlane,match/lib/match/storage/google_cloud_storage.rb,38d0ec404332,mobile development,20.4,89,6,62,0.0,1,0.0,16,3,16,1.0
fastlane,match/lib/match/storage/interface.rb,38d0ec404332,mobile development,6.2,36,0,17,0.0,0,0.0,12,3,6,0.5
fastlane,match/lib/match/storage/s3_storage.rb,38d0ec404332,mobile development,10.7,30,7,67,0.0,1,0.0,15,3,15,1.0
fastlane,match/lib/match/utils.rb,38d0ec404332,mobile development,7,35,100,30,0.0,0,0.0,10,2,7,0.7
fastlane,pem/lib/pem/manager.rb,38d0ec404332,mobile development,19.7,44,100,50,0.0,0,0.0,6,2,6,1.0
fastlane,pilot/lib/pilot/build_manager.rb,38d0ec404332,mobile development,21.1,77,17,93,0.0,1,0.0,30,2,28,0.933
fastlane,pilot/lib/pilot/commands_generator.rb,38d0ec404332,mobile development,30.4,121,20,80,0.5,0,20.0,5,2,5,1.0
fastlane,pilot/lib/pilot/manager.rb,38d0ec404332,mobile development,11.5,18,0,100,0.0,0,0.0,6,2,6,1.0
fastlane,pilot/lib/pilot/tester_manager.rb,38d0ec404332,mobile development,14.6,28,0,90,0.0,1,0.0,10,2,10,1.0
fastlane,precheck/lib/precheck/item_to_check.rb,38d0ec404332,mobile development,3.5,5,0,0,0.0,1,0.0,8,4,7,0.875
fastlane,precheck/lib/precheck/rule.rb,38d0ec404332,mobile development,4.8,25,24,24,0.0,2,0.0,21,5,13,0.619
fastlane,precheck/lib/precheck/rule_processor.rb,38d0ec404332,mobile development,15.6,65,64,71,0.2,0,0.0,14,5,13,0.929
fastlane,precheck/lib/precheck/rules/abstract_text_match_rule.rb,38d0ec404332,mobile development,9.7,39,0,33,0.0,3,0.0,6,2,5,0.833
fastlane,precheck/lib/precheck/rules/copyright_date_rule.rb,38d0ec404332,mobile development,4.4,12,57,29,0.0,4,0.0,7,2,4,0.571
fastlane,precheck/lib/precheck/rules/curse_words_rule.rb,38d0ec404332,mobile development,8.2,30,67,33,0.0,3,0.0,6,2,3,0.5
fastlane,precheck/lib/precheck/rules/custom_text_rule.rb,38d0ec404332,mobile development,3,3,57,14,0.0,4,0.0,7,2,3,0.429
fastlane,precheck/lib/precheck/rules/free_stuff_iap_rule.rb,38d0ec404332,mobile development,3.3,5,67,0,0.0,4,0.0,6,2,3,0.5
fastlane,precheck/lib/precheck/rules/other_platforms_rule.rb,38d0ec404332,mobile development,5.3,14,67,0,0.0,4,0.0,6,2,3,0.5
fastlane,precheck/lib/precheck/runner.rb,38d0ec404332,mobile development,16,70,0,73,0.0,0,0.0,11,2,11,1.0
fastlane,produce/lib/produce/cloud_container.rb,38d0ec404332,mobile development,11.7,28,0,33,0.0,0,0.0,6,2,6,1.0
fastlane,produce/lib/produce/developer_center.rb,38d0ec404332,mobile development,12.9,36,0,43,0.0,0,57.1,7,2,7,1.0
fastlane,produce/lib/produce/group.rb,38d0ec404332,mobile development,13,35,0,33,0.0,0,0.0,6,2,6,1.0
fastlane,produce/lib/produce/itunes_connect.rb,38d0ec404332,mobile development,14.9,63,0,62,0.0,0,0.0,8,2,8,1.0
fastlane,produce/lib/produce/merchant.rb,38d0ec404332,mobile development,6.7,25,40,53,0.0,0,0.0,15,2,15,1.0
fastlane,produce/lib/produce/service.rb,38d0ec404332,mobile development,39.6,328,30,50,1.5,0,0.0,10,2,9,0.9
fastlane,scan/lib/scan/commands_generator.rb,38d0ec404332,mobile development,20.3,53,33,100,0.5,0,0.0,3,2,3,1.0
fastlane,scan/lib/scan/detect_values.rb,38d0ec404332,mobile development,20.6,79,100,71,0.0,0,0.0,14,2,14,1.0
fastlane,scan/lib/scan/module.rb,38d0ec404332,mobile development,4,5,100,0,0.0,0,0.0,3,1,3,1.0
fastlane,scan/lib/scan/runner.rb,38d0ec404332,mobile development,16.9,77,0,48,0.0,0,0.0,23,2,19,0.826
fastlane,scan/lib/scan/test_command_generator.rb,38d0ec404332,mobile development,17.5,63,0,79,0.0,0,0.0,14,2,14,1.0
fastlane,scan/lib/scan/xcpretty_reporter_options_generator.rb,38d0ec404332,mobile development,14,26,20,60,0.0,0,0.0,5,2,5,1.0
fastlane,screengrab/lib/screengrab/android_environment.rb,38d0ec404332,mobile development,4.2,7,0,0,0.0,0,0.0,6,2,6,1.0
fastlane,screengrab/lib/screengrab/dependency_checker.rb,38d0ec404332,mobile development,7.2,11,100,50,0.0,0,0.0,4,2,4,1.0
fastlane,screengrab/lib/screengrab/runner.rb,38d0ec404332,mobile development,16.4,56,0,84,0.0,0,0.0,25,2,24,0.96
fastlane,sigh/lib/sigh/commands_generator.rb,38d0ec404332,mobile development,45.7,123,33,67,0.5,0,0.0,3,2,3,1.0
fastlane,sigh/lib/sigh/download_all.rb,38d0ec404332,mobile development,25.8,64,0,75,0.0,0,0.0,4,2,4,1.0
fastlane,sigh/lib/sigh/local_manage.rb,38d0ec404332,mobile development,18.3,42,100,100,0.0,0,0.0,7,2,7,1.0
fastlane,sigh/lib/sigh/manager.rb,38d0ec404332,mobile development,12.3,25,100,33,0.0,0,0.0,3,2,3,1.0
fastlane,sigh/lib/sigh/module.rb,38d0ec404332,mobile development,30.5,61,100,75,0.0,0,0.0,4,1,4,1.0
fastlane,sigh/lib/sigh/resign.rb,38d0ec404332,mobile development,10.2,67,5,53,0.0,0,0.0,19,2,18,0.947
fastlane,sigh/lib/sigh/runner.rb,38d0ec404332,mobile development,22.9,71,0,64,0.0,0,0.0,14,2,14,1.0
fastlane,snapshot/lib/snapshot/collector.rb,38d0ec404332,mobile development,17.4,42,100,71,0.0,0,0.0,7,2,7,1.0
fastlane,snapshot/lib/snapshot/commands_generator.rb,38d0ec404332,mobile development,32.3,89,33,67,0.5,0,0.0,3,2,3,1.0
fastlane,snapshot/lib/snapshot/dependency_checker.rb,38d0ec404332,mobile development,14.5,27,100,0,0.0,0,0.0,4,2,4,1.0
fastlane,snapshot/lib/snapshot/latest_os_version.rb,38d0ec404332,mobile development,7,14,100,33,0.0,0,0.0,3,2,3,1.0
fastlane,snapshot/lib/snapshot/module.rb,38d0ec404332,mobile development,3.8,5,100,25,0.0,0,0.0,4,1,4,1.0
fastlane,snapshot/lib/snapshot/options.rb,38d0ec404332,mobile development,112.7,331,100,67,0.0,0,0.0,3,2,3,1.0
fastlane,snapshot/lib/snapshot/reports_generator.rb,38d0ec404332,mobile development,37.8,110,0,20,0.0,0,0.0,5,2,5,1.0
fastlane,snapshot/lib/snapshot/reset_simulators.rb,38d0ec404332,mobile development,15.6,62,100,86,0.0,0,0.0,7,2,7,1.0
fastlane,snapshot/lib/snapshot/runner.rb,38d0ec404332,mobile development,19.8,46,17,67,0.0,0,0.0,6,2,6,1.0
fastlane,snapshot/lib/snapshot/simulator_launchers/simulator_launcher.rb,38d0ec404332,mobile development,16,38,17,75,0.0,1,0.0,12,3,12,1.0
fastlane,snapshot/lib/snapshot/simulator_launchers/simulator_launcher_base.rb,38d0ec404332,mobile development,12.7,39,0,47,0.0,0,0.0,15,2,14,0.933
fastlane,snapshot/lib/snapshot/simulator_launchers/simulator_launcher_xcode_8.rb,38d0ec404332,mobile development,19.4,29,0,80,0.0,1,0.0,5,2,5,1.0
fastlane,snapshot/lib/snapshot/test_command_generator.rb,38d0ec404332,mobile development,17.1,32,100,100,0.0,1,0.0,8,2,8,1.0
fastlane,snapshot/lib/snapshot/test_command_generator_base.rb,38d0ec404332,mobile development,7.8,26,100,43,0.0,0,0.0,14,2,12,0.857
fastlane,snapshot/lib/snapshot/test_command_generator_xcode_8.rb,38d0ec404332,mobile development,13.2,18,100,100,0.0,1,0.0,4,2,4,1.0
fastlane,spaceship/lib/spaceship/base.rb,38d0ec404332,mobile development,7.3,29,35,65,0.67,0,21.7,23,3,23,1.0
fastlane,spaceship/lib/spaceship/client.rb,38d0ec404332,mobile development,16.2,82,8,68,0.0,0,5.7,53,2,51,0.962
fastlane,spaceship/lib/spaceship/connect_api/api_client.rb,38d0ec404332,mobile development,18.8,92,6,76,0.0,1,5.9,17,5,16,0.941
fastlane,spaceship/lib/spaceship/connect_api/client.rb,38d0ec404332,mobile development,15.4,45,20,70,0.0,0,0.0,10,3,9,0.9
fastlane,spaceship/lib/spaceship/connect_api/file_uploader.rb,38d0ec404332,mobile development,27.7,35,100,100,0.0,0,33.3,3,3,3,1.0
fastlane,spaceship/lib/spaceship/connect_api/model.rb,38d0ec404332,mobile development,14,37,50,80,0.0,0,40.0,10,4,10,1.0
fastlane,spaceship/lib/spaceship/connect_api/models/age_rating_declaration.rb,38d0ec404332,mobile development,11.8,26,80,80,0.14,0,0.0,5,7,5,1.0
fastlane,spaceship/lib/spaceship/connect_api/models/app.rb,38d0ec404332,mobile development,8.7,21,13,74,0.17,0,0.0,38,6,33,0.868
fastlane,spaceship/lib/spaceship/connect_api/models/app_clip_app_store_review_detail.rb,38d0ec404332,mobile development,4.3,5,67,67,0.33,0,0.0,3,3,3,1.0
fastlane,spaceship/lib/spaceship/connect_api/models/app_clip_default_experience.rb,38d0ec404332,mobile development,4.2,5,75,75,0.33,0,0.0,4,3,4,1.0
fastlane,spaceship/lib/spaceship/connect_api/models/app_clip_default_experience_localization.rb,38d0ec404332,mobile development,4.4,5,60,80,0.33,0,0.0,5,3,5,1.0
fastlane,spaceship/lib/spaceship/connect_api/models/app_clip_header_image.rb,38d0ec404332,mobile development,13,70,25,50,0.33,0,0.0,8,3,6,0.75
fastlane,spaceship/lib/spaceship/connect_api/models/app_data_usage.rb,38d0ec404332,mobile development,5.4,11,60,60,0.33,0,0.0,5,3,5,1.0
fastlane,spaceship/lib/spaceship/connect_api/models/app_data_usages_publish_state.rb,38d0ec404332,mobile development,3.7,4,67,67,0.33,0,0.0,3,3,3,1.0
fastlane,spaceship/lib/spaceship/connect_api/models/app_info.rb,38d0ec404332,mobile development,4.3,5,14,86,0.17,0,0.0,7,6,7,1.0
fastlane,spaceship/lib/spaceship/connect_api/models/app_info_localization.rb,38d0ec404332,mobile development,5.3,7,33,67,0.33,0,0.0,3,3,3,1.0
fastlane,spaceship/lib/spaceship/connect_api/models/app_preview.rb,38d0ec404332,mobile development,13.8,64,50,67,0.33,0,0.0,6,3,6,1.0
fastlane,spaceship/lib/spaceship/connect_api/models/app_preview_set.rb,38d0ec404332,mobile development,9.5,28,62,88,0.25,0,0.0,8,4,8,1.0
fastlane,spaceship/lib/spaceship/connect_api/models/app_screenshot.rb,38d0ec404332,mobile development,16.8,100,25,50,0.33,0,0.0,8,3,6,0.75
fastlane,spaceship/lib/spaceship/connect_api/models/app_screenshot_set.rb,38d0ec404332,mobile development,6.2,22,38,62,0.25,0,0.0,8,4,8,1.0
fastlane,spaceship/lib/spaceship/connect_api/models/app_store_review_attachment.rb,38d0ec404332,mobile development,13.7,34,67,67,0.33,0,0.0,3,3,3,1.0
fastlane,spaceship/lib/spaceship/connect_api/models/app_store_review_detail.rb,38d0ec404332,mobile development,4,5,33,33,0.33,0,0.0,3,3,3,1.0
fastlane,spaceship/lib/spaceship/connect_api/models/app_store_version.rb,38d0ec404332,mobile development,4.8,7,11,84,0.14,0,0.0,19,7,19,1.0
fastlane,spaceship/lib/spaceship/connect_api/models/app_store_version_localization.rb,38d0ec404332,mobile development,6.3,7,33,67,0.33,0,0.0,9,3,9,1.0
fastlane,spaceship/lib/spaceship/connect_api/models/app_store_version_phased_release.rb,38d0ec404332,mobile development,3.3,5,17,0,0.25,0,0.0,6,4,4,0.667
fastlane,spaceship/lib/spaceship/connect_api/models/beta_app_clip_invocation.rb,38d0ec404332,mobile development,4,5,75,75,0.33,0,0.0,4,3,4,1.0
fastlane,spaceship/lib/spaceship/connect_api/models/beta_app_clip_invocation_localization.rb,38d0ec404332,mobile development,4,5,67,67,0.33,0,0.0,3,3,3,1.0
fastlane,spaceship/lib/spaceship/connect_api/models/beta_feedback.rb,38d0ec404332,mobile development,3.7,4,67,67,0.33,0,0.0,3,3,3,1.0
fastlane,spaceship/lib/spaceship/connect_api/models/beta_group.rb,38d0ec404332,mobile development,4.1,8,14,71,0.33,0,0.0,7,3,7,1.0
fastlane,spaceship/lib/spaceship/connect_api/models/beta_tester.rb,38d0ec404332,mobile development,4.4,5,60,60,0.33,0,0.0,5,3,5,1.0
fastlane,spaceship/lib/spaceship/connect_api/models/build.rb,38d0ec404332,mobile development,5.8,19,16,89,0.25,0,0.0,19,4,19,1.0
fastlane,spaceship/lib/spaceship/connect_api/models/build_beta_detail.rb,38d0ec404332,mobile development,3,3,20,80,0.2,0,0.0,5,5,4,0.8
fastlane,spaceship/lib/spaceship/connect_api/models/bundle_id.rb,38d0ec404332,mobile development,5.2,7,56,89,0.33,0,0.0,9,3,9,1.0
fastlane,spaceship/lib/spaceship/connect_api/models/bundle_id_capability.rb,38d0ec404332,mobile development,4.4,5,60,80,0.17,0,0.0,5,6,5,1.0
fastlane,spaceship/lib/spaceship/connect_api/models/certificate.rb,38d0ec404332,mobile development,9.1,28,71,86,0.25,0,0.0,7,4,7,1.0
fastlane,spaceship/lib/spaceship/connect_api/models/custom_app_organization.rb,38d0ec404332,mobile development,4.8,10,75,25,0.33,0,0.0,4,3,4,1.0
fastlane,spaceship/lib/spaceship/connect_api/models/custom_app_user.rb,38d0ec404332,mobile development,4.8,10,75,25,0.33,0,0.0,4,3,4,1.0
fastlane,spaceship/lib/spaceship/connect_api/models/device.rb,38d0ec404332,mobile development,11.3,76,91,55,0.2,0,0.0,11,5,10,0.909
fastlane,spaceship/lib/spaceship/connect_api/models/profile.rb,38d0ec404332,mobile development,6.4,13,43,86,0.2,0,0.0,7,5,7,1.0
fastlane,spaceship/lib/spaceship/connect_api/models/resolution_center_thread.rb,38d0ec404332,mobile development,4.5,5,50,75,0.25,0,0.0,4,4,4,1.0
fastlane,spaceship/lib/spaceship/connect_api/models/review_submission.rb,38d0ec404332,mobile development,5,6,29,86,0.25,0,0.0,7,4,6,0.857
fastlane,spaceship/lib/spaceship/connect_api/models/sandbox_tester.rb,38d0ec404332,mobile development,6.8,15,75,75,0.33,0,0.0,4,3,4,1.0
fastlane,spaceship/lib/spaceship/connect_api/models/user.rb,38d0ec404332,mobile development,6.3,17,50,67,0.25,0,0.0,6,4,6,1.0
fastlane,spaceship/lib/spaceship/connect_api/models/user_invitation.rb,38d0ec404332,mobile development,5.7,13,67,67,0.33,0,0.0,6,3,6,1.0
fastlane,spaceship/lib/spaceship/connect_api/models/webhook.rb,38d0ec404332,mobile development,4.2,5,75,75,0.25,0,0.0,4,4,4,1.0
fastlane,spaceship/lib/spaceship/connect_api/provisioning/client.rb,38d0ec404332,mobile development,8.6,13,12,50,0.0,2,0.0,8,4,7,0.875
fastlane,spaceship/lib/spaceship/connect_api/provisioning/provisioning.rb,38d0ec404332,mobile development,10.4,39,0,90,0.0,0,0.0,21,5,16,0.762
fastlane,spaceship/lib/spaceship/connect_api/response.rb,38d0ec404332,mobile development,8.1,20,0,75,0.33,0,0.0,8,3,8,1.0
fastlane,spaceship/lib/spaceship/connect_api/spaceship.rb,38d0ec404332,mobile development,4.6,12,100,43,0.5,0,0.0,7,2,7,1.0
fastlane,spaceship/lib/spaceship/connect_api/testflight/testflight.rb,38d0ec404332,mobile development,9.1,30,0,96,0.0,0,0.0,45,5,18,0.4
fastlane,spaceship/lib/spaceship/connect_api/token.rb,38d0ec404332,mobile development,12.6,25,43,100,0.0,0,0.0,7,3,7,1.0
fastlane,spaceship/lib/spaceship/connect_api/users/users.rb,38d0ec404332,mobile development,9,30,0,79,0.0,0,0.0,14,5,11,0.786
fastlane,spaceship/lib/spaceship/du/du_client.rb,38d0ec404332,mobile development,6,38,6,41,0.0,1,0.0,17,2,12,0.706
fastlane,spaceship/lib/spaceship/du/upload_file.rb,38d0ec404332,mobile development,8.2,16,75,25,0.0,0,25.0,4,2,4,1.0
fastlane,spaceship/lib/spaceship/du/utilities.rb,38d0ec404332,mobile development,11,29,0,67,0.0,0,0.0,6,2,6,1.0
fastlane,spaceship/lib/spaceship/helper/plist_middleware.rb,38d0ec404332,mobile development,4.1,6,0,86,0.0,1,0.0,7,2,7,1.0
fastlane,spaceship/lib/spaceship/launcher.rb,38d0ec404332,mobile development,3.5,7,0,38,0.0,0,0.0,8,2,4,0.5
fastlane,spaceship/lib/spaceship/playground.rb,38d0ec404332,mobile development,21,34,0,33,0.0,0,0.0,3,2,3,1.0
fastlane,spaceship/lib/spaceship/portal/app.rb,38d0ec404332,mobile development,5.8,15,23,100,0.0,2,0.0,13,3,12,0.923
fastlane,spaceship/lib/spaceship/portal/app_group.rb,38d0ec404332,mobile development,4,5,75,100,0.0,2,0.0,4,3,4,1.0
fastlane,spaceship/lib/spaceship/portal/app_service.rb,38d0ec404332,mobile development,9,12,33,100,0.0,0,33.3,3,3,3,1.0
fastlane,spaceship/lib/spaceship/portal/certificate.rb,38d0ec404332,mobile development,9.2,38,58,58,0.0,2,0.0,12,23,11,0.917
fastlane,spaceship/lib/spaceship/portal/cloud_container.rb,38d0ec404332,mobile development,4,5,100,100,0.0,2,0.0,3,3,3,1.0
fastlane,spaceship/lib/spaceship/portal/device.rb,38d0ec404332,mobile development,5,18,76,82,0.0,2,0.0,17,3,12,0.706
fastlane,spaceship/lib/spaceship/portal/key.rb,38d0ec404332,mobile development,5.6,28,23,62,0.0,2,0.0,13,3,11,0.846
fastlane,spaceship/lib/spaceship/portal/merchant.rb,38d0ec404332,mobile development,3.8,5,60,100,0.0,2,0.0,5,3,5,1.0
fastlane,spaceship/lib/spaceship/portal/passbook.rb,38d0ec404332,mobile development,4,5,75,100,0.0,2,0.0,4,3,4,1.0
fastlane,spaceship/lib/spaceship/portal/person.rb,38d0ec404332,mobile development,5.3,10,33,100,0.0,2,0.0,3,3,3,1.0
fastlane,spaceship/lib/spaceship/portal/persons.rb,38d0ec404332,mobile development,8.5,14,100,100,0.0,2,0.0,6,3,6,1.0
fastlane,spaceship/lib/spaceship/portal/portal_client.rb,38d0ec404332,mobile development,11.4,43,2,45,0.0,1,0.0,64,2,51,0.797
fastlane,spaceship/lib/spaceship/portal/provisioning_profile.rb,38d0ec404332,mobile development,10,49,40,70,0.0,2,0.0,30,8,26,0.867
fastlane,spaceship/lib/spaceship/portal/spaceship.rb,38d0ec404332,mobile development,3,3,100,4,0.0,0,0.0,25,2,15,0.6
fastlane,spaceship/lib/spaceship/portal/ui/select_team.rb,38d0ec404332,mobile development,25.3,64,67,33,0.0,0,0.0,3,3,3,1.0
fastlane,spaceship/lib/spaceship/portal/website_push.rb,38d0ec404332,mobile development,3.8,5,60,100,0.0,2,0.0,5,3,5,1.0
fastlane,spaceship/lib/spaceship/spaceauth_runner.rb,38d0ec404332,mobile development,14.4,52,0,20,0.0,0,0.0,5,2,5,1.0
fastlane,spaceship/lib/spaceship/stats_middleware.rb,38d0ec404332,mobile development,8.2,19,50,33,0.0,1,0.0,6,2,6,1.0
fastlane,spaceship/lib/spaceship/test_flight/app_test_info.rb,38d0ec404332,mobile development,3.2,4,17,100,0.0,1,0.0,6,2,4,0.667
fastlane,spaceship/lib/spaceship/test_flight/base.rb,38d0ec404332,mobile development,7.7,14,67,100,0.0,1,33.3,3,3,3,1.0
fastlane,spaceship/lib/spaceship/test_flight/build.rb,38d0ec404332,mobile development,3.7,8,24,64,0.0,1,0.0,25,3,17,0.68
fastlane,spaceship/lib/spaceship/test_flight/build_trains.rb,38d0ec404332,mobile development,5.8,17,20,80,0.0,1,0.0,5,2,5,1.0
fastlane,spaceship/lib/spaceship/test_flight/client.rb,38d0ec404332,mobile development,9.9,28,4,57,0.0,1,0.0,28,3,26,0.929
fastlane,spaceship/lib/spaceship/test_flight/group.rb,38d0ec404332,mobile development,5.2,17,62,81,0.0,1,0.0,16,2,15,0.938
fastlane,spaceship/lib/spaceship/test_flight/tester.rb,38d0ec404332,mobile development,4.8,13,45,91,0.0,1,0.0,11,3,11,1.0
fastlane,spaceship/lib/spaceship/tunes/app_analytics.rb,38d0ec404332,mobile development,4.4,8,4,56,0.0,2,0.0,27,3,15,0.556
fastlane,spaceship/lib/spaceship/tunes/app_details.rb,38d0ec404332,mobile development,5.2,10,8,33,0.0,2,8.3,12,3,7,0.583
fastlane,spaceship/lib/spaceship/tunes/app_image.rb,38d0ec404332,mobile development,6.3,10,0,33,0.0,2,33.3,3,3,3,1.0
fastlane,spaceship/lib/spaceship/tunes/app_review_attachment.rb,38d0ec404332,mobile development,6.3,10,0,33,0.0,2,33.3,3,3,3,1.0
fastlane,spaceship/lib/spaceship/tunes/app_submission.rb,38d0ec404332,mobile development,9.5,16,50,75,0.0,2,0.0,4,3,4,1.0
fastlane,spaceship/lib/spaceship/tunes/app_version.rb,38d0ec404332,mobile development,12.6,91,4,80,0.0,2,2.2,45,3,43,0.956
fastlane,spaceship/lib/spaceship/tunes/app_version_history.rb,38d0ec404332,mobile development,4.2,5,0,75,0.0,2,0.0,4,3,4,1.0
fastlane,spaceship/lib/spaceship/tunes/application.rb,38d0ec404332,mobile development,5.8,14,9,77,0.0,2,0.0,43,3,42,0.977
fastlane,spaceship/lib/spaceship/tunes/availability.rb,38d0ec404332,mobile development,9.2,32,9,82,0.0,2,0.0,11,3,8,0.727
fastlane,spaceship/lib/spaceship/tunes/b2b_organization.rb,38d0ec404332,mobile development,3,3,25,50,0.0,2,0.0,4,4,4,1.0
fastlane,spaceship/lib/spaceship/tunes/build.rb,38d0ec404332,mobile development,9,15,0,57,0.0,2,0.0,7,3,7,1.0
fastlane,spaceship/lib/spaceship/tunes/build_train.rb,38d0ec404332,mobile development,30.2,60,25,100,0.0,2,0.0,4,3,4,1.0
fastlane,spaceship/lib/spaceship/tunes/display_family.rb,38d0ec404332,mobile development,4.6,8,60,100,0.0,0,0.0,5,3,5,1.0
fastlane,spaceship/lib/spaceship/tunes/iap.rb,38d0ec404332,mobile development,13.3,44,0,100,0.0,2,0.0,7,3,7,1.0
fastlane,spaceship/lib/spaceship/tunes/iap_detail.rb,38d0ec404332,mobile development,9.6,46,0,93,0.0,2,0.0,15,3,15,1.0
fastlane,spaceship/lib/spaceship/tunes/iap_families.rb,38d0ec404332,mobile development,10.7,13,0,100,0.0,2,0.0,3,3,3,1.0
fastlane,spaceship/lib/spaceship/tunes/iap_family_details.rb,38d0ec404332,mobile development,17,19,0,100,0.0,2,0.0,3,3,3,1.0
fastlane,spaceship/lib/spaceship/tunes/iap_list.rb,38d0ec404332,mobile development,5.2,12,0,100,0.0,2,0.0,4,3,3,0.75
fastlane,spaceship/lib/spaceship/tunes/language_converter.rb,38d0ec404332,mobile development,3.6,6,70,50,0.0,0,0.0,10,4,9,0.9
fastlane,spaceship/lib/spaceship/tunes/language_item.rb,38d0ec404332,mobile development,4.4,9,0,44,0.0,0,0.0,9,3,9,1.0
fastlane,spaceship/lib/spaceship/tunes/member.rb,38d0ec404332,mobile development,4.8,9,0,100,0.0,2,0.0,9,3,8,0.889
fastlane,spaceship/lib/spaceship/tunes/members.rb,38d0ec404332,mobile development,5.5,8,100,100,0.0,2,0.0,4,3,4,1.0
fastlane,spaceship/lib/spaceship/tunes/sandbox_tester.rb,38d0ec404332,mobile development,5,11,83,67,0.0,2,0.0,6,3,6,1.0
fastlane,spaceship/lib/spaceship/tunes/tunes_client.rb,38d0ec404332,mobile development,14.8,87,2,73,0.0,1,0.0,93,2,79,0.849
fastlane,spaceship/lib/spaceship/two_step_or_factor_client.rb,38d0ec404332,mobile development,20.4,107,0,88,0.0,0,0.0,17,2,17,1.0
fastlane,spec_helper.rb,38d0ec404332,mobile development,7.8,16,83,33,0.0,0,16.7,6,4,6,1.0
fastlane,supply/lib/supply/client.rb,38d0ec404332,mobile development,14.8,50,8,97,0.0,1,0.0,36,3,35,0.972
fastlane,supply/lib/supply/commands_generator.rb,38d0ec404332,mobile development,17.7,47,33,67,0.5,0,0.0,3,2,3,1.0
fastlane,supply/lib/supply/reader.rb,38d0ec404332,mobile development,12,15,0,75,0.0,0,0.0,4,2,4,1.0
fastlane,supply/lib/supply/setup.rb,38d0ec404332,mobile development,18.5,43,0,67,0.0,0,16.7,6,2,6,1.0
fastlane,supply/lib/supply/uploader.rb,38d0ec404332,mobile development,19.1,49,0,88,0.0,0,3.8,26,2,26,1.0
fastlane,trainer/lib/trainer/legacy_xcresult.rb,38d0ec404332,mobile development,11.1,95,22,62,0.0,3,0.0,32,20,31,0.969
fastlane,trainer/lib/trainer/plist_test_summary_parser.rb,38d0ec404332,mobile development,17.8,44,100,100,0.0,0,0.0,4,2,4,1.0
fastlane,trainer/lib/trainer/test_parser.rb,38d0ec404332,mobile development,27.8,73,25,75,0.0,0,0.0,4,2,4,1.0
fastlane,trainer/lib/trainer/xcresult/helper.rb,38d0ec404332,mobile development,8.5,10,100,100,0.0,0,0.0,4,3,3,0.75
fastlane,trainer/lib/trainer/xcresult/test_case.rb,38d0ec404332,mobile development,13.4,47,17,92,0.33,0,0.0,12,3,11,0.917
fastlane,trainer/lib/trainer/xcresult/test_case_attributes.rb,38d0ec404332,mobile development,4.1,6,12,100,0.0,0,0.0,8,4,4,0.5
fastlane,trainer/lib/trainer/xcresult/test_plan.rb,38d0ec404332,mobile development,18,41,25,75,0.33,0,0.0,4,3,4,1.0
fastlane,trainer/lib/trainer/xcresult/test_suite.rb,38d0ec404332,mobile development,7.3,25,7,87,0.0,0,0.0,15,3,13,0.867
foreman,lib/foreman/cli.rb,3530b8e4a1b1,process management and monitoring,7.8,30,15,69,1.0,1,0.0,13,1,13,1.0
foreman,lib/foreman/engine.rb,3530b8e4a1b1,process management and monitoring,7.9,30,0,63,0.0,0,0.0,43,1,40,0.93
foreman,lib/foreman/engine/cli.rb,3530b8e4a1b1,process management and monitoring,5.5,14,9,64,0.0,1,0.0,11,2,11,1.0
foreman,lib/foreman/export/base.rb,3530b8e4a1b1,process management and monitoring,5.2,12,0,37,0.0,0,0.0,19,1,17,0.895
foreman,lib/foreman/process.rb,3530b8e4a1b1,process management and monitoring,6.4,9,0,100,0.0,0,0.0,5,1,5,1.0
foreman,lib/foreman/procfile.rb,3530b8e4a1b1,process management and monitoring,5,7,0,89,0.0,0,0.0,9,1,9,1.0
formatador,lib/formatador.rb,1000476d1648,cli utilities,4.6,7,0,23,0.0,0,0.0,13,1,13,1.0
formatador,lib/formatador/progressbar.rb,1000476d1648,cli utilities,14.2,40,0,100,0.0,0,0.0,5,2,5,1.0
formatador,lib/formatador/table.rb,1000476d1648,cli utilities,23.5,69,0,100,0.0,0,0.0,4,1,4,1.0
geocoder,examples/cache_bypass.rb,d3515db46c57,geolocation,4.5,11,0,67,0.0,0,0.0,6,1,6,1.0
geocoder,examples/reverse_geocode_job.rb,d3515db46c57,geolocation,6.3,9,0,100,0.0,1,0.0,3,1,3,1.0
geocoder,lib/easting_northing.rb,d3515db46c57,geolocation,17.2,84,0,56,0.0,0,0.0,9,2,8,0.889
geocoder,lib/geocoder.rb,d3515db46c57,geolocation,4.7,5,100,100,0.0,0,0.0,3,1,3,1.0
geocoder,lib/geocoder/cache.rb,d3515db46c57,geolocation,4.2,11,0,89,0.0,0,11.1,9,2,9,1.0
geocoder,lib/geocoder/cache_stores/base.rb,d3515db46c57,geolocation,3,7,0,43,0.0,0,0.0,7,2,5,0.714
geocoder,lib/geocoder/cache_stores/generic.rb,d3515db46c57,geolocation,6.5,10,0,100,0.0,1,0.0,4,2,4,1.0
geocoder,lib/geocoder/cache_stores/redis.rb,d3515db46c57,geolocation,3.5,7,0,83,0.0,1,0.0,6,2,6,1.0
geocoder,lib/geocoder/calculations.rb,d3515db46c57,geolocation,9.6,34,0,70,0.5,0,0.0,23,2,20,0.87
geocoder,lib/geocoder/configuration.rb,d3515db46c57,geolocation,7.6,35,67,67,0.5,0,11.1,9,2,9,1.0
geocoder,lib/geocoder/esri_token.rb,d3515db46c57,geolocation,7.2,19,25,50,0.0,0,0.0,4,2,4,1.0
geocoder,lib/geocoder/ip_address.rb,d3515db46c57,geolocation,4.2,8,0,60,0.0,1,0.0,5,2,5,1.0
geocoder,lib/geocoder/logger.rb,d3515db46c57,geolocation,6.2,12,25,50,0.5,0,0.0,4,2,4,1.0
geocoder,lib/geocoder/lookup.rb,d3515db46c57,geolocation,11.6,42,0,67,0.5,0,22.2,9,2,8,0.889
geocoder,lib/geocoder/lookups/abstract_api.rb,d3515db46c57,geolocation,4.8,10,0,17,0.0,1,0.0,6,2,4,0.667
geocoder,lib/geocoder/lookups/amap.rb,d3515db46c57,geolocation,6.6,16,0,57,0.0,1,0.0,7,2,5,0.714
geocoder,lib/geocoder/lookups/amazon_location_service.rb,d3515db46c57,geolocation,15.7,21,0,67,0.0,1,0.0,3,2,3,1.0
geocoder,lib/geocoder/lookups/azure.rb,d3515db46c57,geolocation,7,13,0,50,0.0,1,0.0,6,2,4,0.667
geocoder,lib/geocoder/lookups/baidu.rb,d3515db46c57,geolocation,6.4,23,0,29,0.0,1,0.0,7,2,4,0.571
geocoder,lib/geocoder/lookups/baidu_ip.rb,d3515db46c57,geolocation,4,7,0,25,0.0,1,0.0,4,2,3,0.75
geocoder,lib/geocoder/lookups/ban_data_gouv_fr.rb,d3515db46c57,geolocation,5.5,27,0,80,0.0,1,0.0,15,2,13,0.867
geocoder,lib/geocoder/lookups/base.rb,d3515db46c57,geolocation,6.9,29,0,48,0.0,0,6.5,31,3,28,0.903
geocoder,lib/geocoder/lookups/bing.rb,d3515db46c57,geolocation,7.1,17,0,56,0.0,1,0.0,9,2,8,0.889
geocoder,lib/geocoder/lookups/db_ip_com.rb,d3515db46c57,geolocation,5.7,19,0,50,0.0,1,0.0,6,2,4,0.667
geocoder,lib/geocoder/lookups/esri.rb,d3515db46c57,geolocation,9.4,26,0,80,0.0,1,0.0,10,2,9,0.9
geocoder,lib/geocoder/lookups/freegeoip.rb,d3515db46c57,geolocation,5.6,14,0,75,0.0,1,0.0,8,2,8,1.0
geocoder,lib/geocoder/lookups/geoapify.rb,d3515db46c57,geolocation,7.1,17,0,62,0.0,1,0.0,8,3,6,0.75
geocoder,lib/geocoder/lookups/geocoder_ca.rb,d3515db46c57,geolocation,7.8,19,0,60,0.0,1,0.0,5,2,5,1.0
geocoder,lib/geocoder/lookups/geocodio.rb,d3515db46c57,geolocation,7.2,16,0,75,0.0,1,0.0,4,2,4,1.0
geocoder,lib/geocoder/lookups/geoip2.rb,d3515db46c57,geolocation,6.4,13,0,60,0.0,1,0.0,5,3,4,0.8
geocoder,lib/geocoder/lookups/geoportail_lu.rb,d3515db46c57,geolocation,5,11,0,56,0.0,1,0.0,9,3,8,0.889
geocoder,lib/geocoder/lookups/google.rb,d3515db46c57,geolocation,8.1,24,0,70,0.0,1,10.0,10,2,9,0.9
geocoder,lib/geocoder/lookups/google_places_details.rb,d3515db46c57,geolocation,5,11,0,44,0.0,1,0.0,9,3,6,0.667
geocoder,lib/geocoder/lookups/google_places_search.rb,d3515db46c57,geolocation,5.5,11,0,40,0.0,1,0.0,10,3,7,0.7
geocoder,lib/geocoder/lookups/google_premier.rb,d3515db46c57,geolocation,4,7,0,30,0.0,1,0.0,10,2,8,0.8
geocoder,lib/geocoder/lookups/here.rb,d3515db46c57,geolocation,7,13,0,50,0.0,1,0.0,8,2,6,0.75
geocoder,lib/geocoder/lookups/ip2location.rb,d3515db46c57,geolocation,7.7,24,0,29,0.0,1,0.0,7,2,5,0.714
geocoder,lib/geocoder/lookups/ip2location_io.rb,d3515db46c57,geolocation,6.4,16,0,29,0.0,1,0.0,7,2,5,0.714
geocoder,lib/geocoder/lookups/ip2location_lite.rb,d3515db46c57,geolocation,6,11,0,50,0.0,1,0.0,4,3,3,0.75
geocoder,lib/geocoder/lookups/ipapi_com.rb,d3515db46c57,geolocation,8,17,0,62,0.0,1,0.0,8,2,8,1.0
geocoder,lib/geocoder/lookups/ipbase.rb,d3515db46c57,geolocation,5.7,13,0,33,0.0,1,0.0,6,2,5,0.833
geocoder,lib/geocoder/lookups/ipdata_co.rb,d3515db46c57,geolocation,5.6,14,0,50,0.0,1,0.0,8,2,7,0.875
geocoder,lib/geocoder/lookups/ipgeolocation.rb,d3515db46c57,geolocation,4.5,7,0,33,0.0,1,0.0,6,2,5,0.833
geocoder,lib/geocoder/lookups/ipinfo_io.rb,d3515db46c57,geolocation,5.8,10,0,60,0.0,1,0.0,5,2,5,1.0
geocoder,lib/geocoder/lookups/ipinfo_io_lite.rb,d3515db46c57,geolocation,5.8,10,0,60,0.0,1,0.0,5,2,5,1.0
geocoder,lib/geocoder/lookups/ipqualityscore.rb,d3515db46c57,geolocation,6.8,19,0,60,0.0,1,0.0,5,2,4,0.8
geocoder,lib/geocoder/lookups/ipregistry.rb,d3515db46c57,geolocation,5.1,14,0,50,0.0,1,0.0,8,2,7,0.875
geocoder,lib/geocoder/lookups/ipstack.rb,d3515db46c57,geolocation,5.8,14,0,67,0.0,1,0.0,6,2,6,1.0
geocoder,lib/geocoder/lookups/latlon.rb,d3515db46c57,geolocation,6.7,14,0,50,0.0,1,0.0,6,2,4,0.667
geocoder,lib/geocoder/lookups/location_iq.rb,d3515db46c57,geolocation,5.6,18,0,57,0.0,1,0.0,7,2,5,0.714
geocoder,lib/geocoder/lookups/mapbox.rb,d3515db46c57,geolocation,5.4,11,0,62,0.0,1,0.0,8,2,7,0.875
geocoder,lib/geocoder/lookups/mapquest.rb,d3515db46c57,geolocation,6.5,19,0,67,0.0,1,0.0,6,2,5,0.833
geocoder,lib/geocoder/lookups/maxmind.rb,d3515db46c57,geolocation,5.7,13,0,55,0.0,1,0.0,11,2,11,1.0
geocoder,lib/geocoder/lookups/maxmind_geoip2.rb,d3515db46c57,geolocation,5.6,14,0,50,0.0,1,0.0,8,2,7,0.875
geocoder,lib/geocoder/lookups/maxmind_local.rb,d3515db46c57,geolocation,9.2,24,0,67,0.0,1,0.0,6,2,5,0.833
geocoder,lib/geocoder/lookups/melissa_street.rb,d3515db46c57,geolocation,7,12,0,50,0.0,1,0.0,4,2,4,1.0
geocoder,lib/geocoder/lookups/nationaal_georegister_nl.rb,d3515db46c57,geolocation,3.8,6,0,50,0.0,1,0.0,6,2,6,1.0
geocoder,lib/geocoder/lookups/nominatim.rb,d3515db46c57,geolocation,5.9,15,0,88,0.0,1,0.0,8,2,8,1.0
geocoder,lib/geocoder/lookups/opencagedata.rb,d3515db46c57,geolocation,10,22,0,40,0.0,1,0.0,5,2,4,0.8
geocoder,lib/geocoder/lookups/osmnames.rb,d3515db46c57,geolocation,4.2,9,0,67,0.0,1,0.0,9,2,8,0.889
geocoder,lib/geocoder/lookups/pc_miler.rb,d3515db46c57,geolocation,7.4,15,0,67,0.0,1,0.0,9,2,8,0.889
geocoder,lib/geocoder/lookups/pdok_nl.rb,d3515db46c57,geolocation,3.9,7,0,43,0.0,1,0.0,7,2,6,0.857
geocoder,lib/geocoder/lookups/pelias.rb,d3515db46c57,geolocation,8.2,22,0,67,0.0,1,0.0,6,2,5,0.833
geocoder,lib/geocoder/lookups/photon.rb,d3515db46c57,geolocation,8,13,0,78,0.0,1,0.0,9,2,8,0.889
geocoder,lib/geocoder/lookups/pickpoint.rb,d3515db46c57,geolocation,4.5,9,0,50,0.0,1,0.0,6,2,4,0.667
geocoder,lib/geocoder/lookups/pointpin.rb,d3515db46c57,geolocation,7.4,23,0,57,0.0,1,0.0,7,2,6,0.857
geocoder,lib/geocoder/lookups/postcode_anywhere_uk.rb,d3515db46c57,geolocation,5.3,10,0,50,0.0,1,0.0,6,2,5,0.833
geocoder,lib/geocoder/lookups/postcodes_io.rb,d3515db46c57,geolocation,3.6,6,0,40,0.0,1,0.0,5,2,4,0.8
geocoder,lib/geocoder/lookups/smarty_streets.rb,d3515db46c57,geolocation,6.4,19,0,50,0.0,1,0.0,8,2,6,0.75
geocoder,lib/geocoder/lookups/telize.rb,d3515db46c57,geolocation,6.2,19,0,67,0.0,1,0.0,9,2,9,1.0
geocoder,lib/geocoder/lookups/tencent.rb,d3515db46c57,geolocation,6,20,0,29,0.0,1,0.0,7,2,4,0.571
geocoder,lib/geocoder/lookups/test.rb,d3515db46c57,geolocation,3.6,7,75,50,0.0,1,0.0,8,3,7,0.875
geocoder,lib/geocoder/lookups/twogis.rb,d3515db46c57,geolocation,6,14,0,43,0.0,1,0.0,7,2,5,0.714
geocoder,lib/geocoder/lookups/uk_ordnance_survey_names.rb,d3515db46c57,geolocation,4.4,10,0,33,0.0,1,0.0,9,2,7,0.778
geocoder,lib/geocoder/lookups/yandex.rb,d3515db46c57,geolocation,7.7,17,0,50,0.0,1,0.0,6,2,5,0.833
geocoder,lib/geocoder/models/active_record.rb,d3515db46c57,geolocation,7.5,14,0,50,0.33,0,0.0,4,3,3,0.75
geocoder,lib/geocoder/models/base.rb,d3515db46c57,geolocation,5.8,9,0,50,0.33,0,25.0,4,3,3,0.75
geocoder,lib/geocoder/models/mongo_base.rb,d3515db46c57,geolocation,9.8,13,0,100,0.33,0,50.0,4,3,3,0.75
geocoder,lib/geocoder/models/mongo_mapper.rb,d3515db46c57,geolocation,2.5,7,25,50,0.67,0,0.0,4,3,3,0.75
geocoder,lib/geocoder/models/mongoid.rb,d3515db46c57,geolocation,4,13,25,50,0.67,0,0.0,4,3,3,0.75
geocoder,lib/geocoder/query.rb,d3515db46c57,geolocation,4.2,11,0,56,0.0,0,0.0,16,2,16,1.0
geocoder,lib/geocoder/request.rb,d3515db46c57,geolocation,8.6,22,0,71,0.0,0,0.0,7,2,7,1.0
geocoder,lib/geocoder/results/amap.rb,d3515db46c57,geolocation,3.5,9,7,53,0.0,1,0.0,15,2,9,0.6
geocoder,lib/geocoder/results/amazon_location_service.rb,d3515db46c57,geolocation,3.1,4,0,100,0.0,1,0.0,14,2,10,0.714
geocoder,lib/geocoder/results/ban_data_gouv_fr.rb,d3515db46c57,geolocation,3.4,9,4,81,0.0,1,0.0,27,2,15,0.556
geocoder,lib/geocoder/results/base.rb,d3515db46c57,geolocation,3.7,10,0,36,0.0,0,0.0,11,3,7,0.636
geocoder,lib/geocoder/results/bing.rb,d3515db46c57,geolocation,3,3,11,89,0.0,1,0.0,9,2,5,0.556
geocoder,lib/geocoder/results/esri.rb,d3515db46c57,geolocation,3.9,7,0,93,0.0,1,0.0,14,2,10,0.714
geocoder,lib/geocoder/results/freegeoip.rb,d3515db46c57,geolocation,3,3,14,86,0.0,1,0.0,7,2,3,0.429
geocoder,lib/geocoder/results/geoapify.rb,d3515db46c57,geolocation,3.9,9,0,96,0.0,1,0.0,23,3,11,0.478
geocoder,lib/geocoder/results/geocoder_ca.rb,d3515db46c57,geolocation,3.3,5,10,70,0.0,1,0.0,10,2,8,0.8
geocoder,lib/geocoder/results/geocodio.rb,d3515db46c57,geolocation,3.5,10,0,100,0.0,1,0.0,15,2,8,0.533
geocoder,lib/geocoder/results/geoip2.rb,d3515db46c57,geolocation,3.6,5,8,77,0.0,1,0.0,13,3,11,0.846
geocoder,lib/geocoder/results/geoportail_lu.rb,d3515db46c57,geolocation,3.1,5,0,36,0.0,1,0.0,14,2,8,0.571
geocoder,lib/geocoder/results/google.rb,d3515db46c57,geolocation,4.3,11,0,92,0.0,1,0.0,25,2,11,0.44
geocoder,lib/geocoder/results/ip2location_lite.rb,d3515db46c57,geolocation,3.4,6,12,75,0.0,1,0.0,8,2,4,0.5
geocoder,lib/geocoder/results/ipapi_com.rb,d3515db46c57,geolocation,3,3,12,25,0.0,1,0.0,8,2,7,0.875
geocoder,lib/geocoder/results/ipbase.rb,d3515db46c57,geolocation,3.4,6,0,100,0.0,1,0.0,8,2,4,0.5
geocoder,lib/geocoder/results/ipgeolocation.rb,d3515db46c57,geolocation,4.9,18,12,75,0.0,1,0.0,8,2,4,0.5
geocoder,lib/geocoder/results/ipinfo_io.rb,d3515db46c57,geolocation,3,3,11,78,0.0,1,0.0,9,2,5,0.556
geocoder,lib/geocoder/results/ipqualityscore.rb,d3515db46c57,geolocation,11,27,33,0,0.0,1,0.0,3,3,3,1.0
geocoder,lib/geocoder/results/ipstack.rb,d3515db46c57,geolocation,5.9,21,14,71,0.0,1,0.0,7,2,5,0.714
geocoder,lib/geocoder/results/latlon.rb,d3515db46c57,geolocation,3,3,0,80,0.0,1,0.0,15,2,6,0.4
geocoder,lib/geocoder/results/mapbox.rb,d3515db46c57,geolocation,3.8,9,0,67,0.0,1,0.0,15,2,10,0.667
geocoder,lib/geocoder/results/mapquest.rb,d3515db46c57,geolocation,3,3,0,89,0.0,1,0.0,9,2,5,0.556
geocoder,lib/geocoder/results/maxmind.rb,d3515db46c57,geolocation,8.1,58,8,77,0.0,1,0.0,13,2,9,0.692
geocoder,lib/geocoder/results/opencagedata.rb,d3515db46c57,geolocation,4.1,8,6,94,0.0,1,0.0,17,2,8,0.471
geocoder,lib/geocoder/results/osmnames.rb,d3515db46c57,geolocation,3.2,4,10,80,0.0,1,0.0,10,2,5,0.5
geocoder,lib/geocoder/results/pc_miler.rb,d3515db46c57,geolocation,3.4,6,0,100,0.0,1,0.0,10,2,4,0.4
geocoder,lib/geocoder/results/pelias.rb,d3515db46c57,geolocation,3,3,9,73,0.0,1,0.0,11,2,8,0.727
geocoder,lib/geocoder/results/photon.rb,d3515db46c57,geolocation,4.5,11,0,84,0.0,1,0.0,19,2,10,0.526
geocoder,lib/geocoder/results/pointpin.rb,d3515db46c57,geolocation,3,3,14,86,0.0,1,0.0,7,2,3,0.429
geocoder,lib/geocoder/results/postcode_anywhere_uk.rb,d3515db46c57,geolocation,3.4,6,0,57,0.0,1,0.0,7,2,4,0.571
geocoder,lib/geocoder/results/postcodes_io.rb,d3515db46c57,geolocation,3,3,0,75,0.0,1,0.0,8,2,4,0.5
geocoder,lib/geocoder/results/smarty_streets.rb,d3515db46c57,geolocation,6.8,13,0,100,0.0,1,0.0,13,2,10,0.769
geocoder,lib/geocoder/results/tencent.rb,d3515db46c57,geolocation,4,5,0,58,0.0,1,0.0,12,2,5,0.417
geocoder,lib/geocoder/results/uk_ordnance_survey_names.rb,d3515db46c57,geolocation,3.4,6,0,82,0.0,1,0.0,11,2,8,0.727
geocoder,lib/geocoder/results/yandex.rb,d3515db46c57,geolocation,4.2,12,0,58,0.0,1,0.0,24,2,16,0.667
geocoder,lib/geocoder/sql.rb,d3515db46c57,geolocation,13.4,24,0,100,0.5,0,0.0,5,2,5,1.0
geocoder,lib/geocoder/stores/active_record.rb,d3515db46c57,geolocation,13.1,62,6,82,0.33,0,41.2,17,3,17,1.0
geocoder,lib/geocoder/stores/base.rb,d3515db46c57,geolocation,7.5,30,0,25,0.0,0,25.0,8,3,6,0.75
geocoder,lib/geocoder/stores/mongo_base.rb,d3515db46c57,geolocation,9,12,25,100,0.0,0,100.0,4,2,4,1.0
geocoder,lib/maxmind_database.rb,d3515db46c57,geolocation,8,19,0,73,0.5,0,0.0,11,2,11,1.0
gitlab,lib/gitlab.rb,4818c5712616,third-party apis,4.3,7,100,67,1.0,0,33.3,6,1,6,1.0
gitlab,lib/gitlab/cli.rb,4818c5712616,third-party apis,19.7,43,100,67,1.0,0,0.0,3,1,3,1.0
gitlab,lib/gitlab/cli_helpers.rb,4818c5712616,third-party apis,9.4,32,0,67,0.0,0,11.1,18,2,17,0.944
gitlab,lib/gitlab/client.rb,4818c5712616,third-party apis,4.2,5,0,75,32.5,2,0.0,4,2,4,1.0
gitlab,lib/gitlab/client/access_requests.rb,4818c5712616,third-party apis,3,3,0,0,0.0,2,0.0,8,2,4,0.5
gitlab,lib/gitlab/client/award_emojis.rb,4818c5712616,third-party apis,3,3,0,0,0.0,2,0.0,8,2,7,0.875
gitlab,lib/gitlab/client/boards.rb,4818c5712616,third-party apis,3.1,4,0,0,0.0,2,0.0,10,2,8,0.8
gitlab,lib/gitlab/client/branches.rb,4818c5712616,third-party apis,3,3,0,0,0.0,2,0.0,9,2,7,0.778
gitlab,lib/gitlab/client/broadcast_messages.rb,4818c5712616,third-party apis,3.2,4,0,0,0.0,2,0.0,5,2,5,1.0
gitlab,lib/gitlab/client/build_variables.rb,4818c5712616,third-party apis,3,3,0,40,0.0,2,0.0,10,2,6,0.6
gitlab,lib/gitlab/client/builds.rb,4818c5712616,third-party apis,4.3,12,0,14,0.0,2,0.0,7,2,4,0.571
gitlab,lib/gitlab/client/commits.rb,4818c5712616,third-party apis,3.8,8,0,33,0.0,2,0.0,12,2,5,0.417
gitlab,lib/gitlab/client/container_registry.rb,4818c5712616,third-party apis,3,3,0,0,0.0,2,0.0,6,2,4,0.667
gitlab,lib/gitlab/client/environments.rb,4818c5712616,third-party apis,3.2,4,0,0,0.0,2,0.0,6,2,5,0.833
gitlab,lib/gitlab/client/epics.rb,4818c5712616,third-party apis,3.2,4,0,20,0.0,2,0.0,5,2,5,1.0
gitlab,lib/gitlab/client/features.rb,4818c5712616,third-party apis,3.3,4,0,0,0.0,2,0.0,3,2,3,1.0
gitlab,lib/gitlab/client/group_badges.rb,4818c5712616,third-party apis,3.3,4,0,0,0.0,2,0.0,6,2,6,1.0
gitlab,lib/gitlab/client/group_boards.rb,4818c5712616,third-party apis,3.2,4,0,0,0.0,2,0.0,10,2,9,0.9
gitlab,lib/gitlab/client/group_labels.rb,4818c5712616,third-party apis,3,3,0,33,0.0,2,0.0,6,2,5,0.833
gitlab,lib/gitlab/client/group_milestones.rb,4818c5712616,third-party apis,3.2,4,0,0,0.0,2,0.0,6,2,4,0.667
gitlab,lib/gitlab/client/groups.rb,4818c5712616,third-party apis,3.2,6,0,11,0.0,2,0.0,36,2,20,0.556
gitlab,lib/gitlab/client/issue_links.rb,4818c5712616,third-party apis,3,3,0,0,0.0,2,0.0,3,2,3,1.0
gitlab,lib/gitlab/client/issues.rb,4818c5712616,third-party apis,3.3,7,0,6,0.0,2,0.0,18,2,9,0.5
gitlab,lib/gitlab/client/jobs.rb,4818c5712616,third-party apis,5.3,13,0,20,0.0,2,0.0,15,2,8,0.533
gitlab,lib/gitlab/client/labels.rb,4818c5712616,third-party apis,3,3,0,33,0.0,2,0.0,6,2,5,0.833
gitlab,lib/gitlab/client/merge_request_approvals.rb,4818c5712616,third-party apis,3,3,0,0,0.0,2,0.0,17,2,9,0.529
gitlab,lib/gitlab/client/merge_requests.rb,4818c5712616,third-party apis,3.0,4,0,0,0.0,2,0.0,27,2,12,0.444
gitlab,lib/gitlab/client/merge_trains.rb,4818c5712616,third-party apis,3,3,0,0,0.0,2,0.0,4,2,3,0.75
gitlab,lib/gitlab/client/milestones.rb,4818c5712616,third-party apis,3.1,4,0,0,0.0,2,0.0,7,2,5,0.714
gitlab,lib/gitlab/client/packages.rb,4818c5712616,third-party apis,3,3,0,0,0.0,2,0.0,6,2,3,0.5
gitlab,lib/gitlab/client/pipeline_schedules.rb,4818c5712616,third-party apis,3,3,0,0,0.0,2,0.0,11,2,7,0.636
gitlab,lib/gitlab/client/pipeline_triggers.rb,4818c5712616,third-party apis,3.6,7,0,0,0.0,2,0.0,7,2,6,0.857
gitlab,lib/gitlab/client/pipelines.rb,4818c5712616,third-party apis,4.1,13,0,11,0.0,2,0.0,9,2,5,0.556
gitlab,lib/gitlab/client/project_badges.rb,4818c5712616,third-party apis,3.2,4,0,0,0.0,2,0.0,6,2,6,1.0
gitlab,lib/gitlab/client/project_clusters.rb,4818c5712616,third-party apis,3.2,4,0,0,0.0,2,0.0,5,2,5,1.0
gitlab,lib/gitlab/client/project_exports.rb,4818c5712616,third-party apis,6,12,0,33,0.0,2,0.0,3,2,3,1.0
gitlab,lib/gitlab/client/project_release_links.rb,4818c5712616,third-party apis,3,3,0,0,0.0,2,0.0,5,2,5,1.0
gitlab,lib/gitlab/client/project_releases.rb,4818c5712616,third-party apis,3,3,0,0,0.0,2,0.0,6,2,5,0.833
gitlab,lib/gitlab/client/projects.rb,4818c5712616,third-party apis,3.1,4,0,4,0.0,2,0.0,55,2,22,0.4
gitlab,lib/gitlab/client/protected_tags.rb,4818c5712616,third-party apis,3.2,4,0,0,0.0,2,0.0,4,2,3,0.75
gitlab,lib/gitlab/client/remote_mirrors.rb,4818c5712616,third-party apis,3,3,0,17,0.0,2,0.0,6,2,6,1.0
gitlab,lib/gitlab/client/repositories.rb,4818c5712616,third-party apis,4.4,13,0,43,0.0,2,0.0,7,2,5,0.714
gitlab,lib/gitlab/client/repository_files.rb,4818c5712616,third-party apis,6,7,0,0,0.0,2,0.0,7,2,6,0.857
gitlab,lib/gitlab/client/runners.rb,4818c5712616,third-party apis,3.2,4,0,0,0.0,2,0.0,17,2,12,0.706
gitlab,lib/gitlab/client/search.rb,4818c5712616,third-party apis,5.3,8,0,33,0.0,2,0.0,3,2,3,1.0
gitlab,lib/gitlab/client/services.rb,4818c5712616,third-party apis,3,3,0,25,0.0,2,0.0,4,2,4,1.0
gitlab,lib/gitlab/client/snippets.rb,4818c5712616,third-party apis,3.5,6,0,0,0.0,2,0.0,6,2,5,0.833
gitlab,lib/gitlab/client/system_hooks.rb,4818c5712616,third-party apis,3,3,0,25,0.0,2,0.0,4,2,3,0.75
gitlab,lib/gitlab/client/tags.rb,4818c5712616,third-party apis,3,3,0,0,0.0,2,0.0,6,2,6,1.0
gitlab,lib/gitlab/client/todos.rb,4818c5712616,third-party apis,3,3,0,0,0.0,2,0.0,3,2,3,1.0
gitlab,lib/gitlab/client/user_snippets.rb,4818c5712616,third-party apis,3.4,6,0,0,0.0,2,0.0,8,2,6,0.75
gitlab,lib/gitlab/client/users.rb,4818c5712616,third-party apis,4.1,8,0,38,0.0,2,0.0,37,2,21,0.568
gitlab,lib/gitlab/client/wikis.rb,4818c5712616,third-party apis,3.2,4,0,0,0.0,2,0.0,5,2,4,0.8
gitlab,lib/gitlab/configuration.rb,4818c5712616,third-party apis,5.6,9,20,60,0.0,0,20.0,5,2,5,1.0
gitlab,lib/gitlab/error.rb,4818c5712616,third-party apis,6.8,15,11,89,0.0,2,11.1,9,19,9,1.0
gitlab,lib/gitlab/file_response.rb,4818c5712616,third-party apis,3.7,7,0,57,0.0,0,14.3,7,2,6,0.857
gitlab,lib/gitlab/help.rb,4818c5712616,third-party apis,10.3,18,100,83,1.0,0,0.0,6,1,6,1.0
gitlab,lib/gitlab/objectified_hash.rb,4818c5712616,third-party apis,5,10,0,83,0.0,0,16.7,6,2,6,1.0
gitlab,lib/gitlab/paginated_response.rb,4818c5712616,third-party apis,4.2,8,0,85,0.0,0,5.0,20,2,20,1.0
gitlab,lib/gitlab/request.rb,4818c5712616,third-party apis,10.3,18,29,86,0.5,0,0.0,7,2,7,1.0
gitlab,lib/gitlab/shell.rb,4818c5712616,third-party apis,8.3,30,100,86,1.0,0,0.0,7,1,7,1.0
gitlab,lib/gitlab/shell_history.rb,4818c5712616,third-party apis,4.1,8,0,56,0.0,0,0.0,9,2,9,1.0
gli,lib/gli/app.rb,4029b76c888a,cli builder,4.2,10,0,21,1.0,0,0.0,28,2,15,0.536
gli,lib/gli/app_support.rb,4029b76c888a,cli builder,7.0,36,3,41,0.0,0,0.0,37,2,21,0.568
gli,lib/gli/command.rb,4029b76c888a,cli builder,5.4,15,11,56,0.67,1,0.0,9,3,7,0.778
gli,lib/gli/command_finder.rb,4029b76c888a,cli builder,10.2,22,0,75,0.0,0,0.0,4,2,4,1.0
gli,lib/gli/command_line_token.rb,4029b76c888a,cli builder,5.3,12,0,57,0.0,0,0.0,7,2,7,1.0
gli,lib/gli/command_support.rb,4029b76c888a,cli builder,4.5,14,0,40,0.0,0,0.0,30,2,18,0.6
gli,lib/gli/commands/compound_command.rb,4029b76c888a,cli builder,6.5,10,25,100,0.0,2,0.0,4,3,4,1.0
gli,lib/gli/commands/doc.rb,4029b76c888a,cli builder,6.4,19,0,39,0.0,2,3.6,28,4,19,0.679
gli,lib/gli/commands/help.rb,4029b76c888a,cli builder,6.1,23,38,25,0.0,2,0.0,8,3,4,0.5
gli,lib/gli/commands/help_modules/arg_name_formatter.rb,4029b76c888a,cli builder,12,18,0,100,0.0,0,0.0,3,4,3,1.0
gli,lib/gli/commands/help_modules/command_finder.rb,4029b76c888a,cli builder,9.2,12,0,75,0.0,0,0.0,4,4,4,1.0
gli,lib/gli/commands/help_modules/command_help_format.rb,4029b76c888a,cli builder,10.8,14,0,100,0.0,0,0.0,5,4,5,1.0
gli,lib/gli/commands/help_modules/full_synopsis_formatter.rb,4029b76c888a,cli builder,11,24,0,100,0.0,0,0.0,8,4,8,1.0
gli,lib/gli/commands/help_modules/global_help_format.rb,4029b76c888a,cli builder,9,21,0,75,0.0,0,0.0,4,4,4,1.0
gli,lib/gli/commands/help_modules/options_formatter.rb,4029b76c888a,cli builder,9.8,13,0,100,0.0,0,0.0,4,4,4,1.0
gli,lib/gli/commands/initconfig.rb,4029b76c888a,cli builder,18,22,0,100,0.0,2,0.0,3,2,3,1.0
gli,lib/gli/commands/rdoc_document_listener.rb,4029b76c888a,cli builder,5.1,12,0,88,0.0,0,0.0,16,3,14,0.875
gli,lib/gli/commands/scaffold.rb,4029b76c888a,cli builder,34.1,109,100,89,0.0,0,0.0,9,3,9,1.0
gli,lib/gli/dsl.rb,4029b76c888a,cli builder,7.4,35,0,47,0.0,0,0.0,15,2,12,0.8
gli,lib/gli/exceptions.rb,4029b76c888a,cli builder,3.8,14,0,18,0.29,3,0.0,11,14,7,0.636
gli,lib/gli/flag.rb,4029b76c888a,cli builder,7.3,12,0,43,0.0,2,0.0,7,2,5,0.714
gli,lib/gli/gli_option_block_parser.rb,4029b76c888a,cli builder,6.6,11,0,57,0.0,2,0.0,7,4,6,0.857
gli,lib/gli/gli_option_parser.rb,4029b76c888a,cli builder,17.9,57,0,73,0.0,2,9.1,11,5,11,1.0
gli,lib/gli/option_parser_factory.rb,4029b76c888a,cli builder,9,17,57,71,0.0,0,0.0,7,2,7,1.0
gli,lib/gli/options.rb,4029b76c888a,cli builder,3,3,0,100,0.0,1,66.7,3,2,3,1.0
gli,lib/gli/switch.rb,4029b76c888a,cli builder,4.2,8,0,25,0.0,2,0.0,4,2,3,0.75
gli,lib/gli/terminal.rb,4029b76c888a,cli builder,3.1,10,70,10,0.0,0,0.0,10,2,7,0.7
guard,lib/guard.rb,170d63c6ca57,file system listener,11,28,100,89,1.0,0,11.1,9,1,9,1.0
guard,lib/guard/aruba_adapter.rb,170d63c6ca57,file system listener,17,34,0,67,0.0,0,0.0,3,2,3,1.0
guard,lib/guard/cli.rb,170d63c6ca57,file system listener,5.3,12,14,29,0.0,1,0.0,7,2,7,1.0
guard,lib/guard/cli/environments/valid.rb,170d63c6ca57,file system listener,18.3,40,0,67,0.0,0,0.0,3,4,3,1.0
guard,lib/guard/commander.rb,170d63c6ca57,file system listener,9,23,0,50,0.5,0,16.7,6,2,5,0.833
guard,lib/guard/deprecated/evaluator.rb,170d63c6ca57,file system listener,4.3,6,33,33,0.0,0,33.3,3,3,3,1.0
guard,lib/guard/deprecated/guard.rb,170d63c6ca57,file system listener,6.3,50,4,19,0.25,0,11.1,27,4,26,0.963
guard,lib/guard/deprecated/guardfile.rb,170d63c6ca57,file system listener,3.8,4,25,25,0.0,0,25.0,4,4,4,1.0
guard,lib/guard/dsl.rb,170d63c6ca57,file system listener,11.4,30,0,79,0.0,1,7.1,14,3,14,1.0
guard,lib/guard/dsl_describer.rb,170d63c6ca57,file system listener,23.6,50,0,100,0.0,0,0.0,5,2,5,1.0
guard,lib/guard/group.rb,170d63c6ca57,file system listener,3.3,4,0,67,0.0,0,0.0,3,2,3,1.0
guard,lib/guard/guardfile/evaluator.rb,170d63c6ca57,file system listener,6.9,15,0,53,0.0,1,0.0,17,7,15,0.882
guard,lib/guard/guardfile/generator.rb,170d63c6ca57,file system listener,8,28,0,43,0.0,1,14.3,7,6,7,1.0
guard,lib/guard/interactor.rb,170d63c6ca57,file system listener,4.8,10,50,50,0.5,0,0.0,4,2,3,0.75
guard,lib/guard/internals/debugging.rb,170d63c6ca57,file system listener,5.2,11,100,17,0.0,0,0.0,6,3,6,1.0
guard,lib/guard/internals/groups.rb,170d63c6ca57,file system listener,6,10,0,75,0.0,0,0.0,4,3,4,1.0
guard,lib/guard/internals/plugins.rb,170d63c6ca57,file system listener,6.8,20,0,80,0.0,0,0.0,5,3,5,1.0
guard,lib/guard/internals/queue.rb,170d63c6ca57,file system listener,7.6,16,0,80,0.0,0,20.0,5,3,5,1.0
guard,lib/guard/internals/scope.rb,170d63c6ca57,file system listener,8.7,30,0,64,0.0,0,36.4,11,3,11,1.0
guard,lib/guard/internals/session.rb,170d63c6ca57,file system listener,7.3,22,0,67,0.0,0,0.0,15,3,13,0.867
guard,lib/guard/jobs/pry_wrapper.rb,170d63c6ca57,file system listener,6.5,18,0,61,0.0,1,0.0,33,4,31,0.939
guard,lib/guard/jobs/sleep.rb,170d63c6ca57,file system listener,5,9,0,0,0.0,1,0.0,3,3,3,1.0
guard,lib/guard/notifier.rb,170d63c6ca57,file system listener,7.4,14,100,86,0.0,0,0.0,7,2,7,1.0
guard,lib/guard/plugin.rb,170d63c6ca57,file system listener,4.6,12,54,62,0.0,0,0.0,13,2,13,1.0
guard,lib/guard/plugin_util.rb,170d63c6ca57,file system listener,9.9,27,20,80,0.0,0,20.0,10,2,10,1.0
guard,lib/guard/runner.rb,170d63c6ca57,file system listener,13.6,22,20,100,0.0,0,20.0,5,2,5,1.0
guard,lib/guard/ui.rb,170d63c6ca57,file system listener,6.2,18,100,45,0.5,0,10.0,20,2,16,0.8
guard,lib/guard/ui/config.rb,170d63c6ca57,file system listener,7.2,14,0,33,0.0,2,0.0,6,3,5,0.833
guard,lib/guard/watcher.rb,170d63c6ca57,file system listener,8.8,27,20,80,0.0,0,0.0,5,2,5,1.0
guard,lib/guard/watcher/pattern/deprecated_regexp.rb,170d63c6ca57,file system listener,7.8,21,50,25,0.0,0,0.0,4,4,4,1.0
guard,lib/guard/watcher/pattern/matcher.rb,170d63c6ca57,file system listener,3.5,5,0,75,0.0,0,0.0,4,4,4,1.0
guard,lib/guard/watcher/pattern/simple_path.rb,170d63c6ca57,file system listener,3.7,5,0,33,0.0,0,0.0,3,4,3,1.0
guard,lib/tasks/releaser.rb,170d63c6ca57,file system listener,10.1,26,0,90,0.0,0,0.0,10,1,10,1.0
haml,benchmark/slim/run-benchmarks.rb,7f51ae709d96,template engine,8.5,13,0,75,0.0,0,25.0,4,1,4,1.0
haml,lib/haml/attribute_builder.rb,7f51ae709d96,template engine,14,29,100,73,0.0,0,0.0,11,1,10,0.909
haml,lib/haml/attribute_compiler.rb,7f51ae709d96,template engine,9.5,24,0,100,0.0,0,0.0,11,2,10,0.909
haml,lib/haml/attribute_parser.rb,7f51ae709d96,template engine,7.6,20,25,75,0.0,0,0.0,8,2,8,1.0
haml,lib/haml/cli.rb,7f51ae709d96,template engine,7.5,20,0,53,0.0,1,0.0,15,2,15,1.0
haml,lib/haml/compiler.rb,7f51ae709d96,template engine,5.8,24,0,92,0.0,0,0.0,12,2,8,0.667
haml,lib/haml/compiler/children_compiler.rb,7f51ae709d96,template engine,12.2,32,0,91,0.0,0,0.0,11,3,11,1.0
haml,lib/haml/compiler/comment_compiler.rb,7f51ae709d96,template engine,9.8,14,0,100,0.0,0,0.0,4,3,4,1.0
haml,lib/haml/compiler/doctype_compiler.rb,7f51ae709d96,template engine,7.8,13,0,60,0.0,0,0.0,5,3,5,1.0
haml,lib/haml/compiler/script_compiler.rb,7f51ae709d96,template engine,7.6,17,9,73,0.0,0,0.0,11,3,10,0.909
haml,lib/haml/compiler/tag_compiler.rb,7f51ae709d96,template engine,9.8,22,0,100,0.0,0,0.0,6,3,6,1.0
haml,lib/haml/dynamic_merger.rb,7f51ae709d96,template engine,19,25,0,100,0.0,1,0.0,3,2,3,1.0
haml,lib/haml/filters.rb,7f51ae709d96,template engine,4.8,7,40,80,0.0,0,0.0,5,2,5,1.0
haml,lib/haml/filters/tilt_base.rb,7f51ae709d96,template engine,7,11,17,83,0.0,1,16.7,6,3,6,1.0
haml,lib/haml/parser.rb,7f51ae709d96,template engine,13.7,80,2,83,0.33,0,5.6,54,3,53,0.981
haml,lib/haml/preserver.rb,7f51ae709d96,template engine,8.7,13,100,100,0.0,0,0.0,3,2,3,1.0
haml,lib/haml/rails_helpers.rb,7f51ae709d96,template engine,4.3,6,0,50,1.0,0,0.0,6,2,5,0.833
haml,lib/haml/rails_template.rb,7f51ae709d96,template engine,9.8,24,50,50,0.0,0,0.0,4,2,4,1.0
haml,lib/haml/ruby_expression.rb,7f51ae709d96,template engine,6.7,14,100,33,0.0,0,0.0,3,2,3,1.0
haml,lib/haml/string_splitter.rb,7f51ae709d96,template engine,10,20,83,100,0.0,1,0.0,6,2,6,1.0
haml,lib/haml/util.rb,7f51ae709d96,template engine,10.3,28,14,79,0.5,0,0.0,14,2,14,1.0
hashie,lib/hashie/clash.rb,ce2226269688,core extensions,9,20,0,67,0.0,1,16.7,6,3,6,1.0
hashie,lib/hashie/dash.rb,ce2226269688,core extensions,6.7,22,26,70,0.5,1,39.1,23,2,23,1.0
hashie,lib/hashie/extensions/coercion.rb,ce2226269688,core extensions,6.8,26,5,79,0.0,1,21.1,19,6,17,0.895
hashie,lib/hashie/extensions/dash/indifferent_access.rb,ce2226269688,core extensions,4.6,7,33,100,0.0,0,11.1,9,5,9,1.0
hashie,lib/hashie/extensions/dash/predefined_values.rb,ce2226269688,core extensions,4.8,9,10,50,0.0,0,30.0,10,6,10,1.0
hashie,lib/hashie/extensions/dash/property_translation.rb,ce2226269688,core extensions,6.5,15,6,76,0.0,0,41.2,17,6,17,1.0
hashie,lib/hashie/extensions/deep_find.rb,ce2226269688,core extensions,4.2,7,0,50,0.0,0,0.0,4,3,4,1.0
hashie,lib/hashie/extensions/deep_locate.rb,ce2226269688,core extensions,7.7,13,83,83,0.0,0,0.0,6,3,6,1.0
hashie,lib/hashie/extensions/deep_merge.rb,ce2226269688,core extensions,9.8,15,0,100,0.0,0,0.0,4,3,4,1.0
hashie,lib/hashie/extensions/indifferent_access.rb,ce2226269688,core extensions,5.2,27,24,60,0.33,0,8.0,25,3,23,0.92
hashie,lib/hashie/extensions/key_conflict_warning.rb,ce2226269688,core extensions,5.4,10,0,60,0.0,1,0.0,5,4,5,1.0
hashie,lib/hashie/extensions/mash/define_accessors.rb,ce2226269688,core extensions,9.1,19,25,38,0.2,1,112.5,8,5,8,1.0
hashie,lib/hashie/extensions/mash/keep_original_keys.rb,ce2226269688,core extensions,6.7,9,33,67,0.0,0,0.0,3,4,3,1.0
hashie,lib/hashie/extensions/mash/permissive_respond_to.rb,ce2226269688,core extensions,4,5,33,67,0.0,0,66.7,3,4,3,1.0
hashie,lib/hashie/extensions/method_access.rb,ce2226269688,core extensions,5.7,15,11,89,0.2,0,21.1,19,10,17,0.895
hashie,lib/hashie/extensions/parsers/yaml_erb_parser.rb,ce2226269688,core extensions,5.6,9,20,80,0.0,0,0.0,5,4,5,1.0
hashie,lib/hashie/extensions/ruby_version.rb,ce2226269688,core extensions,10.7,24,0,67,0.33,0,0.0,3,3,3,1.0
hashie,lib/hashie/extensions/ruby_version_check.rb,ce2226269688,core extensions,3,3,33,33,0.0,0,0.0,3,4,3,1.0
hashie,lib/hashie/extensions/strict_key_access.rb,ce2226269688,core extensions,3.9,7,0,14,0.0,1,0.0,7,4,5,0.714
hashie,lib/hashie/extensions/stringify_keys.rb,ce2226269688,core extensions,6.8,12,0,60,0.25,0,0.0,5,4,5,1.0
hashie,lib/hashie/extensions/symbolize_keys.rb,ce2226269688,core extensions,6.2,12,0,67,0.25,0,0.0,6,4,6,1.0
hashie,lib/hashie/hash.rb,ce2226269688,core extensions,8,22,0,80,1.0,1,0.0,5,2,5,1.0
hashie,lib/hashie/mash.rb,ce2226269688,core extensions,5.3,16,5,51,1.5,1,2.3,43,2,35,0.814
hashie,lib/hashie/rash.rb,ce2226269688,core extensions,10.8,38,0,78,0.0,0,11.1,9,2,9,1.0
hashie,lib/hashie/utils.rb,ce2226269688,core extensions,7.7,8,100,67,0.0,0,0.0,3,2,3,1.0
http,lib/http/chainable.rb,942b1b36cea9,http clients and tools,5.2,16,0,65,1.0,0,0.0,20,2,18,0.9
http,lib/http/chainable/helpers.rb,942b1b36cea9,http clients and tools,7,9,0,67,0.0,0,33.3,3,2,3,1.0
http,lib/http/client.rb,942b1b36cea9,http clients and tools,8.8,22,0,92,1.0,0,0.0,13,2,13,1.0
http,lib/http/connection.rb,942b1b36cea9,http clients and tools,7.5,14,0,92,1.0,0,0.0,13,2,13,1.0
http,lib/http/connection/internals.rb,942b1b36cea9,http clients and tools,9.8,13,0,89,0.0,0,0.0,9,3,9,1.0
http,lib/http/content_type.rb,942b1b36cea9,http clients and tools,3.4,4,60,60,0.0,0,0.0,5,2,5,1.0
http,lib/http/feature.rb,942b1b36cea9,http clients and tools,2.2,3,0,0,0.0,0,0.0,5,2,3,0.6
http,lib/http/form_data.rb,942b1b36cea9,http clients and tools,6.8,9,100,75,0.0,1,0.0,4,3,4,1.0
http,lib/http/form_data/composite_io.rb,942b1b36cea9,http clients and tools,8.2,13,0,100,0.0,0,0.0,6,3,6,1.0
http,lib/http/form_data/file.rb,942b1b36cea9,http clients and tools,6.2,8,0,100,0.0,1,0.0,4,3,4,1.0
http,lib/http/form_data/multipart.rb,942b1b36cea9,http clients and tools,3.7,5,17,17,0.33,0,0.0,6,3,4,0.667
http,lib/http/form_data/multipart/param.rb,942b1b36cea9,http clients and tools,5,5,0,100,0.25,0,0.0,3,4,3,1.0
http,lib/http/form_data/readable.rb,942b1b36cea9,http clients and tools,3.8,6,0,75,0.0,0,0.0,4,3,4,1.0
http,lib/http/form_data/urlencoded.rb,942b1b36cea9,http clients and tools,4.9,11,78,67,0.25,0,0.0,9,4,8,0.889
http,lib/http/headers.rb,942b1b36cea9,http clients and tools,5.0,12,10,76,1.0,0,0.0,21,2,21,1.0
http,lib/http/mime_type.rb,942b1b36cea9,http clients and tools,3,3,100,67,0.0,0,0.0,6,2,5,0.833
http,lib/http/options.rb,942b1b36cea9,http clients and tools,7,25,42,58,0.0,0,41.7,12,2,12,1.0
http,lib/http/options/definitions.rb,942b1b36cea9,http clients and tools,7.1,13,0,80,0.0,0,0.0,10,2,9,0.9
http,lib/http/redirector.rb,942b1b36cea9,http clients and tools,6.9,16,0,88,0.0,3,0.0,8,4,8,1.0
http,lib/http/request.rb,942b1b36cea9,http clients and tools,6.6,15,0,81,0.75,2,0.0,16,4,15,0.938
http,lib/http/request/body.rb,942b1b36cea9,http clients and tools,7.7,21,0,80,0.0,0,0.0,10,4,10,1.0
http,lib/http/request/builder.rb,942b1b36cea9,http clients and tools,8.7,20,0,91,0.0,0,0.0,11,3,11,1.0
http,lib/http/request/proxy.rb,942b1b36cea9,http clients and tools,4.5,10,0,67,0.0,0,0.0,6,3,6,1.0
http,lib/http/request/writer.rb,942b1b36cea9,http clients and tools,6.8,13,0,64,0.0,0,0.0,11,3,11,1.0
http,lib/http/response.rb,942b1b36cea9,http clients and tools,6.5,13,0,69,0.5,0,0.0,13,2,13,1.0
http,lib/http/response/body.rb,942b1b36cea9,http clients and tools,6.7,15,0,78,0.67,0,0.0,9,3,9,1.0
http,lib/http/response/inflater.rb,942b1b36cea9,http clients and tools,5.7,11,0,33,0.0,0,0.0,3,3,3,1.0
http,lib/http/response/parser.rb,942b1b36cea9,http clients and tools,5.6,13,0,68,0.0,1,0.0,19,4,17,0.895
http,lib/http/response/status.rb,942b1b36cea9,http clients and tools,3.9,11,13,80,0.67,0,0.0,15,3,10,0.667
http,lib/http/retriable/delay_calculator.rb,942b1b36cea9,http clients and tools,8,11,0,100,0.0,0,0.0,5,3,5,1.0
http,lib/http/retriable/performer.rb,942b1b36cea9,http clients and tools,8.8,14,0,82,0.0,0,0.0,11,3,11,1.0
http,lib/http/session.rb,942b1b36cea9,http clients and tools,8.3,25,0,75,1.0,0,0.0,12,2,12,1.0
http,lib/http/timeout/global.rb,942b1b36cea9,http clients and tools,5.9,14,0,56,0.0,1,0.0,16,3,16,1.0
http,lib/http/timeout/null.rb,942b1b36cea9,http clients and tools,5.5,13,0,92,0.0,0,0.0,13,3,13,1.0
http,lib/http/timeout/per_operation.rb,942b1b36cea9,http clients and tools,9.8,23,33,89,0.0,1,0.0,9,3,9,1.0
http,lib/http/uri.rb,942b1b36cea9,http clients and tools,5.1,13,0,50,0.0,2,0.0,18,3,17,0.944
http,lib/http/uri/parsing.rb,942b1b36cea9,http clients and tools,8.4,14,73,91,0.0,0,0.0,11,2,11,1.0
httparty,examples/microsoft_graph.rb,9c89e55ce357,http clients and tools,11,16,0,67,0.0,0,0.0,3,1,3,1.0
httparty,examples/party_foul_mode.rb,9c89e55ce357,http clients and tools,16.7,34,100,67,1.0,0,0.0,3,1,3,1.0
httparty,examples/tripit_sign_in.rb,9c89e55ce357,http clients and tools,6.8,16,0,100,1.0,0,0.0,4,1,4,1.0
httparty,examples/twitter.rb,9c89e55ce357,http clients and tools,3.7,4,0,33,1.0,0,0.0,3,1,3,1.0
httparty,lib/httparty.rb,9c89e55ce357,http clients and tools,4.0,10,19,60,0.33,0,8.1,62,3,36,0.581
httparty,lib/httparty/connection_adapter.rb,9c89e55ce357,http clients and tools,13,63,18,73,0.0,0,0.0,11,2,11,1.0
httparty,lib/httparty/decompressor.rb,9c89e55ce357,http clients and tools,6.9,11,0,25,0.0,0,12.5,8,2,8,1.0
httparty,lib/httparty/hash_conversions.rb,9c89e55ce357,http clients and tools,14.7,34,100,100,0.0,0,0.0,3,2,3,1.0
httparty,lib/httparty/headers_processor.rb,9c89e55ce357,http clients and tools,6.7,10,0,67,0.0,0,0.0,3,2,3,1.0
httparty,lib/httparty/logger/apache_formatter.rb,9c89e55ce357,http clients and tools,3.6,6,0,86,0.0,0,14.3,7,3,7,1.0
httparty,lib/httparty/logger/curl_formatter.rb,9c89e55ce357,http clients and tools,5.8,10,0,91,0.0,0,9.1,11,3,11,1.0
httparty,lib/httparty/logger/logger.rb,9c89e55ce357,http clients and tools,6,7,100,67,0.0,0,0.0,3,2,3,1.0
httparty,lib/httparty/logger/logstash_formatter.rb,9c89e55ce357,http clients and tools,4.9,14,0,88,0.0,0,12.5,8,3,8,1.0
httparty,lib/httparty/module_inheritable_attributes.rb,9c89e55ce357,http clients and tools,11,16,50,100,0.0,0,100.0,4,3,4,1.0
httparty,lib/httparty/net_digest_auth.rb,9c89e55ce357,http clients and tools,7.2,21,0,67,0.0,0,0.0,15,3,13,0.867
httparty,lib/httparty/parser.rb,9c89e55ce357,http clients and tools,4.3,13,36,36,0.0,0,14.3,14,2,11,0.786
httparty,lib/httparty/request.rb,9c89e55ce357,http clients and tools,8.4,41,2,91,0.0,0,4.7,43,2,39,0.907
httparty,lib/httparty/request/body.rb,9c89e55ce357,http clients and tools,6.2,18,0,71,0.0,0,0.0,14,3,14,1.0
httparty,lib/httparty/request/streaming_multipart_body.rb,9c89e55ce357,http clients and tools,10.9,27,0,80,0.0,0,0.0,15,3,15,1.0
httparty,lib/httparty/response.rb,9c89e55ce357,http clients and tools,5.9,18,12,82,0.0,1,11.8,17,2,17,1.0
httparty,lib/httparty/text_encoder.rb,9c89e55ce357,http clients and tools,8,15,0,57,0.0,0,0.0,7,2,7,1.0
httpclient,lib/httpclient.rb,5bc7b0d383c4,http clients and tools,8.9,44,3,59,0.1,2,8.5,71,10,54,0.761
httpclient,lib/httpclient/auth.rb,5bc7b0d383c4,http clients and tools,9.9,45,2,71,0.54,2,0.0,62,13,53,0.855
httpclient,lib/httpclient/connection.rb,5bc7b0d383c4,http clients and tools,7,13,0,80,0.0,0,0.0,5,2,5,1.0
httpclient,lib/httpclient/cookie.rb,5bc7b0d383c4,http clients and tools,6.5,26,9,57,0.4,1,0.0,23,5,23,1.0
httpclient,lib/httpclient/http.rb,5bc7b0d383c4,http clients and tools,7.6,37,22,67,0.17,0,0.0,87,6,81,0.931
httpclient,lib/httpclient/jruby_ssl_socket.rb,5bc7b0d383c4,http clients and tools,7.5,36,8,65,0.14,1,0.0,60,14,48,0.8
httpclient,lib/httpclient/session.rb,5bc7b0d383c4,http clients and tools,10.8,47,0,73,0.5,0,0.0,67,8,64,0.955
httpclient,lib/httpclient/ssl_config.rb,5bc7b0d383c4,http clients and tools,12.4,53,6,78,0.4,0,27.8,18,5,18,1.0
httpclient,lib/httpclient/ssl_socket.rb,5bc7b0d383c4,http clients and tools,6.3,16,6,100,0.0,0,0.0,18,2,18,1.0
httpclient,lib/httpclient/timeout.rb,5bc7b0d383c4,http clients and tools,8.7,26,11,67,0.0,0,0.0,9,4,9,1.0
httpclient,lib/httpclient/util.rb,5bc7b0d383c4,http clients and tools,6.3,14,0,67,0.0,1,0.0,15,9,13,0.867
httpclient,lib/httpclient/webagent-cookie.rb,5bc7b0d383c4,http clients and tools,11.4,37,3,65,0.33,1,0.0,31,9,25,0.806
httpclient,lib/jsonclient.rb,5bc7b0d383c4,http clients and tools,5.4,8,0,50,0.0,1,0.0,8,1,6,0.75
httpclient,lib/oauthclient.rb,5bc7b0d383c4,http clients and tools,8.5,14,0,67,0.0,1,0.0,6,3,6,1.0
httpclient,sample/dav.rb,5bc7b0d383c4,http clients and tools,5.1,13,0,67,0.0,0,0.0,15,2,14,0.933
httpclient,sample/generate_test_keys.rb,5bc7b0d383c4,http clients and tools,20.7,24,0,100,0.0,0,0.0,3,0,3,1.0
httpclient,sample/jsonclient.rb,5bc7b0d383c4,http clients and tools,4.6,7,0,62,0.0,1,0.0,8,4,7,0.875
i18n,benchmark/run.rb,8beba7876163,internationalization,5.3,8,100,100,0.5,0,0.0,3,2,3,1.0
i18n,lib/i18n.rb,8beba7876163,internationalization,8.4,23,13,83,0.5,0,4.3,23,2,23,1.0
i18n,lib/i18n/backend/base.rb,8beba7876163,internationalization,10.2,42,0,68,0.33,0,4.5,22,3,20,0.909
i18n,lib/i18n/backend/cache.rb,8beba7876163,internationalization,3.7,7,58,33,0.0,0,0.0,12,3,8,0.667
i18n,lib/i18n/backend/chain.rb,8beba7876163,internationalization,6.2,19,0,92,0.5,0,23.1,13,4,13,1.0
i18n,lib/i18n/backend/fallbacks.rb,8beba7876163,internationalization,12.1,25,29,71,0.0,0,0.0,7,3,7,1.0
i18n,lib/i18n/backend/flatten.rb,8beba7876163,internationalization,6.9,16,20,70,0.0,0,0.0,10,3,10,1.0
i18n,lib/i18n/backend/gettext.rb,8beba7876163,internationalization,7.8,16,0,40,0.0,1,0.0,5,4,5,1.0
i18n,lib/i18n/backend/interpolation_compiler.rb,8beba7876163,internationalization,4.4,12,0,53,0.25,0,5.9,17,4,14,0.824
i18n,lib/i18n/backend/key_value.rb,8beba7876163,internationalization,5.9,18,11,56,0.5,0,0.0,18,6,17,0.944
i18n,lib/i18n/backend/lazy_loadable.rb,8beba7876163,internationalization,6.4,11,7,36,0.0,1,0.0,14,5,14,1.0
i18n,lib/i18n/backend/memoize.rb,8beba7876163,internationalization,4.1,6,0,29,0.0,0,0.0,7,3,7,1.0
i18n,lib/i18n/backend/metadata.rb,8beba7876163,internationalization,6.9,15,43,43,0.0,0,14.3,7,3,7,1.0
i18n,lib/i18n/backend/pluralization.rb,8beba7876163,internationalization,11.5,35,0,50,0.0,0,0.0,4,3,4,1.0
i18n,lib/i18n/backend/simple.rb,8beba7876163,internationalization,7.5,15,0,50,0.5,0,0.0,8,4,8,1.0
i18n,lib/i18n/backend/transliterator.rb,8beba7876163,internationalization,5,9,11,67,0.0,0,0.0,9,5,9,1.0
i18n,lib/i18n/config.rb,8beba7876163,internationalization,3.6,7,0,31,0.0,0,3.4,29,2,17,0.586
i18n,lib/i18n/exceptions.rb,8beba7876163,internationalization,6.1,20,0,67,0.13,2,0.0,15,15,14,0.933
i18n,lib/i18n/gettext/helpers.rb,8beba7876163,internationalization,5.4,11,0,29,0.0,0,0.0,7,3,7,1.0
i18n,lib/i18n/locale/fallbacks.rb,8beba7876163,internationalization,6.7,14,0,100,0.0,1,0.0,7,3,7,1.0
i18n,lib/i18n/locale/tag.rb,8beba7876163,internationalization,3,3,100,33,0.0,0,0.0,3,3,3,1.0
i18n,lib/i18n/locale/tag/parents.rb,8beba7876163,internationalization,4.7,8,0,67,0.0,0,0.0,3,4,3,1.0
i18n,lib/i18n/locale/tag/rfc4646.rb,8beba7876163,internationalization,3.6,6,57,71,0.2,1,14.3,7,5,7,1.0
i18n,lib/i18n/locale/tag/simple.rb,8beba7876163,internationalization,3,3,17,50,0.25,0,0.0,6,4,6,1.0
i18n,lib/i18n/utils.rb,8beba7876163,internationalization,6.3,11,100,100,0.0,0,0.0,6,2,6,1.0
image_processing,lib/image_processing/builder.rb,1611c00ed4eb,image processing,4.5,7,0,50,0.5,0,0.0,4,2,4,1.0
image_processing,lib/image_processing/chainable.rb,1611c00ed4eb,image processing,6.2,17,0,45,0.0,0,45.5,11,2,7,0.636
image_processing,lib/image_processing/mini_magick.rb,1611c00ed4eb,image processing,8.6,21,19,81,0.25,1,14.3,21,4,19,0.905
image_processing,lib/image_processing/pipeline.rb,1611c00ed4eb,image processing,8.1,13,0,89,0.0,0,11.1,9,2,9,1.0
image_processing,lib/image_processing/processor.rb,1611c00ed4eb,image processing,8.6,24,57,43,0.0,0,57.1,7,2,7,1.0
image_processing,lib/image_processing/vips.rb,1611c00ed4eb,image processing,7.4,25,19,67,0.25,1,14.3,21,4,20,0.952
jaro_winkler,lib/jaro_winkler/jaro_winkler_pure.rb,9d7b6c110fa8,scientific,17.1,84,100,71,0.0,2,0.0,7,3,7,1.0
jbuilder,lib/generators/rails/jbuilder_generator.rb,31eb6e909968,api builder and discovery,4.6,7,0,38,0.33,1,0.0,8,3,8,1.0
jbuilder,lib/jbuilder.rb,31eb6e909968,api builder and discovery,6.3,34,13,45,0.0,1,3.2,31,1,26,0.839
jbuilder,lib/jbuilder/collection_renderer.rb,31eb6e909968,api builder and discovery,3.8,7,0,62,0.25,1,0.0,8,4,8,1.0
jbuilder,lib/jbuilder/jbuilder_dependency_tracker.rb,31eb6e909968,api builder and discovery,4.5,11,12,75,0.0,0,0.0,8,1,7,0.875
jbuilder,lib/jbuilder/jbuilder_template.rb,31eb6e909968,api builder and discovery,8.5,33,5,84,0.0,2,0.0,19,2,19,1.0
jwt,lib/jwt/claims.rb,db560b769a07,authentication and oauth,3,3,100,0,0.0,0,0.0,3,2,3,1.0
jwt,lib/jwt/claims/numeric.rb,db560b769a07,authentication and oauth,5.7,9,0,67,0.0,0,0.0,3,3,3,1.0
jwt,lib/jwt/claims/verifier.rb,db560b769a07,authentication and oauth,7,9,100,75,0.0,0,0.0,4,3,4,1.0
jwt,lib/jwt/configuration/container.rb,db560b769a07,authentication and oauth,4.7,6,0,0,0.0,0,0.0,3,3,3,1.0
jwt,lib/jwt/decode.rb,db560b769a07,authentication and oauth,6.1,14,0,86,0.0,0,0.0,14,2,14,1.0
jwt,lib/jwt/encoded_token.rb,db560b769a07,authentication and oauth,5,13,0,35,0.0,0,0.0,20,2,20,1.0
jwt,lib/jwt/jwa.rb,db560b769a07,authentication and oauth,9,13,100,100,0.0,0,0.0,5,2,5,1.0
jwt,lib/jwt/jwa/ecdsa.rb,db560b769a07,authentication and oauth,6.4,13,33,67,0.33,0,0.0,9,3,9,1.0
jwt,lib/jwt/jwa/hmac.rb,db560b769a07,authentication and oauth,5.4,9,0,75,0.25,0,0.0,8,4,8,1.0
jwt,lib/jwt/jwa/ps.rb,db560b769a07,authentication and oauth,5,6,0,100,0.33,0,0.0,3,3,3,1.0
jwt,lib/jwt/jwa/rsa.rb,db560b769a07,authentication and oauth,5,6,0,100,0.33,0,0.0,3,3,3,1.0
jwt,lib/jwt/jwa/signing_algorithm.rb,db560b769a07,authentication and oauth,3,3,36,55,0.0,0,0.0,11,4,10,0.909
jwt,lib/jwt/jwk.rb,db560b769a07,authentication and oauth,7.5,14,100,50,0.0,0,0.0,4,2,4,1.0
jwt,lib/jwt/jwk/ec.rb,db560b769a07,authentication and oauth,8.4,22,9,57,0.0,1,0.0,23,3,20,0.87
jwt,lib/jwt/jwk/hmac.rb,db560b769a07,authentication and oauth,4.9,13,7,50,0.0,1,0.0,14,3,11,0.786
jwt,lib/jwt/jwk/key_base.rb,db560b769a07,authentication and oauth,4.5,12,9,73,0.0,0,0.0,11,3,11,1.0
jwt,lib/jwt/jwk/key_finder.rb,db560b769a07,authentication and oauth,11.8,13,0,100,0.0,0,0.0,4,3,4,1.0
jwt,lib/jwt/jwk/rsa.rb,db560b769a07,authentication and oauth,6.5,17,26,74,0.0,1,0.0,23,3,21,0.913
jwt,lib/jwt/jwk/set.rb,db560b769a07,authentication and oauth,5.2,17,0,100,0.67,0,0.0,9,3,9,1.0
jwt,lib/jwt/token.rb,db560b769a07,authentication and oauth,3.8,10,0,17,0.0,0,0.0,12,2,12,1.0
jwt,lib/jwt/x5c_key_finder.rb,db560b769a07,authentication and oauth,9.2,15,0,75,0.0,0,0.0,4,2,4,1.0
kaminari,kaminari-activerecord/lib/kaminari/activerecord/active_record_relation_methods.rb,508caf4653b2,pagination,9.2,28,0,67,0.17,0,0.0,9,6,9,1.0
kaminari,kaminari-core/lib/generators/kaminari/views_generator.rb,508caf4653b2,pagination,5.9,13,12,81,0.0,1,0.0,16,5,16,1.0
kaminari,kaminari-core/lib/kaminari/config.rb,508caf4653b2,pagination,5.2,12,50,25,0.0,0,0.0,4,2,4,1.0
kaminari,kaminari-core/lib/kaminari/helpers/helper_methods.rb,508caf4653b2,pagination,7.2,16,0,90,0.25,0,0.0,10,4,10,1.0
kaminari,kaminari-core/lib/kaminari/helpers/paginator.rb,508caf4653b2,pagination,4.3,16,0,78,0.25,1,14.8,27,4,26,0.963
kaminari,kaminari-core/lib/kaminari/helpers/tags.rb,508caf4653b2,pagination,5.9,18,0,75,0.5,1,0.0,16,10,14,0.875
kaminari,kaminari-core/lib/kaminari/models/array_extension.rb,508caf4653b2,pagination,5.3,17,17,50,1.0,1,0.0,6,2,5,0.833
kaminari,kaminari-core/lib/kaminari/models/configuration_methods.rb,508caf4653b2,pagination,4.2,9,0,17,0.33,0,0.0,6,3,5,0.833
kaminari,kaminari-core/lib/kaminari/models/page_scope_methods.rb,508caf4653b2,pagination,5.9,13,0,82,0.0,0,0.0,11,2,11,1.0
knapsack,lib/knapsack.rb,f394c8470281,testing,3.7,6,100,33,0.0,0,0.0,6,1,5,0.833
knapsack,lib/knapsack/adapters/base_adapter.rb,f394c8470281,testing,5.9,15,14,29,0.0,0,0.0,7,3,5,0.714
knapsack,lib/knapsack/adapters/cucumber_adapter.rb,f394c8470281,testing,11.4,24,20,40,0.0,1,0.0,5,3,5,1.0
knapsack,lib/knapsack/adapters/minitest_adapter.rb,f394c8470281,testing,7,15,14,14,0.0,1,14.3,7,4,7,1.0
knapsack,lib/knapsack/adapters/rspec_adapter.rb,f394c8470281,testing,13.5,19,25,100,0.0,2,0.0,4,4,4,1.0
knapsack,lib/knapsack/adapters/spinach_adapter.rb,f394c8470281,testing,7.8,14,25,25,0.0,1,0.0,4,3,4,1.0
knapsack,lib/knapsack/allocator.rb,f394c8470281,testing,3.7,6,0,83,0.0,0,0.0,6,2,5,0.833
knapsack,lib/knapsack/allocator_builder.rb,f394c8470281,testing,4.3,8,0,17,0.0,0,0.0,6,2,6,1.0
knapsack,lib/knapsack/config/env.rb,f394c8470281,testing,3.5,7,100,9,0.0,0,0.0,11,3,7,0.636
knapsack,lib/knapsack/distributors/base_distributor.rb,f394c8470281,testing,3.9,10,0,30,0.0,0,0.0,10,3,8,0.8
knapsack,lib/knapsack/distributors/leftover_distributor.rb,f394c8470281,testing,5,8,0,100,0.0,1,0.0,5,3,5,1.0
knapsack,lib/knapsack/distributors/report_distributor.rb,f394c8470281,testing,6.1,15,0,78,0.0,1,0.0,9,3,9,1.0
knapsack,lib/knapsack/logger.rb,f394c8470281,testing,5.8,11,0,75,0.0,0,25.0,4,2,3,0.75
knapsack,lib/knapsack/presenter.rb,f394c8470281,testing,7.7,32,100,20,0.0,0,0.0,10,2,10,1.0
knapsack,lib/knapsack/report.rb,f394c8470281,testing,4,6,0,67,0.5,0,0.0,6,2,5,0.833
knapsack,lib/knapsack/tracker.rb,f394c8470281,testing,4.4,11,0,47,0.5,0,0.0,15,2,14,0.933
knapsack,test_examples/fast/shared_examples_test.rb,f394c8470281,testing,3.5,4,0,0,1.0,1,0.0,4,1,4,1.0
knapsack,test_examples/fast/unit_test.rb,f394c8470281,testing,3.8,4,0,0,0.0,1,0.0,4,1,4,1.0
kramdown,lib/kramdown/converter/base.rb,12b3d2e75279,markdown processors,7,17,18,76,0.0,0,17.6,17,3,16,0.941
kramdown,lib/kramdown/converter/html.rb,12b3d2e75279,markdown processors,9.6,45,0,84,0.67,1,4.7,43,3,41,0.953
kramdown,lib/kramdown/converter/kramdown.rb,12b3d2e75279,markdown processors,8.8,33,0,86,0.33,1,2.4,42,3,40,0.952
kramdown,lib/kramdown/converter/latex.rb,12b3d2e75279,markdown processors,5.6,22,0,72,0.0,1,6.5,46,3,39,0.848
kramdown,lib/kramdown/converter/man.rb,12b3d2e75279,markdown processors,5.7,27,0,82,0.0,1,2.6,39,3,35,0.897
kramdown,lib/kramdown/converter/syntax_highlighter/rouge.rb,12b3d2e75279,markdown processors,10.8,17,100,100,0.0,0,20.0,5,2,5,1.0
kramdown,lib/kramdown/converter/toc.rb,12b3d2e75279,markdown processors,11.3,18,0,100,0.0,1,0.0,3,3,3,1.0
kramdown,lib/kramdown/document.rb,12b3d2e75279,markdown processors,8,12,20,60,0.0,0,40.0,5,2,5,1.0
kramdown,lib/kramdown/element.rb,12b3d2e75279,markdown processors,3.7,7,14,57,0.0,0,0.0,7,2,5,0.714
kramdown,lib/kramdown/options.rb,12b3d2e75279,markdown processors,8.1,20,100,80,0.0,0,0.0,10,3,10,1.0
kramdown,lib/kramdown/parser/base.rb,12b3d2e75279,markdown processors,7.9,14,14,86,0.0,0,0.0,7,3,7,1.0
kramdown,lib/kramdown/parser/html.rb,12b3d2e75279,markdown processors,16.5,61,4,85,0.67,1,3.7,27,6,27,1.0
kramdown,lib/kramdown/parser/kramdown.rb,12b3d2e75279,markdown processors,11.7,36,17,72,0.33,1,11.1,18,3,18,1.0
kramdown,lib/kramdown/parser/kramdown/abbreviation.rb,12b3d2e75279,markdown processors,18.3,36,0,100,0.0,1,0.0,3,3,3,1.0
kramdown,lib/kramdown/parser/kramdown/extensions.rb,12b3d2e75279,markdown processors,25.5,42,0,100,0.0,1,0.0,6,3,6,1.0
kramdown,lib/kramdown/parser/kramdown/header.rb,12b3d2e75279,markdown processors,8.5,11,0,100,0.0,1,0.0,4,3,4,1.0
kramdown,lib/kramdown/parser/kramdown/html.rb,12b3d2e75279,markdown processors,42,59,0,100,0.67,1,0.0,3,3,3,1.0
kramdown,lib/kramdown/parser/kramdown/link.rb,12b3d2e75279,markdown processors,27.8,84,0,100,0.0,1,0.0,4,3,4,1.0
kramdown,lib/kramdown/parser/kramdown/list.rb,12b3d2e75279,markdown processors,58,99,0,75,0.0,1,0.0,4,3,4,1.0
kramdown,lib/kramdown/utils.rb,12b3d2e75279,markdown processors,4.3,7,100,67,0.0,0,33.3,3,2,3,1.0
kramdown,lib/kramdown/utils/html.rb,12b3d2e75279,markdown processors,7.5,15,0,100,0.0,0,0.0,4,3,4,1.0
kramdown,lib/kramdown/utils/lru_cache.rb,12b3d2e75279,markdown processors,4,5,0,67,0.0,0,0.0,3,3,3,1.0
kramdown,lib/kramdown/utils/string_scanner.rb,12b3d2e75279,markdown processors,6,10,0,40,0.0,1,0.0,5,3,5,1.0
kramdown,setup.rb,12b3d2e75279,markdown processors,6.2,111,4,55,0.21,1,2.8,181,19,148,0.818
letter_opener,lib/letter_opener/delivery_method.rb,f6a925b0232b,email,8.3,9,0,100,0.0,1,0.0,3,3,3,1.0
letter_opener,lib/letter_opener/message.rb,f6a925b0232b,email,5.3,24,5,85,0.0,0,0.0,20,2,15,0.75
liquid,example/server/example_servlet.rb,7a5e45fc4784,template engine,3.8,7,0,33,0.0,2,0.0,9,2,9,1.0
liquid,example/server/liquid_servlet.rb,7a5e45fc4784,template engine,5.2,12,0,25,0.0,1,25.0,4,1,3,0.75
liquid,lib/liquid/block.rb,7a5e45fc4784,template engine,6.1,22,8,58,0.0,1,0.0,12,2,11,0.917
liquid,lib/liquid/block_body.rb,7a5e45fc4784,template engine,10.0,48,24,67,0.0,0,0.0,21,2,20,0.952
liquid,lib/liquid/condition.rb,7a5e45fc4784,template engine,7.7,21,11,42,0.0,1,10.5,19,5,15,0.789
liquid,lib/liquid/context.rb,7a5e45fc4784,template engine,7.1,36,3,74,0.0,0,0.0,31,2,31,1.0
liquid,lib/liquid/document.rb,7a5e45fc4784,template engine,5.2,10,11,78,0.0,0,0.0,9,2,9,1.0
liquid,lib/liquid/drop.rb,7a5e45fc4784,template engine,4.7,13,22,33,0.0,0,11.1,9,2,8,0.889
liquid,lib/liquid/environment.rb,7a5e45fc4784,template engine,5.9,11,27,82,0.0,0,0.0,11,2,11,1.0
liquid,lib/liquid/expression.rb,7a5e45fc4784,template engine,23,52,100,100,0.0,0,0.0,4,2,4,1.0
liquid,lib/liquid/file_system.rb,7a5e45fc4784,template engine,6.5,13,0,25,0.0,0,0.0,4,3,4,1.0
liquid,lib/liquid/forloop_drop.rb,7a5e45fc4784,template engine,3.4,6,0,62,0.0,1,0.0,8,2,7,0.875
liquid,lib/liquid/i18n.rb,7a5e45fc4784,template engine,4,6,0,40,0.0,0,0.0,5,2,5,1.0
liquid,lib/liquid/parse_context.rb,7a5e45fc4784,template engine,8.3,22,0,67,0.0,0,0.0,9,2,9,1.0
liquid,lib/liquid/parse_tree_visitor.rb,7a5e45fc4784,template engine,6,9,20,80,0.0,0,0.0,5,2,5,1.0
liquid,lib/liquid/parser.rb,7a5e45fc4784,template engine,9.8,27,0,89,0.0,0,0.0,9,2,9,1.0
liquid,lib/liquid/parser_switching.rb,7a5e45fc4784,template engine,8,18,0,86,0.0,0,0.0,7,2,7,1.0
liquid,lib/liquid/profiler.rb,7a5e45fc4784,template engine,6.9,16,0,70,0.33,0,0.0,10,3,10,1.0
liquid,lib/liquid/profiler/hooks.rb,7a5e45fc4784,template engine,6,9,0,100,0.0,0,0.0,3,4,3,1.0
liquid,lib/liquid/range_lookup.rb,7a5e45fc4784,template engine,8.2,19,20,80,0.0,1,0.0,5,3,5,1.0
liquid,lib/liquid/registers.rb,7a5e45fc4784,template engine,5.5,13,0,100,0.0,0,0.0,6,2,6,1.0
liquid,lib/liquid/resource_limits.rb,7a5e45fc4784,template engine,6.9,10,0,62,0.0,0,0.0,8,2,7,0.875
liquid,lib/liquid/self_drop.rb,7a5e45fc4784,template engine,3.5,5,0,67,0.0,1,0.0,6,2,6,1.0
liquid,lib/liquid/standardfilters.rb,7a5e45fc4784,template engine,6.8,22,1,81,0.33,0,1.4,74,3,69,0.932
liquid,lib/liquid/strainer_template.rb,7a5e45fc4784,template engine,5.6,12,71,71,0.5,0,28.6,7,2,7,1.0
liquid,lib/liquid/tablerowloop_drop.rb,7a5e45fc4784,template engine,4,10,0,82,0.0,1,0.0,11,2,8,0.727
liquid,lib/liquid/tag.rb,7a5e45fc4784,template engine,3.7,6,25,42,1.0,0,8.3,12,2,9,0.75
liquid,lib/liquid/tags/assign.rb,7a5e45fc4784,template engine,7,19,11,67,0.33,1,0.0,9,3,9,1.0
liquid,lib/liquid/tags/capture.rb,7a5e45fc4784,template engine,4.8,7,0,50,0.5,2,0.0,6,2,6,1.0
liquid,lib/liquid/tags/case.rb,7a5e45fc4784,template engine,8.8,21,0,69,0.0,2,0.0,13,3,13,1.0
liquid,lib/liquid/tags/comment.rb,7a5e45fc4784,template engine,12.6,48,0,40,0.0,2,40.0,5,2,5,1.0
liquid,lib/liquid/tags/cycle.rb,7a5e45fc4784,template engine,10.6,34,0,67,0.0,1,0.0,9,3,9,1.0
liquid,lib/liquid/tags/decrement.rb,7a5e45fc4784,template engine,4.6,8,0,60,0.5,1,0.0,5,2,5,1.0
liquid,lib/liquid/tags/doc.rb,7a5e45fc4784,template engine,5.6,18,0,57,0.0,2,0.0,7,2,7,1.0
liquid,lib/liquid/tags/echo.rb,7a5e45fc4784,template engine,3.3,4,0,67,0.0,1,0.0,3,3,3,1.0
liquid,lib/liquid/tags/for.rb,7a5e45fc4784,template engine,12.1,31,0,77,0.0,2,7.7,13,3,13,1.0
liquid,lib/liquid/tags/if.rb,7a5e45fc4784,template engine,7.6,19,0,69,0.0,2,15.4,13,3,13,1.0
liquid,lib/liquid/tags/include.rb,7a5e45fc4784,template engine,13.2,47,0,50,0.33,1,0.0,8,3,8,1.0
liquid,lib/liquid/tags/increment.rb,7a5e45fc4784,template engine,4.6,8,0,60,0.5,1,0.0,5,2,5,1.0
liquid,lib/liquid/tags/inline_comment.rb,7a5e45fc4784,template engine,6.7,14,0,33,0.0,1,0.0,3,2,3,1.0
liquid,lib/liquid/tags/raw.rb,7a5e45fc4784,template engine,5.5,13,0,67,0.0,2,0.0,6,2,6,1.0
liquid,lib/liquid/tags/render.rb,7a5e45fc4784,template engine,10.8,37,0,56,0.0,1,11.1,9,3,9,1.0
liquid,lib/liquid/tags/table_row.rb,7a5e45fc4784,template engine,13.4,40,0,71,0.0,2,14.3,7,3,7,1.0
liquid,lib/liquid/template.rb,7a5e45fc4784,template engine,7.1,60,52,26,0.0,0,0.0,23,2,20,0.87
liquid,lib/liquid/tokenizer.rb,7a5e45fc4784,template engine,14.8,32,0,89,0.0,0,0.0,9,2,9,1.0
liquid,lib/liquid/utils.rb,7a5e45fc4784,template engine,17,27,100,100,0.0,0,0.0,10,2,10,1.0
liquid,lib/liquid/variable.rb,7a5e45fc4784,template engine,8.3,17,0,74,0.33,1,0.0,19,3,17,0.895
liquid,lib/liquid/variable_lookup.rb,7a5e45fc4784,template engine,12.7,45,14,71,0.0,1,14.3,7,3,7,1.0
liquid,performance/memory_profile.rb,7a5e45fc4784,template engine,7.6,16,20,60,0.0,0,0.0,5,1,5,1.0
liquid,performance/shopify/comment_form.rb,7a5e45fc4784,template engine,9.7,16,0,100,0.0,2,0.0,3,1,3,1.0
liquid,performance/shopify/paginate.rb,7a5e45fc4784,template engine,16,52,0,60,0.0,2,0.0,5,1,5,1.0
liquid,performance/shopify/shop_filter.rb,7a5e45fc4784,template engine,5.6,17,0,27,0.0,0,0.0,15,1,10,0.667
liquid,performance/shopify/tag_filter.rb,7a5e45fc4784,template engine,4.5,7,0,100,0.0,0,0.0,4,1,4,1.0
liquid,performance/theme_runner.rb,7a5e45fc4784,template engine,7.6,14,0,85,0.0,0,0.0,13,2,13,1.0
listen,lib/listen/adapter.rb,2fa1a742d8c2,file system listener,6.7,13,100,67,0.0,0,0.0,3,2,3,1.0
listen,lib/listen/adapter/base.rb,2fa1a742d8c2,file system listener,9.3,26,10,70,0.0,0,20.0,10,3,10,1.0
listen,lib/listen/adapter/bsd.rb,2fa1a742d8c2,file system listener,7,17,11,78,0.0,1,11.1,9,3,9,1.0
listen,lib/listen/adapter/darwin.rb,2fa1a742d8c2,file system listener,7.2,11,17,100,0.0,1,0.0,6,3,6,1.0
listen,lib/listen/adapter/linux.rb,2fa1a742d8c2,file system listener,10.1,32,0,100,0.0,1,0.0,7,3,7,1.0
listen,lib/listen/adapter/polling.rb,2fa1a742d8c2,file system listener,6.3,12,0,67,0.0,1,0.0,3,3,3,1.0
listen,lib/listen/adapter/windows.rb,2fa1a742d8c2,file system listener,14.2,34,20,80,0.0,1,0.0,5,3,5,1.0
listen,lib/listen/change.rb,2fa1a742d8c2,file system listener,8.6,29,0,60,0.0,0,0.0,5,3,4,0.8
listen,lib/listen/cli.rb,2fa1a742d8c2,file system listener,9,19,0,67,0.0,1,0.0,3,3,3,1.0
listen,lib/listen/directory.rb,2fa1a742d8c2,file system listener,15.6,45,100,100,0.0,0,0.0,5,2,5,1.0
listen,lib/listen/event/config.rb,2fa1a742d8c2,file system listener,5,13,0,40,0.0,0,0.0,5,3,5,1.0
listen,lib/listen/event/loop.rb,2fa1a742d8c2,file system listener,6.1,17,0,78,0.33,0,0.0,9,3,8,0.889
listen,lib/listen/event/processor.rb,2fa1a742d8c2,file system listener,7.8,20,0,75,0.0,1,0.0,12,4,12,1.0
listen,lib/listen/event/queue.rb,2fa1a742d8c2,file system listener,5.6,13,0,40,0.25,0,0.0,5,4,5,1.0
listen,lib/listen/fsm.rb,2fa1a742d8c2,file system listener,6.2,15,7,71,0.0,0,14.3,14,4,14,1.0
listen,lib/listen/listener.rb,2fa1a742d8c2,file system listener,6.2,27,0,80,0.5,0,0.0,10,2,7,0.7
listen,lib/listen/listener/config.rb,2fa1a742d8c2,file system listener,4.2,6,0,75,0.0,0,25.0,4,3,4,1.0
listen,lib/listen/logger.rb,2fa1a742d8c2,file system listener,11,17,100,50,0.0,0,0.0,4,1,4,1.0
listen,lib/listen/options.rb,2fa1a742d8c2,file system listener,5.3,9,0,100,0.0,0,33.3,3,2,3,1.0
listen,lib/listen/queue_optimizer.rb,2fa1a742d8c2,file system listener,9.4,21,0,64,0.0,0,0.0,11,3,11,1.0
listen,lib/listen/record.rb,2fa1a742d8c2,file system listener,7.2,15,0,77,0.0,0,0.0,13,2,13,1.0
listen,lib/listen/record/entry.rb,2fa1a742d8c2,file system listener,4.9,10,0,38,0.0,0,0.0,8,3,8,1.0
listen,lib/listen/record/symlink_detector.rb,2fa1a742d8c2,file system listener,3.5,4,0,25,0.0,0,0.0,4,3,4,1.0
listen,lib/listen/silencer.rb,2fa1a742d8c2,file system listener,5,12,0,83,0.0,0,0.0,6,2,6,1.0
listen,lib/listen/silencer/controller.rb,2fa1a742d8c2,file system listener,7.2,14,0,60,0.0,0,0.0,5,3,4,0.8
listen,lib/listen/thread.rb,2fa1a742d8c2,file system listener,8.2,10,100,75,0.0,0,0.0,4,2,4,1.0
logging,lib/logging.rb,aec306300d18,logging,9.8,58,100,56,0.5,0,16.0,25,2,22,0.88
logging,lib/logging/appender.rb,aec306300d18,logging,9.2,27,0,56,0.0,0,0.0,16,2,15,0.938
logging,lib/logging/appenders.rb,aec306300d18,logging,3,8,0,100,0.5,0,0.0,5,2,5,1.0
logging,lib/logging/appenders/buffering.rb,aec306300d18,logging,10.5,27,0,75,0.0,0,0.0,24,3,24,1.0
logging,lib/logging/appenders/console.rb,aec306300d18,logging,8.2,11,40,80,0.0,2,0.0,5,2,4,0.8
logging,lib/logging/appenders/file.rb,aec306300d18,logging,9,14,29,57,0.0,2,0.0,7,2,7,1.0
logging,lib/logging/appenders/io.rb,aec306300d18,logging,7.8,12,17,100,0.5,1,16.7,6,2,6,1.0
logging,lib/logging/appenders/rolling_file.rb,aec306300d18,logging,12.3,35,5,76,0.0,2,9.5,21,3,21,1.0
logging,lib/logging/appenders/string_io.rb,aec306300d18,logging,7.2,13,20,80,0.0,2,0.0,5,3,5,1.0
logging,lib/logging/appenders/syslog.rb,aec306300d18,logging,8.6,15,12,100,0.5,1,12.5,8,2,8,1.0
logging,lib/logging/color_scheme.rb,aec306300d18,logging,5.6,16,23,85,0.0,0,7.7,13,2,12,0.923
logging,lib/logging/diagnostic_context.rb,aec306300d18,logging,7.1,20,17,75,0.5,0,4.2,24,4,22,0.917
logging,lib/logging/layout.rb,aec306300d18,logging,9.5,20,0,62,0.0,0,0.0,13,2,12,0.923
logging,lib/logging/layouts/parseable.rb,aec306300d18,logging,8.7,24,54,69,0.0,1,15.4,13,2,11,0.846
logging,lib/logging/layouts/pattern.rb,aec306300d18,logging,10.5,28,16,84,0.0,1,10.5,19,3,18,0.947
logging,lib/logging/logger.rb,aec306300d18,logging,9.2,43,23,81,0.0,0,7.7,26,2,25,0.962
logging,lib/logging/rails_compat.rb,aec306300d18,logging,1.7,3,0,0,0.0,0,0.0,3,2,3,1.0
logging,lib/logging/repository.rb,aec306300d18,logging,7.2,19,9,100,0.5,0,18.2,11,2,11,1.0
logging,lib/logging/root_logger.rb,aec306300d18,logging,6.3,10,0,0,0.0,1,0.0,3,2,3,1.0
logging,lib/logging/utils.rb,aec306300d18,logging,9.9,20,0,44,0.0,1,0.0,9,5,8,0.889
lograge,lib/lograge.rb,e5caed777529,logging,5.5,14,0,58,0.0,0,7.7,26,1,25,0.962
lograge,lib/lograge/formatters/graylog2.rb,e5caed777529,logging,4,6,0,67,0.33,0,0.0,3,3,3,1.0
lograge,lib/lograge/formatters/key_value.rb,e5caed777529,logging,5,9,0,75,0.0,0,0.0,4,3,4,1.0
lograge,lib/lograge/formatters/key_value_deep.rb,e5caed777529,logging,7.2,12,0,75,0.0,1,0.0,4,3,4,1.0
lograge,lib/lograge/formatters/l2met.rb,e5caed777529,logging,3.7,5,0,67,0.0,1,0.0,6,3,6,1.0
lograge,lib/lograge/formatters/ltsv.rb,e5caed777529,logging,7.8,12,0,100,0.0,0,0.0,4,3,4,1.0
lograge,lib/lograge/log_subscribers/action_cable.rb,e5caed777529,logging,5.3,10,0,67,0.0,1,0.0,3,3,3,1.0
lograge,lib/lograge/log_subscribers/action_controller.rb,e5caed777529,logging,4.8,9,0,73,0.0,1,0.0,11,3,11,1.0
lograge,lib/lograge/log_subscribers/base.rb,e5caed777529,logging,5.7,10,0,56,0.0,1,11.1,9,3,9,1.0
lograge,lib/lograge/rails_ext/action_cable/channel/base.rb,e5caed777529,logging,3.7,5,0,0,0.0,0,0.0,3,3,3,1.0
mail,lib/mail/attachments_list.rb,d645d7b5b7d0,email,14.7,48,0,83,0.0,1,0.0,6,2,6,1.0
mail,lib/mail/body.rb,d645d7b5b7d0,email,7.2,29,0,54,0.0,0,4.2,24,2,22,0.917
mail,lib/mail/configuration.rb,d645d7b5b7d0,email,8.7,22,0,50,0.5,0,0.0,6,2,6,1.0
mail,lib/mail/elements/address.rb,d645d7b5b7d0,email,5.8,14,0,68,0.0,0,0.0,25,2,24,0.96
mail,lib/mail/elements/envelope_from_element.rb,d645d7b5b7d0,email,7,9,0,67,0.0,0,0.0,3,2,3,1.0
mail,lib/mail/elements/message_ids_element.rb,d645d7b5b7d0,email,4,7,25,25,0.0,0,0.0,4,2,4,1.0
mail,lib/mail/elements/received_element.rb,d645d7b5b7d0,email,6.7,10,0,100,0.0,0,0.0,3,2,3,1.0
mail,lib/mail/encodings.rb,d645d7b5b7d0,email,9.0,21,100,76,0.67,1,0.0,21,3,21,1.0
mail,lib/mail/encodings/7bit.rb,d645d7b5b7d0,email,3,3,100,33,0.0,4,0.0,3,3,3,1.0
mail,lib/mail/encodings/base64.rb,d645d7b5b7d0,email,3,3,100,0,0.0,5,0.0,5,3,4,0.8
mail,lib/mail/encodings/quoted_printable.rb,d645d7b5b7d0,email,4,8,100,20,0.0,5,0.0,5,3,5,1.0
mail,lib/mail/encodings/transfer_encoding.rb,d645d7b5b7d0,email,6.6,19,100,50,0.0,0,0.0,8,3,8,1.0
mail,lib/mail/envelope.rb,d645d7b5b7d0,email,3,3,0,67,0.0,3,0.0,3,2,3,1.0
mail,lib/mail/field.rb,d645d7b5b7d0,email,5.0,17,12,68,0.14,3,12.0,25,7,24,0.96
mail,lib/mail/field_list.rb,d645d7b5b7d0,email,6.7,13,0,100,0.0,1,0.0,9,2,9,1.0
mail,lib/mail/fields/common_address_field.rb,d645d7b5b7d0,email,5.1,14,4,74,0.0,3,0.0,23,3,23,1.0
mail,lib/mail/fields/common_date_field.rb,d645d7b5b7d0,email,5.1,18,25,38,0.0,3,0.0,8,2,8,1.0
mail,lib/mail/fields/common_field.rb,d645d7b5b7d0,email,3.8,7,15,31,0.0,0,0.0,13,2,12,0.923
mail,lib/mail/fields/common_message_id_field.rb,d645d7b5b7d0,email,3.1,4,0,62,0.0,3,0.0,8,2,8,1.0
mail,lib/mail/fields/content_disposition_field.rb,d645d7b5b7d0,email,3.5,5,12,62,0.0,3,0.0,8,2,8,1.0
mail,lib/mail/fields/content_id_field.rb,d645d7b5b7d0,email,3.2,4,17,17,0.0,3,0.0,6,2,6,1.0
mail,lib/mail/fields/content_location_field.rb,d645d7b5b7d0,email,3,3,20,20,0.0,3,0.0,5,2,5,1.0
mail,lib/mail/fields/content_transfer_encoding_field.rb,d645d7b5b7d0,email,4,10,29,14,0.0,3,0.0,7,2,7,1.0
mail,lib/mail/fields/content_type_field.rb,d645d7b5b7d0,email,7.2,44,16,58,0.0,3,0.0,19,2,19,1.0
mail,lib/mail/fields/keywords_field.rb,d645d7b5b7d0,email,3,3,0,60,0.0,3,0.0,5,2,5,1.0
mail,lib/mail/fields/message_id_field.rb,d645d7b5b7d0,email,3.3,4,33,0,0.0,4,0.0,3,2,3,1.0
mail,lib/mail/fields/mime_version_field.rb,d645d7b5b7d0,email,3.1,4,12,38,0.0,3,0.0,8,2,8,1.0
mail,lib/mail/fields/parameter_hash.rb,d645d7b5b7d0,email,14,28,0,100,0.0,2,0.0,3,2,3,1.0
mail,lib/mail/fields/received_field.rb,d645d7b5b7d0,email,4.7,7,0,50,0.0,3,0.0,6,2,6,1.0
mail,lib/mail/fields/return_path_field.rb,d645d7b5b7d0,email,3.8,7,20,20,0.0,4,0.0,5,2,4,0.8
mail,lib/mail/fields/sender_field.rb,d645d7b5b7d0,email,3,3,33,0,0.0,4,0.0,3,2,3,1.0
mail,lib/mail/fields/unstructured_field.rb,d645d7b5b7d0,email,12.3,66,0,70,0.0,1,0.0,10,2,10,1.0
mail,lib/mail/header.rb,d645d7b5b7d0,email,5.3,21,10,70,0.5,0,0.0,20,2,17,0.85
mail,lib/mail/indifferent_hash.rb,d645d7b5b7d0,email,3.5,9,5,40,0.0,1,0.0,20,2,18,0.9
mail,lib/mail/mail.rb,d645d7b5b7d0,email,3.5,6,100,50,0.0,0,4.2,24,1,21,0.875
mail,lib/mail/matchers/attachment_matchers.rb,d645d7b5b7d0,email,3,3,0,38,0.0,0,0.0,8,5,6,0.75
mail,lib/mail/matchers/has_sent_mail.rb,d645d7b5b7d0,email,4.7,14,0,56,0.0,0,2.9,34,3,23,0.676
mail,lib/mail/message.rb,d645d7b5b7d0,email,5.4,52,2,61,0.0,0,5.6,180,2,115,0.639
mail,lib/mail/multibyte/chars.rb,d645d7b5b7d0,email,6.2,26,0,50,0.33,0,8.3,24,3,23,0.958
mail,lib/mail/multibyte/unicode.rb,d645d7b5b7d0,email,13.3,57,15,75,0.2,0,10.0,20,5,20,1.0
mail,lib/mail/multibyte/utils.rb,d645d7b5b7d0,email,4.2,10,100,50,0.0,0,0.0,6,2,6,1.0
mail,lib/mail/network/delivery_methods/logger_delivery.rb,d645d7b5b7d0,email,5.5,10,0,75,0.0,0,25.0,4,2,4,1.0
mail,lib/mail/network/delivery_methods/sendmail.rb,d645d7b5b7d0,email,7.8,17,0,100,0.0,1,0.0,4,3,4,1.0
mail,lib/mail/network/delivery_methods/smtp.rb,d645d7b5b7d0,email,10.1,26,0,88,0.0,0,12.5,8,2,8,1.0
mail,lib/mail/network/delivery_methods/test_mailer.rb,d645d7b5b7d0,email,3.8,6,50,25,0.0,0,0.0,4,2,4,1.0
mail,lib/mail/network/retriever_methods/imap.rb,d645d7b5b7d0,email,19,47,0,67,0.0,1,0.0,6,2,6,1.0
mail,lib/mail/network/retriever_methods/pop3.rb,d645d7b5b7d0,email,13,32,0,50,0.0,1,0.0,6,2,6,1.0
mail,lib/mail/network/retriever_methods/test_retriever.rb,d645d7b5b7d0,email,7.8,22,50,25,0.0,1,0.0,4,2,3,0.75
mail,lib/mail/part.rb,d645d7b5b7d0,email,4,10,0,53,0.0,1,0.0,19,2,15,0.789
mail,lib/mail/parts_list.rb,d645d7b5b7d0,email,6.7,15,0,67,0.0,1,0.0,15,2,14,0.933
mail,lib/mail/smtp_envelope.rb,d645d7b5b7d0,email,7.8,11,0,80,0.0,0,0.0,5,2,5,1.0
mail,lib/mail/utilities.rb,d645d7b5b7d0,email,6.8,59,49,75,0.25,0,1.8,55,4,49,0.891
minitest,design_rationale.rb,f6180b07ea6e,testing,3.5,4,0,0,0.0,4,0.0,4,2,3,0.75
minitest,lib/hoe/minitest.rb,f6180b07ea6e,testing,6.7,14,0,0,0.0,0,0.0,3,2,3,1.0
minitest,lib/minitest.rb,f6180b07ea6e,testing,7.1,126,30,39,0.12,3,2.2,92,17,72,0.783
minitest,lib/minitest/assertions.rb,f6180b07ea6e,testing,8.3,34,6,61,0.0,0,11.1,54,2,52,0.963
minitest,lib/minitest/benchmark.rb,f6180b07ea6e,testing,6.4,20,48,41,0.25,2,14.8,27,4,24,0.889
minitest,lib/minitest/bisect.rb,f6180b07ea6e,testing,12.4,58,7,73,0.0,1,0.0,15,3,15,1.0
minitest,lib/minitest/find_minimal_combination.rb,f6180b07ea6e,testing,17.6,54,0,40,0.0,0,0.0,5,2,5,1.0
minitest,lib/minitest/parallel.rb,f6180b07ea6e,testing,4.3,13,0,43,0.0,0,0.0,7,5,7,1.0
minitest,lib/minitest/path_expander.rb,f6180b07ea6e,testing,10.5,38,8,67,0.0,1,0.0,24,3,22,0.917
minitest,lib/minitest/pride_plugin.rb,f6180b07ea6e,testing,7.5,20,36,82,0.0,1,9.1,11,3,10,0.909
minitest,lib/minitest/server.rb,f6180b07ea6e,testing,3.2,5,38,25,0.0,0,0.0,8,1,8,1.0
minitest,lib/minitest/server_plugin.rb,f6180b07ea6e,testing,10,30,29,71,0.0,1,28.6,7,2,7,1.0
minitest,lib/minitest/spec.rb,f6180b07ea6e,testing,8.5,23,6,50,0.29,2,75.0,16,7,14,0.875
minitest,lib/minitest/sprint.rb,f6180b07ea6e,testing,8.1,21,14,71,0.0,2,0.0,7,4,7,1.0
minitest,lib/minitest/sprint_plugin.rb,f6180b07ea6e,testing,4.3,14,43,57,0.0,0,0.0,7,2,7,1.0
minitest,lib/minitest/test.rb,f6180b07ea6e,testing,6.1,19,27,20,2.33,1,33.3,15,3,10,0.667
minitest,lib/minitest/test_task.rb,f6180b07ea6e,testing,24.4,91,14,71,0.0,1,14.3,7,4,7,1.0
money,lib/money/bank/base.rb,26e2829c34f1,money,2.8,4,20,0,0.0,2,0.0,5,5,5,1.0
money,lib/money/bank/variable_exchange.rb,26e2829c34f1,money,7.2,20,0,85,0.0,1,7.7,13,4,13,1.0
money,lib/money/currency.rb,26e2829c34f1,money,5.8,18,48,67,0.6,1,0.0,33,5,30,0.909
money,lib/money/money.rb,26e2829c34f1,money,5.9,20,29,51,1.5,1,0.0,41,2,37,0.902
money,lib/money/money/arithmetic.rb,26e2829c34f1,money,6.3,17,0,80,0.0,0,0.0,20,2,19,0.95
money,lib/money/money/formatter.rb,26e2829c34f1,money,9.6,26,0,75,0.0,0,0.0,16,2,16,1.0
money,lib/money/money/formatting_rules.rb,26e2829c34f1,money,7.7,23,0,78,0.0,0,0.0,9,2,9,1.0
money,lib/money/rates_store/memory.rb,26e2829c34f1,money,5.1,10,0,71,0.0,0,0.0,7,3,7,1.0
mongo,lib/mongo.rb,049b718a2d47,database drivers,4,7,25,25,1.0,0,0.0,4,1,4,1.0
mongo,lib/mongo/address.rb,049b718a2d47,database drivers,9.1,35,0,60,0.5,0,0.0,10,2,10,1.0
mongo,lib/mongo/address/ipv4.rb,049b718a2d47,database drivers,6,7,33,67,0.0,0,0.0,3,3,3,1.0
mongo,lib/mongo/address/ipv6.rb,049b718a2d47,database drivers,12,24,33,67,0.0,0,0.0,3,3,3,1.0
mongo,lib/mongo/address/unix.rb,049b718a2d47,database drivers,3,3,33,0,0.0,0,0.0,3,3,3,1.0
mongo,lib/mongo/address/validator.rb,049b718a2d47,database drivers,18.7,38,0,100,0.0,0,0.0,3,3,3,1.0
mongo,lib/mongo/auth.rb,049b718a2d47,database drivers,15,33,0,100,0.6,3,0.0,3,5,3,1.0
mongo,lib/mongo/auth/aws/conversation.rb,049b718a2d47,database drivers,12.4,32,0,60,0.0,2,0.0,5,4,5,1.0
mongo,lib/mongo/auth/aws/credentials_cache.rb,049b718a2d47,database drivers,4.7,6,17,67,0.0,1,0.0,6,4,5,0.833
mongo,lib/mongo/auth/aws/credentials_retriever.rb,049b718a2d47,database drivers,13.7,38,0,73,0.0,2,0.0,15,5,15,1.0
mongo,lib/mongo/auth/aws/request.rb,049b718a2d47,database drivers,9.5,28,0,64,0.0,1,7.1,14,5,14,1.0
mongo,lib/mongo/auth/base.rb,049b718a2d47,database drivers,10.6,27,0,71,0.0,0,28.6,7,3,7,1.0
mongo,lib/mongo/auth/conversation_base.rb,049b718a2d47,database drivers,8.8,16,0,50,0.0,0,0.0,4,3,4,1.0
mongo,lib/mongo/auth/credential_cache.rb,049b718a2d47,database drivers,6.2,8,0,75,0.0,0,0.0,4,3,4,1.0
mongo,lib/mongo/auth/gssapi/conversation.rb,049b718a2d47,database drivers,6.4,11,0,80,0.0,2,0.0,5,4,5,1.0
mongo,lib/mongo/auth/sasl_conversation_base.rb,049b718a2d47,database drivers,8.8,17,0,80,0.0,1,40.0,5,3,5,1.0
mongo,lib/mongo/auth/scram.rb,049b718a2d47,database drivers,5.3,6,0,67,0.0,1,33.3,3,3,3,1.0
mongo,lib/mongo/auth/scram/conversation.rb,049b718a2d47,database drivers,5.3,8,0,67,0.0,3,0.0,3,4,3,1.0
mongo,lib/mongo/auth/scram256/conversation.rb,049b718a2d47,database drivers,5.7,9,0,67,0.0,3,0.0,3,4,3,1.0
mongo,lib/mongo/auth/scram_conversation_base.rb,049b718a2d47,database drivers,4.6,23,0,46,0.0,2,0.0,26,3,25,0.962
mongo,lib/mongo/auth/stringprep.rb,049b718a2d47,database drivers,6.9,14,0,100,0.33,0,0.0,7,3,7,1.0
mongo,lib/mongo/auth/user.rb,049b718a2d47,database drivers,7.2,27,10,50,0.33,0,0.0,10,3,10,1.0
mongo,lib/mongo/auth/user/view.rb,049b718a2d47,database drivers,7,11,0,75,0.25,0,0.0,8,4,7,0.875
mongo,lib/mongo/auth/x509/conversation.rb,049b718a2d47,database drivers,4.3,5,0,33,0.0,1,0.0,3,4,3,1.0
mongo,lib/mongo/background_thread.rb,049b718a2d47,database drivers,14.1,37,0,57,0.5,0,0.0,7,2,6,0.857
mongo,lib/mongo/bulk_write.rb,049b718a2d47,database drivers,10.6,45,0,95,1.0,0,4.8,21,2,17,0.81
mongo,lib/mongo/bulk_write/combineable.rb,049b718a2d47,database drivers,4,6,0,20,0.0,0,0.0,5,3,3,0.6
mongo,lib/mongo/bulk_write/ordered_combiner.rb,049b718a2d47,database drivers,3.7,5,0,67,1.0,0,0.0,3,3,3,1.0
mongo,lib/mongo/bulk_write/result.rb,049b718a2d47,database drivers,3.4,5,0,80,0.0,0,0.0,10,3,4,0.4
mongo,lib/mongo/bulk_write/result_combiner.rb,049b718a2d47,database drivers,7.9,19,0,62,0.0,0,12.5,8,3,8,1.0
mongo,lib/mongo/bulk_write/validatable.rb,049b718a2d47,database drivers,7.7,11,0,67,0.0,0,0.0,3,3,3,1.0
mongo,lib/mongo/caching_cursor.rb,049b718a2d47,database drivers,8.3,15,0,100,0.0,1,0.0,3,2,3,1.0
mongo,lib/mongo/client.rb,049b718a2d47,database drivers,13.5,118,2,89,1.0,0,0.0,56,2,51,0.911
mongo,lib/mongo/client_encryption.rb,049b718a2d47,database drivers,5.4,18,0,100,0.0,0,0.0,14,2,14,1.0
mongo,lib/mongo/cluster.rb,049b718a2d47,database drivers,16.1,153,0,97,2.5,0,0.0,34,2,31,0.912
mongo,lib/mongo/cluster/periodic_executor.rb,049b718a2d47,database drivers,5.2,10,0,67,0.33,0,0.0,6,3,5,0.833
mongo,lib/mongo/cluster/reapers/cursor_reaper.rb,049b718a2d47,database drivers,20.7,84,0,83,0.33,0,0.0,6,3,6,1.0
mongo,lib/mongo/cluster/reapers/socket_reaper.rb,049b718a2d47,database drivers,3.3,6,0,33,0.0,0,0.0,3,3,3,1.0
mongo,lib/mongo/cluster/sdam_flow.rb,049b718a2d47,database drivers,25.0,105,0,95,0.5,0,9.5,21,2,21,1.0
mongo,lib/mongo/cluster/topology/base.rb,049b718a2d47,database drivers,8.3,46,0,73,0.75,0,0.0,11,4,8,0.727
mongo,lib/mongo/cluster/topology/load_balanced.rb,049b718a2d47,database drivers,3.6,8,0,20,0.0,1,0.0,10,4,6,0.6
mongo,lib/mongo/cluster/topology/replica_set_no_primary.rb,049b718a2d47,database drivers,4.4,9,0,30,0.0,1,0.0,10,4,7,0.7
mongo,lib/mongo/cluster/topology/sharded.rb,049b718a2d47,database drivers,3.1,4,0,22,0.25,1,0.0,9,4,6,0.667
mongo,lib/mongo/cluster/topology/single.rb,049b718a2d47,database drivers,3.6,8,0,30,0.0,1,0.0,10,4,7,0.7
mongo,lib/mongo/cluster/topology/unknown.rb,049b718a2d47,database drivers,3.1,4,0,11,0.25,1,0.0,9,4,5,0.556
mongo,lib/mongo/cluster_time.rb,049b718a2d47,database drivers,7.8,10,17,83,0.33,1,0.0,6,3,6,1.0
mongo,lib/mongo/collection.rb,049b718a2d47,database drivers,7,50,0,49,2.0,0,0.0,37,2,35,0.946
mongo,lib/mongo/collection/queryable_encryption.rb,049b718a2d47,database drivers,11.3,23,0,100,0.0,0,0.0,7,3,7,1.0
mongo,lib/mongo/collection/view.rb,049b718a2d47,database drivers,5.9,21,0,91,2.33,0,0.0,11,3,11,1.0
mongo,lib/mongo/collection/view/aggregation.rb,049b718a2d47,database drivers,10,23,0,60,0.5,0,0.0,5,4,5,1.0
mongo,lib/mongo/collection/view/aggregation/behavior.rb,049b718a2d47,database drivers,5.9,12,0,89,1.4,0,0.0,9,5,9,1.0
mongo,lib/mongo/collection/view/builder/aggregation.rb,049b718a2d47,database drivers,10,20,0,80,0.2,0,0.0,5,5,5,1.0
mongo,lib/mongo/collection/view/builder/map_reduce.rb,049b718a2d47,database drivers,11.4,27,0,80,0.2,0,0.0,5,5,5,1.0
mongo,lib/mongo/collection/view/change_stream.rb,049b718a2d47,database drivers,10.1,48,0,79,0.5,1,4.2,24,4,22,0.917
mongo,lib/mongo/collection/view/explainable.rb,049b718a2d47,database drivers,4,6,0,100,0.0,0,0.0,3,4,3,1.0
mongo,lib/mongo/collection/view/iterable.rb,049b718a2d47,database drivers,12.7,41,0,85,0.25,0,0.0,13,4,13,1.0
mongo,lib/mongo/collection/view/map_reduce.rb,049b718a2d47,database drivers,6.5,22,0,64,1.25,0,0.0,22,4,18,0.818
mongo,lib/mongo/collection/view/readable.rb,049b718a2d47,database drivers,9.2,47,0,37,0.0,0,0.0,35,4,16,0.457
mongo,lib/mongo/collection/view/writable.rb,049b718a2d47,database drivers,34.1,52,0,90,0.0,0,0.0,10,4,9,0.9
mongo,lib/mongo/condition_variable.rb,049b718a2d47,database drivers,4.6,6,0,80,0.5,0,0.0,5,2,5,1.0
mongo,lib/mongo/config/options.rb,049b718a2d47,database drivers,6.8,18,0,50,0.0,0,125.0,4,3,3,0.75
mongo,lib/mongo/crypt/auto_encrypter.rb,049b718a2d47,database drivers,20.1,80,0,75,0.0,0,0.0,8,3,8,1.0
mongo,lib/mongo/crypt/binary.rb,049b718a2d47,database drivers,10.9,29,43,57,0.0,0,0.0,7,3,6,0.857
mongo,lib/mongo/crypt/binding.rb,049b718a2d47,database drivers,7.4,20,98,93,0.2,0,0.0,55,5,55,1.0
mongo,lib/mongo/crypt/context.rb,049b718a2d47,database drivers,9.8,33,0,62,0.33,0,0.0,16,3,16,1.0
mongo,lib/mongo/crypt/data_key_context.rb,049b718a2d47,database drivers,7.3,12,0,67,0.0,1,0.0,3,3,3,1.0
mongo,lib/mongo/crypt/encryption_io.rb,049b718a2d47,database drivers,11.4,34,0,100,0.0,0,0.0,18,3,17,0.944
mongo,lib/mongo/crypt/explicit_encrypter.rb,049b718a2d47,database drivers,7.6,19,0,69,0.33,0,0.0,16,3,15,0.938
mongo,lib/mongo/crypt/explicit_encryption_context.rb,049b718a2d47,database drivers,9.6,20,0,71,0.0,1,0.0,7,3,7,1.0
mongo,lib/mongo/crypt/handle.rb,049b718a2d47,database drivers,16.7,96,0,50,0.0,0,6.2,16,3,16,1.0
mongo,lib/mongo/crypt/hooks.rb,049b718a2d47,database drivers,6.6,14,0,40,0.0,0,0.0,5,3,5,1.0
mongo,lib/mongo/crypt/kms.rb,049b718a2d47,database drivers,19,31,33,100,0.0,1,0.0,3,5,3,1.0
mongo,lib/mongo/crypt/kms/azure/credentials_retriever.rb,049b718a2d47,database drivers,12.2,14,100,100,0.0,0,0.0,4,5,4,1.0
mongo,lib/mongo/crypt/kms/credentials.rb,049b718a2d47,database drivers,7.4,32,0,100,0.0,0,0.0,8,4,4,0.5
mongo,lib/mongo/crypt/kms/gcp/credentials_retriever.rb,049b718a2d47,database drivers,11.3,19,100,100,0.0,0,0.0,3,5,3,1.0
mongo,lib/mongo/crypt/kms/kmip/master_document.rb,049b718a2d47,database drivers,9.3,10,0,67,0.2,0,0.0,3,5,3,1.0
mongo,lib/mongo/crypt/kms_context.rb,049b718a2d47,database drivers,3,3,0,0,0.0,0,0.0,5,3,5,1.0
mongo,lib/mongo/crypt/status.rb,049b718a2d47,database drivers,6,13,11,22,0.0,0,0.0,9,3,9,1.0
mongo,lib/mongo/csot_timeout_holder.rb,049b718a2d47,database drivers,5.6,10,0,58,0.0,0,0.0,12,2,12,1.0
mongo,lib/mongo/cursor.rb,049b718a2d47,database drivers,11,43,3,91,1.5,0,0.0,33,2,32,0.97
mongo,lib/mongo/cursor/kill_spec.rb,049b718a2d47,database drivers,9.5,17,0,25,0.0,0,0.0,4,3,4,1.0
mongo,lib/mongo/database.rb,049b718a2d47,database drivers,12.3,74,0,63,1.0,0,0.0,19,2,19,1.0
mongo,lib/mongo/database/cursor_command_view.rb,049b718a2d47,database drivers,3.1,4,0,67,0.0,0,0.0,9,3,6,0.667
mongo,lib/mongo/database/view.rb,049b718a2d47,database drivers,10.3,23,0,80,1.67,0,0.0,10,3,10,1.0
mongo,lib/mongo/deprecations.rb,049b718a2d47,database drivers,4.7,8,0,29,1.0,0,0.0,7,2,7,1.0
mongo,lib/mongo/distinguishing_semaphore.rb,049b718a2d47,database drivers,6.2,8,0,75,0.0,0,0.0,4,2,4,1.0
mongo,lib/mongo/error.rb,049b718a2d47,database drivers,3.2,4,0,50,1.0,1,0.0,4,2,4,1.0
mongo,lib/mongo/error/bulk_write_error.rb,049b718a2d47,database drivers,16.7,27,0,67,0.0,2,0.0,3,3,3,1.0
mongo,lib/mongo/error/invalid_replacement_document.rb,049b718a2d47,database drivers,4.7,6,67,33,0.0,2,0.0,3,3,3,1.0
mongo,lib/mongo/error/invalid_update_document.rb,049b718a2d47,database drivers,4.7,6,67,33,0.0,2,0.0,3,3,3,1.0
mongo,lib/mongo/error/labelable.rb,049b718a2d47,database drivers,4.7,7,0,100,0.0,1,0.0,3,3,3,1.0
mongo,lib/mongo/error/notable.rb,049b718a2d47,database drivers,5.8,11,0,80,0.0,1,0.0,5,3,5,1.0
mongo,lib/mongo/error/operation_failure.rb,049b718a2d47,database drivers,8,18,0,90,1.0,2,0.0,10,4,10,1.0
mongo,lib/mongo/error/parser.rb,049b718a2d47,database drivers,8.3,29,7,93,0.33,1,0.0,15,3,12,0.8
mongo,lib/mongo/error/read_write_retryable.rb,049b718a2d47,database drivers,5.3,8,0,100,0.0,1,0.0,3,3,3,1.0
mongo,lib/mongo/error/sdam_error_detection.rb,049b718a2d47,database drivers,11.3,14,0,67,0.0,1,0.0,3,3,3,1.0
mongo,lib/mongo/event/listeners.rb,049b718a2d47,database drivers,3,3,0,0,0.0,0,0.0,3,3,3,1.0
mongo,lib/mongo/grid/file.rb,049b718a2d47,database drivers,4.6,7,0,60,0.33,0,0.0,5,3,5,1.0
mongo,lib/mongo/grid/file/chunk.rb,049b718a2d47,database drivers,4.1,12,20,80,0.0,0,0.0,10,4,7,0.7
mongo,lib/mongo/grid/file/info.rb,049b718a2d47,database drivers,4.1,10,0,80,0.0,0,0.0,15,4,8,0.533
mongo,lib/mongo/grid/fs_bucket.rb,049b718a2d47,database drivers,8.3,20,0,78,0.33,0,0.0,23,3,21,0.913
mongo,lib/mongo/grid/stream/read.rb,049b718a2d47,database drivers,7.7,20,0,73,0.2,0,0.0,15,5,15,1.0
mongo,lib/mongo/grid/stream/write.rb,049b718a2d47,database drivers,7.4,22,0,92,0.0,0,0.0,13,5,13,1.0
mongo,lib/mongo/index/view.rb,049b718a2d47,database drivers,10.1,37,0,82,1.67,0,0.0,17,3,17,1.0
mongo,lib/mongo/lint.rb,049b718a2d47,database drivers,8.6,21,0,86,0.0,0,0.0,7,2,6,0.857
mongo,lib/mongo/loggable.rb,049b718a2d47,database drivers,3,3,0,88,0.0,0,0.0,8,2,8,1.0
mongo,lib/mongo/logger.rb,049b718a2d47,database drivers,3.5,5,100,75,0.0,0,0.0,4,2,4,1.0
mongo,lib/mongo/monitoring.rb,049b718a2d47,database drivers,7.8,46,7,64,0.75,0,0.0,14,4,14,1.0
mongo,lib/mongo/monitoring/command_log_subscriber.rb,049b718a2d47,database drivers,5.6,12,0,88,0.33,0,0.0,8,3,8,1.0
mongo,lib/mongo/monitoring/event/command_failed.rb,049b718a2d47,database drivers,12,17,33,67,0.25,1,0.0,3,4,3,1.0
mongo,lib/mongo/monitoring/event/command_started.rb,049b718a2d47,database drivers,12.4,22,20,60,0.25,1,0.0,5,4,5,1.0
mongo,lib/mongo/monitoring/event/command_succeeded.rb,049b718a2d47,database drivers,9.8,16,60,80,0.25,1,0.0,5,4,5,1.0
mongo,lib/mongo/monitoring/event/secure.rb,049b718a2d47,database drivers,7.7,10,0,100,0.0,0,0.0,3,4,3,1.0
mongo,lib/mongo/monitoring/event/server_description_changed.rb,049b718a2d47,database drivers,6.2,9,0,50,0.0,1,0.0,4,4,4,1.0
mongo,lib/mongo/monitoring/event/server_heartbeat_failed.rb,049b718a2d47,database drivers,5.3,8,0,67,0.0,1,0.0,3,4,3,1.0
mongo,lib/mongo/monitoring/event/server_heartbeat_started.rb,049b718a2d47,database drivers,4,5,0,33,0.0,1,0.0,3,4,3,1.0
mongo,lib/mongo/monitoring/event/server_heartbeat_succeeded.rb,049b718a2d47,database drivers,4.7,7,0,33,0.0,1,0.0,3,4,3,1.0
mongo,lib/mongo/monitoring/publishable.rb,049b718a2d47,database drivers,8.3,16,0,89,0.33,0,0.0,9,3,9,1.0
mongo,lib/mongo/monitoring/unified_sdam_log_subscriber.rb,049b718a2d47,database drivers,4.7,8,0,67,0.33,0,0.0,3,3,3,1.0
mongo,lib/mongo/operation/aggregate/result.rb,049b718a2d47,database drivers,3.5,6,0,100,0.0,1,0.0,6,4,5,0.833
mongo,lib/mongo/operation/context.rb,049b718a2d47,database drivers,5.2,26,0,95,0.0,1,5.0,20,3,19,0.95
mongo,lib/mongo/operation/cursor_command/result.rb,049b718a2d47,database drivers,3.3,5,0,100,0.0,1,0.0,6,4,4,0.667
mongo,lib/mongo/operation/find/op_msg.rb,049b718a2d47,database drivers,14.3,28,0,67,0.75,1,0.0,3,4,3,1.0
mongo,lib/mongo/operation/find/result.rb,049b718a2d47,database drivers,3,3,0,100,0.0,1,0.0,5,4,4,0.8
mongo,lib/mongo/operation/get_more/result.rb,049b718a2d47,database drivers,3,3,0,100,0.0,1,0.0,5,4,4,0.8
mongo,lib/mongo/operation/indexes/result.rb,049b718a2d47,database drivers,3,3,0,83,0.0,1,0.0,6,4,5,0.833
mongo,lib/mongo/operation/insert/bulk_result.rb,049b718a2d47,database drivers,12.7,32,0,67,0.25,1,0.0,3,4,3,1.0
mongo,lib/mongo/operation/insert/op_msg.rb,049b718a2d47,database drivers,6.7,8,0,67,1.5,1,33.3,3,4,3,1.0
mongo,lib/mongo/operation/insert/result.rb,049b718a2d47,database drivers,3.3,4,0,33,0.0,1,0.0,3,4,3,1.0
mongo,lib/mongo/operation/list_collections/result.rb,049b718a2d47,database drivers,5.2,16,0,100,0.0,1,0.0,6,4,5,0.833
mongo,lib/mongo/operation/map_reduce/result.rb,049b718a2d47,database drivers,3,3,0,88,0.0,1,0.0,8,4,7,0.875
mongo,lib/mongo/operation/parallel_scan/result.rb,049b718a2d47,database drivers,3,3,0,100,0.0,1,0.0,3,4,3,1.0
mongo,lib/mongo/operation/result.rb,049b718a2d47,database drivers,6.1,21,0,76,0.67,0,0.0,25,3,25,1.0
mongo,lib/mongo/operation/shared/executable.rb,049b718a2d47,database drivers,12.6,42,0,89,0.33,0,0.0,9,3,9,1.0
mongo,lib/mongo/operation/shared/idable.rb,049b718a2d47,database drivers,4,8,0,60,0.0,0,0.0,5,3,5,1.0
mongo,lib/mongo/operation/shared/op_msg_executable.rb,049b718a2d47,database drivers,4.7,8,0,67,0.33,0,0.0,3,3,3,1.0
mongo,lib/mongo/operation/shared/read_preference_supported.rb,049b718a2d47,database drivers,11,17,0,75,0.0,0,0.0,4,3,4,1.0
mongo,lib/mongo/operation/shared/response_handling.rb,049b718a2d47,database drivers,15.2,26,0,100,0.0,0,0.0,5,3,5,1.0
mongo,lib/mongo/operation/shared/sessions_supported.rb,049b718a2d47,database drivers,10.1,43,0,94,0.0,0,0.0,17,3,17,1.0
mongo,lib/mongo/operation/shared/specifiable.rb,049b718a2d47,database drivers,3.1,5,0,89,0.0,0,2.9,35,3,14,0.4
mongo,lib/mongo/operation/shared/write.rb,049b718a2d47,database drivers,8.5,14,0,50,0.33,0,0.0,4,3,4,1.0
mongo,lib/mongo/operation/shared/write_concern_supported.rb,049b718a2d47,database drivers,3.3,4,0,33,0.0,0,0.0,3,3,3,1.0
mongo,lib/mongo/operation/update/bulk_result.rb,049b718a2d47,database drivers,9.6,13,0,100,0.25,1,0.0,5,4,5,1.0
mongo,lib/mongo/operation/update/result.rb,049b718a2d47,database drivers,4.7,9,0,50,0.0,1,0.0,6,4,6,1.0
mongo,lib/mongo/options/mapper.rb,049b718a2d47,database drivers,6.4,11,0,100,0.33,0,0.0,5,3,5,1.0
mongo,lib/mongo/options/redacted.rb,049b718a2d47,database drivers,5.4,11,0,67,0.0,1,22.2,9,3,7,0.778
mongo,lib/mongo/protocol/bit_vector.rb,049b718a2d47,database drivers,6.3,8,0,100,0.0,0,0.0,3,4,3,1.0
mongo,lib/mongo/protocol/caching_hash.rb,049b718a2d47,database drivers,3.3,4,0,33,0.0,0,0.0,3,3,3,1.0
mongo,lib/mongo/protocol/compressed.rb,049b718a2d47,database drivers,9.8,14,0,100,0.0,1,0.0,6,3,6,1.0
mongo,lib/mongo/protocol/get_more.rb,049b718a2d47,database drivers,6.2,8,0,40,0.0,1,0.0,5,4,5,1.0
mongo,lib/mongo/protocol/kill_cursors.rb,049b718a2d47,database drivers,7,9,0,75,0.0,1,0.0,4,4,4,1.0
mongo,lib/mongo/protocol/message.rb,049b718a2d47,database drivers,7.7,46,17,39,0.67,0,30.4,23,3,20,0.87
mongo,lib/mongo/protocol/msg.rb,049b718a2d47,database drivers,11,32,0,82,0.25,1,0.0,17,4,17,1.0
mongo,lib/mongo/protocol/query.rb,049b718a2d47,database drivers,8.4,24,0,79,0.25,1,0.0,14,4,14,1.0
mongo,lib/mongo/protocol/registry.rb,049b718a2d47,database drivers,5,7,0,25,0.33,0,25.0,4,3,4,1.0
mongo,lib/mongo/protocol/reply.rb,049b718a2d47,database drivers,4.1,9,0,70,0.0,1,0.0,10,4,9,0.9
mongo,lib/mongo/protocol/serializers.rb,049b718a2d47,database drivers,5.8,15,100,91,0.0,0,9.1,22,14,20,0.909
mongo,lib/mongo/query_cache.rb,049b718a2d47,database drivers,8.3,27,87,53,0.0,0,6.7,15,4,14,0.933
mongo,lib/mongo/retryable.rb,049b718a2d47,database drivers,9.6,22,0,60,0.5,0,0.0,5,2,4,0.8
mongo,lib/mongo/retryable/base_worker.rb,049b718a2d47,database drivers,4.8,10,0,60,0.33,0,0.0,10,3,9,0.9
mongo,lib/mongo/retryable/read_worker.rb,049b718a2d47,database drivers,19,44,0,90,0.0,1,0.0,10,3,10,1.0
mongo,lib/mongo/retryable/retry_policy.rb,049b718a2d47,database drivers,4.5,6,0,50,0.0,0,0.0,4,3,4,1.0
mongo,lib/mongo/retryable/write_worker.rb,049b718a2d47,database drivers,25.1,66,0,100,0.0,1,0.0,13,3,13,1.0
mongo,lib/mongo/search_index/view.rb,049b718a2d47,database drivers,7.2,18,0,100,1.33,0,0.0,15,3,15,1.0
mongo,lib/mongo/semaphore.rb,049b718a2d47,database drivers,4.8,5,0,75,0.0,0,0.0,4,2,4,1.0
mongo,lib/mongo/server.rb,049b718a2d47,database drivers,9.6,53,0,84,2.0,0,0.0,31,2,31,1.0
mongo,lib/mongo/server/app_metadata.rb,049b718a2d47,database drivers,7,15,0,46,0.33,0,0.0,13,3,12,0.923
mongo,lib/mongo/server/app_metadata/environment.rb,049b718a2d47,database drivers,5.5,15,0,78,0.0,2,0.0,18,8,15,0.833
mongo,lib/mongo/server/app_metadata/platform.rb,049b718a2d47,database drivers,5.2,10,0,50,0.0,0,0.0,10,4,9,0.9
mongo,lib/mongo/server/app_metadata/truncator.rb,049b718a2d47,database drivers,4.6,12,0,82,0.0,0,9.1,11,4,10,0.909
mongo,lib/mongo/server/connection.rb,049b718a2d47,database drivers,8.8,35,0,86,1.33,2,0.0,22,3,19,0.864
mongo,lib/mongo/server/connection_base.rb,049b718a2d47,database drivers,21.1,56,0,100,0.67,1,0.0,7,3,7,1.0
mongo,lib/mongo/server/connection_common.rb,049b718a2d47,database drivers,12.1,22,0,100,0.0,0,0.0,8,3,8,1.0
mongo,lib/mongo/server/connection_pool.rb,049b718a2d47,database drivers,17.8,85,2,96,1.0,0,0.0,56,3,55,0.982
mongo,lib/mongo/server/connection_pool/generation_manager.rb,049b718a2d47,database drivers,10.2,25,0,100,0.0,0,0.0,9,4,9,1.0
mongo,lib/mongo/server/connection_pool/populator.rb,049b718a2d47,database drivers,6.7,12,0,67,0.25,0,0.0,3,4,3,1.0
mongo,lib/mongo/server/description.rb,049b718a2d47,database drivers,5.5,63,0,87,0.0,0,0.0,47,3,31,0.66
mongo,lib/mongo/server/monitor.rb,049b718a2d47,database drivers,12.8,52,0,100,1.33,0,0.0,21,3,21,1.0
mongo,lib/mongo/server/monitor/connection.rb,049b718a2d47,database drivers,9.2,24,0,85,0.25,1,0.0,13,4,13,1.0
mongo,lib/mongo/server/pending_connection.rb,049b718a2d47,database drivers,25.3,76,0,89,0.33,2,0.0,9,3,9,1.0
mongo,lib/mongo/server/push_monitor.rb,049b718a2d47,database drivers,19.2,46,0,100,0.67,0,0.0,8,3,8,1.0
mongo,lib/mongo/server/round_trip_time_calculator.rb,049b718a2d47,database drivers,12.2,28,0,50,0.0,0,0.0,4,3,4,1.0
mongo,lib/mongo/server_selector/base.rb,049b718a2d47,database drivers,16.6,128,0,100,0.0,0,4.2,24,3,24,1.0
mongo,lib/mongo/server_selector/nearest.rb,049b718a2d47,database drivers,3.3,5,0,14,0.0,1,0.0,7,3,3,0.429
mongo,lib/mongo/server_selector/primary_preferred.rb,049b718a2d47,database drivers,3.7,8,0,14,0.0,1,0.0,7,3,3,0.429
mongo,lib/mongo/server_selector/secondary.rb,049b718a2d47,database drivers,3,3,0,0,0.0,1,0.0,7,3,3,0.429
mongo,lib/mongo/server_selector/secondary_preferred.rb,049b718a2d47,database drivers,3.5,6,0,12,0.0,1,0.0,8,3,4,0.5
mongo,lib/mongo/session.rb,049b718a2d47,database drivers,13.3,169,0,78,2.0,0,0.0,59,2,56,0.949
mongo,lib/mongo/session/server_session.rb,049b718a2d47,database drivers,4,6,0,0,0.33,0,0.0,5,3,5,1.0
mongo,lib/mongo/session/session_pool.rb,049b718a2d47,database drivers,9,16,0,88,0.0,0,0.0,8,3,8,1.0
mongo,lib/mongo/socket.rb,049b718a2d47,database drivers,11.7,102,0,73,0.5,0,0.0,30,2,28,0.933
mongo,lib/mongo/socket/ocsp_cache.rb,049b718a2d47,database drivers,8.6,26,0,80,0.0,0,0.0,5,3,5,1.0
mongo,lib/mongo/socket/ocsp_verifier.rb,049b718a2d47,database drivers,18.6,103,0,57,0.2,1,0.0,14,5,14,1.0
mongo,lib/mongo/socket/ssl.rb,049b718a2d47,database drivers,14.9,47,0,91,0.67,1,0.0,23,3,22,0.957
mongo,lib/mongo/socket/tcp.rb,049b718a2d47,database drivers,11.6,24,0,80,0.0,1,0.0,5,3,5,1.0
mongo,lib/mongo/srv/monitor.rb,049b718a2d47,database drivers,12.2,33,0,100,0.67,0,0.0,5,3,5,1.0
mongo,lib/mongo/srv/resolver.rb,049b718a2d47,database drivers,10,34,0,83,0.33,0,0.0,6,3,6,1.0
mongo,lib/mongo/srv/result.rb,049b718a2d47,database drivers,10,21,0,80,0.33,0,0.0,5,3,5,1.0
mongo,lib/mongo/topology_version.rb,049b718a2d47,database drivers,5.2,8,0,50,0.0,1,0.0,6,2,5,0.833
mongo,lib/mongo/tracing/open_telemetry/command_tracer.rb,049b718a2d47,database drivers,6.9,18,0,70,0.25,0,0.0,23,4,23,1.0
mongo,lib/mongo/tracing/open_telemetry/operation_tracer.rb,049b718a2d47,database drivers,8,12,0,83,0.25,0,0.0,12,4,12,1.0
mongo,lib/mongo/tracing/open_telemetry/tracer.rb,049b718a2d47,database drivers,7.9,24,0,53,0.0,0,0.0,15,4,11,0.733
mongo,lib/mongo/uri.rb,049b718a2d47,database drivers,11.4,89,9,55,1.0,0,0.0,22,2,18,0.818
mongo,lib/mongo/uri/options_mapper.rb,049b718a2d47,database drivers,7.8,32,2,58,0.33,0,5.8,52,3,42,0.808
mongo,lib/mongo/uri/srv_protocol.rb,049b718a2d47,database drivers,9,26,0,78,0.0,1,0.0,9,3,9,1.0
mongo,lib/mongo/utils.rb,049b718a2d47,database drivers,4.9,10,0,75,0.33,0,0.0,8,3,8,1.0
mongo,lib/mongo/write_concern/acknowledged.rb,049b718a2d47,database drivers,3.7,5,0,0,0.0,1,0.0,3,3,3,1.0
mongo,profile/driver_bench/base.rb,049b718a2d47,database drivers,5.1,28,6,25,0.0,0,0.0,16,3,13,0.812
mongo,profile/driver_bench/crypto/decrypt.rb,049b718a2d47,database drivers,8.4,17,0,33,0.0,1,0.0,9,4,9,1.0
mongo,profile/driver_bench/multi_doc/base.rb,049b718a2d47,database drivers,4.6,8,0,40,0.0,1,0.0,5,4,5,1.0
mongo,profile/driver_bench/multi_doc/bulk_insert/base.rb,049b718a2d47,database drivers,3.5,4,0,75,0.0,2,0.0,4,5,4,1.0
mongo,profile/driver_bench/multi_doc/find_many.rb,049b718a2d47,database drivers,5.7,9,0,67,0.0,2,0.0,3,4,3,1.0
mongo,profile/driver_bench/multi_doc/grid_fs/download.rb,049b718a2d47,database drivers,4.7,6,0,100,0.0,3,0.0,3,5,3,1.0
mongo,profile/driver_bench/parallel/base.rb,049b718a2d47,database drivers,3.2,4,0,50,0.0,1,0.0,4,4,4,1.0
mongo,profile/driver_bench/parallel/counter.rb,049b718a2d47,database drivers,5.4,7,0,60,0.0,0,0.0,5,4,5,1.0
mongo,profile/driver_bench/parallel/dispatcher.rb,049b718a2d47,database drivers,7.8,16,0,75,0.0,0,0.0,4,4,4,1.0
mongo,profile/driver_bench/parallel/gridfs/base.rb,049b718a2d47,database drivers,4.2,5,0,50,0.0,2,0.0,4,5,4,1.0
mongo,profile/driver_bench/parallel/gridfs/download.rb,049b718a2d47,database drivers,6.7,11,0,83,0.0,3,0.0,6,6,6,1.0
mongo,profile/driver_bench/parallel/gridfs/upload.rb,049b718a2d47,database drivers,4.8,7,0,50,0.0,3,0.0,4,6,4,1.0
mongo,profile/driver_bench/parallel/ldjson/base.rb,049b718a2d47,database drivers,6.5,13,0,50,0.0,2,0.0,4,5,4,1.0
mongo,profile/driver_bench/parallel/ldjson/export.rb,049b718a2d47,database drivers,5.6,11,0,57,0.0,3,0.0,7,6,7,1.0
mongo,profile/driver_bench/parallel/ldjson/import.rb,049b718a2d47,database drivers,4.8,7,0,50,0.0,3,0.0,4,6,4,1.0
mongo,profile/driver_bench/single_doc/base.rb,049b718a2d47,database drivers,4.3,8,0,33,0.0,1,0.0,6,4,5,0.833
mongo,profile/driver_bench/single_doc/find_one_by_id.rb,049b718a2d47,database drivers,5.3,8,0,67,0.0,2,0.0,3,4,3,1.0
mongo,profile/driver_bench/single_doc/run_command.rb,049b718a2d47,database drivers,3.8,5,0,25,0.0,2,0.0,4,4,4,1.0
mongo,profile/driver_bench/suite.rb,049b718a2d47,database drivers,10.6,20,12,100,0.0,0,0.0,8,3,8,1.0
mysql2,lib/mysql2/client.rb,c79b3c14fd47,database drivers,14.5,73,18,64,0.0,0,63.6,11,2,11,1.0
mysql2,lib/mysql2/em.rb,c79b3c14fd47,database drivers,6.2,11,0,50,0.0,1,0.0,6,4,5,0.833
mysql2,lib/mysql2/error.rb,c79b3c14fd47,database drivers,6,7,33,100,0.0,1,0.0,3,2,3,1.0
oauth2,examples/e2e.rb,63727352546e,authentication and oauth,13.1,25,0,71,0.0,0,0.0,7,2,7,1.0
oauth2,lib/oauth2/access_token.rb,63727352546e,authentication and oauth,9.9,35,24,71,0.5,0,4.8,21,2,17,0.81
oauth2,lib/oauth2/authenticator.rb,63727352546e,authentication and oauth,5.9,14,14,57,0.5,0,0.0,7,2,7,1.0
oauth2,lib/oauth2/client.rb,63727352546e,authentication and oauth,10.0,38,0,80,0.5,0,0.0,30,2,25,0.833
oauth2,lib/oauth2/error.rb,63727352546e,authentication and oauth,16,22,0,67,0.0,1,0.0,3,2,3,1.0
oauth2,lib/oauth2/response.rb,63727352546e,authentication and oauth,8.2,23,12,88,0.0,0,0.0,8,2,8,1.0
oauth2,lib/oauth2/strategy/assertion.rb,63727352546e,authentication and oauth,5.8,8,0,50,0.0,1,0.0,4,3,4,1.0
oauth2,lib/oauth2/strategy/auth_code.rb,63727352546e,authentication and oauth,4.8,9,0,100,0.0,1,0.0,4,3,4,1.0
oauth2,lib/oauth2/strategy/implicit.rb,63727352546e,authentication and oauth,3.2,4,0,75,0.0,1,0.0,4,3,4,1.0
omniauth,lib/omniauth.rb,20ac5e05a39d,authentication and oauth,6.9,19,37,37,0.2,1,5.3,19,5,14,0.737
omniauth,lib/omniauth/auth_hash.rb,20ac5e05a39d,authentication and oauth,4.1,8,29,43,0.0,2,0.0,7,3,6,0.857
omniauth,lib/omniauth/authenticity_token_protection.rb,20ac5e05a39d,authentication and oauth,4,6,25,75,0.0,1,25.0,4,3,4,1.0
omniauth,lib/omniauth/builder.rb,20ac5e05a39d,authentication and oauth,4.3,13,0,33,0.0,1,11.1,9,2,9,1.0
omniauth,lib/omniauth/failure_endpoint.rb,20ac5e05a39d,authentication and oauth,4.5,7,12,62,0.0,0,0.0,8,2,8,1.0
omniauth,lib/omniauth/form.rb,20ac5e05a39d,authentication and oauth,6.4,16,7,64,0.0,0,14.3,14,2,12,0.857
omniauth,lib/omniauth/strategy.rb,20ac5e05a39d,authentication and oauth,7.7,33,2,75,0.0,2,9.6,52,5,52,1.0
optimist,examples/types_custom.rb,ecd4d8573b46,cli builder,5,8,0,67,0.0,1,0.0,3,2,3,1.0
optimist,lib/optimist.rb,ecd4d8573b46,cli builder,8.3,126,6,54,0.0,2,1.0,100,23,66,0.66
paper_trail,lib/generators/paper_trail/install/install_generator.rb,0c511ed46c08,orm/odm extensions,6.7,13,0,50,0.0,2,0.0,6,2,5,0.833
paper_trail,lib/generators/paper_trail/migration_generator.rb,0c511ed46c08,orm/odm extensions,8.2,19,20,40,0.5,1,0.0,5,2,5,1.0
paper_trail,lib/generators/paper_trail/update_item_subtype/update_item_subtype_generator.rb,0c511ed46c08,orm/odm extensions,3,3,0,67,0.0,2,0.0,3,2,3,1.0
paper_trail,lib/paper_trail.rb,0c511ed46c08,orm/odm extensions,3.6,7,100,10,1.0,0,0.0,10,1,9,0.9
paper_trail,lib/paper_trail/attribute_serializers/cast_attribute_serializer.rb,0c511ed46c08,orm/odm extensions,5.8,14,0,50,0.0,0,25.0,4,3,4,1.0
paper_trail,lib/paper_trail/attribute_serializers/object_attribute.rb,0c511ed46c08,orm/odm extensions,5.8,14,0,60,0.0,0,20.0,5,3,4,0.8
paper_trail,lib/paper_trail/attribute_serializers/object_changes_attribute.rb,0c511ed46c08,orm/odm extensions,6.4,17,0,60,0.0,0,20.0,5,3,4,0.8
paper_trail,lib/paper_trail/cleaner.rb,0c511ed46c08,orm/odm extensions,9,13,0,100,0.0,0,0.0,3,2,3,1.0
paper_trail,lib/paper_trail/config.rb,0c511ed46c08,orm/odm extensions,5.3,10,0,67,0.5,0,0.0,3,2,3,1.0
paper_trail,lib/paper_trail/events/base.rb,0c511ed46c08,orm/odm extensions,6.6,15,0,86,0.0,0,7.1,28,3,26,0.929
paper_trail,lib/paper_trail/events/update.rb,0c511ed46c08,orm/odm extensions,6.8,13,0,80,0.0,1,0.0,5,3,5,1.0
paper_trail,lib/paper_trail/frameworks/rails/controller.rb,0c511ed46c08,orm/odm extensions,4.1,6,14,29,0.0,0,0.0,7,3,7,1.0
paper_trail,lib/paper_trail/has_paper_trail.rb,0c511ed46c08,orm/odm extensions,3.8,6,25,50,0.0,0,0.0,4,4,3,0.75
paper_trail,lib/paper_trail/model_config.rb,0c511ed46c08,orm/odm extensions,8.8,18,0,90,0.0,0,25.0,20,2,20,1.0
paper_trail,lib/paper_trail/queries/versions/where_attribute_changes.rb,0c511ed46c08,orm/odm extensions,9,18,0,67,0.0,0,0.0,3,4,3,1.0
paper_trail,lib/paper_trail/queries/versions/where_object.rb,0c511ed46c08,orm/odm extensions,7.6,13,0,80,0.0,0,0.0,5,4,5,1.0
paper_trail,lib/paper_trail/queries/versions/where_object_changes.rb,0c511ed46c08,orm/odm extensions,11.2,20,0,100,0.0,0,0.0,4,4,4,1.0
paper_trail,lib/paper_trail/queries/versions/where_object_changes_from.rb,0c511ed46c08,orm/odm extensions,11.3,18,0,67,0.0,0,0.0,3,4,3,1.0
paper_trail,lib/paper_trail/queries/versions/where_object_changes_to.rb,0c511ed46c08,orm/odm extensions,11.3,18,0,67,0.0,0,0.0,3,4,3,1.0
paper_trail,lib/paper_trail/record_history.rb,0c511ed46c08,orm/odm extensions,4.4,9,0,80,0.0,0,0.0,5,2,5,1.0
paper_trail,lib/paper_trail/record_trail.rb,0c511ed46c08,orm/odm extensions,7.3,27,0,77,0.0,0,29.0,31,2,28,0.903
paper_trail,lib/paper_trail/reifier.rb,0c511ed46c08,orm/odm extensions,9.2,18,100,100,0.0,0,37.5,8,2,8,1.0
paper_trail,lib/paper_trail/request.rb,0c511ed46c08,orm/odm extensions,4.4,13,100,75,0.0,0,0.0,16,2,13,0.812
paper_trail,lib/paper_trail/serializers/json.rb,0c511ed46c08,orm/odm extensions,7,15,0,33,0.33,0,0.0,3,3,3,1.0
paper_trail,lib/paper_trail/serializers/yaml.rb,0c511ed46c08,orm/odm extensions,8.6,13,0,40,0.33,0,0.0,5,3,5,1.0
paper_trail,lib/paper_trail/type_serializers/postgres_array_serializer.rb,0c511ed46c08,orm/odm extensions,5,8,0,0,0.0,0,0.0,4,3,4,1.0
paper_trail,lib/paper_trail/version_concern.rb,0c511ed46c08,orm/odm extensions,5.4,29,0,75,0.33,0,11.1,36,3,31,0.861
parallel,lib/parallel.rb,cd5ba09894cd,concurrency and parallelism,11.2,59,71,70,0.0,2,10.7,56,9,55,0.982
parallel,lib/parallel/serializer.rb,cd5ba09894cd,concurrency and parallelism,8.7,17,0,67,0.0,0,0.0,3,3,3,1.0
parallel_tests,lib/parallel_tests.rb,e4870a1632aa,testing,6,15,100,64,0.0,0,0.0,14,1,14,1.0
parallel_tests,lib/parallel_tests/cli.rb,e4870a1632aa,testing,17.9,196,0,80,0.0,0,4.0,25,2,25,1.0
parallel_tests,lib/parallel_tests/cucumber/runner.rb,e4870a1632aa,testing,5.2,13,100,40,0.0,2,0.0,5,3,4,0.8
parallel_tests,lib/parallel_tests/cucumber/scenario_line_logger.rb,e4870a1632aa,testing,8.5,26,0,50,0.0,0,0.0,4,4,4,1.0
parallel_tests,lib/parallel_tests/gherkin/listener.rb,e4870a1632aa,testing,4.2,10,0,46,0.0,0,0.0,13,3,11,0.846
parallel_tests,lib/parallel_tests/gherkin/runner.rb,e4870a1632aa,testing,6.8,16,100,54,0.0,1,7.7,13,3,11,0.846
parallel_tests,lib/parallel_tests/grouper.rb,e4870a1632aa,testing,9.8,43,100,69,0.0,0,0.0,13,2,12,0.923
parallel_tests,lib/parallel_tests/pids.rb,e4870a1632aa,testing,4,7,0,60,0.0,0,0.0,10,2,10,1.0
parallel_tests,lib/parallel_tests/rspec/logger_base.rb,e4870a1632aa,testing,10,15,0,100,0.0,1,0.0,3,3,3,1.0
parallel_tests,lib/parallel_tests/rspec/runner.rb,e4870a1632aa,testing,4.6,14,100,25,0.0,1,0.0,12,3,9,0.75
parallel_tests,lib/parallel_tests/rspec/runtime_logger.rb,e4870a1632aa,testing,3.8,12,0,33,0.0,2,0.0,9,1,5,0.556
parallel_tests,lib/parallel_tests/rspec/verbose_logger.rb,e4870a1632aa,testing,4.5,10,0,88,0.0,1,0.0,8,1,6,0.75
parallel_tests,lib/parallel_tests/tasks.rb,e4870a1632aa,testing,8.1,22,100,40,0.0,0,0.0,15,2,14,0.933
pastel,lib/pastel/color.rb,afd82952076e,cli utilities,5,13,0,68,0.5,0,0.0,19,2,19,1.0
pastel,lib/pastel/color_parser.rb,afd82952076e,cli utilities,16.2,48,100,75,0.5,0,0.0,4,2,4,1.0
pastel,lib/pastel/decorator_chain.rb,afd82952076e,cli utilities,3.5,7,12,62,0.5,0,0.0,8,2,8,1.0
pastel,lib/pastel/delegator.rb,afd82952076e,cli utilities,4.2,11,11,67,0.5,0,11.1,9,2,9,1.0
pastel,lib/pastel/detached.rb,afd82952076e,cli utilities,3.4,5,0,71,0.0,0,0.0,7,2,7,1.0
pg,ext/extconf.rb,d4539c25dcc8,database drivers,5.5,13,0,15,0.0,1,0.0,13,1,11,0.846
pg,lib/pg.rb,d4539c25dcc8,database drivers,3.5,6,83,17,0.0,0,0.0,6,6,6,1.0
pg,lib/pg/basic_type_map_for_queries.rb,d4539c25dcc8,database drivers,10.3,42,11,89,0.25,1,0.0,9,4,9,1.0
pg,lib/pg/basic_type_map_for_results.rb,d4539c25dcc8,database drivers,9,12,0,67,0.5,1,0.0,3,2,3,1.0
pg,lib/pg/basic_type_registry.rb,d4539c25dcc8,database drivers,13.4,77,0,80,0.25,0,0.0,15,4,14,0.933
pg,lib/pg/coder.rb,d4539c25dcc8,database drivers,5.8,11,0,54,0.0,1,7.7,13,6,13,1.0
pg,lib/pg/connection.rb,d4539c25dcc8,database drivers,15.0,81,32,68,0.5,0,20.6,34,2,34,1.0
pg,lib/pg/result.rb,d4539c25dcc8,database drivers,5.7,9,0,33,0.0,0,0.0,3,1,3,1.0
pg,lib/pg/tuple.rb,d4539c25dcc8,database drivers,4,7,0,100,0.0,0,0.0,4,1,4,1.0
pg,rakelib/pg_gem_helper.rb,d4539c25dcc8,database drivers,7.3,13,0,43,0.0,1,0.0,7,1,6,0.857
pg,rakelib/task_extension.rb,d4539c25dcc8,database drivers,10,16,0,67,0.0,0,66.7,3,1,3,1.0
pg,sample/pg_statistics.rb,d4539c25dcc8,database drivers,39.8,67,0,100,0.0,0,0.0,4,1,4,1.0
pg,sample/replication_monitor.rb,d4539c25dcc8,database drivers,26.6,60,0,100,0.0,0,0.0,5,1,5,1.0
pg,sample/wal_shipper.rb,d4539c25dcc8,database drivers,20.7,49,0,82,0.67,1,27.3,11,3,11,1.0
pg,sample/warehouse_partitions.rb,d4539c25dcc8,database drivers,44.6,81,0,100,0.0,0,0.0,5,1,5,1.0
prawn,bench/table_bench.rb,f82783b1d020,pdf,6,12,33,33,0.0,0,0.0,3,1,3,1.0
prawn,lib/prawn/document.rb,f82783b1d020,pdf,9.6,54,9,65,5.5,0,8.8,34,2,30,0.882
prawn,lib/prawn/document/bounding_box.rb,f82783b1d020,pdf,5.5,32,3,37,0.0,1,8.6,35,4,27,0.771
prawn,lib/prawn/document/column_box.rb,f82783b1d020,pdf,4.7,11,0,73,0.0,1,0.0,15,3,13,0.867
prawn,lib/prawn/document/internals.rb,f82783b1d020,pdf,4,5,0,67,0.33,0,0.0,3,3,3,1.0
prawn,lib/prawn/font.rb,f82783b1d020,pdf,7.4,24,7,62,0.0,0,0.0,29,3,28,0.966
prawn,lib/prawn/fonts/afm.rb,f82783b1d020,pdf,10.7,55,11,74,0.0,1,0.0,19,3,19,1.0
prawn,lib/prawn/fonts/dfont.rb,f82783b1d020,pdf,4.3,5,67,100,0.0,2,0.0,3,3,3,1.0
prawn,lib/prawn/fonts/to_unicode_cmap.rb,f82783b1d020,pdf,40.7,96,0,67,0.0,0,0.0,3,3,3,1.0
prawn,lib/prawn/fonts/ttc.rb,f82783b1d020,pdf,6,7,33,100,0.0,2,0.0,3,3,3,1.0
prawn,lib/prawn/fonts/ttf.rb,f82783b1d020,pdf,11.6,80,0,81,0.0,2,0.0,37,7,35,0.946
prawn,lib/prawn/graphics.rb,f82783b1d020,pdf,7.6,55,0,87,4.0,0,0.0,31,2,28,0.903
prawn,lib/prawn/graphics/blend_mode.rb,f82783b1d020,pdf,8.3,12,0,67,0.0,0,0.0,3,3,3,1.0
prawn,lib/prawn/graphics/cap_style.rb,f82783b1d020,pdf,4,7,0,100,0.0,0,0.0,4,3,4,1.0
prawn,lib/prawn/graphics/color.rb,f82783b1d020,pdf,7.1,25,0,76,0.0,0,0.0,21,3,21,1.0
prawn,lib/prawn/graphics/dash.rb,f82783b1d020,pdf,5.6,23,0,75,0.0,0,0.0,8,3,8,1.0
prawn,lib/prawn/graphics/join_style.rb,f82783b1d020,pdf,5.5,13,0,100,0.0,0,0.0,4,3,4,1.0
prawn,lib/prawn/graphics/patterns.rb,f82783b1d020,pdf,23.2,63,0,62,0.0,0,0.0,8,3,7,0.875
prawn,lib/prawn/graphics/transformation.rb,f82783b1d020,pdf,13.5,19,0,75,0.0,0,0.0,4,3,4,1.0
prawn,lib/prawn/graphics/transparency.rb,f82783b1d020,pdf,10.5,23,0,75,0.0,0,0.0,4,3,4,1.0
prawn,lib/prawn/grid.rb,f82783b1d020,pdf,4.1,16,0,70,0.0,0,0.0,47,5,37,0.787
prawn,lib/prawn/image_handler.rb,f82783b1d020,pdf,4.2,8,17,67,0.0,0,0.0,6,2,6,1.0
prawn,lib/prawn/images.rb,f82783b1d020,pdf,13.2,31,0,67,0.0,0,0.0,9,2,9,1.0
prawn,lib/prawn/images/jpg.rb,f82783b1d020,pdf,18.7,33,33,100,0.0,1,0.0,3,4,3,1.0
prawn,lib/prawn/images/png.rb,f82783b1d020,pdf,31,118,11,89,0.0,1,0.0,9,3,9,1.0
prawn,lib/prawn/measurement_extensions.rb,f82783b1d020,pdf,3,3,0,0,1.0,0,0.0,8,1,8,1.0
prawn,lib/prawn/measurements.rb,f82783b1d020,pdf,3,3,0,57,0.0,0,0.0,14,2,9,0.643
prawn,lib/prawn/outline.rb,f82783b1d020,pdf,6.6,14,0,67,0.0,0,5.6,18,3,18,1.0
prawn,lib/prawn/repeater.rb,f82783b1d020,pdf,6,11,17,67,0.0,0,16.7,6,3,5,0.833
prawn,lib/prawn/security.rb,f82783b1d020,pdf,13,44,8,50,0.0,0,0.0,12,7,12,1.0
prawn,lib/prawn/security/arcfour.rb,f82783b1d020,pdf,11.3,25,0,100,0.0,0,0.0,3,1,3,1.0
prawn,lib/prawn/stamp.rb,f82783b1d020,pdf,7.7,24,0,78,0.0,0,0.0,9,2,9,1.0
prawn,lib/prawn/text.rb,f82783b1d020,pdf,12.7,30,0,93,1.0,0,0.0,15,2,15,1.0
prawn,lib/prawn/text/box.rb,f82783b1d020,pdf,7.7,16,0,67,0.0,1,0.0,3,3,3,1.0
prawn,lib/prawn/text/formatted/arranger.rb,f82783b1d020,pdf,11,29,0,92,0.0,1,0.0,25,6,24,0.96
prawn,lib/prawn/text/formatted/box.rb,f82783b1d020,pdf,14.2,59,6,81,0.5,0,0.0,32,4,29,0.906
prawn,lib/prawn/text/formatted/fragment.rb,f82783b1d020,pdf,4.3,19,0,77,0.0,0,0.0,44,4,31,0.705
prawn,lib/prawn/text/formatted/line_wrap.rb,f82783b1d020,pdf,8.9,38,0,69,0.0,0,0.0,29,4,27,0.931
prawn,lib/prawn/text/formatted/parser.rb,f82783b1d020,pdf,34.7,114,100,100,0.0,0,0.0,6,4,5,0.833
prawn,lib/prawn/text/formatted/wrap.rb,f82783b1d020,pdf,17.4,34,0,100,0.0,0,0.0,7,4,7,1.0
prawn,lib/prawn/transformation_stack.rb,f82783b1d020,pdf,6,13,0,100,0.0,0,0.0,4,2,4,1.0
prawn,lib/prawn/utilities.rb,f82783b1d020,pdf,3.3,4,0,67,0.0,0,0.0,3,2,3,1.0
prawn,lib/prawn/view.rb,f82783b1d020,pdf,3.4,5,0,60,0.0,0,40.0,5,2,5,1.0
prawn,manual/basic_concepts/view.rb,f82783b1d020,pdf,3.7,5,0,0,1.0,0,0.0,3,1,3,1.0
prawn,manual/text/formatted_callbacks.rb,f82783b1d020,pdf,4.2,6,0,100,0.0,0,0.0,4,2,3,0.75
premailer-rails,lib/premailer/rails/css_helper.rb,33287e89f7a3,email,6.9,14,0,14,0.33,0,0.0,7,3,7,1.0
premailer-rails,lib/premailer/rails/css_loaders/asset_pipeline_loader.rb,33287e89f7a3,email,8,10,0,0,0.25,0,0.0,3,4,3,1.0
premailer-rails,lib/premailer/rails/css_loaders/file_system_loader.rb,33287e89f7a3,email,6,7,0,25,0.25,0,0.0,4,4,4,1.0
premailer-rails,lib/premailer/rails/css_loaders/network_loader.rb,33287e89f7a3,email,6.5,14,0,50,0.25,0,0.0,4,4,4,1.0
premailer-rails,lib/premailer/rails/css_loaders/propshaft_loader.rb,33287e89f7a3,email,8.7,15,0,33,0.25,0,0.0,3,4,3,1.0
premailer-rails,lib/premailer/rails/hook.rb,33287e89f7a3,email,6.2,12,6,76,0.0,0,0.0,17,3,17,1.0
pry,lib/pry/class_command.rb,5a267df08ad6,irb,4.1,13,47,73,0.0,1,0.0,15,2,14,0.933
pry,lib/pry/cli.rb,5a267df08ad6,irb,16.8,37,100,60,0.0,0,40.0,5,2,5,1.0
pry,lib/pry/code.rb,5a267df08ad6,irb,5.7,12,13,73,0.5,0,10.0,30,2,28,0.933
pry,lib/pry/code/code_file.rb,5a267df08ad6,irb,5,11,0,44,0.0,0,0.0,9,2,9,1.0
pry,lib/pry/code/code_range.rb,5a267df08ad6,irb,4.7,7,0,57,0.0,0,0.0,7,3,7,1.0
pry,lib/pry/code/loc.rb,5a267df08ad6,irb,4.5,11,0,90,0.0,0,0.0,10,3,10,1.0
pry,lib/pry/code_object.rb,5a267df08ad6,irb,7.4,18,6,81,0.33,0,0.0,16,3,16,1.0
pry,lib/pry/color_printer.rb,5a267df08ad6,irb,7.8,11,33,100,0.0,1,0.0,6,2,6,1.0
pry,lib/pry/command.rb,5a267df08ad6,irb,6.4,34,44,52,2.5,0,12.5,48,2,46,0.958
pry,lib/pry/command_set.rb,5a267df08ad6,irb,7.4,27,0,76,0.5,1,28.0,25,4,25,1.0
pry,lib/pry/command_state.rb,5a267df08ad6,irb,3.2,4,20,40,0.0,0,0.0,5,2,5,1.0
pry,lib/pry/commands/amend_line.rb,5a267df08ad6,irb,5.8,13,0,89,0.0,2,0.0,9,3,9,1.0
pry,lib/pry/commands/cat.rb,5a267df08ad6,irb,10,14,0,75,0.0,2,0.0,4,3,4,1.0
pry,lib/pry/commands/cat/abstract_formatter.rb,5a267df08ad6,irb,3.5,5,0,100,0.5,2,0.0,4,4,4,1.0
pry,lib/pry/commands/cat/exception_formatter.rb,5a267df08ad6,irb,6.4,14,0,80,0.25,2,0.0,10,4,10,1.0
pry,lib/pry/commands/cat/file_formatter.rb,5a267df08ad6,irb,5.9,15,0,89,0.0,2,0.0,9,4,9,1.0
pry,lib/pry/commands/cat/input_expression_formatter.rb,5a267df08ad6,irb,5.8,15,0,80,0.0,2,0.0,5,4,5,1.0
pry,lib/pry/commands/change_prompt.rb,5a267df08ad6,irb,6.5,9,0,100,0.0,2,0.0,4,3,4,1.0
pry,lib/pry/commands/code_collector.rb,5a267df08ad6,irb,7.1,22,6,81,0.33,0,0.0,16,3,16,1.0
pry,lib/pry/commands/edit.rb,5a267df08ad6,irb,7.5,20,0,83,0.0,2,0.0,23,3,22,0.957
pry,lib/pry/commands/edit/file_and_line_locator.rb,5a267df08ad6,irb,7.8,12,100,100,0.0,2,0.0,4,4,4,1.0
pry,lib/pry/commands/find_method.rb,5a267df08ad6,irb,8.5,22,0,100,0.33,2,7.7,13,3,13,1.0
pry,lib/pry/commands/help.rb,5a267df08ad6,irb,6.6,13,0,100,0.0,2,0.0,14,3,14,1.0
pry,lib/pry/commands/hist.rb,5a267df08ad6,irb,14.9,32,0,100,0.0,2,0.0,8,3,8,1.0
pry,lib/pry/commands/list_inspectors.rb,5a267df08ad6,irb,4.5,9,0,50,0.0,2,0.0,4,3,4,1.0
pry,lib/pry/commands/ls.rb,5a267df08ad6,irb,14.2,30,0,100,0.0,2,0.0,5,3,5,1.0
pry,lib/pry/commands/ls/constants.rb,5a267df08ad6,irb,10.4,33,0,80,0.25,2,40.0,5,4,5,1.0
pry,lib/pry/commands/ls/formatter.rb,5a267df08ad6,irb,3.9,6,0,38,0.0,2,25.0,8,4,8,1.0
pry,lib/pry/commands/ls/globals.rb,5a267df08ad6,irb,6.3,11,0,100,0.0,2,0.0,3,4,3,1.0
pry,lib/pry/commands/ls/instance_vars.rb,5a267df08ad6,irb,5.8,11,0,75,0.25,2,0.0,4,4,4,1.0
pry,lib/pry/commands/ls/local_names.rb,5a267df08ad6,irb,5.5,9,0,100,0.0,2,0.0,4,4,4,1.0
pry,lib/pry/commands/ls/local_vars.rb,5a267df08ad6,irb,8,10,0,100,0.0,2,0.0,4,4,4,1.0
pry,lib/pry/commands/ls/ls_entity.rb,5a267df08ad6,irb,3.7,8,0,27,0.0,2,0.0,11,4,6,0.545
pry,lib/pry/commands/ls/methods.rb,5a267df08ad6,irb,8.8,11,0,75,0.5,2,0.0,4,4,4,1.0
pry,lib/pry/commands/ls/methods_helper.rb,5a267df08ad6,irb,11,13,0,67,0.25,2,0.0,3,4,3,1.0
pry,lib/pry/commands/ls/self_methods.rb,5a267df08ad6,irb,5.7,7,0,67,0.5,2,0.0,3,4,3,1.0
pry,lib/pry/commands/play.rb,5a267df08ad6,irb,6.2,11,0,82,0.0,2,0.0,11,3,11,1.0
pry,lib/pry/commands/reload_code.rb,5a267df08ad6,irb,8.6,11,0,100,0.0,2,0.0,5,3,5,1.0
pry,lib/pry/commands/ri.rb,5a267df08ad6,irb,16.5,50,0,75,0.0,2,50.0,4,3,4,1.0
pry,lib/pry/commands/save_file.rb,5a267df08ad6,irb,5.5,10,0,100,0.0,2,0.0,6,3,6,1.0
pry,lib/pry/commands/shell_command.rb,5a267df08ad6,irb,6,12,0,86,0.0,2,0.0,7,3,7,1.0
pry,lib/pry/commands/show_doc.rb,5a267df08ad6,irb,7.8,14,0,60,0.33,3,0.0,5,3,5,1.0
pry,lib/pry/commands/show_info.rb,5a267df08ad6,irb,9.6,28,0,80,0.33,2,0.0,20,3,20,1.0
pry,lib/pry/commands/show_source.rb,5a267df08ad6,irb,6.7,8,0,100,0.0,3,0.0,3,3,3,1.0
pry,lib/pry/commands/watch_expression.rb,5a267df08ad6,irb,8,14,0,88,0.0,2,0.0,8,3,8,1.0
pry,lib/pry/commands/watch_expression/expression.rb,5a267df08ad6,irb,4,5,0,40,0.0,2,0.0,5,4,5,1.0
pry,lib/pry/commands/whereami.rb,5a267df08ad6,irb,6.1,21,0,77,0.0,2,0.0,22,3,21,0.955
pry,lib/pry/commands/wtf.rb,5a267df08ad6,irb,8,13,0,100,0.0,2,0.0,7,3,7,1.0
pry,lib/pry/config.rb,5a267df08ad6,irb,12.8,59,0,92,0.5,0,8.3,12,2,12,1.0
pry,lib/pry/core_extensions.rb,5a267df08ad6,irb,23,43,0,67,0.0,0,166.7,3,3,3,1.0
pry,lib/pry/editor.rb,5a267df08ad6,irb,11.3,27,10,50,0.5,0,0.0,10,2,10,1.0
pry,lib/pry/exception_handler.rb,5a267df08ad6,irb,8,12,100,100,0.0,0,0.0,4,2,4,1.0
pry,lib/pry/exceptions.rb,5a267df08ad6,irb,10.3,17,100,67,0.0,2,0.0,3,8,3,1.0
pry,lib/pry/helpers/base_helpers.rb,5a267df08ad6,irb,5,9,0,67,0.33,0,0.0,9,3,9,1.0
pry,lib/pry/helpers/command_helpers.rb,5a267df08ad6,irb,9.3,23,0,91,0.67,0,0.0,11,3,11,1.0
pry,lib/pry/helpers/documentation_helpers.rb,5a267df08ad6,irb,7.3,14,0,57,0.0,0,0.0,7,3,7,1.0
pry,lib/pry/helpers/platform.rb,5a267df08ad6,irb,3.2,5,100,0,0.0,0,0.0,8,3,5,0.625
pry,lib/pry/helpers/table.rb,5a267df08ad6,irb,5.9,14,19,81,0.0,0,0.0,16,3,16,1.0
pry,lib/pry/helpers/text.rb,5a267df08ad6,irb,4.9,8,0,57,0.33,0,14.3,7,3,7,1.0
pry,lib/pry/history.rb,5a267df08ad6,irb,7.1,17,7,93,0.0,0,0.0,14,2,14,1.0
pry,lib/pry/hooks.rb,5a267df08ad6,irb,7.5,22,7,93,0.0,0,0.0,14,2,14,1.0
pry,lib/pry/indent.rb,5a267df08ad6,irb,11.4,62,12,76,0.33,1,0.0,17,3,17,1.0
pry,lib/pry/input_completer.rb,5a267df08ad6,irb,46,171,0,100,0.0,0,40.0,5,2,5,1.0
pry,lib/pry/input_lock.rb,5a267df08ad6,irb,14.4,36,14,71,0.0,1,0.0,7,3,7,1.0
pry,lib/pry/last_exception.rb,5a267df08ad6,irb,4.2,7,0,67,0.0,1,16.7,6,2,6,1.0
pry,lib/pry/method.rb,5a267df08ad6,irb,7.5,29,29,75,2.5,0,2.0,51,2,46,0.902
pry,lib/pry/method/disowned.rb,5a267df08ad6,irb,4.2,8,0,17,0.0,1,0.0,6,3,5,0.833
pry,lib/pry/method/patcher.rb,5a267df08ad6,irb,6.3,16,10,60,0.0,0,20.0,10,3,10,1.0
pry,lib/pry/method/weird_method_locator.rb,5a267df08ad6,irb,6.9,18,11,68,0.0,0,0.0,19,3,19,1.0
pry,lib/pry/object_path.rb,5a267df08ad6,irb,15,41,0,50,0.0,0,0.0,4,2,4,1.0
pry,lib/pry/output.rb,5a267df08ad6,irb,6.4,16,0,69,0.0,0,6.2,16,2,16,1.0
pry,lib/pry/pager.rb,5a267df08ad6,irb,5.6,18,7,67,0.0,1,0.0,27,7,25,0.926
pry,lib/pry/prompt.rb,5a267df08ad6,irb,8.1,23,43,86,0.0,0,14.3,7,2,7,1.0
pry,lib/pry/pry_class.rb,5a267df08ad6,irb,8.4,45,100,31,1.0,0,0.0,26,1,26,1.0
pry,lib/pry/pry_instance.rb,5a267df08ad6,irb,9.9,80,0,74,1.0,0,0.0,39,1,36,0.923
pry,lib/pry/repl.rb,5a267df08ad6,irb,11.9,49,5,75,0.5,0,0.0,20,2,19,0.95
pry,lib/pry/repl_file_loader.rb,5a267df08ad6,irb,9.6,19,0,60,0.0,0,0.0,5,2,5,1.0
pry,lib/pry/ring.rb,5a267df08ad6,irb,5.8,8,0,83,0.0,0,0.0,6,2,6,1.0
pry,lib/pry/slop.rb,5a267df08ad6,irb,9.4,38,8,97,0.12,2,2.8,36,8,34,0.944
pry,lib/pry/slop/commands.rb,5a267df08ad6,irb,5.1,14,0,80,0.33,0,6.7,15,3,14,0.933
pry,lib/pry/slop/option.rb,5a267df08ad6,irb,10.7,30,0,92,0.0,0,8.3,12,3,12,1.0
pry,lib/pry/syntax_highlighter.rb,5a267df08ad6,irb,3,3,100,0,0.0,0,0.0,4,2,4,1.0
pry,lib/pry/testable.rb,5a267df08ad6,irb,8,13,100,33,2.0,0,33.3,3,2,3,1.0
pry,lib/pry/testable/pry_tester.rb,5a267df08ad6,irb,7.1,27,0,100,0.33,0,0.0,9,3,9,1.0
pry,lib/pry/testable/utility.rb,5a267df08ad6,irb,4.7,6,0,33,0.0,0,0.0,3,3,3,1.0
pry,lib/pry/wrapped_module.rb,5a267df08ad6,irb,6.1,14,9,71,1.0,0,2.9,34,2,33,0.971
pry,lib/pry/wrapped_module/candidate.rb,5a267df08ad6,irb,7.6,17,0,100,1.0,0,0.0,9,3,9,1.0
pry-byebug,lib/byebug/processors/pry_processor.rb,0b5aea2615fd,debugging tools,6.9,15,7,67,0.5,1,6.7,15,2,14,0.933
pry-byebug,lib/pry-byebug/commands/breakpoint.rb,0b5aea2615fd,debugging tools,8.5,23,0,100,1.5,1,12.5,8,2,8,1.0
pry-byebug,lib/pry-byebug/helpers/breakpoints.rb,0b5aea2615fd,debugging tools,7.3,18,0,83,0.0,0,0.0,6,3,6,1.0
pry-byebug,lib/pry/byebug/breakpoints.rb,0b5aea2615fd,debugging tools,4.6,11,0,52,0.4,1,0.0,21,5,19,0.905
pry-rails,lib/pry-rails/commands/find_route.rb,d8d0c6d87a5b,debugging tools,5.3,18,0,80,0.0,1,0.0,10,1,10,1.0
pry-rails,lib/pry-rails/commands/show_middleware.rb,d8d0c6d87a5b,debugging tools,17.3,39,0,100,0.0,1,66.7,3,1,3,1.0
pry-rails,lib/pry-rails/commands/show_models.rb,d8d0c6d87a5b,debugging tools,9.7,25,0,86,0.0,1,0.0,7,1,7,1.0
pry-rails,lib/pry-rails/commands/show_routes.rb,d8d0c6d87a5b,debugging tools,10.1,20,0,57,0.0,1,0.0,7,1,6,0.857
pry-rails,lib/pry-rails/model_formatter.rb,d8d0c6d87a5b,debugging tools,12,36,0,88,0.0,0,0.0,8,2,8,1.0
puma,benchmarks/local/bench_base.rb,8085b75e79e3,web servers,29.7,82,8,75,0.0,1,0.0,12,3,12,1.0
puma,benchmarks/local/long_tail_hey.rb,8085b75e79e3,web servers,44,79,0,100,0.0,2,0.0,4,2,4,1.0
puma,benchmarks/local/puma_info.rb,8085b75e79e3,web servers,34.4,83,0,100,0.0,0,0.0,5,2,5,1.0
puma,benchmarks/local/response_time_wrk.rb,8085b75e79e3,web servers,37,67,0,100,0.0,2,0.0,5,2,5,1.0
puma,benchmarks/local/sleep_fibonacci_test.rb,8085b75e79e3,web servers,18,27,100,67,0.0,0,33.3,3,1,3,1.0
puma,examples/generate_chain_test.rb,8085b75e79e3,web servers,13.3,25,100,67,0.0,0,0.0,6,1,6,1.0
puma,examples/generate_client_test.rb,8085b75e79e3,web servers,15.7,22,100,67,0.0,0,16.7,6,1,6,1.0
puma,lib/puma.rb,8085b75e79e3,web servers,4.7,13,100,43,0.0,1,0.0,7,3,7,1.0
puma,lib/puma/app/status.rb,8085b75e79e3,web servers,19.8,62,0,75,0.0,0,25.0,4,3,4,1.0
puma,lib/puma/binder.rb,8085b75e79e3,web servers,18.5,158,0,96,0.5,0,0.0,23,2,23,1.0
puma,lib/puma/cli.rb,8085b75e79e3,web servers,40.8,151,0,80,0.0,0,0.0,5,2,5,1.0
puma,lib/puma/client.rb,8085b75e79e3,web servers,17.2,120,0,83,0.25,1,0.0,35,4,35,1.0
puma,lib/puma/client_env.rb,8085b75e79e3,web servers,43,80,0,100,0.5,0,0.0,3,2,3,1.0
puma,lib/puma/cluster.rb,8085b75e79e3,web servers,17.7,183,0,81,0.0,1,0.0,32,2,31,0.969
puma,lib/puma/cluster/worker.rb,8085b75e79e3,web servers,53.3,125,0,100,0.0,1,0.0,3,3,3,1.0
puma,lib/puma/cluster/worker_handle.rb,8085b75e79e3,web servers,7.5,30,0,42,0.0,1,0.0,12,3,11,0.917
puma,lib/puma/cluster_accept_loop_delay.rb,8085b75e79e3,web servers,8.7,12,0,67,0.0,0,0.0,3,2,3,1.0
puma,lib/puma/commonlogger.rb,8085b75e79e3,web servers,11.2,18,0,83,0.0,0,0.0,6,2,6,1.0
puma,lib/puma/configuration.rb,8085b75e79e3,web servers,8.2,24,12,75,0.0,1,0.0,40,6,38,0.95
puma,lib/puma/control_cli.rb,8085b75e79e3,web servers,38.9,106,0,100,0.0,0,0.0,7,2,7,1.0
puma,lib/puma/dsl.rb,8085b75e79e3,web servers,5.8,66,1,80,0.0,0,3.6,84,2,44,0.524
puma,lib/puma/error_logger.rb,8085b75e79e3,web servers,7.1,13,10,80,0.5,0,0.0,10,2,10,1.0
puma,lib/puma/events.rb,8085b75e79e3,web servers,3.9,11,0,25,0.0,0,0.0,12,2,8,0.667
puma,lib/puma/io_buffer.rb,8085b75e79e3,web servers,4,7,0,33,0.0,1,0.0,6,2,6,1.0
puma,lib/puma/json_serialization.rb,8085b75e79e3,web servers,15,32,100,100,0.0,1,0.0,4,3,4,1.0
puma,lib/puma/launcher.rb,8085b75e79e3,web servers,11.7,70,0,94,0.0,0,0.0,34,2,34,1.0
puma,lib/puma/launcher/bundle_pruner.rb,8085b75e79e3,web servers,7.1,27,0,73,0.0,0,0.0,11,3,11,1.0
puma,lib/puma/log_writer.rb,8085b75e79e3,web servers,4.7,13,17,61,0.0,0,0.0,18,4,16,0.889
puma,lib/puma/minissl.rb,8085b75e79e3,web servers,6.5,34,0,63,0.0,0,0.0,41,5,32,0.78
puma,lib/puma/plugin.rb,8085b75e79e3,web servers,6.7,19,18,73,0.0,1,9.1,11,5,11,1.0
puma,lib/puma/plugin/systemd.rb,8085b75e79e3,web servers,8.8,36,0,88,0.0,0,0.0,8,0,7,0.875
puma,lib/puma/rack/builder.rb,8085b75e79e3,web servers,14,92,23,62,0.0,0,15.4,13,4,13,1.0
puma,lib/puma/rack/urlmap.rb,8085b75e79e3,web servers,17,34,0,75,0.0,0,0.0,4,2,4,1.0
puma,lib/puma/reactor.rb,8085b75e79e3,web servers,12.4,33,0,86,0.0,1,0.0,7,3,7,1.0
puma,lib/puma/response.rb,8085b75e79e3,web servers,45.6,106,0,89,0.5,0,0.0,9,2,8,0.889
puma,lib/puma/runner.rb,8085b75e79e3,web servers,8.0,26,0,86,0.5,0,0.0,21,2,20,0.952
puma,lib/puma/sd_notify.rb,8085b75e79e3,web servers,5.4,17,100,20,0.0,1,0.0,10,3,4,0.4
puma,lib/puma/server.rb,8085b75e79e3,web servers,13.4,108,8,79,0.67,0,2.6,39,3,32,0.821
puma,lib/puma/server_plugin_control.rb,8085b75e79e3,web servers,3,3,0,75,0.0,0,0.0,4,2,4,1.0
puma,lib/puma/single.rb,8085b75e79e3,web servers,8.2,30,0,100,0.0,1,0.0,6,2,6,1.0
puma,lib/puma/state_file.rb,8085b75e79e3,web servers,12.7,20,0,67,0.0,0,0.0,3,2,3,1.0
puma,lib/puma/thread_pool.rb,8085b75e79e3,web servers,11.4,69,0,85,0.0,1,2.9,34,5,32,0.941
puma,lib/puma/util.rb,8085b75e79e3,web servers,5.1,22,6,65,0.0,1,0.0,17,3,14,0.824
puma,lib/rack/handler/puma.rb,8085b75e79e3,web servers,25,55,0,75,0.25,0,0.0,4,8,4,1.0
pundit,lib/pundit.rb,2d665d67a26f,authorization,5,10,100,33,0.0,0,0.0,6,2,6,1.0
pundit,lib/pundit/authorization.rb,2d665d67a26f,authorization,4.1,9,0,47,0.5,0,5.9,17,2,13,0.765
pundit,lib/pundit/context.rb,2d665d67a26f,authorization,7.2,14,0,56,0.0,0,11.1,9,2,8,0.889
pundit,lib/pundit/policy_finder.rb,2d665d67a26f,authorization,6.9,15,0,75,0.0,0,0.0,8,2,8,1.0
pundit,lib/pundit/rspec.rb,2d665d67a26f,authorization,5.9,11,29,71,0.4,0,14.3,7,5,7,1.0
rack-attack,lib/rack/attack.rb,65f1ead3bc64,security,8.5,28,67,67,0.17,2,0.0,6,6,6,1.0
rack-attack,lib/rack/attack/base_proxy.rb,65f1ead3bc64,security,3.2,4,100,50,0.0,1,0.0,4,3,4,1.0
rack-attack,lib/rack/attack/cache.rb,65f1ead3bc64,security,6.2,14,8,77,0.0,0,0.0,13,3,13,1.0
rack-attack,lib/rack/attack/configuration.rb,65f1ead3bc64,security,5.6,16,0,67,0.0,0,0.0,15,3,9,0.6
rack-attack,lib/rack/attack/fail2ban.rb,65f1ead3bc64,security,5.4,12,100,71,0.0,0,0.0,7,3,7,1.0
rack-attack,lib/rack/attack/store_proxy/dalli_proxy.rb,65f1ead3bc64,security,6.7,11,22,67,0.0,2,0.0,9,4,9,1.0
rack-attack,lib/rack/attack/store_proxy/mem_cache_store_proxy.rb,65f1ead3bc64,security,3.7,5,33,100,0.0,2,0.0,3,4,3,1.0
rack-attack,lib/rack/attack/store_proxy/redis_cache_store_proxy.rb,65f1ead3bc64,security,5,13,20,100,0.0,2,0.0,5,4,5,1.0
rack-attack,lib/rack/attack/store_proxy/redis_proxy.rb,65f1ead3bc64,security,6.1,13,12,50,0.0,2,0.0,8,4,8,1.0
rack-attack,lib/rack/attack/store_proxy/redis_store_proxy.rb,65f1ead3bc64,security,4.3,7,33,67,0.0,3,0.0,3,4,3,1.0
rack-attack,lib/rack/attack/throttle.rb,65f1ead3bc64,security,7.5,25,0,88,0.0,0,0.0,8,3,8,1.0
rack-cors,lib/rack/cors.rb,f73bcd39b91c,http clients and tools,14.7,65,0,75,0.0,0,16.7,12,2,11,0.917
rack-cors,lib/rack/cors/resource.rb,f73bcd39b91c,http clients and tools,9.6,26,0,75,0.0,0,0.0,12,3,12,1.0
rack-cors,lib/rack/cors/resources.rb,f73bcd39b91c,http clients and tools,6.3,14,0,71,0.0,0,0.0,7,3,7,1.0
rack-cors,lib/rack/cors/result.rb,f73bcd39b91c,http clients and tools,5.4,10,43,86,0.0,0,0.0,7,3,7,1.0
rack-protection,lib/rack/protection/authenticity_token.rb,599a007a779d,security,6.0,26,10,55,0.0,1,0.0,20,3,20,1.0
rack-protection,lib/rack/protection/base.rb,599a007a779d,security,4.5,9,9,73,0.0,0,9.1,22,3,22,1.0
rack-protection,lib/rack/protection/cookie_tossing.rb,599a007a779d,security,5.8,11,0,75,0.0,1,0.0,8,3,8,1.0
rack-protection,lib/rack/protection/escaped_params.rb,599a007a779d,security,8.3,13,0,100,0.33,1,0.0,6,3,6,1.0
rack-protection,lib/rack/protection/host_authorization.rb,599a007a779d,security,9.6,26,0,86,0.0,1,0.0,7,3,7,1.0
rack-protection,lib/rack/protection/json_csrf.rb,599a007a779d,security,7.2,12,0,75,0.0,1,0.0,4,3,4,1.0
rails-i18n,lib/rails_i18n/pluralization.rb,32a4583d2111,internationalization,14.5,21,100,100,0.0,0,0.0,8,10,8,1.0
rails-i18n,lib/rails_i18n/railtie.rb,32a4583d2111,internationalization,3.7,4,100,33,0.0,1,33.3,3,2,3,1.0
rails-i18n,lib/rails_i18n/transliteration.rb,32a4583d2111,internationalization,10.1,55,100,67,0.0,0,0.0,15,4,11,0.733
rake,lib/rake/application.rb,503b8ec593c5,cli builder,12.5,217,0,71,1.0,0,0.0,55,2,54,0.982
rake,lib/rake/clean.rb,503b8ec593c5,cli builder,7.5,13,0,25,0.5,0,0.0,4,2,4,1.0
rake,lib/rake/cpu_counter.rb,503b8ec593c5,cli builder,3.7,5,33,33,0.0,0,0.0,3,2,3,1.0
rake,lib/rake/dsl_definition.rb,503b8ec593c5,cli builder,4.8,12,0,33,1.0,0,0.0,9,2,6,0.667
rake,lib/rake/ext/string.rb,503b8ec593c5,cli builder,15.4,36,0,100,0.0,0,0.0,5,1,5,1.0
rake,lib/rake/file_list.rb,503b8ec593c5,cli builder,6.3,24,13,65,1.0,0,0.0,31,3,31,1.0
rake,lib/rake/file_task.rb,503b8ec593c5,cli builder,6.8,10,25,50,0.0,1,0.0,4,2,4,1.0
rake,lib/rake/file_utils.rb,503b8ec593c5,cli builder,10.1,17,0,100,0.0,0,0.0,7,1,7,1.0
rake,lib/rake/file_utils_ext.rb,503b8ec593c5,cli builder,8.6,13,0,60,1.0,0,0.0,5,2,5,1.0
rake,lib/rake/invocation_chain.rb,503b8ec593c5,cli builder,3.4,6,12,25,0.0,2,0.0,8,3,8,1.0
rake,lib/rake/linked_list.rb,503b8ec593c5,cli builder,4.7,12,31,31,0.33,1,0.0,13,3,9,0.692
rake,lib/rake/loaders/makefile.rb,503b8ec593c5,cli builder,7,9,0,100,0.5,0,0.0,3,2,3,1.0
rake,lib/rake/name_space.rb,503b8ec593c5,cli builder,3.2,4,0,100,0.0,0,0.0,4,1,4,1.0
rake,lib/rake/packagetask.rb,503b8ec593c5,cli builder,8.6,57,0,17,0.0,1,0.0,12,2,8,0.667
rake,lib/rake/promise.rb,503b8ec593c5,cli builder,6.6,14,0,67,0.0,0,0.0,9,2,8,0.889
rake,lib/rake/pseudo_status.rb,503b8ec593c5,cli builder,3,3,0,40,0.0,0,0.0,5,2,4,0.8
rake,lib/rake/rake_module.rb,503b8ec593c5,cli builder,4.4,11,100,43,0.0,0,0.0,7,1,7,1.0
rake,lib/rake/rule_recursion_overflow_error.rb,503b8ec593c5,cli builder,3.3,4,0,67,0.0,1,0.0,3,2,3,1.0
rake,lib/rake/scope.rb,503b8ec593c5,cli builder,4,8,0,20,0.0,2,0.0,5,3,5,1.0
rake,lib/rake/task.rb,503b8ec593c5,cli builder,5.6,30,17,55,0.0,0,0.0,47,2,44,0.936
rake,lib/rake/task_arguments.rb,503b8ec593c5,cli builder,4,10,0,94,0.5,0,0.0,16,2,15,0.938
rake,lib/rake/task_manager.rb,503b8ec593c5,cli builder,9.2,26,0,81,0.0,0,0.0,26,2,25,0.962
rake,lib/rake/testtask.rb,503b8ec593c5,cli builder,9.8,28,0,70,0.0,1,0.0,10,2,10,1.0
rake,lib/rake/thread_history_display.rb,503b8ec593c5,cli builder,10.7,15,0,67,0.5,0,0.0,3,2,3,1.0
rake,lib/rake/thread_pool.rb,503b8ec593c5,cli builder,11.2,27,0,80,0.0,0,0.0,10,2,10,1.0
ransack,lib/polyamorous/activerecord/join_association.rb,383c5dd9aa8f,search,20.3,47,33,67,0.5,0,33.3,3,2,3,1.0
ransack,lib/polyamorous/activerecord/join_dependency.rb,383c5dd9aa8f,search,17.2,25,0,100,0.0,0,0.0,5,3,5,1.0
ransack,lib/polyamorous/join.rb,383c5dd9aa8f,search,6.1,16,0,12,0.5,0,12.5,8,2,8,1.0
ransack,lib/ransack/adapters/active_record/base.rb,383c5dd9aa8f,search,6.4,36,7,60,0.0,0,20.0,15,4,14,0.933
ransack,lib/ransack/adapters/active_record/context.rb,383c5dd9aa8f,search,14.1,39,0,95,0.0,1,59.1,22,4,22,1.0
ransack,lib/ransack/configuration.rb,383c5dd9aa8f,search,5.2,22,0,31,0.0,0,0.0,13,3,7,0.538
ransack,lib/ransack/context.rb,383c5dd9aa8f,search,7.3,28,14,71,0.0,0,23.8,21,2,21,1.0
ransack,lib/ransack/helpers/form_builder.rb,383c5dd9aa8f,search,6.8,25,0,62,0.0,1,12.5,32,5,27,0.844
ransack,lib/ransack/helpers/form_helper.rb,383c5dd9aa8f,search,6.3,18,0,81,0.0,0,2.7,37,4,34,0.919
ransack,lib/ransack/naming.rb,383c5dd9aa8f,search,4,12,11,11,0.0,1,0.0,9,4,5,0.556
ransack,lib/ransack/nodes/attribute.rb,383c5dd9aa8f,search,4,7,0,56,0.33,1,0.0,9,3,9,1.0
ransack,lib/ransack/nodes/bindable.rb,383c5dd9aa8f,search,4.1,7,0,75,0.0,0,0.0,8,3,8,1.0
ransack,lib/ransack/nodes/condition.rb,383c5dd9aa8f,search,8.1,41,5,85,0.0,1,5.1,39,3,37,0.949
ransack,lib/ransack/nodes/grouping.rb,383c5dd9aa8f,search,7.0,17,0,65,0.0,1,4.3,23,3,21,0.913
ransack,lib/ransack/nodes/node.rb,383c5dd9aa8f,search,3.8,6,50,75,0.0,0,0.0,4,3,4,1.0
ransack,lib/ransack/nodes/sort.rb,383c5dd9aa8f,search,5.8,9,17,83,0.33,1,16.7,6,3,6,1.0
ransack,lib/ransack/nodes/value.rb,383c5dd9aa8f,search,6.1,20,0,67,0.0,1,0.0,15,3,15,1.0
ransack,lib/ransack/predicate.rb,383c5dd9aa8f,search,5.3,12,40,70,0.0,0,0.0,10,2,10,1.0
ransack,lib/ransack/search.rb,383c5dd9aa8f,search,12.9,30,0,75,0.5,0,33.3,12,2,12,1.0
ransack,lib/ransack/translate.rb,383c5dd9aa8f,search,7.9,37,100,75,0.0,0,0.0,16,2,15,0.938
ransack,lib/ransack/visitor.rb,383c5dd9aa8f,search,5.8,12,0,82,0.0,0,18.2,11,2,11,1.0
rdoc,doc/rdoc/example.rb,4e303b392092,documentation,2.7,3,17,0,0.0,0,0.0,6,3,3,0.5
rdoc,lib/rdoc.rb,4e303b392092,documentation,12.5,21,100,25,0.0,1,0.0,4,2,4,1.0
rdoc,lib/rdoc/code_object.rb,4e303b392092,documentation,6.8,18,0,48,1.0,0,0.0,23,1,18,0.783
rdoc,lib/rdoc/code_object/alias.rb,4e303b392092,documentation,4.1,8,0,33,0.0,1,0.0,9,1,7,0.778
rdoc,lib/rdoc/code_object/any_method.rb,4e303b392092,documentation,14.2,44,0,78,1.0,2,0.0,18,1,17,0.944
rdoc,lib/rdoc/code_object/attr.rb,4e303b392092,documentation,8.8,27,0,50,0.0,2,0.0,12,1,10,0.833
rdoc,lib/rdoc/code_object/class_module.rb,4e303b392092,documentation,14.2,84,2,78,0.0,2,0.0,46,1,45,0.978
rdoc,lib/rdoc/code_object/constant.rb,4e303b392092,documentation,8,18,0,80,0.0,1,0.0,15,1,15,1.0
rdoc,lib/rdoc/code_object/context.rb,4e303b392092,documentation,10.5,102,0,75,1.0,1,0.0,72,1,65,0.903
rdoc,lib/rdoc/code_object/context/section.rb,4e303b392092,documentation,4.6,9,0,69,1.0,0,0.0,16,1,16,1.0
rdoc,lib/rdoc/code_object/method_attr.rb,4e303b392092,documentation,8.8,54,0,56,1.0,1,0.0,27,1,26,0.963
rdoc,lib/rdoc/code_object/mixin.rb,4e303b392092,documentation,7.4,31,0,56,0.0,1,0.0,9,1,9,1.0
rdoc,lib/rdoc/code_object/normal_class.rb,4e303b392092,documentation,10,35,0,43,0.0,3,0.0,7,1,7,1.0
rdoc,lib/rdoc/code_object/normal_module.rb,4e303b392092,documentation,8.5,33,0,17,0.0,3,0.0,6,1,5,0.833
rdoc,lib/rdoc/code_object/require.rb,4e303b392092,documentation,7.2,12,0,75,0.0,1,0.0,4,1,4,1.0
rdoc,lib/rdoc/code_object/single_class.rb,4e303b392092,documentation,3.5,5,0,25,0.0,3,0.0,4,1,4,1.0
rdoc,lib/rdoc/code_object/top_level.rb,4e303b392092,documentation,5.8,17,0,79,0.0,2,0.0,24,1,22,0.917
rdoc,lib/rdoc/comment.rb,4e303b392092,documentation,12.1,84,24,71,1.0,0,0.0,17,1,17,1.0
rdoc,lib/rdoc/cross_reference.rb,4e303b392092,documentation,24,48,0,100,0.0,0,0.0,3,1,3,1.0
rdoc,lib/rdoc/encoding.rb,4e303b392092,documentation,18.5,56,100,100,0.0,0,0.0,4,1,4,1.0
rdoc,lib/rdoc/generator/aliki.rb,4e303b392092,documentation,14.5,25,0,80,0.0,1,0.0,10,1,10,1.0
rdoc,lib/rdoc/generator/darkfish.rb,4e303b392092,documentation,18,65,0,97,1.0,0,0.0,31,1,31,1.0
rdoc,lib/rdoc/generator/json_index.rb,4e303b392092,documentation,15.8,41,0,80,1.0,0,0.0,10,1,10,1.0
rdoc,lib/rdoc/generator/markup.rb,4e303b392092,documentation,8.8,20,0,67,0.29,2,0.0,12,7,10,0.833
rdoc,lib/rdoc/generator/pot.rb,4e303b392092,documentation,5,7,0,67,0.0,0,0.0,3,1,3,1.0
rdoc,lib/rdoc/generator/pot/message_extractor.rb,4e303b392092,documentation,9.4,22,0,60,0.0,0,0.0,5,1,5,1.0
rdoc,lib/rdoc/generator/pot/po.rb,4e303b392092,documentation,10,28,0,50,0.0,0,0.0,6,1,6,1.0
rdoc,lib/rdoc/generator/pot/po_entry.rb,4e303b392092,documentation,7.7,13,0,67,0.0,0,0.0,12,1,11,0.917
rdoc,lib/rdoc/i18n/locale.rb,4e303b392092,documentation,8.6,30,40,40,0.0,0,0.0,5,1,5,1.0
rdoc,lib/rdoc/i18n/text.rb,4e303b392092,documentation,12.7,27,0,71,0.0,0,0.0,7,1,7,1.0
rdoc,lib/rdoc/markdown.rb,4e303b392092,documentation,51.6,1405,1,29,0.0,1,2.3,304,4,170,0.559
rdoc,lib/rdoc/markdown/literals.rb,4e303b392092,documentation,8.7,33,2,65,0.0,1,12.5,40,4,36,0.9
rdoc,lib/rdoc/markup.rb,4e303b392092,documentation,10.2,24,25,75,0.0,0,0.0,4,1,4,1.0
rdoc,lib/rdoc/markup/blank_line.rb,4e303b392092,documentation,3,3,33,67,0.0,1,0.0,3,3,3,1.0
rdoc,lib/rdoc/markup/document.rb,4e303b392092,documentation,6.5,16,0,77,1.0,0,0.0,13,1,12,0.923
rdoc,lib/rdoc/markup/formatter.rb,4e303b392092,documentation,7,27,4,33,0.0,0,4.2,24,1,16,0.667
rdoc,lib/rdoc/markup/hard_break.rb,4e303b392092,documentation,3,3,25,50,0.0,1,0.0,4,3,4,1.0
rdoc,lib/rdoc/markup/heading.rb,4e303b392092,documentation,5.4,11,25,75,0.0,1,0.0,12,4,12,1.0
rdoc,lib/rdoc/markup/include.rb,4e303b392092,documentation,5.3,8,0,67,0.0,0,0.0,3,1,3,1.0
rdoc,lib/rdoc/markup/indented_paragraph.rb,4e303b392092,documentation,5,9,0,75,0.0,1,0.0,4,1,4,1.0
rdoc,lib/rdoc/markup/inline_parser.rb,4e303b392092,documentation,18.8,71,0,90,0.0,0,0.0,10,1,10,1.0
rdoc,lib/rdoc/markup/list.rb,4e303b392092,documentation,4.8,9,0,100,0.0,0,0.0,8,1,8,1.0
rdoc,lib/rdoc/markup/list_item.rb,4e303b392092,documentation,6.1,18,0,100,0.0,0,0.0,8,1,8,1.0
rdoc,lib/rdoc/markup/parser.rb,4e303b392092,documentation,19.0,96,9,74,0.25,1,0.0,23,4,23,1.0
rdoc,lib/rdoc/markup/pre_process.rb,4e303b392092,documentation,15.1,88,38,69,0.0,0,0.0,13,1,12,0.923
rdoc,lib/rdoc/markup/raw.rb,4e303b392092,documentation,3.8,9,0,75,0.0,0,0.0,8,3,7,0.875
rdoc,lib/rdoc/markup/table.rb,4e303b392092,documentation,8.5,24,0,75,0.0,1,0.0,4,3,4,1.0
rdoc,lib/rdoc/markup/to_ansi.rb,4e303b392092,documentation,11.9,28,0,88,0.0,2,0.0,8,1,8,1.0
rdoc,lib/rdoc/markup/to_bs.rb,4e303b392092,documentation,10.3,21,0,83,0.0,2,0.0,6,1,6,1.0
rdoc,lib/rdoc/markup/to_html.rb,4e303b392092,documentation,8.4,35,2,58,0.5,1,0.0,50,2,42,0.84
rdoc,lib/rdoc/markup/to_html_crossref.rb,4e303b392092,documentation,16.5,65,0,73,0.0,2,0.0,11,1,11,1.0
rdoc,lib/rdoc/markup/to_html_snippet.rb,4e303b392092,documentation,6.0,20,0,57,0.0,2,0.0,28,1,23,0.821
rdoc,lib/rdoc/markup/to_label.rb,4e303b392092,documentation,4.2,7,0,75,0.0,1,0.0,8,1,6,0.75
rdoc,lib/rdoc/markup/to_markdown.rb,4e303b392092,documentation,7.8,21,0,50,0.0,2,0.0,20,1,16,0.8
rdoc,lib/rdoc/markup/to_rdoc.rb,4e303b392092,documentation,7.6,29,0,61,0.0,1,5.6,36,1,29,0.806
rdoc,lib/rdoc/markup/to_table_of_contents.rb,4e303b392092,documentation,4,5,14,43,0.0,1,0.0,7,1,6,0.857
rdoc,lib/rdoc/markup/to_test.rb,4e303b392092,documentation,3.5,10,0,79,0.0,1,0.0,14,1,12,0.857
rdoc,lib/rdoc/markup/to_tt_only.rb,4e303b392092,documentation,5,15,0,78,0.0,1,0.0,9,1,8,0.889
rdoc,lib/rdoc/markup/verbatim.rb,4e303b392092,documentation,7.4,20,0,86,0.0,1,0.0,7,1,7,1.0
rdoc,lib/rdoc/options.rb,4e303b392092,documentation,38.7,546,4,67,0.0,0,4.2,24,1,23,0.958
rdoc,lib/rdoc/parser.rb,4e303b392092,documentation,13.4,29,83,92,0.0,0,0.0,12,1,12,1.0
rdoc,lib/rdoc/parser/c.rb,4e303b392092,documentation,26.3,93,6,94,1.0,1,2.9,34,1,34,1.0
rdoc,lib/rdoc/parser/changelog.rb,4e303b392092,documentation,13.9,53,0,65,1.0,1,0.0,20,2,19,0.95
rdoc,lib/rdoc/parser/rbs.rb,4e303b392092,documentation,10.9,35,0,91,0.0,1,0.0,22,1,22,1.0
rdoc,lib/rdoc/parser/ruby.rb,4e303b392092,documentation,13.9,61,1,86,0.0,1,0.0,69,3,65,0.942
rdoc,lib/rdoc/parser/ruby_colorizer.rb,4e303b392092,documentation,8.9,31,28,94,0.0,1,0.0,18,2,14,0.778
rdoc,lib/rdoc/parser/simple.rb,4e303b392092,documentation,6.3,8,0,100,1.0,1,0.0,3,1,3,1.0
rdoc,lib/rdoc/rbs_helper.rb,4e303b392092,documentation,16,30,100,75,0.0,0,0.0,8,2,8,1.0
rdoc,lib/rdoc/rd/block_parser.rb,4e303b392092,documentation,9.4,157,1,71,0.0,1,3.1,98,7,58,0.592
rdoc,lib/rdoc/rd/inline.rb,4e303b392092,documentation,7,14,20,80,0.0,0,0.0,5,1,5,1.0
rdoc,lib/rdoc/rd/inline_parser.rb,4e303b392092,documentation,8.8,96,1,86,0.0,1,3.8,79,7,43,0.544
rdoc,lib/rdoc/rdoc.rb,4e303b392092,documentation,14.7,79,13,77,0.0,0,0.0,31,1,31,1.0
rdoc,lib/rdoc/ri/driver.rb,4e303b392092,documentation,19.5,273,6,83,0.0,3,3.1,65,3,62,0.954
rdoc,lib/rdoc/ri/paths.rb,4e303b392092,documentation,10.6,37,100,62,0.0,0,0.0,8,1,7,0.875
rdoc,lib/rdoc/ri/servlet.rb,4e303b392092,documentation,18.4,45,6,94,0.0,1,0.0,17,1,17,1.0
rdoc,lib/rdoc/ri/task.rb,4e303b392092,documentation,3.4,5,0,0,0.0,2,0.0,5,1,3,0.6
rdoc,lib/rdoc/rubygems_hook.rb,4e303b392092,documentation,9.2,49,33,38,0.67,0,0.0,21,3,20,0.952
rdoc,lib/rdoc/server.rb,4e303b392092,documentation,12.0,45,4,89,0.0,0,0.0,28,2,28,1.0
rdoc,lib/rdoc/stats.rb,4e303b392092,documentation,13.8,62,0,83,2.0,0,0.0,24,1,24,1.0
rdoc,lib/rdoc/stats/normal.rb,4e303b392092,documentation,12.3,30,0,33,0.0,1,0.0,3,1,3,1.0
rdoc,lib/rdoc/stats/verbose.rb,4e303b392092,documentation,3.1,4,0,88,0.0,2,0.0,8,1,7,0.875
rdoc,lib/rdoc/store.rb,4e303b392092,documentation,10.6,70,0,80,0.0,2,0.0,70,3,54,0.771
rdoc,lib/rdoc/task.rb,4e303b392092,documentation,8.5,53,0,38,0.0,1,0.0,16,2,10,0.625
rdoc,lib/rdoc/text.rb,4e303b392092,documentation,11.4,28,0,92,0.0,0,0.0,12,1,12,1.0
rdoc,lib/rdoc/token_stream.rb,4e303b392092,documentation,6.6,31,12,75,0.0,0,0.0,8,1,8,1.0
rdoc,lib/rdoc/tom_doc.rb,4e303b392092,documentation,16.2,36,33,89,0.0,1,0.0,9,1,9,1.0
redcarpet,lib/redcarpet.rb,34c138e3f149,markdown processors,5.4,10,20,40,0.29,1,0.0,5,7,5,1.0
redcarpet,lib/redcarpet/cli.rb,34c138e3f149,markdown processors,11.4,36,100,80,0.0,0,0.0,5,2,5,1.0
redcarpet,lib/redcarpet/compat.rb,34c138e3f149,markdown processors,5.2,9,0,80,0.0,0,0.0,5,1,5,1.0
redcarpet,lib/redcarpet/render_man.rb,34c138e3f149,markdown processors,4.9,12,0,20,0.0,1,0.0,10,3,7,0.7
redcarpet,lib/redcarpet/render_strip.rb,34c138e3f149,markdown processors,3.1,4,0,71,0.0,1,0.0,7,3,5,0.714
responders,lib/action_controller/respond_with.rb,b20fdd24befe,decorators,12.2,20,0,80,0.33,0,0.0,5,3,5,1.0
responders,lib/action_controller/responder.rb,b20fdd24befe,decorators,5.5,15,5,65,0.0,0,10.0,20,2,20,1.0
responders,lib/generators/responders/install_generator.rb,b20fdd24befe,decorators,8.5,16,0,0,0.0,1,0.0,4,3,4,1.0
responders,lib/responders/flash_responder.rb,b20fdd24befe,decorators,8.1,22,0,82,0.0,0,9.1,11,2,11,1.0
responders,lib/responders/http_cache_responder.rb,b20fdd24befe,decorators,5,10,0,80,0.0,0,0.0,5,2,5,1.0
rest-client,lib/restclient.rb,cf3e5a115bcd,http clients and tools,4.7,34,84,11,0.0,0,0.0,19,1,9,0.474
rest-client,lib/restclient/abstract_response.rb,cf3e5a115bcd,http clients and tools,8.3,33,5,89,0.0,0,0.0,19,2,19,1.0
rest-client,lib/restclient/exceptions.rb,cf3e5a115bcd,http clients and tools,3.8,8,0,21,0.0,3,0.0,14,11,11,0.786
rest-client,lib/restclient/params_array.rb,cf3e5a115bcd,http clients and tools,5.8,17,0,80,0.5,0,0.0,5,2,5,1.0
rest-client,lib/restclient/payload.rb,cf3e5a115bcd,http clients and tools,6.7,29,0,80,0.17,1,0.0,25,6,24,0.96
rest-client,lib/restclient/platform.rb,cf3e5a115bcd,http clients and tools,4.3,8,100,0,0.0,0,0.0,6,2,6,1.0
rest-client,lib/restclient/raw_response.rb,cf3e5a115bcd,http clients and tools,4.2,8,0,80,0.5,0,0.0,5,2,5,1.0
rest-client,lib/restclient/request.rb,cf3e5a115bcd,http clients and tools,18,130,6,79,0.0,0,3.0,33,2,33,1.0
rest-client,lib/restclient/resource.rb,cf3e5a115bcd,http clients and tools,6.1,9,0,88,0.0,0,0.0,16,2,8,0.5
rest-client,lib/restclient/response.rb,cf3e5a115bcd,http clients and tools,7,18,29,57,0.5,1,0.0,7,2,6,0.857
rest-client,lib/restclient/utils.rb,cf3e5a115bcd,http clients and tools,16.4,34,100,86,0.0,0,0.0,7,2,7,1.0
rest-client,lib/restclient/windows/root_certs.rb,cf3e5a115bcd,http clients and tools,8,23,50,50,1.0,1,0.0,4,2,4,1.0
roo,lib/roo/base.rb,20d424f8bf96,spreadsheets and documents,8.9,28,4,73,6.0,0,1.9,52,1,51,0.981
roo,lib/roo/csv.rb,20d424f8bf96,spreadsheets and documents,6.3,24,0,67,0.0,1,0.0,15,2,12,0.8
roo,lib/roo/excelx.rb,20d424f8bf96,spreadsheets and documents,7.8,60,0,46,1.0,1,2.4,41,2,36,0.878
roo,lib/roo/excelx/cell.rb,20d424f8bf96,spreadsheets and documents,8.3,16,22,67,0.0,1,0.0,9,4,9,1.0
roo,lib/roo/excelx/cell/base.rb,20d424f8bf96,spreadsheets and documents,4.4,9,0,9,0.25,1,0.0,11,4,10,0.909
roo,lib/roo/excelx/cell/boolean.rb,20d424f8bf96,spreadsheets and documents,4,5,0,33,0.0,1,0.0,3,4,3,1.0
roo,lib/roo/excelx/cell/date.rb,20d424f8bf96,spreadsheets and documents,3.3,6,0,67,0.0,2,0.0,3,4,3,1.0
roo,lib/roo/excelx/cell/datetime.rb,20d424f8bf96,spreadsheets and documents,8.8,14,0,100,0.0,1,0.0,4,4,4,1.0
roo,lib/roo/excelx/cell/number.rb,20d424f8bf96,spreadsheets and documents,15.6,41,0,100,0.0,1,0.0,5,4,5,1.0
roo,lib/roo/excelx/extractor.rb,20d424f8bf96,spreadsheets and documents,4.7,7,0,0,0.33,1,0.0,3,3,3,1.0
roo,lib/roo/excelx/relationships.rb,20d424f8bf96,spreadsheets and documents,4.5,7,0,75,0.0,1,0.0,4,3,4,1.0
roo,lib/roo/excelx/shared.rb,20d424f8bf96,spreadsheets and documents,4,9,0,33,0.0,1,0.0,6,3,4,0.667
roo,lib/roo/excelx/shared_strings.rb,20d424f8bf96,spreadsheets and documents,12.4,43,0,78,0.0,1,0.0,9,3,9,1.0
roo,lib/roo/excelx/sheet.rb,20d424f8bf96,spreadsheets and documents,6.5,27,0,100,0.33,1,0.0,17,3,14,0.824
roo,lib/roo/excelx/sheet_doc.rb,20d424f8bf96,spreadsheets and documents,11.1,48,0,67,0.33,1,0.0,18,3,18,1.0
roo,lib/roo/excelx/styles.rb,20d424f8bf96,spreadsheets and documents,4.9,9,0,56,0.0,1,0.0,9,3,9,1.0
roo,lib/roo/excelx/workbook.rb,20d424f8bf96,spreadsheets and documents,6.4,16,0,71,0.0,1,0.0,7,4,7,1.0
roo,lib/roo/formatters/csv.rb,20d424f8bf96,spreadsheets and documents,26.3,45,0,100,0.0,0,0.0,3,3,3,1.0
roo,lib/roo/open_office.rb,20d424f8bf96,spreadsheets and documents,16.3,104,0,84,0.5,1,0.0,32,2,32,1.0
roo,lib/roo/utils.rb,20d424f8bf96,spreadsheets and documents,9,20,0,82,0.5,0,0.0,11,2,11,1.0
rouge,lib/rouge.rb,afc3c52c2af0,code highlighting,5.7,9,100,33,0.0,0,33.3,3,1,3,1.0
rouge,lib/rouge/cli.rb,afc3c52c2af0,code highlighting,8.8,43,54,44,0.0,2,0.0,50,11,41,0.82
rouge,lib/rouge/formatter.rb,afc3c52c2af0,code highlighting,5.6,18,50,29,0.0,0,0.0,14,2,14,1.0
rouge,lib/rouge/formatters/html.rb,afc3c52c2af0,code highlighting,5.4,9,20,80,0.0,1,0.0,5,3,5,1.0
rouge,lib/rouge/formatters/html_legacy_table.rb,afc3c52c2af0,code highlighting,13.7,27,0,67,0.0,1,0.0,3,3,3,1.0
rouge,lib/rouge/formatters/html_table.rb,afc3c52c2af0,code highlighting,14.5,38,25,75,0.0,1,0.0,4,3,4,1.0
rouge,lib/rouge/formatters/terminal256.rb,afc3c52c2af0,code highlighting,7.3,37,19,67,0.0,1,0.0,21,5,18,0.857
rouge,lib/rouge/formatters/terminal_truecolor.rb,afc3c52c2af0,code highlighting,7.3,10,0,67,0.0,2,0.0,3,4,3,1.0
rouge,lib/rouge/formatters/tex.rb,afc3c52c2af0,code highlighting,8,22,0,83,0.0,1,0.0,6,3,6,1.0
rouge,lib/rouge/guesser.rb,afc3c52c2af0,code highlighting,8.8,19,20,60,0.0,1,0.0,5,3,5,1.0
rouge,lib/rouge/guessers/disambiguation.rb,afc3c52c2af0,code highlighting,5.1,15,22,67,0.75,1,11.1,9,4,9,1.0
rouge,lib/rouge/guessers/glob_mapping.rb,afc3c52c2af0,code highlighting,10,14,33,67,0.33,1,0.0,3,3,3,1.0
rouge,lib/rouge/guessers/util.rb,afc3c52c2af0,code highlighting,5,9,33,67,0.0,0,0.0,3,4,3,1.0
rouge,lib/rouge/lexer.rb,afc3c52c2af0,code highlighting,6.7,32,60,65,0.33,0,1.8,55,3,47,0.855
rouge,lib/rouge/lexers/actionscript.rb,afc3c52c2af0,code highlighting,5.6,8,100,0,0.0,2,0.0,5,3,3,0.6
rouge,lib/rouge/lexers/addmusick.rb,afc3c52c2af0,code highlighting,6.8,12,25,75,0.0,2,0.0,4,3,4,1.0
rouge,lib/rouge/lexers/apex.rb,afc3c52c2af0,code highlighting,5.8,7,100,0,0.0,2,0.0,5,3,3,0.6
rouge,lib/rouge/lexers/apple_script.rb,afc3c52c2af0,code highlighting,19.6,122,100,0,0.0,2,0.0,14,3,6,0.429
rouge,lib/rouge/lexers/awk.rb,afc3c52c2af0,code highlighting,4.5,6,100,17,0.0,2,0.0,6,3,4,0.667
rouge,lib/rouge/lexers/batchfile.rb,afc3c52c2af0,code highlighting,9.5,24,100,0,0.0,2,0.0,6,3,3,0.5
rouge,lib/rouge/lexers/bicep.rb,afc3c52c2af0,code highlighting,7.3,13,100,0,0.0,2,0.0,3,3,3,1.0
rouge,lib/rouge/lexers/brightscript.rb,afc3c52c2af0,code highlighting,12.3,38,100,0,0.0,2,0.0,6,3,3,0.5
rouge,lib/rouge/lexers/c.rb,afc3c52c2af0,code highlighting,11.2,22,100,0,0.0,2,0.0,4,3,3,0.75
rouge,lib/rouge/lexers/clojure.rb,afc3c52c2af0,code highlighting,17.7,42,67,0,0.0,2,0.0,3,3,3,1.0
rouge,lib/rouge/lexers/coffeescript.rb,afc3c52c2af0,code highlighting,6,8,100,20,0.0,2,0.0,5,3,3,0.6
rouge,lib/rouge/lexers/console.rb,afc3c52c2af0,code highlighting,10.8,44,0,67,0.0,1,0.0,12,3,11,0.917
rouge,lib/rouge/lexers/css.rb,afc3c52c2af0,code highlighting,40,104,100,0,0.0,2,0.0,5,3,4,0.8
rouge,lib/rouge/lexers/cython.rb,afc3c52c2af0,code highlighting,4.2,5,75,0,0.67,3,0.0,4,3,4,1.0
rouge,lib/rouge/lexers/ecl.rb,afc3c52c2af0,code highlighting,10.3,22,100,0,0.0,2,0.0,7,3,3,0.429
rouge,lib/rouge/lexers/escape.rb,afc3c52c2af0,code highlighting,8.2,21,0,25,0.0,1,0.0,4,3,3,0.75
rouge,lib/rouge/lexers/fortran.rb,afc3c52c2af0,code highlighting,21.3,36,100,0,0.0,2,0.0,3,3,3,1.0
rouge,lib/rouge/lexers/freefem.rb,afc3c52c2af0,code highlighting,33.4,113,100,0,0.0,4,0.0,5,3,4,0.8
rouge,lib/rouge/lexers/fsharp.rb,afc3c52c2af0,code highlighting,6.8,15,100,0,0.0,2,0.0,4,3,3,0.75
rouge,lib/rouge/lexers/groovy.rb,afc3c52c2af0,code highlighting,5,7,100,20,0.0,2,0.0,5,3,4,0.8
rouge,lib/rouge/lexers/haml.rb,afc3c52c2af0,code highlighting,7.2,19,0,25,0.33,2,0.0,4,3,3,0.75
rouge,lib/rouge/lexers/haxe.rb,afc3c52c2af0,code highlighting,5.1,7,100,14,0.0,2,0.0,7,3,5,0.714
rouge,lib/rouge/lexers/hlsl.rb,afc3c52c2af0,code highlighting,30.2,65,100,0,0.0,3,0.0,4,3,3,0.75
rouge,lib/rouge/lexers/http.rb,afc3c52c2af0,code highlighting,4.3,7,33,0,0.0,2,0.0,3,3,3,1.0
rouge,lib/rouge/lexers/hylang.rb,afc3c52c2af0,code highlighting,11,21,67,0,0.0,2,0.0,3,3,3,1.0
rouge,lib/rouge/lexers/idlang.rb,afc3c52c2af0,code highlighting,26.4,150,100,0,0.0,2,0.0,7,3,3,0.429
rouge,lib/rouge/lexers/idris.rb,afc3c52c2af0,code highlighting,9.3,15,100,0,0.0,2,0.0,3,3,3,1.0
rouge,lib/rouge/lexers/iecst.rb,afc3c52c2af0,code highlighting,7.2,14,100,25,0.0,2,0.0,4,3,3,0.75
rouge,lib/rouge/lexers/io.rb,afc3c52c2af0,code highlighting,4,6,100,33,0.0,2,0.0,3,3,3,1.0
rouge,lib/rouge/lexers/irb.rb,afc3c52c2af0,code highlighting,4.5,9,0,0,0.25,3,0.0,4,4,3,0.75
rouge,lib/rouge/lexers/j.rb,afc3c52c2af0,code highlighting,10.7,37,100,33,0.0,2,0.0,6,3,6,1.0
rouge,lib/rouge/lexers/janet.rb,afc3c52c2af0,code highlighting,32.3,83,67,0,0.0,2,0.0,3,3,3,1.0
rouge,lib/rouge/lexers/javascript.rb,afc3c52c2af0,code highlighting,6.3,14,100,14,0.0,2,0.0,7,3,6,0.857
rouge,lib/rouge/lexers/jinja.rb,afc3c52c2af0,code highlighting,4.5,7,100,0,0.0,3,0.0,4,3,3,0.75
rouge,lib/rouge/lexers/lasso.rb,afc3c52c2af0,code highlighting,4,5,33,33,0.0,3,0.0,3,3,3,1.0
rouge,lib/rouge/lexers/livescript.rb,afc3c52c2af0,code highlighting,3.8,8,100,17,0.0,2,0.0,6,3,5,0.833
rouge,lib/rouge/lexers/lua.rb,afc3c52c2af0,code highlighting,6.7,10,33,100,0.0,2,0.0,3,3,3,1.0
rouge,lib/rouge/lexers/lustre.rb,afc3c52c2af0,code highlighting,5,7,100,0,0.0,2,0.0,3,3,3,1.0
rouge,lib/rouge/lexers/m68k.rb,afc3c52c2af0,code highlighting,14.8,32,100,0,0.0,2,0.0,4,3,4,1.0
rouge,lib/rouge/lexers/magik.rb,afc3c52c2af0,code highlighting,4.4,26,100,0,0.0,2,0.0,16,3,7,0.438
rouge,lib/rouge/lexers/meson.rb,afc3c52c2af0,code highlighting,4.9,13,38,0,0.0,2,0.0,8,4,7,0.875
rouge,lib/rouge/lexers/moonscript.rb,afc3c52c2af0,code highlighting,6.3,10,33,67,0.0,2,0.0,3,3,3,1.0
rouge,lib/rouge/lexers/nial.rb,afc3c52c2af0,code highlighting,15.8,64,100,0,0.0,2,0.0,6,3,5,0.833
rouge,lib/rouge/lexers/objective_c/common.rb,afc3c52c2af0,code highlighting,42.5,157,25,25,0.0,0,0.0,4,3,3,0.75
rouge,lib/rouge/lexers/perl.rb,afc3c52c2af0,code highlighting,5.3,9,33,33,0.0,2,0.0,3,3,3,1.0
rouge,lib/rouge/lexers/php.rb,afc3c52c2af0,code highlighting,9.8,13,50,50,0.0,3,0.0,4,3,4,1.0
rouge,lib/rouge/lexers/plsql.rb,afc3c52c2af0,code highlighting,108.2,358,100,0,0.0,2,0.0,4,3,3,0.75
rouge,lib/rouge/lexers/praat.rb,afc3c52c2af0,code highlighting,9.7,28,100,8,0.0,2,0.0,12,3,5,0.417
rouge,lib/rouge/lexers/python.rb,afc3c52c2af0,code highlighting,6.8,24,50,10,0.0,2,0.0,10,4,8,0.8
rouge,lib/rouge/lexers/racket.rb,afc3c52c2af0,code highlighting,155.7,418,100,33,0.0,2,0.0,3,3,3,1.0
rouge,lib/rouge/lexers/rescript.rb,afc3c52c2af0,code highlighting,5.3,7,100,0,0.0,3,0.0,3,3,3,1.0
rouge,lib/rouge/lexers/rocq.rb,afc3c52c2af0,code highlighting,9.5,15,100,0,0.0,2,0.0,6,3,4,0.667
rouge,lib/rouge/lexers/rust.rb,afc3c52c2af0,code highlighting,8.5,17,75,50,0.0,2,0.0,4,3,4,1.0
rouge,lib/rouge/lexers/sas.rb,afc3c52c2af0,code highlighting,51,188,100,0,0.0,2,0.0,7,3,5,0.714
rouge,lib/rouge/lexers/sml.rb,afc3c52c2af0,code highlighting,7,9,40,0,0.0,2,0.0,5,3,4,0.8
rouge,lib/rouge/lexers/stan.rb,afc3c52c2af0,code highlighting,47.3,172,100,17,0.0,2,0.0,6,3,5,0.833
rouge,lib/rouge/lexers/tcl.rb,afc3c52c2af0,code highlighting,18,26,100,100,0.0,2,0.0,3,3,3,1.0
rouge,lib/rouge/lexers/terraform.rb,afc3c52c2af0,code highlighting,3.8,5,100,0,0.0,3,0.0,5,3,3,0.6
rouge,lib/rouge/lexers/ttcn3.rb,afc3c52c2af0,code highlighting,10.7,17,100,0,0.0,2,0.0,3,3,3,1.0
rouge,lib/rouge/lexers/twig.rb,afc3c52c2af0,code highlighting,4.2,7,100,0,0.0,4,0.0,4,3,3,0.75
rouge,lib/rouge/lexers/typescript/common.rb,afc3c52c2af0,code highlighting,9.4,22,20,20,0.0,0,0.0,5,3,3,0.6
rouge,lib/rouge/lexers/xpath.rb,afc3c52c2af0,code highlighting,3.7,8,100,0,0.0,2,0.0,17,3,9,0.529
rouge,lib/rouge/lexers/yaml.rb,afc3c52c2af0,code highlighting,5.9,15,12,88,0.0,2,0.0,8,3,8,1.0
rouge,lib/rouge/regex_lexer.rb,afc3c52c2af0,code highlighting,7.3,61,19,66,0.0,1,17.0,47,8,42,0.894
rouge,lib/rouge/tex_theme_renderer.rb,afc3c52c2af0,code highlighting,8.5,23,0,82,0.0,0,0.0,11,2,11,1.0
rouge,lib/rouge/text_analyzer.rb,afc3c52c2af0,code highlighting,6,9,0,60,0.0,1,0.0,5,2,5,1.0
rouge,lib/rouge/theme.rb,afc3c52c2af0,code highlighting,5.3,15,37,47,0.2,1,3.3,30,5,29,0.967
rouge,lib/rouge/themes/gruvbox.rb,afc3c52c2af0,code highlighting,14.8,26,100,0,0.33,2,0.0,4,3,3,0.75
rouge,lib/rouge/token.rb,afc3c52c2af0,code highlighting,4.2,10,100,42,0.0,0,25.0,12,3,10,0.833
rouge,lib/rouge/util.rb,afc3c52c2af0,code highlighting,5.1,18,0,57,0.25,1,0.0,14,4,11,0.786
rouge,tasks/task_helper.rb,afc3c52c2af0,code highlighting,4.9,9,14,29,0.0,0,0.0,7,1,5,0.714
rqrcode,benchmark/benchmark_helper.rb,f0d65004f2b5,qr,14.2,42,100,38,0.0,0,0.0,13,1,13,1.0
rqrcode,lib/rqrcode/export/svg.rb,f0d65004f2b5,qr,49.5,130,0,75,0.0,1,0.0,4,6,4,1.0
rspec,rspec-core/benchmarks/capture_block_vs_yield.rb,79a280d76e10,testing,3,3,0,50,0.0,0,0.0,8,0,8,1.0
rspec,rspec-core/benchmarks/module_inclusion_filtering.rb,79a280d76e10,testing,5.2,6,25,50,0.0,0,50.0,4,1,4,1.0
rspec,rspec-core/benchmarks/shuffle_vs_sort_by_for_random_ordering.rb,79a280d76e10,testing,6,18,20,100,0.0,0,0.0,5,1,4,0.8
rspec,rspec-core/benchmarks/singleton_example_groups/helper.rb,79a280d76e10,testing,12.6,41,71,29,0.0,0,42.9,7,1,6,0.857
rspec,rspec-core/benchmarks/threadsafe_let_block.rb,79a280d76e10,testing,10,21,62,88,0.83,1,112.5,8,6,8,1.0
rspec,rspec-core/benchmarks/to_proc_v_not_to_proc.rb,79a280d76e10,testing,4.4,10,0,60,0.0,0,0.0,5,0,4,0.8
rspec,rspec-core/lib/rspec/core.rb,79a280d76e10,testing,4.5,15,100,9,0.33,0,9.1,11,3,8,0.727
rspec,rspec-core/lib/rspec/core/backtrace_formatter.rb,79a280d76e10,testing,6.4,15,0,71,0.0,0,0.0,7,3,7,1.0
rspec,rspec-core/lib/rspec/core/bisect/coordinator.rb,79a280d76e10,testing,7.4,18,20,60,0.0,0,0.0,5,4,5,1.0
rspec,rspec-core/lib/rspec/core/bisect/example_minimizer.rb,79a280d76e10,testing,9.9,37,0,79,0.0,0,0.0,14,4,14,1.0
rspec,rspec-core/lib/rspec/core/bisect/fork_runner.rb,79a280d76e10,testing,8,27,20,70,0.0,1,20.0,10,6,10,1.0
rspec,rspec-core/lib/rspec/core/bisect/server.rb,79a280d76e10,testing,6.4,12,20,80,0.0,0,0.0,5,4,5,1.0
rspec,rspec-core/lib/rspec/core/bisect/shell_command.rb,79a280d76e10,testing,7,16,0,73,0.25,0,0.0,11,4,11,1.0
rspec,rspec-core/lib/rspec/core/bisect/shell_runner.rb,79a280d76e10,testing,5.2,16,25,62,0.0,0,0.0,8,4,8,1.0
rspec,rspec-core/lib/rspec/core/bisect/utilities.rb,79a280d76e10,testing,4.6,8,14,71,0.0,1,14.3,7,6,7,1.0
rspec,rspec-core/lib/rspec/core/configuration.rb,79a280d76e10,testing,7.4,59,4,65,1.0,1,12.5,136,6,128,0.941
rspec,rspec-core/lib/rspec/core/configuration_options.rb,79a280d76e10,testing,5.2,14,0,37,0.0,0,7.4,27,3,26,0.963
rspec,rspec-core/lib/rspec/core/did_you_mean.rb,79a280d76e10,testing,4.2,7,0,67,0.0,0,0.0,6,3,6,1.0
rspec,rspec-core/lib/rspec/core/drb.rb,79a280d76e10,testing,7.2,23,0,85,0.0,0,0.0,13,4,11,0.846
rspec,rspec-core/lib/rspec/core/dsl.rb,79a280d76e10,testing,6.7,13,100,43,0.0,0,57.1,7,3,6,0.857
rspec,rspec-core/lib/rspec/core/example.rb,79a280d76e10,testing,6.5,52,4,77,0.17,1,5.8,52,6,51,0.981
rspec,rspec-core/lib/rspec/core/example_group.rb,79a280d76e10,testing,7.6,38,87,65,1.0,1,7.9,63,6,56,0.889
rspec,rspec-core/lib/rspec/core/example_status_persister.rb,79a280d76e10,testing,5.1,15,17,70,0.0,0,0.0,30,6,30,1.0
rspec,rspec-core/lib/rspec/core/filter_manager.rb,79a280d76e10,testing,4.6,22,3,77,0.0,1,0.0,35,5,34,0.971
rspec,rspec-core/lib/rspec/core/formatters.rb,79a280d76e10,testing,7.8,34,11,68,0.0,0,5.3,19,2,19,1.0
rspec,rspec-core/lib/rspec/core/formatters/base_bisect_formatter.rb,79a280d76e10,testing,5,9,20,40,0.0,0,0.0,5,4,5,1.0
rspec,rspec-core/lib/rspec/core/formatters/base_formatter.rb,79a280d76e10,testing,3.3,4,0,71,0.0,0,0.0,7,4,7,1.0
rspec,rspec-core/lib/rspec/core/formatters/base_text_formatter.rb,79a280d76e10,testing,4.2,7,0,100,0.0,1,0.0,6,4,6,1.0
rspec,rspec-core/lib/rspec/core/formatters/bisect_progress_formatter.rb,79a280d76e10,testing,4.4,13,0,92,0.0,3,0.0,25,5,21,0.84
rspec,rspec-core/lib/rspec/core/formatters/console_codes.rb,79a280d76e10,testing,8.3,11,0,67,0.0,0,33.3,3,4,3,1.0
rspec,rspec-core/lib/rspec/core/formatters/deprecation_formatter.rb,79a280d76e10,testing,5.3,11,0,73,0.0,0,0.0,26,8,26,1.0
rspec,rspec-core/lib/rspec/core/formatters/documentation_formatter.rb,79a280d76e10,testing,5.1,7,0,79,0.0,2,0.0,14,4,14,1.0
rspec,rspec-core/lib/rspec/core/formatters/exception_presenter.rb,79a280d76e10,testing,8.7,25,4,72,0.11,1,0.0,46,9,42,0.913
rspec,rspec-core/lib/rspec/core/formatters/helpers.rb,79a280d76e10,testing,10,17,100,100,0.0,0,0.0,5,4,5,1.0
rspec,rspec-core/lib/rspec/core/formatters/html_formatter.rb,79a280d76e10,testing,8.7,37,0,69,0.0,1,0.0,13,4,12,0.923
rspec,rspec-core/lib/rspec/core/formatters/html_printer.rb,79a280d76e10,testing,6,19,0,93,0.25,0,0.0,15,4,12,0.8
rspec,rspec-core/lib/rspec/core/formatters/html_snippet_extractor.rb,79a280d76e10,testing,7.5,16,33,67,0.0,0,0.0,6,6,6,1.0
rspec,rspec-core/lib/rspec/core/formatters/json_formatter.rb,79a280d76e10,testing,7.4,15,0,90,0.0,1,0.0,10,4,10,1.0
rspec,rspec-core/lib/rspec/core/formatters/profile_formatter.rb,79a280d76e10,testing,6.2,12,0,50,0.0,0,0.0,6,4,6,1.0
rspec,rspec-core/lib/rspec/core/formatters/snippet_extractor.rb,79a280d76e10,testing,7.7,16,38,77,0.0,0,0.0,13,4,13,1.0
rspec,rspec-core/lib/rspec/core/formatters/syntax_highlighter.rb,79a280d76e10,testing,6.2,14,38,38,0.0,0,0.0,8,6,7,0.875
rspec,rspec-core/lib/rspec/core/hooks.rb,79a280d76e10,testing,6.9,21,0,81,0.0,1,18.8,32,8,28,0.875
rspec,rspec-core/lib/rspec/core/invocations.rb,79a280d76e10,testing,9.7,22,0,83,0.0,0,16.7,6,7,6,1.0
rspec,rspec-core/lib/rspec/core/memoized_helpers.rb,79a280d76e10,testing,7.4,40,43,39,0.11,1,42.9,28,9,20,0.714
rspec,rspec-core/lib/rspec/core/metadata.rb,79a280d76e10,testing,7.3,36,32,71,0.11,1,7.3,41,9,39,0.951
rspec,rspec-core/lib/rspec/core/metadata_filter.rb,79a280d76e10,testing,6.8,21,33,79,0.0,1,4.2,24,6,23,0.958
rspec,rspec-core/lib/rspec/core/mocking_adapters/flexmock.rb,79a280d76e10,testing,3,3,25,0,0.25,0,0.0,4,4,3,0.75
rspec,rspec-core/lib/rspec/core/mocking_adapters/mocha.rb,79a280d76e10,testing,3,3,25,0,0.5,0,0.0,4,4,4,1.0
rspec,rspec-core/lib/rspec/core/mocking_adapters/rr.rb,79a280d76e10,testing,3,3,25,0,0.25,0,0.0,4,4,3,0.75
rspec,rspec-core/lib/rspec/core/mocking_adapters/rspec.rb,79a280d76e10,testing,3,3,40,0,0.25,0,0.0,5,4,5,1.0
rspec,rspec-core/lib/rspec/core/notifications.rb,79a280d76e10,testing,5.3,16,7,74,0.07,2,0.0,43,15,43,1.0
rspec,rspec-core/lib/rspec/core/option_parser.rb,79a280d76e10,testing,42.7,268,14,57,0.0,0,0.0,7,2,7,1.0
rspec,rspec-core/lib/rspec/core/ordering.rb,79a280d76e10,testing,5.9,25,0,65,0.0,0,0.0,23,10,22,0.957
rspec,rspec-core/lib/rspec/core/output_wrapper.rb,79a280d76e10,testing,3,3,0,67,0.0,0,33.3,3,3,3,1.0
rspec,rspec-core/lib/rspec/core/pending.rb,79a280d76e10,testing,9.3,28,50,50,0.0,1,0.0,6,6,6,1.0
rspec,rspec-core/lib/rspec/core/profiler.rb,79a280d76e10,testing,5,7,0,100,0.0,0,0.0,4,3,4,1.0
rspec,rspec-core/lib/rspec/core/project_initializer.rb,79a280d76e10,testing,5.4,10,0,80,0.0,0,0.0,5,3,4,0.8
rspec,rspec-core/lib/rspec/core/rake_task.rb,79a280d76e10,testing,10.4,35,0,60,0.67,1,10.0,10,3,10,1.0
rspec,rspec-core/lib/rspec/core/reporter.rb,79a280d76e10,testing,5.4,18,3,59,0.0,0,3.4,29,3,25,0.862
rspec,rspec-core/lib/rspec/core/ruby_project.rb,79a280d76e10,testing,5.2,16,0,33,0.0,0,0.0,6,3,6,1.0
rspec,rspec-core/lib/rspec/core/runner.rb,79a280d76e10,testing,8.2,22,59,53,0.0,0,0.0,17,3,15,0.882
rspec,rspec-core/lib/rspec/core/set.rb,79a280d76e10,testing,3.9,6,0,88,0.33,0,0.0,8,3,8,1.0
rspec,rspec-core/lib/rspec/core/shared_context.rb,79a280d76e10,testing,4.5,7,25,75,0.0,0,50.0,4,3,4,1.0
rspec,rspec-core/lib/rspec/core/shared_example_group.rb,79a280d76e10,testing,7.7,28,20,55,0.0,1,5.0,20,6,20,1.0
rspec,rspec-core/lib/rspec/core/shell_escape.rb,79a280d76e10,testing,5,10,0,50,0.0,0,0.0,4,3,4,1.0
rspec,rspec-core/lib/rspec/core/warnings.rb,79a280d76e10,testing,7.3,11,0,67,0.0,0,0.0,3,3,3,1.0
rspec,rspec-core/lib/rspec/core/world.rb,79a280d76e10,testing,5.3,32,19,69,0.0,0,0.0,32,4,27,0.844
rspec,rspec-expectations/benchmarks/include_matcher.rb,79a280d76e10,testing,4.8,15,0,56,0.0,1,12.5,16,4,14,0.875
rspec,rspec-expectations/lib/rspec/expectations/block_snippet_extractor.rb,79a280d76e10,testing,4.7,12,3,68,0.0,0,2.6,38,3,36,0.947
rspec,rspec-expectations/lib/rspec/expectations/configuration.rb,79a280d76e10,testing,4.7,13,11,22,0.0,0,0.0,18,3,16,0.889
rspec,rspec-expectations/lib/rspec/expectations/expectation_target.rb,79a280d76e10,testing,5.4,14,8,15,0.17,1,0.0,13,6,10,0.769
rspec,rspec-expectations/lib/rspec/expectations/failure_aggregator.rb,79a280d76e10,testing,5.1,26,0,70,0.0,2,0.0,30,5,28,0.933
rspec,rspec-expectations/lib/rspec/expectations/handler.rb,79a280d76e10,testing,5.5,12,76,57,0.0,2,4.8,21,8,16,0.762
rspec,rspec-expectations/lib/rspec/expectations/minitest_integration.rb,79a280d76e10,testing,4.6,7,0,20,0.0,0,0.0,5,2,3,0.6
rspec,rspec-expectations/lib/rspec/expectations/syntax.rb,79a280d76e10,testing,6.1,16,0,50,0.0,0,0.0,12,4,10,0.833
rspec,rspec-expectations/lib/rspec/matchers/aliased_matcher.rb,79a280d76e10,testing,4.3,9,0,60,0.0,3,20.0,10,5,7,0.7
rspec,rspec-expectations/lib/rspec/matchers/built_in/all.rb,79a280d76e10,testing,5,11,0,64,0.0,1,0.0,11,4,11,1.0
rspec,rspec-expectations/lib/rspec/matchers/built_in/base_matcher.rb,79a280d76e10,testing,4,9,14,38,0.57,0,0.0,21,7,15,0.714
rspec,rspec-expectations/lib/rspec/matchers/built_in/be.rb,79a280d76e10,testing,3.6,9,0,36,0.22,1,4.0,25,9,17,0.68
rspec,rspec-expectations/lib/rspec/matchers/built_in/be_between.rb,79a280d76e10,testing,4.1,6,0,22,0.0,1,22.2,9,4,8,0.889
rspec,rspec-expectations/lib/rspec/matchers/built_in/be_within.rb,79a280d76e10,testing,3.8,6,0,30,0.0,1,0.0,10,4,10,1.0
rspec,rspec-expectations/lib/rspec/matchers/built_in/change.rb,79a280d76e10,testing,5.1,20,0,51,0.0,2,1.8,57,9,44,0.772
rspec,rspec-expectations/lib/rspec/matchers/built_in/compound.rb,79a280d76e10,testing,5.3,13,3,59,0.0,1,0.0,32,8,30,0.938
rspec,rspec-expectations/lib/rspec/matchers/built_in/contain_exactly.rb,79a280d76e10,testing,6.3,17,3,58,0.0,1,0.0,33,5,33,1.0
rspec,rspec-expectations/lib/rspec/matchers/built_in/count_expectation.rb,79a280d76e10,testing,5.8,18,0,35,0.0,0,5.0,20,4,16,0.8
rspec,rspec-expectations/lib/rspec/matchers/built_in/cover.rb,79a280d76e10,testing,3.7,4,0,67,0.0,1,0.0,3,4,3,1.0
rspec,rspec-expectations/lib/rspec/matchers/built_in/eq.rb,79a280d76e10,testing,3.8,7,0,20,0.0,1,0.0,5,4,5,1.0
rspec,rspec-expectations/lib/rspec/matchers/built_in/eql.rb,79a280d76e10,testing,4,7,0,25,0.0,1,0.0,4,4,4,1.0
rspec,rspec-expectations/lib/rspec/matchers/built_in/equal.rb,79a280d76e10,testing,5.8,13,0,33,0.0,1,0.0,9,4,9,1.0
rspec,rspec-expectations/lib/rspec/matchers/built_in/exist.rb,79a280d76e10,testing,3.9,10,0,92,0.0,1,8.3,12,5,11,0.917
rspec,rspec-expectations/lib/rspec/matchers/built_in/has.rb,79a280d76e10,testing,4.1,9,0,39,0.17,2,3.6,28,6,24,0.857
rspec,rspec-expectations/lib/rspec/matchers/built_in/have_attributes.rb,79a280d76e10,testing,4.7,7,0,47,0.0,1,13.3,15,4,14,0.933
rspec,rspec-expectations/lib/rspec/matchers/built_in/include.rb,79a280d76e10,testing,6.5,16,0,83,0.25,1,0.0,24,4,23,0.958
rspec,rspec-expectations/lib/rspec/matchers/built_in/match.rb,79a280d76e10,testing,5.4,16,0,55,0.0,1,0.0,11,5,9,0.818
rspec,rspec-expectations/lib/rspec/matchers/built_in/operators.rb,79a280d76e10,testing,6.4,18,42,50,0.0,1,41.7,12,6,12,1.0
rspec,rspec-expectations/lib/rspec/matchers/built_in/output.rb,79a280d76e10,testing,5.4,24,7,33,0.0,1,0.0,27,9,16,0.593
rspec,rspec-expectations/lib/rspec/matchers/built_in/raise_error.rb,79a280d76e10,testing,6.7,28,0,30,0.25,0,0.0,30,4,23,0.767
rspec,rspec-expectations/lib/rspec/matchers/built_in/respond_to.rb,79a280d76e10,testing,5.4,15,0,45,0.0,1,4.5,22,5,18,0.818
rspec,rspec-expectations/lib/rspec/matchers/built_in/satisfy.rb,79a280d76e10,testing,4,7,0,12,0.0,1,0.0,8,4,7,0.875
rspec,rspec-expectations/lib/rspec/matchers/built_in/start_or_end_with.rb,79a280d76e10,testing,5.4,11,0,89,0.0,2,0.0,9,6,8,0.889
rspec,rspec-expectations/lib/rspec/matchers/built_in/throw_symbol.rb,79a280d76e10,testing,7.5,48,0,15,0.25,0,0.0,13,4,10,0.769
rspec,rspec-expectations/lib/rspec/matchers/built_in/yield.rb,79a280d76e10,testing,5.0,17,2,47,0.12,1,0.0,49,8,32,0.653
rspec,rspec-expectations/lib/rspec/matchers/composable.rb,79a280d76e10,testing,5.1,13,0,55,0.0,0,0.0,11,3,10,0.909
rspec,rspec-expectations/lib/rspec/matchers/dsl.rb,79a280d76e10,testing,6.0,15,0,39,1.0,0,27.3,33,7,25,0.758
rspec,rspec-expectations/lib/rspec/matchers/english_phrasing.rb,79a280d76e10,testing,7.7,14,100,67,0.0,0,0.0,3,3,3,1.0
rspec,rspec-expectations/lib/rspec/matchers/generated_descriptions.rb,79a280d76e10,testing,7.7,15,100,67,0.0,0,0.0,3,2,3,1.0
rspec,rspec-expectations/lib/rspec/matchers/matcher_delegator.rb,79a280d76e10,testing,3.2,4,0,80,0.25,1,20.0,5,4,4,0.8
rspec,rspec-expectations/lib/rspec/matchers/multi_matcher_diff.rb,79a280d76e10,testing,4.9,12,57,57,0.0,0,0.0,7,3,7,1.0
rspec,rspec-mocks/lib/rspec/mocks.rb,79a280d76e10,testing,4.7,11,100,83,0.0,0,0.0,6,4,6,1.0
rspec,rspec-mocks/lib/rspec/mocks/any_instance/chain.rb,79a280d76e10,testing,4.3,7,8,50,0.2,0,16.7,12,5,11,0.917
rspec,rspec-mocks/lib/rspec/mocks/any_instance/error_generator.rb,79a280d76e10,testing,3.6,4,20,20,0.0,1,0.0,5,4,5,1.0
rspec,rspec-mocks/lib/rspec/mocks/any_instance/expect_chain_chain.rb,79a280d76e10,testing,3.2,4,0,0,0.0,1,0.0,5,4,4,0.8
rspec,rspec-mocks/lib/rspec/mocks/any_instance/expectation_chain.rb,79a280d76e10,testing,4.8,12,0,20,0.0,2,0.0,5,5,5,1.0
rspec,rspec-mocks/lib/rspec/mocks/any_instance/message_chains.rb,79a280d76e10,testing,4.8,7,0,100,0.0,0,0.0,11,4,11,1.0
rspec,rspec-mocks/lib/rspec/mocks/any_instance/proxy.rb,79a280d76e10,testing,5,11,0,85,0.0,1,15.4,13,6,12,0.923
rspec,rspec-mocks/lib/rspec/mocks/any_instance/recorder.rb,79a280d76e10,testing,7.3,31,0,83,0.0,0,17.2,29,4,27,0.931
rspec,rspec-mocks/lib/rspec/mocks/any_instance/stub_chain.rb,79a280d76e10,testing,6,14,0,50,0.0,1,0.0,4,4,3,0.75
rspec,rspec-mocks/lib/rspec/mocks/any_instance/stub_chain_chain.rb,79a280d76e10,testing,3.3,4,0,0,0.0,1,0.0,3,4,3,1.0
rspec,rspec-mocks/lib/rspec/mocks/argument_list_matcher.rb,79a280d76e10,testing,9.4,18,0,80,0.0,0,0.0,5,3,5,1.0
rspec,rspec-mocks/lib/rspec/mocks/argument_matchers.rb,79a280d76e10,testing,3.8,12,5,41,0.0,1,6.8,44,16,22,0.5
rspec,rspec-mocks/lib/rspec/mocks/configuration.rb,79a280d76e10,testing,4.7,14,6,44,0.0,0,0.0,16,3,12,0.75
rspec,rspec-mocks/lib/rspec/mocks/error_generator.rb,79a280d76e10,testing,5.5,33,2,45,0.0,0,0.0,49,3,45,0.918
rspec,rspec-mocks/lib/rspec/mocks/example_methods.rb,79a280d76e10,testing,4.4,13,24,24,0.5,0,0.0,17,4,15,0.882
rspec,rspec-mocks/lib/rspec/mocks/instance_method_stasher.rb,79a280d76e10,testing,8.2,35,0,54,0.0,0,69.2,13,3,12,0.923
rspec,rspec-mocks/lib/rspec/mocks/marshal_extension.rb,79a280d76e10,testing,12.7,19,100,33,0.0,0,66.7,3,3,3,1.0
rspec,rspec-mocks/lib/rspec/mocks/matchers/have_received.rb,79a280d76e10,testing,4.0,8,0,36,0.25,0,4.5,22,4,18,0.818
rspec,rspec-mocks/lib/rspec/mocks/matchers/receive.rb,79a280d76e10,testing,4.8,11,0,29,0.2,0,5.9,17,5,13,0.765
rspec,rspec-mocks/lib/rspec/mocks/matchers/receive_message_chain.rb,79a280d76e10,testing,4.8,9,0,40,0.25,0,0.0,10,4,10,1.0
rspec,rspec-mocks/lib/rspec/mocks/matchers/receive_messages.rb,79a280d76e10,testing,4.2,6,0,42,0.25,0,0.0,12,4,12,1.0
rspec,rspec-mocks/lib/rspec/mocks/message_chain.rb,79a280d76e10,testing,5.5,17,20,40,0.0,1,20.0,10,5,8,0.8
rspec,rspec-mocks/lib/rspec/mocks/message_expectation.rb,79a280d76e10,testing,5.7,28,0,56,0.1,0,1.2,82,10,65,0.793
rspec,rspec-mocks/lib/rspec/mocks/method_double.rb,79a280d76e10,testing,6.7,24,0,68,0.0,0,19.4,31,3,30,0.968
rspec,rspec-mocks/lib/rspec/mocks/method_reference.rb,79a280d76e10,testing,5.4,21,30,61,0.0,2,0.0,23,6,23,1.0
rspec,rspec-mocks/lib/rspec/mocks/minitest_integration.rb,79a280d76e10,testing,5.8,13,0,20,0.2,0,0.0,5,5,3,0.6
rspec,rspec-mocks/lib/rspec/mocks/mutate_const.rb,79a280d76e10,testing,6.9,29,20,63,0.38,1,33.3,30,8,25,0.833
rspec,rspec-mocks/lib/rspec/mocks/object_reference.rb,79a280d76e10,testing,4.3,22,25,19,0.0,0,0.0,16,5,12,0.75
rspec,rspec-mocks/lib/rspec/mocks/order_group.rb,79a280d76e10,testing,3.9,9,0,93,0.0,0,0.0,14,3,13,0.929
rspec,rspec-mocks/lib/rspec/mocks/proxy.rb,79a280d76e10,testing,6.4,30,2,67,0.12,2,3.6,55,8,53,0.964
rspec,rspec-mocks/lib/rspec/mocks/space.rb,79a280d76e10,testing,4.6,14,0,54,0.0,1,2.7,37,5,29,0.784
rspec,rspec-mocks/lib/rspec/mocks/syntax.rb,79a280d76e10,testing,9.4,60,36,32,0.0,0,0.0,25,5,21,0.84
rspec,rspec-mocks/lib/rspec/mocks/targets.rb,79a280d76e10,testing,4.8,13,0,25,0.5,1,33.3,12,10,9,0.75
rspec,rspec-mocks/lib/rspec/mocks/test_double.rb,79a280d76e10,testing,5.4,30,20,50,0.2,0,0.0,20,5,20,1.0
rspec,rspec-mocks/lib/rspec/mocks/verifying_double.rb,79a280d76e10,testing,8,16,0,50,0.86,1,12.5,8,7,7,0.875
rspec,rspec-mocks/lib/rspec/mocks/verifying_message_expectation.rb,79a280d76e10,testing,9,15,0,67,0.0,1,0.0,3,3,3,1.0
rspec,rspec-mocks/lib/rspec/mocks/verifying_proxy.rb,79a280d76e10,testing,5.2,13,4,56,0.27,3,0.0,25,11,22,0.88
rspec,rspec-support/benchmarks/caller_vs_caller_locations_vs_raise.rb,79a280d76e10,testing,4,5,0,67,0.0,0,0.0,3,0,3,1.0
rspec,rspec-support/lib/rspec/support.rb,79a280d76e10,testing,6.5,18,100,67,0.0,0,33.3,12,3,12,1.0
rspec,rspec-support/lib/rspec/support/comparable_version.rb,79a280d76e10,testing,11,21,0,67,0.33,0,0.0,3,3,3,1.0
rspec,rspec-support/lib/rspec/support/differ.rb,79a280d76e10,testing,6.1,27,0,45,0.0,0,0.0,31,3,26,0.839
rspec,rspec-support/lib/rspec/support/directory_maker.rb,79a280d76e10,testing,6.7,13,100,67,0.0,0,0.0,6,3,6,1.0
rspec,rspec-support/lib/rspec/support/encoded_string.rb,79a280d76e10,testing,5.2,24,15,54,0.0,0,0.0,13,3,12,0.923
rspec,rspec-support/lib/rspec/support/fuzzy_matcher.rb,79a280d76e10,testing,10.7,17,100,100,0.0,0,0.0,3,3,3,1.0
rspec,rspec-support/lib/rspec/support/hunk_generator.rb,79a280d76e10,testing,4.1,7,0,57,0.0,0,0.0,7,3,6,0.857
rspec,rspec-support/lib/rspec/support/matcher_definition.rb,79a280d76e10,testing,3.8,7,100,80,0.0,0,0.0,5,2,5,1.0
rspec,rspec-support/lib/rspec/support/method_signature_verifier.rb,79a280d76e10,testing,6.5,27,0,68,0.0,2,0.0,44,10,34,0.773
rspec,rspec-support/lib/rspec/support/mutex.rb,79a280d76e10,testing,8.8,14,0,60,0.0,1,0.0,5,3,5,1.0
rspec,rspec-support/lib/rspec/support/object_formatter.rb,79a280d76e10,testing,4.7,14,31,66,0.0,1,2.9,35,10,31,0.886
rspec,rspec-support/lib/rspec/support/recursive_const_methods.rb,79a280d76e10,testing,4,8,0,89,0.0,0,22.2,9,3,8,0.889
rspec,rspec-support/lib/rspec/support/reentrant_mutex.rb,79a280d76e10,testing,5.1,7,14,57,0.0,1,0.0,7,4,7,1.0
rspec,rspec-support/lib/rspec/support/source.rb,79a280d76e10,testing,5,8,11,33,0.0,0,0.0,9,4,9,1.0
rspec,rspec-support/lib/rspec/support/source/node.rb,79a280d76e10,testing,5.1,13,8,75,0.2,1,0.0,12,5,11,0.917
rspec,rspec-support/lib/rspec/support/source/token.rb,79a280d76e10,testing,3.3,7,7,73,0.0,0,0.0,15,4,14,0.933
rubocop,lib/rubocop/cached_data.rb,65854e6bbfe4,code formatting,6.4,16,0,62,0.0,0,0.0,8,2,8,1.0
rubocop,lib/rubocop/cli.rb,65854e6bbfe4,code formatting,11.4,44,0,82,0.0,1,0.0,17,3,17,1.0
rubocop,lib/rubocop/cli/command/auto_generate_config.rb,65854e6bbfe4,code formatting,7.0,20,0,67,0.0,1,0.0,21,4,19,0.905
rubocop,lib/rubocop/cli/command/base.rb,65854e6bbfe4,code formatting,4.3,6,67,100,0.0,0,0.0,3,4,3,1.0
rubocop,lib/rubocop/cli/command/execute_runner.rb,65854e6bbfe4,code formatting,9.6,19,0,75,0.25,1,0.0,8,4,8,1.0
rubocop,lib/rubocop/cli/command/list_enabled_cops_for.rb,65854e6bbfe4,code formatting,5.2,7,0,75,0.0,1,0.0,4,4,4,1.0
rubocop,lib/rubocop/cli/command/show_cops.rb,65854e6bbfe4,code formatting,6.6,14,0,80,0.0,1,0.0,10,4,10,1.0
rubocop,lib/rubocop/cli/command/show_docs_url.rb,65854e6bbfe4,code formatting,6,13,0,75,0.0,1,0.0,4,4,4,1.0
rubocop,lib/rubocop/cli/command/suggest_extensions.rb,65854e6bbfe4,code formatting,5.9,13,0,88,0.0,1,0.0,16,4,16,1.0
rubocop,lib/rubocop/comment_config.rb,65854e6bbfe4,code formatting,7.6,28,0,93,0.67,0,0.0,27,3,26,0.963
rubocop,lib/rubocop/config.rb,65854e6bbfe4,code formatting,6.6,44,2,72,1.5,0,0.0,50,2,45,0.9
rubocop,lib/rubocop/config_finder.rb,65854e6bbfe4,code formatting,5.8,9,100,0,0.5,0,0.0,8,2,8,1.0
rubocop,lib/rubocop/config_loader.rb,65854e6bbfe4,code formatting,8.7,23,100,64,0.33,2,0.0,22,3,21,0.955
rubocop,lib/rubocop/config_loader_resolver.rb,65854e6bbfe4,code formatting,10.5,22,0,100,0.0,0,0.0,25,2,24,0.96
rubocop,lib/rubocop/config_obsoletion.rb,65854e6bbfe4,code formatting,6.8,18,40,80,0.0,0,0.0,15,2,15,1.0
rubocop,lib/rubocop/config_obsoletion/changed_enforced_styles.rb,65854e6bbfe4,code formatting,5.7,11,0,100,0.0,2,0.0,3,3,3,1.0
rubocop,lib/rubocop/config_obsoletion/cop_rule.rb,65854e6bbfe4,code formatting,3.2,4,0,40,0.0,1,0.0,5,3,4,0.8
rubocop,lib/rubocop/config_obsoletion/extracted_cop.rb,65854e6bbfe4,code formatting,6,8,0,100,0.0,2,0.0,5,3,5,1.0
rubocop,lib/rubocop/config_obsoletion/parameter_rule.rb,65854e6bbfe4,code formatting,3.8,7,0,78,0.0,1,0.0,9,3,6,0.667
rubocop,lib/rubocop/config_obsoletion/removed_cop.rb,65854e6bbfe4,code formatting,5.2,11,0,100,0.0,2,0.0,4,3,4,1.0
rubocop,lib/rubocop/config_obsoletion/renamed_cop.rb,65854e6bbfe4,code formatting,4.8,11,0,67,0.0,2,0.0,6,3,6,1.0
rubocop,lib/rubocop/config_obsoletion/rule.rb,65854e6bbfe4,code formatting,3.3,5,0,33,0.0,0,0.0,6,3,5,0.833
rubocop,lib/rubocop/config_obsoletion/split_cop.rb,65854e6bbfe4,code formatting,3.3,4,0,33,0.0,2,0.0,3,3,3,1.0
rubocop,lib/rubocop/config_regeneration.rb,65854e6bbfe4,code formatting,5.3,10,0,33,0.0,0,0.0,3,2,3,1.0
rubocop,lib/rubocop/config_store.rb,65854e6bbfe4,code formatting,6.2,17,0,22,0.0,0,0.0,9,2,9,1.0
rubocop,lib/rubocop/config_validator.rb,65854e6bbfe4,code formatting,11.0,22,0,79,0.5,0,0.0,24,2,24,1.0
rubocop,lib/rubocop/cop/autocorrect_logic.rb,65854e6bbfe4,code formatting,5.6,17,0,74,0.0,0,0.0,23,3,23,1.0
rubocop,lib/rubocop/cop/badge.rb,65854e6bbfe4,code formatting,4,6,27,91,0.0,0,0.0,11,3,11,1.0
rubocop,lib/rubocop/cop/base.rb,65854e6bbfe4,code formatting,5.1,17,23,47,2.33,0,1.5,66,3,58,0.879
rubocop,lib/rubocop/cop/bundler/duplicated_gem.rb,65854e6bbfe4,code formatting,7.4,10,0,100,0.25,1,0.0,5,4,5,1.0
rubocop,lib/rubocop/cop/bundler/duplicated_group.rb,65854e6bbfe4,code formatting,10,11,0,100,0.25,1,0.0,5,4,5,1.0
rubocop,lib/rubocop/cop/bundler/gem_comment.rb,65854e6bbfe4,code formatting,4.8,8,0,100,0.5,1,0.0,12,4,12,1.0
rubocop,lib/rubocop/cop/bundler/gem_filename.rb,65854e6bbfe4,code formatting,5.2,10,0,33,0.25,1,0.0,9,4,7,0.778
rubocop,lib/rubocop/cop/bundler/gem_version.rb,65854e6bbfe4,code formatting,4.6,11,0,50,0.5,1,0.0,10,4,9,0.9
rubocop,lib/rubocop/cop/commissioner.rb,65854e6bbfe4,code formatting,6.1,16,0,83,0.33,0,33.3,18,3,16,0.889
rubocop,lib/rubocop/cop/cop.rb,65854e6bbfe4,code formatting,6.5,16,29,33,0.0,1,4.8,21,3,21,1.0
rubocop,lib/rubocop/cop/corrector.rb,65854e6bbfe4,code formatting,9.3,15,11,89,0.0,1,0.0,9,3,9,1.0
rubocop,lib/rubocop/cop/correctors/alignment_corrector.rb,65854e6bbfe4,code formatting,8.2,20,100,94,0.67,0,0.0,17,3,17,1.0
rubocop,lib/rubocop/cop/correctors/each_to_for_corrector.rb,65854e6bbfe4,code formatting,6.5,9,0,100,0.33,0,0.0,4,3,4,1.0
rubocop,lib/rubocop/cop/correctors/for_to_each_corrector.rb,65854e6bbfe4,code formatting,5.9,8,0,100,0.33,0,0.0,8,3,8,1.0
rubocop,lib/rubocop/cop/correctors/if_then_corrector.rb,65854e6bbfe4,code formatting,7.2,13,0,60,0.0,0,0.0,5,3,5,1.0
rubocop,lib/rubocop/cop/correctors/lambda_literal_to_method_corrector.rb,65854e6bbfe4,code formatting,6,18,0,100,0.0,0,0.0,19,3,19,1.0
rubocop,lib/rubocop/cop/correctors/line_break_corrector.rb,65854e6bbfe4,code formatting,6.8,11,100,100,1.0,0,0.0,6,3,6,1.0
rubocop,lib/rubocop/cop/correctors/multiline_literal_brace_corrector.rb,65854e6bbfe4,code formatting,6.8,16,8,67,0.67,0,0.0,12,3,12,1.0
rubocop,lib/rubocop/cop/correctors/parentheses_corrector.rb,65854e6bbfe4,code formatting,7,13,100,100,0.33,0,0.0,12,3,12,1.0
rubocop,lib/rubocop/cop/correctors/percent_literal_corrector.rb,65854e6bbfe4,code formatting,5.8,13,0,87,0.33,0,0.0,15,3,15,1.0
rubocop,lib/rubocop/cop/correctors/punctuation_corrector.rb,65854e6bbfe4,code formatting,4.7,8,100,100,0.0,0,0.0,3,3,3,1.0
rubocop,lib/rubocop/cop/correctors/space_corrector.rb,65854e6bbfe4,code formatting,9.7,11,100,100,0.33,0,0.0,3,3,3,1.0
rubocop,lib/rubocop/cop/documentation.rb,65854e6bbfe4,code formatting,5.9,9,0,71,0.0,0,0.0,7,3,6,0.857
rubocop,lib/rubocop/cop/exclude_limit.rb,65854e6bbfe4,code formatting,7.2,13,50,100,0.0,0,25.0,4,2,4,1.0
rubocop,lib/rubocop/cop/force.rb,65854e6bbfe4,code formatting,4,9,38,38,0.0,1,12.5,8,4,7,0.875
rubocop,lib/rubocop/cop/gemspec/attribute_assignment.rb,65854e6bbfe4,code formatting,7.3,12,0,100,0.25,1,0.0,3,4,3,1.0
rubocop,lib/rubocop/cop/gemspec/dependency_version.rb,65854e6bbfe4,code formatting,4.5,11,0,50,0.5,1,0.0,12,4,11,0.917
rubocop,lib/rubocop/cop/gemspec/deprecated_attribute_assignment.rb,65854e6bbfe4,code formatting,10,17,0,75,0.5,1,0.0,4,4,4,1.0
rubocop,lib/rubocop/cop/gemspec/development_dependencies.rb,65854e6bbfe4,code formatting,4.7,8,0,33,0.25,1,0.0,3,4,3,1.0
rubocop,lib/rubocop/cop/gemspec/duplicated_assignment.rb,65854e6bbfe4,code formatting,6.2,10,0,100,0.5,1,0.0,8,4,8,1.0
rubocop,lib/rubocop/cop/gemspec/ordered_dependencies.rb,65854e6bbfe4,code formatting,6.3,11,0,100,0.5,1,0.0,3,4,3,1.0
rubocop,lib/rubocop/cop/gemspec/require_mfa.rb,65854e6bbfe4,code formatting,9.5,18,0,83,0.5,1,0.0,6,4,6,1.0
rubocop,lib/rubocop/cop/gemspec/required_ruby_version.rb,65854e6bbfe4,code formatting,8.8,17,0,100,0.0,1,0.0,5,4,5,1.0
rubocop,lib/rubocop/cop/generator.rb,65854e6bbfe4,code formatting,6.4,12,0,50,0.0,0,0.0,14,3,12,0.857
rubocop,lib/rubocop/cop/generator/configuration_injector.rb,65854e6bbfe4,code formatting,6,12,0,33,0.0,0,0.0,6,4,6,1.0
rubocop,lib/rubocop/cop/generator/registration_injector.rb,65854e6bbfe4,code formatting,9.1,15,0,93,0.0,0,0.0,15,4,15,1.0
rubocop,lib/rubocop/cop/generator/require_file_injector.rb,65854e6bbfe4,code formatting,6.1,18,0,75,0.0,0,0.0,8,4,8,1.0
rubocop,lib/rubocop/cop/ignored_node.rb,65854e6bbfe4,code formatting,5.5,12,0,75,0.0,0,0.0,4,3,4,1.0
rubocop,lib/rubocop/cop/internal_affairs/cop_description.rb,65854e6bbfe4,code formatting,7,15,0,100,0.25,1,0.0,9,4,9,1.0
rubocop,lib/rubocop/cop/internal_affairs/cop_enabled.rb,65854e6bbfe4,code formatting,8.7,12,0,67,0.25,1,0.0,3,4,3,1.0
rubocop,lib/rubocop/cop/internal_affairs/example_description.rb,65854e6bbfe4,code formatting,8,10,0,100,0.25,1,0.0,4,4,4,1.0
rubocop,lib/rubocop/cop/internal_affairs/example_heredoc_delimiter.rb,65854e6bbfe4,code formatting,5.9,10,0,75,0.25,1,0.0,8,4,8,1.0
rubocop,lib/rubocop/cop/internal_affairs/location_exists.rb,65854e6bbfe4,code formatting,5.6,9,0,78,0.25,1,0.0,9,4,9,1.0
rubocop,lib/rubocop/cop/internal_affairs/node_matcher_directive.rb,65854e6bbfe4,code formatting,8.9,19,0,89,0.5,1,0.0,19,4,19,1.0
rubocop,lib/rubocop/cop/internal_affairs/node_pattern_groups.rb,65854e6bbfe4,code formatting,8.4,21,0,94,0.5,1,0.0,16,4,16,1.0
rubocop,lib/rubocop/cop/internal_affairs/node_pattern_groups/ast_processor.rb,65854e6bbfe4,code formatting,6.5,15,0,75,0.2,1,0.0,4,5,4,1.0
rubocop,lib/rubocop/cop/internal_affairs/node_pattern_groups/ast_walker.rb,65854e6bbfe4,code formatting,8.3,13,0,78,0.0,1,0.0,9,5,9,1.0
rubocop,lib/rubocop/cop/internal_affairs/node_type_group.rb,65854e6bbfe4,code formatting,8.5,15,0,100,0.5,1,0.0,6,4,6,1.0
rubocop,lib/rubocop/cop/internal_affairs/node_type_multiple_predicates.rb,65854e6bbfe4,code formatting,7.7,12,0,100,0.25,1,0.0,6,4,6,1.0
rubocop,lib/rubocop/cop/internal_affairs/on_send_without_on_csend.rb,65854e6bbfe4,code formatting,5.2,9,0,80,0.0,1,0.0,5,4,5,1.0
rubocop,lib/rubocop/cop/internal_affairs/plugin.rb,65854e6bbfe4,code formatting,6.7,9,0,33,0.0,1,0.0,3,3,3,1.0
rubocop,lib/rubocop/cop/internal_affairs/style_detected_api_use.rb,65854e6bbfe4,code formatting,5.4,9,0,62,0.0,1,0.0,8,4,8,1.0
rubocop,lib/rubocop/cop/internal_affairs/undefined_config.rb,65854e6bbfe4,code formatting,7,11,0,100,0.25,1,0.0,5,4,5,1.0
rubocop,lib/rubocop/cop/internal_affairs/useless_message_assertion.rb,65854e6bbfe4,code formatting,4.3,5,0,67,0.0,1,0.0,3,4,3,1.0
rubocop,lib/rubocop/cop/layout/access_modifier_indentation.rb,65854e6bbfe4,code formatting,6.4,18,0,86,1.0,1,0.0,7,4,7,1.0
rubocop,lib/rubocop/cop/layout/argument_alignment.rb,65854e6bbfe4,code formatting,6,11,0,69,0.5,1,0.0,13,4,12,0.923
rubocop,lib/rubocop/cop/layout/array_alignment.rb,65854e6bbfe4,code formatting,4.7,10,0,67,0.5,1,0.0,6,4,6,1.0
rubocop,lib/rubocop/cop/layout/assignment_indentation.rb,65854e6bbfe4,code formatting,6,8,0,67,0.75,1,0.0,3,4,3,1.0
rubocop,lib/rubocop/cop/layout/begin_end_alignment.rb,65854e6bbfe4,code formatting,4.5,8,0,25,0.5,1,0.0,4,4,4,1.0
rubocop,lib/rubocop/cop/layout/block_alignment.rb,65854e6bbfe4,code formatting,7.9,20,0,78,0.75,1,0.0,23,4,23,1.0
rubocop,lib/rubocop/cop/layout/block_end_newline.rb,65854e6bbfe4,code formatting,7.6,12,0,100,0.5,1,0.0,5,4,5,1.0
rubocop,lib/rubocop/cop/layout/case_indentation.rb,65854e6bbfe4,code formatting,7.1,12,0,92,1.0,1,0.0,12,4,12,1.0
rubocop,lib/rubocop/cop/layout/class_structure.rb,65854e6bbfe4,code formatting,7.3,15,0,95,0.75,1,0.0,22,4,21,0.955
rubocop,lib/rubocop/cop/layout/closing_heredoc_indentation.rb,65854e6bbfe4,code formatting,5.2,10,0,80,0.5,1,0.0,10,4,10,1.0
rubocop,lib/rubocop/cop/layout/closing_parenthesis_indentation.rb,65854e6bbfe4,code formatting,7.3,18,0,92,0.5,1,0.0,13,4,13,1.0
rubocop,lib/rubocop/cop/layout/comment_indentation.rb,65854e6bbfe4,code formatting,6.4,24,0,64,0.5,1,0.0,14,4,13,0.929
rubocop,lib/rubocop/cop/layout/condition_position.rb,65854e6bbfe4,code formatting,6,11,0,80,0.5,1,0.0,5,4,5,1.0
rubocop,lib/rubocop/cop/layout/def_end_alignment.rb,65854e6bbfe4,code formatting,7.3,12,0,67,0.75,1,0.0,3,4,3,1.0
rubocop,lib/rubocop/cop/layout/dot_position.rb,65854e6bbfe4,code formatting,7.7,20,8,92,0.75,1,0.0,12,4,12,1.0
rubocop,lib/rubocop/cop/layout/else_alignment.rb,65854e6bbfe4,code formatting,8,15,0,82,1.0,1,0.0,11,4,11,1.0
rubocop,lib/rubocop/cop/layout/empty_comment.rb,65854e6bbfe4,code formatting,7.2,13,0,100,0.5,1,0.0,9,4,8,0.889
rubocop,lib/rubocop/cop/layout/empty_line_after_guard_clause.rb,65854e6bbfe4,code formatting,7.2,18,0,100,0.75,1,0.0,18,4,18,1.0
rubocop,lib/rubocop/cop/layout/empty_line_after_magic_comment.rb,65854e6bbfe4,code formatting,6.5,11,0,100,0.5,1,0.0,4,4,4,1.0
rubocop,lib/rubocop/cop/layout/empty_line_after_multiline_condition.rb,65854e6bbfe4,code formatting,6,10,0,100,0.5,1,0.0,10,4,10,1.0
rubocop,lib/rubocop/cop/layout/empty_line_between_defs.rb,65854e6bbfe4,code formatting,6.1,16,4,78,0.5,1,0.0,27,4,27,1.0
rubocop,lib/rubocop/cop/layout/empty_lines.rb,65854e6bbfe4,code formatting,9.2,17,0,100,0.5,1,0.0,4,4,4,1.0
rubocop,lib/rubocop/cop/layout/empty_lines_after_module_inclusion.rb,65854e6bbfe4,code formatting,6.1,11,0,88,0.5,1,0.0,8,4,8,1.0
rubocop,lib/rubocop/cop/layout/empty_lines_around_access_modifier.rb,65854e6bbfe4,code formatting,6.1,14,0,88,0.75,1,0.0,25,4,24,0.96
rubocop,lib/rubocop/cop/layout/empty_lines_around_arguments.rb,65854e6bbfe4,code formatting,6.5,10,0,100,0.5,1,0.0,4,4,4,1.0
rubocop,lib/rubocop/cop/layout/empty_lines_around_attribute_accessor.rb,65854e6bbfe4,code formatting,5.5,10,0,100,0.75,1,0.0,10,4,10,1.0
rubocop,lib/rubocop/cop/layout/empty_lines_around_exception_handling_keywords.rb,65854e6bbfe4,code formatting,6.2,14,0,78,0.5,1,0.0,9,4,9,1.0
rubocop,lib/rubocop/cop/layout/empty_lines_around_method_body.rb,65854e6bbfe4,code formatting,6.5,10,0,75,0.5,1,0.0,4,4,4,1.0
rubocop,lib/rubocop/cop/layout/end_alignment.rb,65854e6bbfe4,code formatting,7.5,17,0,67,1.0,1,0.0,15,4,12,0.8
rubocop,lib/rubocop/cop/layout/end_of_line.rb,65854e6bbfe4,code formatting,9,18,0,100,0.5,1,0.0,4,4,4,1.0
rubocop,lib/rubocop/cop/layout/extra_spacing.rb,65854e6bbfe4,code formatting,8.3,14,0,100,0.75,1,0.0,15,4,14,0.933
rubocop,lib/rubocop/cop/layout/first_argument_indentation.rb,65854e6bbfe4,code formatting,7.5,15,0,94,1.0,1,0.0,17,4,17,1.0
rubocop,lib/rubocop/cop/layout/first_array_element_indentation.rb,65854e6bbfe4,code formatting,8.2,14,0,50,1.0,1,0.0,10,4,10,1.0
rubocop,lib/rubocop/cop/layout/first_array_element_line_break.rb,65854e6bbfe4,code formatting,4,6,0,100,0.5,1,0.0,4,4,3,0.75
rubocop,lib/rubocop/cop/layout/first_hash_element_indentation.rb,65854e6bbfe4,code formatting,8.3,18,0,58,1.0,1,0.0,12,4,12,1.0
rubocop,lib/rubocop/cop/layout/first_parameter_indentation.rb,65854e6bbfe4,code formatting,6,10,0,50,1.0,1,0.0,6,4,6,1.0
rubocop,lib/rubocop/cop/layout/hash_alignment.rb,65854e6bbfe4,code formatting,8.1,18,0,86,0.75,1,0.0,21,4,20,0.952
rubocop,lib/rubocop/cop/layout/heredoc_argument_closing_parenthesis.rb,65854e6bbfe4,code formatting,6.6,14,4,79,0.5,1,0.0,28,4,28,1.0
rubocop,lib/rubocop/cop/layout/heredoc_indentation.rb,65854e6bbfe4,code formatting,6.3,18,0,83,1.0,1,0.0,18,4,18,1.0
rubocop,lib/rubocop/cop/layout/indentation_consistency.rb,65854e6bbfe4,code formatting,7.4,19,0,62,0.75,1,0.0,8,4,7,0.875
rubocop,lib/rubocop/cop/layout/indentation_style.rb,65854e6bbfe4,code formatting,7.6,16,0,100,1.0,1,0.0,8,4,8,1.0
rubocop,lib/rubocop/cop/layout/indentation_width.rb,65854e6bbfe4,code formatting,7.9,23,0,88,1.75,1,0.0,48,4,46,0.958
rubocop,lib/rubocop/cop/layout/initial_indentation.rb,65854e6bbfe4,code formatting,7.3,12,0,100,0.5,1,0.0,3,4,3,1.0
rubocop,lib/rubocop/cop/layout/leading_comment_space.rb,65854e6bbfe4,code formatting,4.3,18,0,89,0.5,1,0.0,19,4,13,0.684
rubocop,lib/rubocop/cop/layout/line_continuation_leading_space.rb,65854e6bbfe4,code formatting,6.5,15,8,75,0.5,1,0.0,12,4,12,1.0
rubocop,lib/rubocop/cop/layout/line_continuation_spacing.rb,65854e6bbfe4,code formatting,7.2,18,0,92,0.5,1,0.0,13,4,12,0.923
rubocop,lib/rubocop/cop/layout/line_end_string_concatenation_indentation.rb,65854e6bbfe4,code formatting,6,13,0,75,0.75,1,0.0,8,4,8,1.0
rubocop,lib/rubocop/cop/layout/line_length.rb,65854e6bbfe4,code formatting,7.6,19,0,79,1.5,1,0.0,48,4,44,0.917
rubocop,lib/rubocop/cop/layout/multiline_assignment_layout.rb,65854e6bbfe4,code formatting,7.8,10,0,80,1.0,1,0.0,5,4,5,1.0
rubocop,lib/rubocop/cop/layout/multiline_block_layout.rb,65854e6bbfe4,code formatting,7.9,14,0,91,0.5,1,0.0,11,4,11,1.0
rubocop,lib/rubocop/cop/layout/multiline_hash_key_line_breaks.rb,65854e6bbfe4,code formatting,5,9,0,100,0.5,1,0.0,3,4,3,1.0
rubocop,lib/rubocop/cop/layout/multiline_method_call_brace_layout.rb,65854e6bbfe4,code formatting,3.5,5,0,50,0.5,1,0.0,4,4,4,1.0
rubocop,lib/rubocop/cop/layout/multiline_method_call_indentation.rb,65854e6bbfe4,code formatting,7.0,15,0,90,1.25,1,0.0,50,4,49,0.98
rubocop,lib/rubocop/cop/layout/multiline_operation_indentation.rb,65854e6bbfe4,code formatting,6.5,14,0,70,1.0,1,0.0,10,4,9,0.9
rubocop,lib/rubocop/cop/layout/parameter_alignment.rb,65854e6bbfe4,code formatting,4.5,10,0,67,0.5,1,0.0,6,4,6,1.0
rubocop,lib/rubocop/cop/layout/redundant_line_break.rb,65854e6bbfe4,code formatting,5.8,16,0,86,1.0,1,0.0,21,4,21,1.0
rubocop,lib/rubocop/cop/layout/rescue_ensure_alignment.rb,65854e6bbfe4,code formatting,8.7,19,0,89,0.75,1,0.0,18,4,18,1.0
rubocop,lib/rubocop/cop/layout/single_line_block_chain.rb,65854e6bbfe4,code formatting,6.2,15,20,80,0.5,1,0.0,5,4,5,1.0
rubocop,lib/rubocop/cop/layout/space_after_colon.rb,65854e6bbfe4,code formatting,5,7,0,100,0.25,1,0.0,4,4,4,1.0
rubocop,lib/rubocop/cop/layout/space_after_semicolon.rb,65854e6bbfe4,code formatting,3.2,4,0,75,0.5,1,0.0,4,4,4,1.0
rubocop,lib/rubocop/cop/layout/space_around_block_parameters.rb,65854e6bbfe4,code formatting,7.4,13,0,73,0.75,1,0.0,15,4,15,1.0
rubocop,lib/rubocop/cop/layout/space_around_equals_in_parameter_default.rb,65854e6bbfe4,code formatting,5.7,11,0,100,1.0,1,0.0,7,4,7,1.0
rubocop,lib/rubocop/cop/layout/space_around_method_call_operator.rb,65854e6bbfe4,code formatting,7,13,0,100,0.5,1,0.0,6,4,6,1.0
rubocop,lib/rubocop/cop/layout/space_around_operators.rb,65854e6bbfe4,code formatting,6.7,17,4,93,1.0,1,0.0,28,4,26,0.929
rubocop,lib/rubocop/cop/layout/space_before_block_braces.rb,65854e6bbfe4,code formatting,7.8,22,8,75,0.75,1,0.0,12,4,12,1.0
rubocop,lib/rubocop/cop/layout/space_before_first_arg.rb,65854e6bbfe4,code formatting,6.4,12,20,80,0.75,1,0.0,5,4,5,1.0
rubocop,lib/rubocop/cop/layout/space_in_lambda_literal.rb,65854e6bbfe4,code formatting,6.3,17,0,83,0.75,1,0.0,6,4,6,1.0
rubocop,lib/rubocop/cop/layout/space_inside_array_literal_brackets.rb,65854e6bbfe4,code formatting,7.4,16,0,88,0.75,1,0.0,17,4,17,1.0
rubocop,lib/rubocop/cop/layout/space_inside_array_percent_literal.rb,65854e6bbfe4,code formatting,4.3,7,0,33,0.75,1,0.0,3,4,3,1.0
rubocop,lib/rubocop/cop/layout/space_inside_block_braces.rb,65854e6bbfe4,code formatting,8.8,16,6,89,1.0,1,0.0,18,4,17,0.944
rubocop,lib/rubocop/cop/layout/space_inside_hash_literal_braces.rb,65854e6bbfe4,code formatting,8,14,0,93,1.0,1,0.0,14,4,14,1.0
rubocop,lib/rubocop/cop/layout/space_inside_parens.rb,65854e6bbfe4,code formatting,8.6,15,0,100,1.0,1,0.0,11,4,11,1.0
rubocop,lib/rubocop/cop/layout/space_inside_percent_literal_delimiters.rb,65854e6bbfe4,code formatting,5.4,9,0,43,0.75,1,0.0,7,4,6,0.857
rubocop,lib/rubocop/cop/layout/space_inside_reference_brackets.rb,65854e6bbfe4,code formatting,8.9,19,0,100,0.75,1,0.0,7,4,7,1.0
rubocop,lib/rubocop/cop/layout/space_inside_string_interpolation.rb,65854e6bbfe4,code formatting,9,13,0,100,1.0,1,0.0,3,4,3,1.0
rubocop,lib/rubocop/cop/layout/trailing_empty_lines.rb,65854e6bbfe4,code formatting,11.8,19,0,100,0.75,1,0.0,5,4,5,1.0
rubocop,lib/rubocop/cop/layout/trailing_whitespace.rb,65854e6bbfe4,code formatting,5.7,13,0,92,0.75,1,0.0,12,4,12,1.0
rubocop,lib/rubocop/cop/legacy/corrections_proxy.rb,65854e6bbfe4,code formatting,4.2,7,0,60,0.0,0,0.0,5,4,5,1.0
rubocop,lib/rubocop/cop/lint/ambiguous_block_association.rb,65854e6bbfe4,code formatting,8.1,13,0,100,0.75,1,0.0,8,4,8,1.0
rubocop,lib/rubocop/cop/lint/ambiguous_operator.rb,65854e6bbfe4,code formatting,7.9,17,14,86,0.25,1,0.0,7,4,7,1.0
rubocop,lib/rubocop/cop/lint/ambiguous_operator_precedence.rb,65854e6bbfe4,code formatting,6.3,11,0,100,0.25,1,0.0,7,4,7,1.0
rubocop,lib/rubocop/cop/lint/ambiguous_range.rb,65854e6bbfe4,code formatting,6.6,11,0,100,0.5,1,0.0,5,4,5,1.0
rubocop,lib/rubocop/cop/lint/ambiguous_regexp_literal.rb,65854e6bbfe4,code formatting,8,15,0,100,0.25,1,0.0,5,4,5,1.0
rubocop,lib/rubocop/cop/lint/array_literal_in_regexp.rb,65854e6bbfe4,code formatting,5.8,15,0,67,0.5,1,0.0,9,4,8,0.889
rubocop,lib/rubocop/cop/lint/assignment_in_condition.rb,65854e6bbfe4,code formatting,6.7,12,0,86,0.5,1,0.0,7,4,7,1.0
rubocop,lib/rubocop/cop/lint/circular_argument_reference.rb,65854e6bbfe4,code formatting,8.2,18,0,50,0.25,1,0.0,4,4,3,0.75
rubocop,lib/rubocop/cop/lint/constant_definition_in_block.rb,65854e6bbfe4,code formatting,4.3,5,0,33,0.25,1,0.0,3,4,3,1.0
rubocop,lib/rubocop/cop/lint/constant_reassignment.rb,65854e6bbfe4,code formatting,6.2,14,0,76,0.25,1,0.0,17,4,15,0.882
rubocop,lib/rubocop/cop/lint/constant_resolution.rb,65854e6bbfe4,code formatting,5,9,0,100,0.25,1,0.0,5,4,4,0.8
rubocop,lib/rubocop/cop/lint/debugger.rb,65854e6bbfe4,code formatting,6.1,10,0,90,0.0,1,0.0,10,4,9,0.9
rubocop,lib/rubocop/cop/lint/deprecated_class_methods.rb,65854e6bbfe4,code formatting,9.2,17,0,100,0.25,1,0.0,5,4,5,1.0
rubocop,lib/rubocop/cop/lint/deprecated_constants.rb,65854e6bbfe4,code formatting,9.7,17,0,67,0.25,1,0.0,3,4,3,1.0
rubocop,lib/rubocop/cop/lint/deprecated_open_ssl_constant.rb,65854e6bbfe4,code formatting,9,14,0,100,0.5,1,0.0,9,4,9,1.0
rubocop,lib/rubocop/cop/lint/deprecated_reference.rb,65854e6bbfe4,code formatting,8.2,16,0,92,0.25,1,0.0,12,4,12,1.0
rubocop,lib/rubocop/cop/lint/disjunctive_assignment_in_constructor.rb,65854e6bbfe4,code formatting,8,14,0,80,0.25,1,0.0,5,4,5,1.0
rubocop,lib/rubocop/cop/lint/duplicate_branch.rb,65854e6bbfe4,code formatting,6.2,13,0,91,0.0,1,0.0,11,4,9,0.818
rubocop,lib/rubocop/cop/lint/duplicate_magic_comment.rb,65854e6bbfe4,code formatting,10.3,13,0,100,0.75,1,0.0,3,4,3,1.0
rubocop,lib/rubocop/cop/lint/duplicate_methods.rb,65854e6bbfe4,code formatting,8.1,27,0,95,0.25,1,0.0,42,4,42,1.0
rubocop,lib/rubocop/cop/lint/duplicate_regexp_character_class_element.rb,65854e6bbfe4,code formatting,7.3,14,0,100,0.5,1,0.0,6,4,6,1.0
rubocop,lib/rubocop/cop/lint/else_layout.rb,65854e6bbfe4,code formatting,8.2,9,0,100,0.75,1,0.0,4,4,4,1.0
rubocop,lib/rubocop/cop/lint/empty_block.rb,65854e6bbfe4,code formatting,5,7,0,100,0.0,1,0.0,4,4,4,1.0
rubocop,lib/rubocop/cop/lint/empty_class.rb,65854e6bbfe4,code formatting,4,5,0,67,0.0,1,0.0,3,4,3,1.0
rubocop,lib/rubocop/cop/lint/empty_conditional_body.rb,65854e6bbfe4,code formatting,6.8,12,0,100,0.5,1,0.0,10,4,10,1.0
rubocop,lib/rubocop/cop/lint/empty_file.rb,65854e6bbfe4,code formatting,3,3,0,75,0.0,1,0.0,4,4,4,1.0
rubocop,lib/rubocop/cop/lint/erb_new_arguments.rb,65854e6bbfe4,code formatting,11.3,16,0,83,0.75,1,0.0,6,4,6,1.0
rubocop,lib/rubocop/cop/lint/float_comparison.rb,65854e6bbfe4,code formatting,10.2,14,0,100,0.0,1,0.0,6,4,6,1.0
rubocop,lib/rubocop/cop/lint/format_parameter_mismatch.rb,65854e6bbfe4,code formatting,6.1,14,0,70,0.0,1,0.0,20,4,19,0.95
rubocop,lib/rubocop/cop/lint/heredoc_method_call_position.rb,65854e6bbfe4,code formatting,6.3,23,0,80,0.5,1,0.0,15,4,15,1.0
rubocop,lib/rubocop/cop/lint/implicit_string_concatenation.rb,65854e6bbfe4,code formatting,9.7,23,0,86,0.25,1,0.0,7,4,7,1.0
rubocop,lib/rubocop/cop/lint/incompatible_io_select_with_fiber_scheduler.rb,65854e6bbfe4,code formatting,7.8,14,0,100,0.25,1,0.0,4,4,4,1.0
rubocop,lib/rubocop/cop/lint/ineffective_access_modifier.rb,65854e6bbfe4,code formatting,6.9,16,0,86,0.0,1,0.0,7,4,7,1.0
rubocop,lib/rubocop/cop/lint/inherit_exception.rb,65854e6bbfe4,code formatting,7.4,17,0,89,0.75,1,0.0,9,4,9,1.0
rubocop,lib/rubocop/cop/lint/interpolation_check.rb,65854e6bbfe4,code formatting,7,10,0,83,0.25,1,0.0,6,4,6,1.0
rubocop,lib/rubocop/cop/lint/literal_as_condition.rb,65854e6bbfe4,code formatting,10.1,30,0,100,0.5,1,0.0,21,4,21,1.0
rubocop,lib/rubocop/cop/lint/literal_assignment_in_condition.rb,65854e6bbfe4,code formatting,7,12,0,100,0.0,1,0.0,6,4,6,1.0
rubocop,lib/rubocop/cop/lint/literal_in_interpolation.rb,65854e6bbfe4,code formatting,8.9,25,0,94,1.0,1,0.0,17,4,17,1.0
rubocop,lib/rubocop/cop/lint/loop.rb,65854e6bbfe4,code formatting,4.4,9,0,60,0.25,1,0.0,5,4,4,0.8
rubocop,lib/rubocop/cop/lint/missing_cop_enable_directive.rb,65854e6bbfe4,code formatting,8,16,0,83,0.25,1,0.0,6,4,6,1.0
rubocop,lib/rubocop/cop/lint/missing_super.rb,65854e6bbfe4,code formatting,6.3,14,0,89,0.25,1,0.0,9,4,9,1.0
rubocop,lib/rubocop/cop/lint/mixed_case_range.rb,65854e6bbfe4,code formatting,6.1,13,0,100,0.5,1,0.0,10,4,10,1.0
rubocop,lib/rubocop/cop/lint/name_typo.rb,65854e6bbfe4,code formatting,7,13,0,94,0.25,1,0.0,17,4,17,1.0
rubocop,lib/rubocop/cop/lint/nested_method_definition.rb,65854e6bbfe4,code formatting,6.5,14,0,100,0.5,1,0.0,4,4,4,1.0
rubocop,lib/rubocop/cop/lint/nested_percent_literal.rb,65854e6bbfe4,code formatting,4,6,0,33,0.25,1,0.0,3,4,3,1.0
rubocop,lib/rubocop/cop/lint/non_atomic_file_operation.rb,65854e6bbfe4,code formatting,5.9,11,0,77,0.25,1,0.0,13,4,13,1.0
rubocop,lib/rubocop/cop/lint/non_deterministic_require_order.rb,65854e6bbfe4,code formatting,7.8,14,0,75,0.5,1,0.0,8,4,8,1.0
rubocop,lib/rubocop/cop/lint/non_local_exit_from_iterator.rb,65854e6bbfe4,code formatting,8.3,19,0,100,0.0,1,0.0,3,4,3,1.0
rubocop,lib/rubocop/cop/lint/number_conversion.rb,65854e6bbfe4,code formatting,6,18,0,71,0.75,1,0.0,14,4,14,1.0
rubocop,lib/rubocop/cop/lint/numeric_operation_with_constant_result.rb,65854e6bbfe4,code formatting,9.7,11,0,100,0.25,1,0.0,3,4,3,1.0
rubocop,lib/rubocop/cop/lint/ordered_magic_comments.rb,65854e6bbfe4,code formatting,12,15,0,100,0.5,1,0.0,3,4,3,1.0
rubocop,lib/rubocop/cop/lint/out_of_range_regexp_ref.rb,65854e6bbfe4,code formatting,6.3,13,0,90,0.0,1,0.0,10,4,10,1.0
rubocop,lib/rubocop/cop/lint/parentheses_as_grouped_expression.rb,65854e6bbfe4,code formatting,5,11,0,100,0.5,1,0.0,8,4,8,1.0
rubocop,lib/rubocop/cop/lint/percent_string_array.rb,65854e6bbfe4,code formatting,9,14,0,67,0.5,1,0.0,3,4,3,1.0
rubocop,lib/rubocop/cop/lint/percent_symbol_array.rb,65854e6bbfe4,code formatting,5.8,9,0,40,0.5,1,0.0,5,4,5,1.0
rubocop,lib/rubocop/cop/lint/raise_exception.rb,65854e6bbfe4,code formatting,8,15,0,75,0.25,1,0.0,4,4,4,1.0
rubocop,lib/rubocop/cop/lint/redundant_cop_disable_directive.rb,65854e6bbfe4,code formatting,7.0,27,0,78,0.5,1,0.0,37,4,37,1.0
rubocop,lib/rubocop/cop/lint/redundant_cop_enable_directive.rb,65854e6bbfe4,code formatting,6.5,17,0,100,0.75,1,0.0,11,4,11,1.0
rubocop,lib/rubocop/cop/lint/redundant_dir_glob_sort.rb,65854e6bbfe4,code formatting,6.2,13,0,100,0.5,1,0.0,4,4,4,1.0
rubocop,lib/rubocop/cop/lint/redundant_regexp_quantifiers.rb,65854e6bbfe4,code formatting,8.3,16,0,100,0.5,1,0.0,9,4,9,1.0
rubocop,lib/rubocop/cop/lint/redundant_safe_navigation.rb,65854e6bbfe4,code formatting,8.1,16,0,100,0.5,1,0.0,9,4,9,1.0
rubocop,lib/rubocop/cop/lint/redundant_splat_expansion.rb,65854e6bbfe4,code formatting,8.2,17,0,92,0.25,1,0.0,13,4,13,1.0
rubocop,lib/rubocop/cop/lint/redundant_string_coercion.rb,65854e6bbfe4,code formatting,9,11,0,100,0.5,1,0.0,3,4,3,1.0
rubocop,lib/rubocop/cop/lint/redundant_type_conversion.rb,65854e6bbfe4,code formatting,7.2,15,0,100,0.25,1,12.5,8,4,8,1.0
rubocop,lib/rubocop/cop/lint/redundant_with_index.rb,65854e6bbfe4,code formatting,8.7,16,0,100,0.5,1,0.0,3,4,3,1.0
rubocop,lib/rubocop/cop/lint/redundant_with_object.rb,65854e6bbfe4,code formatting,8,14,0,100,0.5,1,0.0,3,4,3,1.0
rubocop,lib/rubocop/cop/lint/require_parentheses.rb,65854e6bbfe4,code formatting,7.7,9,0,100,0.25,1,0.0,3,4,3,1.0
rubocop,lib/rubocop/cop/lint/rescue_type.rb,65854e6bbfe4,code formatting,5.8,11,0,100,0.25,1,0.0,5,4,5,1.0
rubocop,lib/rubocop/cop/lint/safe_navigation_chain.rb,65854e6bbfe4,code formatting,8,17,0,100,0.75,1,0.0,9,4,9,1.0
rubocop,lib/rubocop/cop/lint/safe_navigation_consistency.rb,65854e6bbfe4,code formatting,8.4,15,0,100,0.5,1,0.0,11,4,11,1.0
rubocop,lib/rubocop/cop/lint/script_permission.rb,65854e6bbfe4,code formatting,7.5,13,0,100,0.25,1,0.0,4,4,4,1.0
rubocop,lib/rubocop/cop/lint/self_assignment.rb,65854e6bbfe4,code formatting,7.4,11,0,100,0.0,1,0.0,13,4,13,1.0
rubocop,lib/rubocop/cop/lint/send_with_mixin_argument.rb,65854e6bbfe4,code formatting,5.5,11,0,75,0.5,1,0.0,4,4,4,1.0
rubocop,lib/rubocop/cop/lint/shadowed_argument.rb,65854e6bbfe4,code formatting,9.2,23,11,89,0.0,1,0.0,9,4,9,1.0
rubocop,lib/rubocop/cop/lint/shadowed_exception.rb,65854e6bbfe4,code formatting,9.4,17,0,100,0.5,1,33.3,9,4,9,1.0
rubocop,lib/rubocop/cop/lint/shadowing_outer_local_variable.rb,65854e6bbfe4,code formatting,7.6,15,12,88,0.0,1,0.0,8,4,8,1.0
rubocop,lib/rubocop/cop/lint/suppressed_exception.rb,65854e6bbfe4,code formatting,5.7,7,0,100,0.0,1,0.0,3,4,3,1.0
rubocop,lib/rubocop/cop/lint/suppressed_exception_in_number_conversion.rb,65854e6bbfe4,code formatting,11,21,0,100,0.5,1,0.0,3,4,3,1.0
rubocop,lib/rubocop/cop/lint/symbol_conversion.rb,65854e6bbfe4,code formatting,8.6,18,0,100,0.75,1,0.0,12,4,12,1.0
rubocop,lib/rubocop/cop/lint/syntax.rb,65854e6bbfe4,code formatting,6.4,12,0,71,0.0,1,0.0,7,4,7,1.0
rubocop,lib/rubocop/cop/lint/to_enum_arguments.rb,65854e6bbfe4,code formatting,6.8,21,0,86,0.0,1,0.0,14,4,13,0.929
rubocop,lib/rubocop/cop/lint/top_level_return_with_argument.rb,65854e6bbfe4,code formatting,4,7,0,75,0.25,1,0.0,4,4,4,1.0
rubocop,lib/rubocop/cop/lint/underscore_prefixed_variable_name.rb,65854e6bbfe4,code formatting,6.5,15,25,75,0.0,1,0.0,4,4,4,1.0
rubocop,lib/rubocop/cop/lint/unescaped_bracket_in_regexp.rb,65854e6bbfe4,code formatting,9.2,23,0,100,0.25,1,0.0,6,4,6,1.0
rubocop,lib/rubocop/cop/lint/unexpected_block_arity.rb,65854e6bbfe4,code formatting,5.8,13,0,100,0.0,1,0.0,6,4,6,1.0
rubocop,lib/rubocop/cop/lint/unmodified_reduce_accumulator.rb,65854e6bbfe4,code formatting,7,16,0,89,0.0,1,0.0,9,4,9,1.0
rubocop,lib/rubocop/cop/lint/unreachable_code.rb,65854e6bbfe4,code formatting,7.5,18,0,64,0.0,1,0.0,11,4,10,0.909
rubocop,lib/rubocop/cop/lint/unreachable_loop.rb,65854e6bbfe4,code formatting,8.4,16,0,80,0.25,1,0.0,10,4,10,1.0
rubocop,lib/rubocop/cop/lint/unused_block_argument.rb,65854e6bbfe4,code formatting,5.8,12,6,81,0.5,1,0.0,16,4,15,0.938
rubocop,lib/rubocop/cop/lint/unused_method_argument.rb,65854e6bbfe4,code formatting,6.9,20,25,62,0.5,1,0.0,8,4,7,0.875
rubocop,lib/rubocop/cop/lint/unused_private_method.rb,65854e6bbfe4,code formatting,6.7,11,10,80,0.25,1,0.0,10,4,10,1.0
rubocop,lib/rubocop/cop/lint/useless_access_modifier.rb,65854e6bbfe4,code formatting,8.8,20,0,88,0.5,1,12.5,16,4,15,0.938
rubocop,lib/rubocop/cop/lint/useless_assignment.rb,65854e6bbfe4,code formatting,6.9,20,4,92,0.25,1,0.0,24,4,24,1.0
rubocop,lib/rubocop/cop/lint/useless_constant_scoping.rb,65854e6bbfe4,code formatting,8,9,0,100,0.0,1,0.0,3,4,3,1.0
rubocop,lib/rubocop/cop/lint/useless_method_definition.rb,65854e6bbfe4,code formatting,6.2,10,0,100,0.25,1,0.0,4,4,4,1.0
rubocop,lib/rubocop/cop/lint/useless_numeric_operation.rb,65854e6bbfe4,code formatting,7.7,8,0,100,0.25,1,0.0,3,4,3,1.0
rubocop,lib/rubocop/cop/lint/useless_rescue.rb,65854e6bbfe4,code formatting,6.8,13,0,100,0.0,1,0.0,4,4,4,1.0
rubocop,lib/rubocop/cop/lint/useless_ruby2_keywords.rb,65854e6bbfe4,code formatting,8.8,13,0,100,0.0,1,0.0,5,4,5,1.0
rubocop,lib/rubocop/cop/lint/useless_setter_call.rb,65854e6bbfe4,code formatting,8.9,17,0,91,0.2,1,0.0,11,5,11,1.0
rubocop,lib/rubocop/cop/lint/useless_times.rb,65854e6bbfe4,code formatting,7.5,13,0,100,0.5,1,0.0,10,4,10,1.0
rubocop,lib/rubocop/cop/lint/utils/nil_receiver_checker.rb,65854e6bbfe4,code formatting,11.3,53,0,90,0.0,0,0.0,10,5,10,1.0
rubocop,lib/rubocop/cop/lint/void.rb,65854e6bbfe4,code formatting,7.8,17,0,92,0.5,1,0.0,24,4,24,1.0
rubocop,lib/rubocop/cop/message_annotator.rb,65854e6bbfe4,code formatting,6,13,0,82,0.0,0,0.0,11,3,11,1.0
rubocop,lib/rubocop/cop/metrics/block_length.rb,65854e6bbfe4,code formatting,9,17,0,67,0.75,1,0.0,3,4,3,1.0
rubocop,lib/rubocop/cop/metrics/block_nesting.rb,65854e6bbfe4,code formatting,6,15,0,86,0.0,1,0.0,7,4,6,0.857
rubocop,lib/rubocop/cop/metrics/class_length.rb,65854e6bbfe4,code formatting,5,7,0,60,0.25,1,0.0,5,4,5,1.0
rubocop,lib/rubocop/cop/metrics/collection_literal_length.rb,65854e6bbfe4,code formatting,3.5,5,0,100,0.0,1,0.0,4,4,4,1.0
rubocop,lib/rubocop/cop/metrics/method_length.rb,65854e6bbfe4,code formatting,4.8,8,0,50,0.75,1,0.0,4,4,4,1.0
rubocop,lib/rubocop/cop/metrics/module_length.rb,65854e6bbfe4,code formatting,3,3,0,0,0.25,1,0.0,3,4,3,1.0
rubocop,lib/rubocop/cop/metrics/parameter_lists.rb,65854e6bbfe4,code formatting,6.8,13,0,100,0.0,1,0.0,6,4,4,0.667
rubocop,lib/rubocop/cop/metrics/utils/abc_size_calculator.rb,65854e6bbfe4,code formatting,6.1,11,7,73,0.6,0,0.0,15,5,15,1.0
rubocop,lib/rubocop/cop/metrics/utils/code_length_calculator.rb,65854e6bbfe4,code formatting,7.9,19,0,90,0.4,0,0.0,21,5,21,1.0
rubocop,lib/rubocop/cop/metrics/utils/iterating_block.rb,65854e6bbfe4,code formatting,5,8,0,33,0.0,0,0.0,3,5,3,1.0
rubocop,lib/rubocop/cop/metrics/utils/repeated_attribute_discount.rb,65854e6bbfe4,code formatting,9.1,13,0,50,0.4,0,0.0,8,5,8,1.0
rubocop,lib/rubocop/cop/metrics/utils/repeated_csend_discount.rb,65854e6bbfe4,code formatting,6.7,13,0,67,0.0,0,0.0,3,5,3,1.0
rubocop,lib/rubocop/cop/migration/department_name.rb,65854e6bbfe4,code formatting,9.4,19,0,80,0.5,1,0.0,5,4,5,1.0
rubocop,lib/rubocop/cop/mixin/alignment.rb,65854e6bbfe4,code formatting,6.2,17,0,78,0.0,0,0.0,9,3,9,1.0
rubocop,lib/rubocop/cop/mixin/allowed_methods.rb,65854e6bbfe4,code formatting,5,7,0,80,0.0,0,0.0,5,3,5,1.0
rubocop,lib/rubocop/cop/mixin/allowed_pattern.rb,65854e6bbfe4,code formatting,6,9,0,75,0.0,0,0.0,8,3,7,0.875
rubocop,lib/rubocop/cop/mixin/allowed_receivers.rb,65854e6bbfe4,code formatting,7.7,15,0,100,0.0,0,0.0,3,3,3,1.0
rubocop,lib/rubocop/cop/mixin/annotation_comment.rb,65854e6bbfe4,code formatting,5.2,9,0,75,0.0,0,0.0,8,3,8,1.0
rubocop,lib/rubocop/cop/mixin/array_min_size.rb,65854e6bbfe4,code formatting,8,18,0,100,0.0,0,0.0,5,3,5,1.0
rubocop,lib/rubocop/cop/mixin/check_assignment.rb,65854e6bbfe4,code formatting,5,7,0,33,0.0,0,0.0,3,3,3,1.0
rubocop,lib/rubocop/cop/mixin/check_line_breakable.rb,65854e6bbfe4,code formatting,10.8,18,0,94,0.0,0,0.0,16,3,16,1.0
rubocop,lib/rubocop/cop/mixin/check_single_line_suitability.rb,65854e6bbfe4,code formatting,6.2,8,0,80,0.0,0,0.0,5,3,5,1.0
rubocop,lib/rubocop/cop/mixin/code_length.rb,65854e6bbfe4,code formatting,5.6,12,0,75,0.33,0,0.0,8,3,7,0.875
rubocop,lib/rubocop/cop/mixin/comments_help.rb,65854e6bbfe4,code formatting,7.9,24,0,78,0.0,0,0.0,9,3,9,1.0
rubocop,lib/rubocop/cop/mixin/configurable_enforced_style.rb,65854e6bbfe4,code formatting,5.3,25,0,47,0.0,0,0.0,15,3,14,0.933
rubocop,lib/rubocop/cop/mixin/configurable_formatting.rb,65854e6bbfe4,code formatting,6.2,9,0,75,0.33,0,0.0,4,3,4,1.0
rubocop,lib/rubocop/cop/mixin/documentation_comment.rb,65854e6bbfe4,code formatting,4.1,11,0,86,0.33,0,0.0,7,3,7,1.0
rubocop,lib/rubocop/cop/mixin/duplication.rb,65854e6bbfe4,code formatting,3,3,0,75,0.0,0,0.0,4,3,4,1.0
rubocop,lib/rubocop/cop/mixin/empty_lines_around_body.rb,65854e6bbfe4,code formatting,8,16,0,69,0.75,0,0.0,16,4,16,1.0
rubocop,lib/rubocop/cop/mixin/end_keyword_alignment.rb,65854e6bbfe4,code formatting,6.2,14,0,88,0.67,0,0.0,8,3,8,1.0
rubocop,lib/rubocop/cop/mixin/endless_method_rewriter.rb,65854e6bbfe4,code formatting,4.5,9,0,100,0.0,0,0.0,4,3,4,1.0
rubocop,lib/rubocop/cop/mixin/enforce_superclass.rb,65854e6bbfe4,code formatting,8,18,33,100,0.0,0,0.0,3,3,3,1.0
rubocop,lib/rubocop/cop/mixin/first_element_line_break.rb,65854e6bbfe4,code formatting,6.8,13,0,100,0.0,0,0.0,5,3,5,1.0
rubocop,lib/rubocop/cop/mixin/forbidden_pattern.rb,65854e6bbfe4,code formatting,3,3,0,100,0.0,0,0.0,3,3,3,1.0
rubocop,lib/rubocop/cop/mixin/frozen_string_literal.rb,65854e6bbfe4,code formatting,8,27,0,100,0.0,0,0.0,9,3,9,1.0
rubocop,lib/rubocop/cop/mixin/hash_alignment_styles.rb,65854e6bbfe4,code formatting,5.3,11,0,76,0.25,0,0.0,21,8,19,0.905
rubocop,lib/rubocop/cop/mixin/hash_shorthand_syntax.rb,65854e6bbfe4,code formatting,7.2,20,0,96,0.0,0,0.0,26,3,25,0.962
rubocop,lib/rubocop/cop/mixin/hash_subset.rb,65854e6bbfe4,code formatting,7.5,18,0,80,0.67,0,0.0,20,3,20,1.0
rubocop,lib/rubocop/cop/mixin/hash_transform_method.rb,65854e6bbfe4,code formatting,6.1,23,0,40,0.33,0,0.0,15,3,11,0.733
rubocop,lib/rubocop/cop/mixin/hash_transform_method/autocorrection.rb,65854e6bbfe4,code formatting,5.6,11,50,75,0.0,0,0.0,8,3,7,0.875
rubocop,lib/rubocop/cop/mixin/heredoc.rb,65854e6bbfe4,code formatting,4.4,5,0,80,0.0,0,0.0,5,3,4,0.8
rubocop,lib/rubocop/cop/mixin/line_length_help.rb,65854e6bbfe4,code formatting,6.7,15,0,83,0.33,0,0.0,18,3,16,0.889
rubocop,lib/rubocop/cop/mixin/method_complexity.rb,65854e6bbfe4,code formatting,9.8,18,0,80,1.67,0,0.0,5,3,5,1.0
rubocop,lib/rubocop/cop/mixin/method_preference.rb,65854e6bbfe4,code formatting,5.7,11,0,67,0.0,0,0.0,3,3,3,1.0
rubocop,lib/rubocop/cop/mixin/min_branches_count.rb,65854e6bbfe4,code formatting,9,12,0,100,0.0,0,0.0,3,3,3,1.0
rubocop,lib/rubocop/cop/mixin/multiline_element_indentation.rb,65854e6bbfe4,code formatting,8.8,15,0,90,0.0,0,0.0,10,3,10,1.0
rubocop,lib/rubocop/cop/mixin/multiline_expression_indentation.rb,65854e6bbfe4,code formatting,7,14,0,91,0.0,0,0.0,23,3,23,1.0
rubocop,lib/rubocop/cop/mixin/multiline_literal_brace_layout.rb,65854e6bbfe4,code formatting,6.4,15,0,85,0.33,0,0.0,13,3,12,0.923
rubocop,lib/rubocop/cop/mixin/ordered_gem_node.rb,65854e6bbfe4,code formatting,5.9,16,0,75,0.0,0,0.0,8,3,8,1.0
rubocop,lib/rubocop/cop/mixin/percent_array.rb,65854e6bbfe4,code formatting,7.1,17,0,82,0.0,0,0.0,11,3,11,1.0
rubocop,lib/rubocop/cop/mixin/percent_literal.rb,65854e6bbfe4,code formatting,4,5,0,100,0.33,0,0.0,4,3,4,1.0
rubocop,lib/rubocop/cop/mixin/preceding_following_alignment.rb,65854e6bbfe4,code formatting,7.8,24,0,82,0.0,0,0.0,22,3,21,0.955
rubocop,lib/rubocop/cop/mixin/preferred_delimiters.rb,65854e6bbfe4,code formatting,6.2,14,0,80,0.0,0,0.0,5,3,5,1.0
rubocop,lib/rubocop/cop/mixin/project_index_help.rb,65854e6bbfe4,code formatting,8.2,16,0,93,0.0,0,0.0,14,3,14,1.0
rubocop,lib/rubocop/cop/mixin/range_help.rb,65854e6bbfe4,code formatting,7.1,18,0,81,0.0,0,0.0,16,3,16,1.0
rubocop,lib/rubocop/cop/mixin/reparsed_equivalence.rb,65854e6bbfe4,code formatting,7.2,14,0,83,0.0,0,0.0,12,3,11,0.917
rubocop,lib/rubocop/cop/mixin/require_library.rb,65854e6bbfe4,code formatting,8,11,0,75,0.33,0,0.0,4,3,4,1.0
rubocop,lib/rubocop/cop/mixin/rescue_node.rb,65854e6bbfe4,code formatting,6.7,12,0,100,0.0,0,0.0,3,3,3,1.0
rubocop,lib/rubocop/cop/mixin/space_after_punctuation.rb,65854e6bbfe4,code formatting,4.7,10,0,86,0.0,0,0.0,7,3,7,1.0
rubocop,lib/rubocop/cop/mixin/space_before_punctuation.rb,65854e6bbfe4,code formatting,5.8,11,0,100,0.33,0,0.0,5,3,5,1.0
rubocop,lib/rubocop/cop/mixin/statement_modifier.rb,65854e6bbfe4,code formatting,5.9,12,0,100,0.67,0,0.0,18,3,18,1.0
rubocop,lib/rubocop/cop/mixin/string_help.rb,65854e6bbfe4,code formatting,8,15,0,67,0.0,0,0.0,3,3,3,1.0
rubocop,lib/rubocop/cop/mixin/string_literals_help.rb,65854e6bbfe4,code formatting,4.8,10,0,75,0.0,0,0.0,4,3,4,1.0
rubocop,lib/rubocop/cop/mixin/surrounding_space.rb,65854e6bbfe4,code formatting,7.4,16,0,86,0.33,0,0.0,14,3,14,1.0
rubocop,lib/rubocop/cop/mixin/target_ruby_version.rb,65854e6bbfe4,code formatting,4.6,11,0,20,0.0,0,0.0,5,3,3,0.6
rubocop,lib/rubocop/cop/mixin/trailing_body.rb,65854e6bbfe4,code formatting,4.7,7,0,67,0.0,0,0.0,3,3,3,1.0
rubocop,lib/rubocop/cop/mixin/trailing_comma.rb,65854e6bbfe4,code formatting,7.7,18,0,78,0.67,0,0.0,23,3,23,1.0
rubocop,lib/rubocop/cop/mixin/uncommunicative_name.rb,65854e6bbfe4,code formatting,4.9,21,0,67,0.0,0,0.0,15,3,11,0.733
rubocop,lib/rubocop/cop/mixin/visibility_help.rb,65854e6bbfe4,code formatting,4.7,7,0,71,0.33,0,0.0,7,3,7,1.0
rubocop,lib/rubocop/cop/naming/accessor_method_name.rb,65854e6bbfe4,code formatting,6.5,12,0,83,0.25,1,0.0,6,4,6,1.0
rubocop,lib/rubocop/cop/naming/ascii_identifiers.rb,65854e6bbfe4,code formatting,5.8,9,0,100,0.25,1,0.0,4,4,4,1.0
rubocop,lib/rubocop/cop/naming/block_forwarding.rb,65854e6bbfe4,code formatting,6.6,19,9,91,1.0,1,0.0,11,4,11,1.0
rubocop,lib/rubocop/cop/naming/constant_name.rb,65854e6bbfe4,code formatting,6.8,19,0,100,0.0,1,0.0,5,4,5,1.0
rubocop,lib/rubocop/cop/naming/file_name.rb,65854e6bbfe4,code formatting,6.8,26,0,79,0.0,1,0.0,24,4,18,0.75
rubocop,lib/rubocop/cop/naming/heredoc_delimiter_case.rb,65854e6bbfe4,code formatting,5.8,10,0,50,0.75,1,0.0,4,4,4,1.0
rubocop,lib/rubocop/cop/naming/heredoc_delimiter_naming.rb,65854e6bbfe4,code formatting,6.3,9,0,100,0.25,1,0.0,3,4,3,1.0
rubocop,lib/rubocop/cop/naming/inclusive_language.rb,65854e6bbfe4,code formatting,8.0,15,0,92,0.5,1,0.0,24,4,24,1.0
rubocop,lib/rubocop/cop/naming/memoized_instance_variable_name.rb,65854e6bbfe4,code formatting,11.6,29,0,89,0.5,1,0.0,9,4,9,1.0
rubocop,lib/rubocop/cop/naming/method_name.rb,65854e6bbfe4,code formatting,7.7,17,0,79,1.25,1,0.0,14,4,14,1.0
rubocop,lib/rubocop/cop/naming/predicate_method.rb,65854e6bbfe4,code formatting,7.2,14,0,100,0.5,1,0.0,20,4,20,1.0
rubocop,lib/rubocop/cop/naming/predicate_prefix.rb,65854e6bbfe4,code formatting,6.7,12,0,92,0.5,1,0.0,13,4,11,0.846
rubocop,lib/rubocop/cop/naming/rescued_exceptions_variable_name.rb,65854e6bbfe4,code formatting,9.1,22,0,90,0.25,1,0.0,10,4,10,1.0
rubocop,lib/rubocop/cop/naming/variable_name.rb,65854e6bbfe4,code formatting,4.8,10,0,50,1.25,1,0.0,6,4,6,1.0
rubocop,lib/rubocop/cop/naming/variable_number.rb,65854e6bbfe4,code formatting,6.6,10,0,80,0.75,1,0.0,5,4,5,1.0
rubocop,lib/rubocop/cop/offense.rb,65854e6bbfe4,code formatting,4.3,16,0,82,0.33,0,22.7,22,3,21,0.955
rubocop,lib/rubocop/cop/registry.rb,65854e6bbfe4,code formatting,6.1,20,10,88,0.25,2,2.0,50,4,50,1.0
rubocop,lib/rubocop/cop/security/compound_hash.rb,65854e6bbfe4,code formatting,8.3,15,0,67,0.0,1,0.0,3,4,3,1.0
rubocop,lib/rubocop/cop/security/open.rb,65854e6bbfe4,code formatting,4.6,9,0,86,0.0,1,0.0,7,4,7,1.0
rubocop,lib/rubocop/cop/severity.rb,65854e6bbfe4,code formatting,4.1,7,12,88,0.33,0,0.0,8,3,8,1.0
rubocop,lib/rubocop/cop/style/access_modifier_declarations.rb,65854e6bbfe4,code formatting,6.7,18,0,88,0.75,1,0.0,26,4,25,0.962
rubocop,lib/rubocop/cop/style/accessor_grouping.rb,65854e6bbfe4,code formatting,7.8,21,0,100,1.0,1,0.0,17,4,16,0.941
rubocop,lib/rubocop/cop/style/alias.rb,65854e6bbfe4,code formatting,7.2,16,0,100,0.5,1,0.0,14,4,14,1.0
rubocop,lib/rubocop/cop/style/ambiguous_endless_method_definition.rb,65854e6bbfe4,code formatting,8,12,0,100,1.0,1,0.0,3,4,3,1.0
rubocop,lib/rubocop/cop/style/and_or.rb,65854e6bbfe4,code formatting,6.9,18,0,100,0.75,1,0.0,12,4,12,1.0
rubocop,lib/rubocop/cop/style/arguments_forwarding.rb,65854e6bbfe4,code formatting,7.0,23,2,85,0.8,1,0.0,47,5,44,0.936
rubocop,lib/rubocop/cop/style/array_first_last.rb,65854e6bbfe4,code formatting,5.9,17,0,100,0.25,1,0.0,7,4,7,1.0
rubocop,lib/rubocop/cop/style/array_intersect.rb,65854e6bbfe4,code formatting,8.1,14,0,71,0.5,1,0.0,7,4,7,1.0
rubocop,lib/rubocop/cop/style/ascii_comments.rb,65854e6bbfe4,code formatting,5.4,9,0,100,0.25,1,0.0,5,4,5,1.0
rubocop,lib/rubocop/cop/style/attr.rb,65854e6bbfe4,code formatting,6.8,11,0,83,0.5,1,0.0,6,4,6,1.0
rubocop,lib/rubocop/cop/style/bare_percent_literals.rb,65854e6bbfe4,code formatting,5.5,11,0,67,0.5,1,0.0,6,4,5,0.833
rubocop,lib/rubocop/cop/style/bisected_attr_accessor.rb,65854e6bbfe4,code formatting,9.6,16,0,88,0.5,1,0.0,8,4,8,1.0
rubocop,lib/rubocop/cop/style/bisected_attr_accessor/macro.rb,65854e6bbfe4,code formatting,3.2,5,10,90,0.2,1,0.0,10,5,10,1.0
rubocop,lib/rubocop/cop/style/block_comments.rb,65854e6bbfe4,code formatting,10.7,18,0,100,0.5,1,0.0,3,4,3,1.0
rubocop,lib/rubocop/cop/style/block_delimiters.rb,65854e6bbfe4,code formatting,7.2,23,3,95,1.25,1,0.0,39,4,38,0.974
rubocop,lib/rubocop/cop/style/case_equality.rb,65854e6bbfe4,code formatting,5.9,10,0,100,0.25,1,0.0,8,4,8,1.0
rubocop,lib/rubocop/cop/style/case_like_if.rb,65854e6bbfe4,code formatting,9.0,21,0,100,0.75,1,0.0,21,4,21,1.0
rubocop,lib/rubocop/cop/style/character_literal.rb,65854e6bbfe4,code formatting,4.2,11,0,50,0.5,1,0.0,4,4,3,0.75
rubocop,lib/rubocop/cop/style/class_and_module_children.rb,65854e6bbfe4,code formatting,6.7,13,0,97,1.25,1,0.0,29,4,28,0.966
rubocop,lib/rubocop/cop/style/class_equality_comparison.rb,65854e6bbfe4,code formatting,7.5,20,0,88,1.0,1,0.0,8,4,8,1.0
rubocop,lib/rubocop/cop/style/class_methods_definitions.rb,65854e6bbfe4,code formatting,7.7,21,0,100,1.25,1,0.0,10,4,10,1.0
rubocop,lib/rubocop/cop/style/collection_compact.rb,65854e6bbfe4,code formatting,8.3,12,0,100,1.0,1,0.0,6,4,6,1.0
rubocop,lib/rubocop/cop/style/collection_methods.rb,65854e6bbfe4,code formatting,4.8,8,0,83,0.5,1,0.0,6,4,6,1.0
rubocop,lib/rubocop/cop/style/collection_querying.rb,65854e6bbfe4,code formatting,6.8,14,0,100,0.5,1,0.0,4,4,4,1.0
rubocop,lib/rubocop/cop/style/colon_method_call.rb,65854e6bbfe4,code formatting,5.3,8,33,67,0.25,1,0.0,3,4,3,1.0
rubocop,lib/rubocop/cop/style/combinable_defined.rb,65854e6bbfe4,code formatting,9.9,15,0,100,0.5,1,0.0,7,4,7,1.0
rubocop,lib/rubocop/cop/style/combinable_loops.rb,65854e6bbfe4,code formatting,7.6,13,0,100,0.25,1,0.0,7,4,7,1.0
rubocop,lib/rubocop/cop/style/command_literal.rb,65854e6bbfe4,code formatting,5.1,12,0,73,0.5,1,0.0,15,4,14,0.933
rubocop,lib/rubocop/cop/style/comment_annotation.rb,65854e6bbfe4,code formatting,5.6,14,0,100,0.5,1,0.0,8,4,7,0.875
rubocop,lib/rubocop/cop/style/commented_keyword.rb,65854e6bbfe4,code formatting,7.2,12,0,100,0.5,1,0.0,6,4,6,1.0
rubocop,lib/rubocop/cop/style/comparable_clamp.rb,65854e6bbfe4,code formatting,9.4,21,0,80,0.75,1,0.0,5,4,5,1.0
rubocop,lib/rubocop/cop/style/concat_array_literals.rb,65854e6bbfe4,code formatting,14.2,37,0,100,0.25,1,0.0,4,4,4,1.0
rubocop,lib/rubocop/cop/style/conditional_assignment.rb,65854e6bbfe4,code formatting,7.3,21,29,86,1.22,1,0.0,58,9,57,0.983
rubocop,lib/rubocop/cop/style/constant_visibility.rb,65854e6bbfe4,code formatting,7.6,15,0,100,0.0,1,0.0,5,4,5,1.0
rubocop,lib/rubocop/cop/style/copyright.rb,65854e6bbfe4,code formatting,7.3,17,0,100,0.5,1,0.0,11,4,9,0.818
rubocop,lib/rubocop/cop/style/data_inheritance.rb,65854e6bbfe4,code formatting,10,13,0,100,0.75,1,0.0,3,4,3,1.0
rubocop,lib/rubocop/cop/style/date_time.rb,65854e6bbfe4,code formatting,5.3,8,0,67,0.25,1,0.0,3,4,3,1.0
rubocop,lib/rubocop/cop/style/dig_chain.rb,65854e6bbfe4,code formatting,12.8,17,0,100,0.75,1,0.0,4,4,4,1.0
rubocop,lib/rubocop/cop/style/disable_cops_within_source_code_directive.rb,65854e6bbfe4,code formatting,7.4,18,0,100,0.25,1,0.0,7,4,6,0.857
rubocop,lib/rubocop/cop/style/document_dynamic_eval_definition.rb,65854e6bbfe4,code formatting,8.6,15,0,100,0.0,1,0.0,9,4,9,1.0
rubocop,lib/rubocop/cop/style/documentation.rb,65854e6bbfe4,code formatting,5.7,12,0,84,0.75,1,0.0,19,4,19,1.0
rubocop,lib/rubocop/cop/style/documentation_method.rb,65854e6bbfe4,code formatting,5.2,7,0,100,0.5,1,0.0,5,4,5,1.0
rubocop,lib/rubocop/cop/style/double_negation.rb,65854e6bbfe4,code formatting,8.3,14,0,100,0.5,1,0.0,9,4,9,1.0
rubocop,lib/rubocop/cop/style/each_with_object.rb,65854e6bbfe4,code formatting,8.6,16,0,100,0.5,1,0.0,10,4,10,1.0
rubocop,lib/rubocop/cop/style/empty_case_condition.rb,65854e6bbfe4,code formatting,9.6,14,0,100,0.5,1,0.0,7,4,7,1.0
rubocop,lib/rubocop/cop/style/empty_class_definition.rb,65854e6bbfe4,code formatting,6.1,10,0,100,0.5,1,0.0,7,4,7,1.0
rubocop,lib/rubocop/cop/style/empty_else.rb,65854e6bbfe4,code formatting,4.5,7,0,58,1.0,1,0.0,12,4,10,0.833
rubocop,lib/rubocop/cop/style/empty_literal.rb,65854e6bbfe4,code formatting,8.2,17,0,100,1.0,1,0.0,8,4,8,1.0
rubocop,lib/rubocop/cop/style/empty_method.rb,65854e6bbfe4,code formatting,5,11,0,78,0.5,1,0.0,9,4,8,0.889
rubocop,lib/rubocop/cop/style/empty_string_inside_interpolation.rb,65854e6bbfe4,code formatting,7.3,13,0,100,0.75,1,0.0,7,4,7,1.0
rubocop,lib/rubocop/cop/style/encoding.rb,65854e6bbfe4,code formatting,8.8,13,0,100,0.5,1,0.0,4,4,4,1.0
rubocop,lib/rubocop/cop/style/endless_method.rb,65854e6bbfe4,code formatting,6.5,14,0,100,1.0,1,0.0,12,4,12,1.0
rubocop,lib/rubocop/cop/style/eval_with_location.rb,65854e6bbfe4,code formatting,6.9,13,0,94,0.25,1,0.0,18,4,18,1.0
rubocop,lib/rubocop/cop/style/even_odd.rb,65854e6bbfe4,code formatting,8.7,9,0,100,0.25,1,0.0,3,4,3,1.0
rubocop,lib/rubocop/cop/style/exact_regexp_match.rb,65854e6bbfe4,code formatting,6.2,13,0,100,0.25,1,0.0,4,4,4,1.0
rubocop,lib/rubocop/cop/style/expand_path_arguments.rb,65854e6bbfe4,code formatting,10.7,21,0,89,0.5,1,0.0,9,4,9,1.0
rubocop,lib/rubocop/cop/style/explicit_block_argument.rb,65854e6bbfe4,code formatting,8.1,22,8,83,0.5,1,0.0,12,4,12,1.0
rubocop,lib/rubocop/cop/style/exponential_notation.rb,65854e6bbfe4,code formatting,6.3,14,0,67,0.25,1,0.0,6,4,5,0.833
rubocop,lib/rubocop/cop/style/fetch_env_var.rb,65854e6bbfe4,code formatting,5.5,10,0,79,0.25,1,0.0,14,4,14,1.0
rubocop,lib/rubocop/cop/style/file_null.rb,65854e6bbfe4,code formatting,8,11,0,100,0.25,1,0.0,4,4,4,1.0
rubocop,lib/rubocop/cop/style/file_open.rb,65854e6bbfe4,code formatting,5,7,0,100,0.0,1,0.0,3,4,3,1.0
rubocop,lib/rubocop/cop/style/file_read.rb,65854e6bbfe4,code formatting,6.8,12,0,80,0.5,1,0.0,5,4,5,1.0
rubocop,lib/rubocop/cop/style/file_write.rb,65854e6bbfe4,code formatting,5.9,12,0,100,0.5,1,0.0,9,4,9,1.0
rubocop,lib/rubocop/cop/style/float_division.rb,65854e6bbfe4,code formatting,8.6,17,0,86,0.5,1,0.0,7,4,7,1.0
rubocop,lib/rubocop/cop/style/for.rb,65854e6bbfe4,code formatting,9,14,0,100,0.5,1,0.0,3,4,3,1.0
rubocop,lib/rubocop/cop/style/format_string.rb,65854e6bbfe4,code formatting,8.6,15,0,89,0.5,1,0.0,9,4,9,1.0
rubocop,lib/rubocop/cop/style/format_string_token.rb,65854e6bbfe4,code formatting,7.1,16,0,89,1.0,1,0.0,18,4,18,1.0
rubocop,lib/rubocop/cop/style/frozen_string_literal_comment.rb,65854e6bbfe4,code formatting,6.4,14,0,69,1.25,1,0.0,16,4,14,0.875
rubocop,lib/rubocop/cop/style/global_std_stream.rb,65854e6bbfe4,code formatting,5.5,13,0,75,0.25,1,0.0,4,4,4,1.0
rubocop,lib/rubocop/cop/style/global_vars.rb,65854e6bbfe4,code formatting,3,3,0,60,0.0,1,0.0,5,4,4,0.8
rubocop,lib/rubocop/cop/style/guard_clause.rb,65854e6bbfe4,code formatting,8.7,20,0,100,1.0,1,0.0,21,4,21,1.0
rubocop,lib/rubocop/cop/style/hash_as_last_array_item.rb,65854e6bbfe4,code formatting,7.4,12,0,100,0.75,1,0.0,8,4,8,1.0
rubocop,lib/rubocop/cop/style/hash_conversion.rb,65854e6bbfe4,code formatting,8.9,16,0,100,0.25,1,0.0,10,4,10,1.0
rubocop,lib/rubocop/cop/style/hash_each_methods.rb,65854e6bbfe4,code formatting,7.2,19,0,89,0.75,1,0.0,18,4,18,1.0
rubocop,lib/rubocop/cop/style/hash_fetch_chain.rb,65854e6bbfe4,code formatting,10.2,16,0,100,0.5,1,0.0,4,4,4,1.0
rubocop,lib/rubocop/cop/style/hash_lookup_method.rb,65854e6bbfe4,code formatting,6.8,13,0,100,0.75,1,0.0,5,4,5,1.0
rubocop,lib/rubocop/cop/style/hash_syntax.rb,65854e6bbfe4,code formatting,8.3,19,0,76,1.0,1,0.0,17,4,17,1.0
rubocop,lib/rubocop/cop/style/identical_conditional_branches.rb,65854e6bbfe4,code formatting,8.7,31,0,100,0.5,1,0.0,16,4,16,1.0
rubocop,lib/rubocop/cop/style/if_inside_else.rb,65854e6bbfe4,code formatting,8.8,16,0,100,0.5,1,0.0,9,4,9,1.0
rubocop,lib/rubocop/cop/style/if_unless_modifier.rb,65854e6bbfe4,code formatting,6.5,18,3,93,1.0,1,0.0,30,4,30,1.0
rubocop,lib/rubocop/cop/style/if_with_boolean_literal_branches.rb,65854e6bbfe4,code formatting,8.3,17,0,100,0.5,1,0.0,9,4,9,1.0
rubocop,lib/rubocop/cop/style/if_with_semicolon.rb,65854e6bbfe4,code formatting,8.2,19,0,100,0.5,1,0.0,12,4,12,1.0
rubocop,lib/rubocop/cop/style/in_pattern_then.rb,65854e6bbfe4,code formatting,8,14,0,67,0.5,1,0.0,3,4,3,1.0
rubocop,lib/rubocop/cop/style/infinite_loop.rb,65854e6bbfe4,code formatting,5.8,16,8,92,0.5,1,0.0,13,4,13,1.0
rubocop,lib/rubocop/cop/style/inverse_methods.rb,65854e6bbfe4,code formatting,5.8,16,6,88,0.5,1,0.0,17,4,17,1.0
rubocop,lib/rubocop/cop/style/invertible_unless_condition.rb,65854e6bbfe4,code formatting,8.5,21,0,92,0.25,1,0.0,12,4,12,1.0
rubocop,lib/rubocop/cop/style/ip_addresses.rb,65854e6bbfe4,code formatting,4.6,12,0,57,0.25,1,0.0,7,4,6,0.857
rubocop,lib/rubocop/cop/style/it_block_parameter.rb,65854e6bbfe4,code formatting,12.2,16,0,100,0.75,1,0.0,4,4,4,1.0
rubocop,lib/rubocop/cop/style/keyword_parameters_order.rb,65854e6bbfe4,code formatting,9.2,12,0,100,0.5,1,0.0,4,4,4,1.0
rubocop,lib/rubocop/cop/style/lambda.rb,65854e6bbfe4,code formatting,7.2,15,12,88,0.5,1,0.0,8,4,8,1.0
rubocop,lib/rubocop/cop/style/lambda_call.rb,65854e6bbfe4,code formatting,8.5,22,0,100,0.5,1,0.0,6,4,5,0.833
rubocop,lib/rubocop/cop/style/line_end_concatenation.rb,65854e6bbfe4,code formatting,6.7,14,8,67,0.5,1,0.0,12,4,11,0.917
rubocop,lib/rubocop/cop/style/magic_comment_format.rb,65854e6bbfe4,code formatting,6.8,13,0,91,0.6,1,0.0,23,5,20,0.87
rubocop,lib/rubocop/cop/style/map_compact_with_conditional_block.rb,65854e6bbfe4,code formatting,8.7,17,0,100,0.25,1,0.0,9,4,9,1.0
rubocop,lib/rubocop/cop/style/map_into_array.rb,65854e6bbfe4,code formatting,7.9,16,7,86,0.5,1,0.0,14,4,14,1.0
rubocop,lib/rubocop/cop/style/map_join.rb,65854e6bbfe4,code formatting,6.6,8,0,80,0.5,1,0.0,5,4,5,1.0
rubocop,lib/rubocop/cop/style/map_to_hash.rb,65854e6bbfe4,code formatting,9,15,33,67,0.75,1,0.0,3,4,3,1.0
rubocop,lib/rubocop/cop/style/method_call_with_args_parentheses.rb,65854e6bbfe4,code formatting,4.4,7,20,60,1.5,1,20.0,5,4,5,1.0
rubocop,lib/rubocop/cop/style/method_call_with_args_parentheses/omit_parentheses.rb,65854e6bbfe4,code formatting,5.4,13,0,92,0.4,1,0.0,39,5,39,1.0
rubocop,lib/rubocop/cop/style/method_call_with_args_parentheses/require_parentheses.rb,65854e6bbfe4,code formatting,5.3,12,0,86,0.0,1,0.0,7,5,7,1.0
rubocop,lib/rubocop/cop/style/method_call_without_args_parentheses.rb,65854e6bbfe4,code formatting,6.7,12,0,90,0.75,1,0.0,10,4,10,1.0
rubocop,lib/rubocop/cop/style/method_def_parentheses.rb,65854e6bbfe4,code formatting,7,15,11,78,0.75,1,0.0,9,4,9,1.0
rubocop,lib/rubocop/cop/style/min_max.rb,65854e6bbfe4,code formatting,7,11,0,100,0.25,1,0.0,4,4,4,1.0
rubocop,lib/rubocop/cop/style/min_max_comparison.rb,65854e6bbfe4,code formatting,11,18,0,100,0.5,1,0.0,3,4,3,1.0
rubocop,lib/rubocop/cop/style/missing_else.rb,65854e6bbfe4,code formatting,5.1,10,0,75,0.75,1,0.0,12,4,10,0.833
rubocop,lib/rubocop/cop/style/missing_respond_to_missing.rb,65854e6bbfe4,code formatting,6.8,12,0,100,0.25,1,0.0,5,4,5,1.0
rubocop,lib/rubocop/cop/style/mixin_grouping.rb,65854e6bbfe4,code formatting,7.9,18,0,90,0.5,1,0.0,10,4,9,0.9
rubocop,lib/rubocop/cop/style/module_function.rb,65854e6bbfe4,code formatting,8.3,17,0,83,0.5,1,0.0,6,4,6,1.0
rubocop,lib/rubocop/cop/style/module_member_existence_check.rb,65854e6bbfe4,code formatting,9.3,12,0,100,0.25,1,0.0,3,4,3,1.0
rubocop,lib/rubocop/cop/style/multiline_if_modifier.rb,65854e6bbfe4,code formatting,8.7,10,0,100,0.75,1,0.0,3,4,3,1.0
rubocop,lib/rubocop/cop/style/multiline_if_then.rb,65854e6bbfe4,code formatting,4.3,7,0,100,0.75,1,0.0,3,4,3,1.0
rubocop,lib/rubocop/cop/style/multiline_memoization.rb,65854e6bbfe4,code formatting,7.1,14,0,100,0.75,1,0.0,7,4,7,1.0
rubocop,lib/rubocop/cop/style/multiline_method_signature.rb,65854e6bbfe4,code formatting,7.2,23,0,88,0.5,1,0.0,8,4,8,1.0
rubocop,lib/rubocop/cop/style/multiline_ternary_operator.rb,65854e6bbfe4,code formatting,6.7,13,0,86,0.5,1,0.0,7,4,7,1.0
rubocop,lib/rubocop/cop/style/multiple_comparison.rb,65854e6bbfe4,code formatting,6.5,15,0,92,0.25,1,0.0,13,4,12,0.923
rubocop,lib/rubocop/cop/style/mutable_constant.rb,65854e6bbfe4,code formatting,7.0,20,0,77,0.8,1,0.0,22,5,22,1.0
rubocop,lib/rubocop/cop/style/negated_if.rb,65854e6bbfe4,code formatting,5,9,0,100,0.75,1,0.0,3,4,3,1.0
rubocop,lib/rubocop/cop/style/negated_if_else_condition.rb,65854e6bbfe4,code formatting,6.3,17,8,83,0.5,1,0.0,12,4,11,0.917
rubocop,lib/rubocop/cop/style/negated_unless.rb,65854e6bbfe4,code formatting,5,9,0,100,0.75,1,0.0,3,4,3,1.0
rubocop,lib/rubocop/cop/style/negative_array_index.rb,65854e6bbfe4,code formatting,8.6,16,0,94,0.5,1,0.0,17,4,16,0.941
rubocop,lib/rubocop/cop/style/nested_file_dirname.rb,65854e6bbfe4,code formatting,8.7,13,0,100,0.75,1,0.0,3,4,3,1.0
rubocop,lib/rubocop/cop/style/nested_modifier.rb,65854e6bbfe4,code formatting,6.2,13,0,90,0.5,1,0.0,10,4,10,1.0
rubocop,lib/rubocop/cop/style/nested_parenthesized_calls.rb,65854e6bbfe4,code formatting,7.6,13,20,80,0.75,1,0.0,5,4,5,1.0
rubocop,lib/rubocop/cop/style/nested_ternary_operator.rb,65854e6bbfe4,code formatting,7.8,12,0,100,0.5,1,0.0,4,4,4,1.0
rubocop,lib/rubocop/cop/style/next.rb,65854e6bbfe4,code formatting,6.1,16,4,84,1.0,1,0.0,25,4,25,1.0
rubocop,lib/rubocop/cop/style/nil_comparison.rb,65854e6bbfe4,code formatting,7.8,18,0,50,0.5,1,0.0,4,4,4,1.0
rubocop,lib/rubocop/cop/style/non_nil_check.rb,65854e6bbfe4,code formatting,6.5,11,0,91,0.25,1,0.0,11,4,11,1.0
rubocop,lib/rubocop/cop/style/not.rb,65854e6bbfe4,code formatting,5.7,15,0,100,0.5,1,0.0,6,4,6,1.0
rubocop,lib/rubocop/cop/style/numbered_parameters_limit.rb,65854e6bbfe4,code formatting,6.3,8,0,100,0.5,1,0.0,3,4,3,1.0
rubocop,lib/rubocop/cop/style/numeric_literal_prefix.rb,65854e6bbfe4,code formatting,4.7,10,0,73,0.5,1,18.2,11,4,7,0.636
rubocop,lib/rubocop/cop/style/numeric_literals.rb,65854e6bbfe4,code formatting,5.8,15,0,70,0.75,1,0.0,10,4,8,0.8
rubocop,lib/rubocop/cop/style/numeric_predicate.rb,65854e6bbfe4,code formatting,7.4,14,0,78,1.0,1,0.0,9,4,9,1.0
rubocop,lib/rubocop/cop/style/object_then.rb,65854e6bbfe4,code formatting,5.8,13,0,100,0.75,1,0.0,5,4,5,1.0
rubocop,lib/rubocop/cop/style/one_class_per_file.rb,65854e6bbfe4,code formatting,4.4,9,0,57,0.25,1,0.0,7,4,6,0.857
rubocop,lib/rubocop/cop/style/one_line_conditional.rb,65854e6bbfe4,code formatting,6.5,15,0,83,1.0,1,0.0,12,4,12,1.0
rubocop,lib/rubocop/cop/style/operator_method_call.rb,65854e6bbfe4,code formatting,9.3,17,0,100,0.25,1,0.0,6,4,6,1.0
rubocop,lib/rubocop/cop/style/option_hash.rb,65854e6bbfe4,code formatting,4,6,0,100,0.0,1,0.0,4,4,4,1.0
rubocop,lib/rubocop/cop/style/optional_arguments.rb,65854e6bbfe4,code formatting,8.3,11,0,100,0.0,1,0.0,3,4,3,1.0
rubocop,lib/rubocop/cop/style/or_assignment.rb,65854e6bbfe4,code formatting,6,9,0,80,0.25,1,0.0,5,4,5,1.0
rubocop,lib/rubocop/cop/style/parallel_assignment.rb,65854e6bbfe4,code formatting,6.8,19,0,93,0.5,1,0.0,30,8,30,1.0
rubocop,lib/rubocop/cop/style/parentheses_around_condition.rb,65854e6bbfe4,code formatting,6.1,15,0,89,1.0,1,0.0,9,4,9,1.0
rubocop,lib/rubocop/cop/style/partition_instead_of_double_select.rb,65854e6bbfe4,code formatting,7.7,17,0,95,0.5,1,0.0,22,4,22,1.0
rubocop,lib/rubocop/cop/style/percent_literal_delimiters.rb,65854e6bbfe4,code formatting,5.1,13,0,29,0.5,1,0.0,14,4,10,0.714
rubocop,lib/rubocop/cop/style/percent_q_literals.rb,65854e6bbfe4,code formatting,5,12,0,80,0.75,1,0.0,5,4,5,1.0
rubocop,lib/rubocop/cop/style/perl_backrefs.rb,65854e6bbfe4,code formatting,7.3,17,0,50,0.25,1,0.0,10,4,8,0.8
rubocop,lib/rubocop/cop/style/predicate_with_kind.rb,65854e6bbfe4,code formatting,9,10,0,100,0.5,1,0.0,3,4,3,1.0
rubocop,lib/rubocop/cop/style/preferred_hash_methods.rb,65854e6bbfe4,code formatting,5.5,9,0,50,0.5,1,0.0,4,4,4,1.0
rubocop,lib/rubocop/cop/style/quoted_symbols.rb,65854e6bbfe4,code formatting,7.2,14,0,100,1.0,1,0.0,9,4,9,1.0
rubocop,lib/rubocop/cop/style/raise_args.rb,65854e6bbfe4,code formatting,9.8,16,0,100,0.5,1,0.0,9,4,9,1.0
rubocop,lib/rubocop/cop/style/random_with_offset.rb,65854e6bbfe4,code formatting,9.7,14,0,100,0.25,1,0.0,7,4,7,1.0
rubocop,lib/rubocop/cop/style/reduce_to_hash.rb,65854e6bbfe4,code formatting,6.9,14,0,86,0.75,1,0.0,14,4,14,1.0
rubocop,lib/rubocop/cop/style/redundant_argument.rb,65854e6bbfe4,code formatting,9,12,0,100,0.5,1,0.0,6,4,6,1.0
rubocop,lib/rubocop/cop/style/redundant_assignment.rb,65854e6bbfe4,code formatting,6.2,14,0,100,0.25,1,0.0,9,4,9,1.0
rubocop,lib/rubocop/cop/style/redundant_begin.rb,65854e6bbfe4,code formatting,6.2,16,5,81,0.5,1,0.0,21,4,21,1.0
rubocop,lib/rubocop/cop/style/redundant_capital_w.rb,65854e6bbfe4,code formatting,5.3,8,0,67,0.5,1,0.0,3,4,3,1.0
rubocop,lib/rubocop/cop/style/redundant_condition.rb,65854e6bbfe4,code formatting,8.1,37,0,96,1.0,1,0.0,28,4,27,0.964
rubocop,lib/rubocop/cop/style/redundant_conditional.rb,65854e6bbfe4,code formatting,5.8,9,0,80,0.5,1,0.0,5,4,5,1.0
rubocop,lib/rubocop/cop/style/redundant_constant_base.rb,65854e6bbfe4,code formatting,5.6,11,0,89,0.5,1,0.0,9,4,9,1.0
rubocop,lib/rubocop/cop/style/redundant_current_directory_in_path.rb,65854e6bbfe4,code formatting,8.7,15,0,100,0.5,1,0.0,3,4,3,1.0
rubocop,lib/rubocop/cop/style/redundant_double_splat_hash_braces.rb,65854e6bbfe4,code formatting,7.6,12,0,100,0.25,1,0.0,11,4,11,1.0
rubocop,lib/rubocop/cop/style/redundant_each.rb,65854e6bbfe4,code formatting,12.8,20,0,100,0.25,1,0.0,5,4,5,1.0
rubocop,lib/rubocop/cop/style/redundant_exception.rb,65854e6bbfe4,code formatting,6.3,11,0,83,0.25,1,0.0,6,4,6,1.0
rubocop,lib/rubocop/cop/style/redundant_fetch_block.rb,65854e6bbfe4,code formatting,6,16,0,86,0.75,1,0.0,7,4,6,0.857
rubocop,lib/rubocop/cop/style/redundant_file_extension_in_require.rb,65854e6bbfe4,code formatting,8,15,0,100,0.5,1,0.0,3,4,3,1.0
rubocop,lib/rubocop/cop/style/redundant_filter_chain.rb,65854e6bbfe4,code formatting,7,13,0,100,0.25,1,0.0,4,4,4,1.0
rubocop,lib/rubocop/cop/style/redundant_format.rb,65854e6bbfe4,code formatting,8.2,19,0,87,0.25,1,0.0,23,4,23,1.0
rubocop,lib/rubocop/cop/style/redundant_freeze.rb,65854e6bbfe4,code formatting,8.3,10,0,100,0.5,1,0.0,3,4,3,1.0
rubocop,lib/rubocop/cop/style/redundant_initialize.rb,65854e6bbfe4,code formatting,6,15,0,100,0.75,1,0.0,6,4,6,1.0
rubocop,lib/rubocop/cop/style/redundant_interpolation.rb,65854e6bbfe4,code formatting,6.5,16,8,92,0.5,1,0.0,13,4,13,1.0
rubocop,lib/rubocop/cop/style/redundant_line_continuation.rb,65854e6bbfe4,code formatting,6.8,14,0,100,0.75,1,0.0,13,4,13,1.0
rubocop,lib/rubocop/cop/style/redundant_min_max_by.rb,65854e6bbfe4,code formatting,4.6,7,0,62,0.5,1,0.0,8,4,7,0.875
rubocop,lib/rubocop/cop/style/redundant_parentheses.rb,65854e6bbfe4,code formatting,7.2,36,0,87,0.75,1,0.0,38,4,38,1.0
rubocop,lib/rubocop/cop/style/redundant_percent_q.rb,65854e6bbfe4,code formatting,6.2,11,0,80,0.25,1,0.0,10,4,10,1.0
rubocop,lib/rubocop/cop/style/redundant_regexp_argument.rb,65854e6bbfe4,code formatting,14.2,25,0,100,0.5,1,0.0,4,4,4,1.0
rubocop,lib/rubocop/cop/style/redundant_regexp_character_class.rb,65854e6bbfe4,code formatting,6.8,13,0,90,0.25,1,0.0,10,4,10,1.0
rubocop,lib/rubocop/cop/style/redundant_regexp_escape.rb,65854e6bbfe4,code formatting,10.7,16,0,86,0.5,1,0.0,7,4,7,1.0
rubocop,lib/rubocop/cop/style/redundant_return.rb,65854e6bbfe4,code formatting,5.6,15,0,100,0.5,1,0.0,18,4,16,0.889
rubocop,lib/rubocop/cop/style/redundant_self.rb,65854e6bbfe4,code formatting,5.3,11,4,83,0.25,1,0.0,23,4,23,1.0
rubocop,lib/rubocop/cop/style/redundant_self_assignment.rb,65854e6bbfe4,code formatting,6.6,13,0,80,0.5,1,0.0,5,4,5,1.0
rubocop,lib/rubocop/cop/style/redundant_self_assignment_branch.rb,65854e6bbfe4,code formatting,7.5,15,0,100,0.25,1,0.0,6,4,6,1.0
rubocop,lib/rubocop/cop/style/redundant_sort.rb,65854e6bbfe4,code formatting,6,11,0,71,0.5,1,0.0,14,4,14,1.0
rubocop,lib/rubocop/cop/style/redundant_sort_by.rb,65854e6bbfe4,code formatting,7.5,9,0,100,0.5,1,0.0,4,4,4,1.0
rubocop,lib/rubocop/cop/style/redundant_string_escape.rb,65854e6bbfe4,code formatting,7,19,0,71,0.5,1,0.0,17,4,16,0.941
rubocop,lib/rubocop/cop/style/redundant_struct_keyword_init.rb,65854e6bbfe4,code formatting,8.1,12,0,100,0.5,1,0.0,7,4,7,1.0
rubocop,lib/rubocop/cop/style/regexp_literal.rb,65854e6bbfe4,code formatting,6.0,16,0,71,0.75,1,0.0,21,4,21,1.0
rubocop,lib/rubocop/cop/style/require_order.rb,65854e6bbfe4,code formatting,6.4,13,0,100,0.5,1,0.0,7,4,7,1.0
rubocop,lib/rubocop/cop/style/rescue_modifier.rb,65854e6bbfe4,code formatting,8.7,15,17,83,1.0,1,0.0,6,4,6,1.0
rubocop,lib/rubocop/cop/style/rescue_standard_error.rb,65854e6bbfe4,code formatting,9,12,0,67,1.0,1,0.0,3,4,3,1.0
rubocop,lib/rubocop/cop/style/return_nil.rb,65854e6bbfe4,code formatting,8.8,25,0,100,0.5,1,0.0,4,4,4,1.0
rubocop,lib/rubocop/cop/style/return_nil_in_predicate_method_definition.rb,65854e6bbfe4,code formatting,5.4,9,0,62,0.75,1,0.0,8,4,8,1.0
rubocop,lib/rubocop/cop/style/safe_navigation.rb,65854e6bbfe4,code formatting,8.2,26,0,100,1.0,1,0.0,30,4,30,1.0
rubocop,lib/rubocop/cop/style/safe_navigation_chain_length.rb,65854e6bbfe4,code formatting,5.3,7,0,100,0.0,1,0.0,3,4,3,1.0
rubocop,lib/rubocop/cop/style/sample.rb,65854e6bbfe4,code formatting,7.7,14,0,82,0.25,1,0.0,11,4,11,1.0
rubocop,lib/rubocop/cop/style/select_by_kind.rb,65854e6bbfe4,code formatting,8,13,0,100,0.5,1,0.0,8,4,8,1.0
rubocop,lib/rubocop/cop/style/select_by_range.rb,65854e6bbfe4,code formatting,9,16,0,89,0.5,1,0.0,9,4,9,1.0
rubocop,lib/rubocop/cop/style/select_by_regexp.rb,65854e6bbfe4,code formatting,9.2,15,0,100,0.5,1,0.0,9,4,9,1.0
rubocop,lib/rubocop/cop/style/self_assignment.rb,65854e6bbfe4,code formatting,5.4,10,9,64,0.25,1,0.0,11,4,9,0.818
rubocop,lib/rubocop/cop/style/semicolon.rb,65854e6bbfe4,code formatting,7,23,5,90,0.5,1,0.0,20,4,18,0.9
rubocop,lib/rubocop/cop/style/send_with_literal_method_name.rb,65854e6bbfe4,code formatting,6.8,18,0,100,0.25,1,0.0,4,4,4,1.0
rubocop,lib/rubocop/cop/style/signal_exception.rb,65854e6bbfe4,code formatting,8.1,12,0,70,0.5,1,0.0,10,4,10,1.0
rubocop,lib/rubocop/cop/style/single_line_block_params.rb,65854e6bbfe4,code formatting,6.9,18,0,100,0.25,1,0.0,10,4,10,1.0
rubocop,lib/rubocop/cop/style/single_line_do_end_block.rb,65854e6bbfe4,code formatting,9.5,18,0,100,0.5,1,0.0,4,4,4,1.0
rubocop,lib/rubocop/cop/style/single_line_methods.rb,65854e6bbfe4,code formatting,7.4,13,0,92,0.5,1,0.0,12,4,12,1.0
rubocop,lib/rubocop/cop/style/slicing_with_range.rb,65854e6bbfe4,code formatting,7,17,0,100,0.5,1,0.0,8,4,8,1.0
rubocop,lib/rubocop/cop/style/sole_nested_conditional.rb,65854e6bbfe4,code formatting,7.6,15,4,96,0.75,1,0.0,23,4,23,1.0
rubocop,lib/rubocop/cop/style/special_global_vars.rb,65854e6bbfe4,code formatting,7.3,15,0,85,1.0,1,0.0,13,4,13,1.0
rubocop,lib/rubocop/cop/style/stabby_lambda_parentheses.rb,65854e6bbfe4,code formatting,4.9,15,0,100,0.5,1,0.0,8,4,8,1.0
rubocop,lib/rubocop/cop/style/static_class.rb,65854e6bbfe4,code formatting,8.2,12,0,100,1.0,1,0.0,9,4,9,1.0
rubocop,lib/rubocop/cop/style/stderr_puts.rb,65854e6bbfe4,code formatting,4.2,8,0,100,0.5,1,0.0,4,4,4,1.0
rubocop,lib/rubocop/cop/style/string_concatenation.rb,65854e6bbfe4,code formatting,6.4,16,0,93,0.25,1,0.0,15,4,15,1.0
rubocop,lib/rubocop/cop/style/string_literals.rb,65854e6bbfe4,code formatting,6.3,21,0,75,1.0,1,0.0,12,4,11,0.917
rubocop,lib/rubocop/cop/style/string_literals_in_interpolation.rb,65854e6bbfe4,code formatting,4.2,7,0,25,1.0,1,0.0,4,4,4,1.0
rubocop,lib/rubocop/cop/style/struct_inheritance.rb,65854e6bbfe4,code formatting,7.8,12,0,100,0.5,1,0.0,5,4,5,1.0
rubocop,lib/rubocop/cop/style/super_arguments.rb,65854e6bbfe4,code formatting,9.5,16,0,100,0.25,1,0.0,13,4,13,1.0
rubocop,lib/rubocop/cop/style/swap_values.rb,65854e6bbfe4,code formatting,6.2,12,0,78,0.5,1,0.0,9,4,9,1.0
rubocop,lib/rubocop/cop/style/symbol_array.rb,65854e6bbfe4,code formatting,9.5,14,0,50,1.5,1,0.0,6,4,6,1.0
rubocop,lib/rubocop/cop/style/symbol_proc.rb,65854e6bbfe4,code formatting,6.2,16,7,87,1.25,1,0.0,15,4,15,1.0
rubocop,lib/rubocop/cop/style/tally_method.rb,65854e6bbfe4,code formatting,6.8,9,0,100,0.75,1,0.0,6,4,6,1.0
rubocop,lib/rubocop/cop/style/ternary_parentheses.rb,65854e6bbfe4,code formatting,6.6,19,0,100,1.0,1,0.0,22,4,21,0.955
rubocop,lib/rubocop/cop/style/top_level_method_definition.rb,65854e6bbfe4,code formatting,5.7,7,0,33,0.0,1,0.0,3,4,3,1.0
rubocop,lib/rubocop/cop/style/trailing_comma_in_block_args.rb,65854e6bbfe4,code formatting,4.7,9,0,50,0.25,1,0.0,6,4,6,1.0
rubocop,lib/rubocop/cop/style/trailing_method_end_statement.rb,65854e6bbfe4,code formatting,4.7,7,0,100,0.25,1,0.0,3,4,3,1.0
rubocop,lib/rubocop/cop/style/trailing_underscore_variable.rb,65854e6bbfe4,code formatting,7.8,14,0,100,0.75,1,0.0,12,4,12,1.0
rubocop,lib/rubocop/cop/style/trivial_accessors.rb,65854e6bbfe4,code formatting,5.3,13,0,82,0.5,1,0.0,22,4,19,0.864
rubocop,lib/rubocop/cop/style/unless_else.rb,65854e6bbfe4,code formatting,8,16,0,100,0.25,1,0.0,3,4,3,1.0
rubocop,lib/rubocop/cop/style/unless_logical_operators.rb,65854e6bbfe4,code formatting,6.8,9,0,75,0.25,1,0.0,4,4,4,1.0
rubocop,lib/rubocop/cop/style/variable_interpolation.rb,65854e6bbfe4,code formatting,4.3,7,0,100,0.5,1,0.0,3,4,3,1.0
rubocop,lib/rubocop/cop/style/word_array.rb,65854e6bbfe4,code formatting,7.4,14,0,100,1.25,1,0.0,8,4,8,1.0
rubocop,lib/rubocop/cop/style/yoda_condition.rb,65854e6bbfe4,code formatting,4.3,10,0,80,0.75,1,0.0,15,4,14,0.933
rubocop,lib/rubocop/cop/style/yoda_expression.rb,65854e6bbfe4,code formatting,4.9,16,0,57,0.25,1,0.0,7,4,7,1.0
rubocop,lib/rubocop/cop/style/zero_length_predicate.rb,65854e6bbfe4,code formatting,9.5,14,0,67,0.25,1,0.0,6,4,6,1.0
rubocop,lib/rubocop/cop/team.rb,65854e6bbfe4,code formatting,9.4,29,12,85,0.0,0,0.0,33,3,31,0.939
rubocop,lib/rubocop/cop/util.rb,65854e6bbfe4,code formatting,6.4,19,0,79,0.33,0,0.0,24,3,24,1.0
rubocop,lib/rubocop/cop/utils/format_string.rb,65854e6bbfe4,code formatting,4.8,13,0,81,0.0,0,0.0,16,5,15,0.938
rubocop,lib/rubocop/cop/variable_force.rb,65854e6bbfe4,code formatting,8.7,29,0,80,0.0,1,3.3,30,3,28,0.933
rubocop,lib/rubocop/cop/variable_force/assignment.rb,65854e6bbfe4,code formatting,6.1,15,0,89,0.25,1,0.0,19,4,18,0.947
rubocop,lib/rubocop/cop/variable_force/branch.rb,65854e6bbfe4,code formatting,4.8,16,19,38,0.55,1,3.8,26,22,20,0.769
rubocop,lib/rubocop/cop/variable_force/scope.rb,65854e6bbfe4,code formatting,7,13,0,80,0.0,1,0.0,10,4,10,1.0
rubocop,lib/rubocop/cop/variable_force/variable.rb,65854e6bbfe4,code formatting,6,24,0,88,0.0,1,0.0,16,4,15,0.938
rubocop,lib/rubocop/cop/variable_force/variable_table.rb,65854e6bbfe4,code formatting,7.2,25,0,79,0.0,1,7.1,14,4,14,1.0
rubocop,lib/rubocop/cops_documentation_generator.rb,65854e6bbfe4,code formatting,10.9,26,0,100,1.0,0,3.4,29,1,29,1.0
rubocop,lib/rubocop/directive_comment.rb,65854e6bbfe4,code formatting,4.1,12,3,83,0.0,0,0.0,30,2,28,0.933
rubocop,lib/rubocop/error.rb,65854e6bbfe4,code formatting,3.8,6,0,100,0.0,2,0.0,4,4,4,1.0
rubocop,lib/rubocop/ext/regexp_node.rb,65854e6bbfe4,code formatting,9,15,20,80,0.0,0,0.0,5,3,5,1.0
rubocop,lib/rubocop/ext/regexp_parser.rb,65854e6bbfe4,code formatting,6,9,0,60,0.0,1,0.0,5,7,5,1.0
rubocop,lib/rubocop/feature_loader.rb,65854e6bbfe4,code formatting,6.1,19,12,38,0.0,0,0.0,8,2,8,1.0
rubocop,lib/rubocop/file_finder.rb,65854e6bbfe4,code formatting,6,7,0,50,0.0,0,0.0,4,2,3,0.75
rubocop,lib/rubocop/file_patterns.rb,65854e6bbfe4,code formatting,7,10,25,50,0.0,0,0.0,4,2,4,1.0
rubocop,lib/rubocop/formatter/base_formatter.rb,65854e6bbfe4,code formatting,1.6,4,0,0,0.0,0,0.0,5,3,3,0.6
rubocop,lib/rubocop/formatter/clang_style_formatter.rb,65854e6bbfe4,code formatting,6.3,15,0,100,0.0,2,0.0,6,3,6,1.0
rubocop,lib/rubocop/formatter/disabled_config_formatter.rb,65854e6bbfe4,code formatting,7.6,20,0,87,0.33,1,0.0,30,3,28,0.933
rubocop,lib/rubocop/formatter/formatter_set.rb,65854e6bbfe4,code formatting,7.9,17,0,62,0.0,1,25.0,8,3,8,1.0
rubocop,lib/rubocop/formatter/fuubar_style_formatter.rb,65854e6bbfe4,code formatting,9.8,19,0,83,0.0,3,0.0,6,3,6,1.0
rubocop,lib/rubocop/formatter/github_actions_formatter.rb,65854e6bbfe4,code formatting,5.3,10,0,86,0.0,1,0.0,7,3,7,1.0
rubocop,lib/rubocop/formatter/html_formatter.rb,65854e6bbfe4,code formatting,4.6,11,0,74,0.4,1,0.0,19,5,18,0.947
rubocop,lib/rubocop/formatter/json_formatter.rb,65854e6bbfe4,code formatting,6.6,13,0,75,0.33,1,0.0,8,3,8,1.0
rubocop,lib/rubocop/formatter/junit_formatter.rb,65854e6bbfe4,code formatting,7.8,22,0,67,0.0,1,0.0,12,5,12,1.0
rubocop,lib/rubocop/formatter/markdown_formatter.rb,65854e6bbfe4,code formatting,5.4,11,0,90,0.67,1,0.0,10,3,10,1.0
rubocop,lib/rubocop/formatter/offense_count_formatter.rb,65854e6bbfe4,code formatting,9.1,22,0,86,0.0,1,0.0,7,3,7,1.0
rubocop,lib/rubocop/formatter/pacman_formatter.rb,65854e6bbfe4,code formatting,5.7,10,0,67,0.33,3,0.0,9,3,9,1.0
rubocop,lib/rubocop/formatter/progress_formatter.rb,65854e6bbfe4,code formatting,8.6,16,0,80,0.33,3,0.0,5,3,5,1.0
rubocop,lib/rubocop/formatter/simple_text_formatter.rb,65854e6bbfe4,code formatting,7.9,14,0,73,1.0,1,0.0,15,4,15,1.0
rubocop,lib/rubocop/formatter/tap_formatter.rb,65854e6bbfe4,code formatting,8.2,15,0,100,0.0,3,0.0,8,3,8,1.0
rubocop,lib/rubocop/formatter/worst_offenders_formatter.rb,65854e6bbfe4,code formatting,6,17,0,67,0.0,1,0.0,6,3,6,1.0
rubocop,lib/rubocop/lockfile.rb,65854e6bbfe4,code formatting,7.6,12,0,57,0.0,0,0.0,7,2,7,1.0
rubocop,lib/rubocop/lsp/diagnostic.rb,65854e6bbfe4,code formatting,9.9,25,0,85,0.0,0,0.0,13,3,13,1.0
rubocop,lib/rubocop/lsp/disable_comment_edits.rb,65854e6bbfe4,code formatting,5.5,11,0,79,0.0,0,0.0,19,3,19,1.0
rubocop,lib/rubocop/lsp/routes.rb,65854e6bbfe4,code formatting,8.3,19,8,75,0.0,0,8.3,12,3,12,1.0
rubocop,lib/rubocop/lsp/runtime.rb,65854e6bbfe4,code formatting,8.5,13,0,83,0.0,0,0.0,6,3,6,1.0
rubocop,lib/rubocop/lsp/server.rb,65854e6bbfe4,code formatting,5.4,14,0,75,0.0,0,0.0,8,3,8,1.0
rubocop,lib/rubocop/lsp/stdin_runner.rb,65854e6bbfe4,code formatting,6.7,15,0,43,0.0,1,0.0,7,4,6,0.857
rubocop,lib/rubocop/magic_comment.rb,65854e6bbfe4,code formatting,3.5,11,3,23,0.0,2,0.0,39,6,27,0.692
rubocop,lib/rubocop/mcp/server.rb,65854e6bbfe4,code formatting,13.1,37,0,55,0.0,0,0.0,11,3,11,1.0
rubocop,lib/rubocop/options.rb,65854e6bbfe4,code formatting,9.9,33,5,81,0.0,1,0.0,43,6,40,0.93
rubocop,lib/rubocop/path_util.rb,65854e6bbfe4,code formatting,7.9,25,0,58,0.0,0,0.0,12,2,11,0.917
rubocop,lib/rubocop/pending_cops_reporter.rb,65854e6bbfe4,code formatting,5.5,7,100,100,0.0,0,0.0,4,2,4,1.0
rubocop,lib/rubocop/plugin/configuration_integrator.rb,65854e6bbfe4,code formatting,10.6,22,100,70,0.0,0,30.0,10,3,10,1.0
rubocop,lib/rubocop/plugin/loader.rb,65854e6bbfe4,code formatting,11.3,26,100,67,0.0,0,33.3,6,3,6,1.0
rubocop,lib/rubocop/project_index_loader.rb,65854e6bbfe4,code formatting,8.3,17,0,33,0.0,0,0.0,6,2,6,1.0
rubocop,lib/rubocop/rake_task.rb,65854e6bbfe4,code formatting,13.8,33,0,83,0.0,1,0.0,6,2,6,1.0
rubocop,lib/rubocop/remote_config.rb,65854e6bbfe4,code formatting,7.9,15,0,73,0.0,0,0.0,11,2,11,1.0
rubocop,lib/rubocop/result_cache.rb,65854e6bbfe4,code formatting,9.3,26,55,80,0.0,0,0.0,20,2,19,0.95
rubocop,lib/rubocop/rspec/cop_helper.rb,65854e6bbfe4,code formatting,7.4,14,0,78,0.25,1,11.1,9,4,9,1.0
rubocop,lib/rubocop/rspec/expect_offense.rb,65854e6bbfe4,code formatting,11.1,36,7,100,0.0,0,6.7,15,4,15,1.0
rubocop,lib/rubocop/rspec/parallel_formatter.rb,65854e6bbfe4,code formatting,5.8,12,0,56,0.0,1,0.0,9,3,9,1.0
rubocop,lib/rubocop/rspec/shared_contexts.rb,65854e6bbfe4,code formatting,5.3,7,0,67,0.0,0,0.0,3,0,3,1.0
rubocop,lib/rubocop/runner.rb,65854e6bbfe4,code formatting,9.7,40,4,79,0.0,1,0.0,57,3,57,1.0
rubocop,lib/rubocop/server.rb,65854e6bbfe4,code formatting,6,10,100,0,0.0,0,0.0,3,2,3,1.0
rubocop,lib/rubocop/server/cache.rb,65854e6bbfe4,code formatting,6.0,16,100,77,0.0,0,0.0,22,3,17,0.773
rubocop,lib/rubocop/server/cli.rb,65854e6bbfe4,code formatting,9.4,28,0,40,0.0,0,0.0,10,3,9,0.9
rubocop,lib/rubocop/server/client_command/base.rb,65854e6bbfe4,code formatting,5.8,8,25,50,0.0,0,0.0,4,4,4,1.0
rubocop,lib/rubocop/server/client_command/exec.rb,65854e6bbfe4,code formatting,7.6,11,0,40,0.0,1,0.0,5,4,5,1.0
rubocop,lib/rubocop/server/client_command/start.rb,65854e6bbfe4,code formatting,11,22,0,0,0.0,1,0.0,3,4,3,1.0
rubocop,lib/rubocop/server/core.rb,65854e6bbfe4,code formatting,7.9,23,9,45,0.0,0,0.0,11,3,11,1.0
rubocop,lib/rubocop/server/server_command/base.rb,65854e6bbfe4,code formatting,3.8,6,20,20,0.0,0,0.0,5,5,5,1.0
rubocop,lib/rubocop/server/socket_reader.rb,65854e6bbfe4,code formatting,6.7,15,0,83,0.0,0,0.0,6,3,6,1.0
rubocop,lib/rubocop/string_interpreter.rb,65854e6bbfe4,code formatting,5.6,9,100,100,0.0,0,0.0,5,2,5,1.0
rubocop,lib/rubocop/target_finder.rb,65854e6bbfe4,code formatting,6.2,15,0,86,0.0,0,0.0,28,2,25,0.893
rubocop,lib/rubocop/target_ruby.rb,65854e6bbfe4,code formatting,5.3,26,3,42,0.09,2,0.0,33,11,24,0.727
rubocop,lib/rubocop/version.rb,65854e6bbfe4,code formatting,11.1,35,100,45,0.0,0,18.2,11,2,11,1.0
rubocop,lib/rubocop/yaml_duplication_checker.rb,65854e6bbfe4,code formatting,7.3,12,33,67,0.0,1,0.0,3,3,3,1.0
rubocop,lib/ruby_lsp/rubocop/addon.rb,65854e6bbfe4,code formatting,8,24,0,50,0.0,1,0.0,8,3,6,0.75
rubocop,lib/ruby_lsp/rubocop/runtime_adapter.rb,65854e6bbfe4,code formatting,9.5,18,0,75,0.0,0,0.0,8,3,8,1.0
rubocop,tasks/changelog.rb,65854e6bbfe4,code formatting,5.5,12,12,60,0.0,0,0.0,25,1,25,1.0
rubocop-performance,lib/rubocop/cop/mixin/regexp_metacharacter.rb,c07064ddee3f,code formatting,6.3,9,0,56,0.0,0,0.0,9,3,7,0.778
rubocop-performance,lib/rubocop/cop/performance/bind_call.rb,c07064ddee3f,code formatting,7.2,15,0,100,0.75,1,0.0,4,4,4,1.0
rubocop-performance,lib/rubocop/cop/performance/case_when_splat.rb,c07064ddee3f,code formatting,7.5,16,0,93,1.0,1,0.0,14,4,14,1.0
rubocop-performance,lib/rubocop/cop/performance/casecmp.rb,c07064ddee3f,code formatting,10.8,16,0,75,0.25,1,0.0,4,4,4,1.0
rubocop-performance,lib/rubocop/cop/performance/collection_literal_in_loop.rb,c07064ddee3f,code formatting,5.5,15,0,82,0.0,1,0.0,11,4,10,0.909
rubocop-performance,lib/rubocop/cop/performance/compare_with_block.rb,c07064ddee3f,code formatting,13.8,21,0,100,0.5,1,0.0,4,4,4,1.0
rubocop-performance,lib/rubocop/cop/performance/constant_regexp.rb,c07064ddee3f,code formatting,5.2,8,25,75,0.25,1,0.0,4,4,4,1.0
rubocop-performance,lib/rubocop/cop/performance/count.rb,c07064ddee3f,code formatting,7.6,13,0,100,0.5,1,0.0,9,4,9,1.0
rubocop-performance,lib/rubocop/cop/performance/detect.rb,c07064ddee3f,code formatting,9.2,16,0,100,0.25,1,0.0,8,4,8,1.0
rubocop-performance,lib/rubocop/cop/performance/double_start_end_with.rb,c07064ddee3f,code formatting,5.9,9,0,62,0.25,1,0.0,8,4,8,1.0
rubocop-performance,lib/rubocop/cop/performance/fixed_size.rb,c07064ddee3f,code formatting,4.4,9,0,86,0.0,1,0.0,7,4,7,1.0
rubocop-performance,lib/rubocop/cop/performance/flat_map.rb,c07064ddee3f,code formatting,7.8,12,0,60,0.5,1,0.0,5,4,5,1.0
rubocop-performance,lib/rubocop/cop/performance/inefficient_hash_search.rb,c07064ddee3f,code formatting,4.3,12,0,67,0.25,1,0.0,9,4,9,1.0
rubocop-performance,lib/rubocop/cop/performance/io_readlines.rb,c07064ddee3f,code formatting,8.4,17,0,86,0.5,1,0.0,7,4,7,1.0
rubocop-performance,lib/rubocop/cop/performance/map_compact.rb,c07064ddee3f,code formatting,6,13,0,83,0.75,1,0.0,6,4,6,1.0
rubocop-performance,lib/rubocop/cop/performance/redundant_block_call.rb,c07064ddee3f,code formatting,9.8,17,0,80,0.25,1,0.0,5,4,5,1.0
rubocop-performance,lib/rubocop/cop/performance/redundant_equality_comparison_block.rb,c07064ddee3f,code formatting,7.9,17,0,100,0.5,1,0.0,8,4,8,1.0
rubocop-performance,lib/rubocop/cop/performance/redundant_match.rb,c07064ddee3f,code formatting,6,9,0,100,0.25,1,0.0,7,4,7,1.0
rubocop-performance,lib/rubocop/cop/performance/redundant_merge.rb,c07064ddee3f,code formatting,5.9,16,0,89,0.6,1,0.0,18,5,18,1.0
rubocop-performance,lib/rubocop/cop/performance/redundant_sort_block.rb,c07064ddee3f,code formatting,7.3,8,0,67,0.5,1,0.0,3,4,3,1.0
rubocop-performance,lib/rubocop/cop/performance/redundant_split_regexp_argument.rb,c07064ddee3f,code formatting,10,16,0,100,0.25,1,0.0,3,4,3,1.0
rubocop-performance,lib/rubocop/cop/performance/redundant_string_chars.rb,c07064ddee3f,code formatting,8.2,15,0,88,0.5,1,0.0,8,4,8,1.0
rubocop-performance,lib/rubocop/cop/performance/regexp_match.rb,c07064ddee3f,code formatting,7.2,13,6,83,0.5,1,0.0,18,4,18,1.0
rubocop-performance,lib/rubocop/cop/performance/reverse_each.rb,c07064ddee3f,code formatting,6.3,11,0,100,0.5,1,0.0,3,4,3,1.0
rubocop-performance,lib/rubocop/cop/performance/reverse_first.rb,c07064ddee3f,code formatting,6.8,12,0,100,0.5,1,0.0,4,4,4,1.0
rubocop-performance,lib/rubocop/cop/performance/select_map.rb,c07064ddee3f,code formatting,7.3,10,0,100,0.5,1,0.0,3,4,3,1.0
rubocop-performance,lib/rubocop/cop/performance/sort_reverse.rb,c07064ddee3f,code formatting,8.7,10,0,67,0.5,1,0.0,3,4,3,1.0
rubocop-performance,lib/rubocop/cop/performance/string_identifier_argument.rb,c07064ddee3f,code formatting,9.2,11,0,100,0.25,1,0.0,4,4,4,1.0
rubocop-performance,lib/rubocop/cop/performance/string_replacement.rb,c07064ddee3f,code formatting,7.5,15,0,86,0.5,1,0.0,14,4,14,1.0
rubocop-performance,lib/rubocop/cop/performance/sum.rb,c07064ddee3f,code formatting,7.8,13,0,89,0.75,1,0.0,18,4,18,1.0
rubocop-performance,lib/rubocop/cop/performance/times_map.rb,c07064ddee3f,code formatting,6.2,11,0,60,0.25,1,0.0,5,4,4,0.8
rubocop-performance,lib/rubocop/cop/performance/zip_without_block.rb,c07064ddee3f,code formatting,4.7,6,0,100,0.25,1,0.0,3,4,3,1.0
rubocop-performance,lib/rubocop/performance/plugin.rb,c07064ddee3f,code formatting,6,8,0,67,0.0,1,0.0,3,3,3,1.0
rubocop-performance,tasks/changelog.rb,c07064ddee3f,code formatting,5.4,12,12,62,0.0,0,0.0,24,1,24,1.0
rubocop-rails,lib/rubocop/cop/mixin/active_record_helper.rb,2ccba590ec47,code formatting,9.1,14,0,88,0.33,0,0.0,8,3,8,1.0
rubocop-rails,lib/rubocop/cop/mixin/database_type_resolvable.rb,2ccba590ec47,code formatting,8.8,17,0,80,0.0,0,0.0,5,3,5,1.0
rubocop-rails,lib/rubocop/cop/mixin/enforce_superclass.rb,2ccba590ec47,code formatting,6.5,11,25,100,0.0,0,0.0,4,3,4,1.0
rubocop-rails,lib/rubocop/cop/mixin/index_method.rb,2ccba590ec47,code formatting,6.1,16,19,48,0.0,0,0.0,21,3,17,0.81
rubocop-rails,lib/rubocop/cop/rails/action_controller_flash_before_render.rb,2ccba590ec47,code formatting,8.8,16,0,67,0.25,1,0.0,6,4,6,1.0
rubocop-rails,lib/rubocop/cop/rails/action_filter.rb,2ccba590ec47,code formatting,4.2,10,0,100,0.5,1,0.0,6,4,5,0.833
rubocop-rails,lib/rubocop/cop/rails/action_order.rb,2ccba590ec47,code formatting,5.3,14,0,70,1.0,1,0.0,10,4,10,1.0
rubocop-rails,lib/rubocop/cop/rails/active_record_callbacks_order.rb,2ccba590ec47,code formatting,7.3,18,0,90,0.25,1,0.0,10,4,10,1.0
rubocop-rails,lib/rubocop/cop/rails/active_record_override.rb,2ccba590ec47,code formatting,7.6,13,0,60,0.0,1,0.0,5,4,5,1.0
rubocop-rails,lib/rubocop/cop/rails/after_commit_override.rb,2ccba590ec47,code formatting,6.5,12,0,75,0.25,1,0.0,4,4,4,1.0
rubocop-rails,lib/rubocop/cop/rails/blank.rb,2ccba590ec47,code formatting,10.3,14,0,100,0.25,1,0.0,6,4,6,1.0
rubocop-rails,lib/rubocop/cop/rails/bulk_change_table.rb,2ccba590ec47,code formatting,8,17,0,80,0.4,1,0.0,15,5,14,0.933
rubocop-rails,lib/rubocop/cop/rails/compact_blank.rb,2ccba590ec47,code formatting,6.7,12,0,100,0.75,1,0.0,6,4,5,0.833
rubocop-rails,lib/rubocop/cop/rails/content_tag.rb,2ccba590ec47,code formatting,6.2,12,0,88,0.75,1,0.0,8,4,8,1.0
rubocop-rails,lib/rubocop/cop/rails/dangerous_column_names.rb,2ccba590ec47,code formatting,6.2,10,0,50,0.25,1,0.0,4,4,4,1.0
rubocop-rails,lib/rubocop/cop/rails/date.rb,2ccba590ec47,code formatting,6.3,16,0,85,0.5,1,0.0,13,4,12,0.923
rubocop-rails,lib/rubocop/cop/rails/default_scope.rb,2ccba590ec47,code formatting,5,5,0,100,0.0,1,0.0,3,4,3,1.0
rubocop-rails,lib/rubocop/cop/rails/delegate.rb,2ccba590ec47,code formatting,6.2,13,0,86,0.5,1,0.0,14,4,14,1.0
rubocop-rails,lib/rubocop/cop/rails/deprecated_active_model_errors_methods.rb,2ccba590ec47,code formatting,7,14,0,86,0.5,1,0.0,7,4,7,1.0
rubocop-rails,lib/rubocop/cop/rails/dot_separated_keys.rb,2ccba590ec47,code formatting,7.8,16,0,75,0.5,1,0.0,4,4,4,1.0
rubocop-rails,lib/rubocop/cop/rails/duplicate_association.rb,2ccba590ec47,code formatting,9.7,15,0,83,1.0,1,0.0,6,4,6,1.0
rubocop-rails,lib/rubocop/cop/rails/dynamic_find_by.rb,2ccba590ec47,code formatting,5,13,0,85,0.5,1,0.0,13,4,13,1.0
rubocop-rails,lib/rubocop/cop/rails/eager_evaluation_log_message.rb,2ccba590ec47,code formatting,8,12,25,75,0.25,1,0.0,4,4,4,1.0
rubocop-rails,lib/rubocop/cop/rails/enum_hash.rb,2ccba590ec47,code formatting,9,18,0,80,0.25,1,0.0,5,4,5,1.0
rubocop-rails,lib/rubocop/cop/rails/enum_syntax.rb,2ccba590ec47,code formatting,8.3,13,0,89,0.75,1,0.0,9,4,9,1.0
rubocop-rails,lib/rubocop/cop/rails/enum_uniqueness.rb,2ccba590ec47,code formatting,9.3,17,0,100,0.25,1,0.0,3,4,3,1.0
rubocop-rails,lib/rubocop/cop/rails/env_local.rb,2ccba590ec47,code formatting,12,19,0,100,0.5,1,0.0,4,4,4,1.0
rubocop-rails,lib/rubocop/cop/rails/environment_comparison.rb,2ccba590ec47,code formatting,6.7,10,0,67,0.25,1,0.0,6,4,6,1.0
rubocop-rails,lib/rubocop/cop/rails/exit.rb,2ccba590ec47,code formatting,4.8,7,0,75,0.25,1,0.0,4,4,4,1.0
rubocop-rails,lib/rubocop/cop/rails/expanded_date_range.rb,2ccba590ec47,code formatting,6.1,16,0,100,0.5,1,0.0,7,4,7,1.0
rubocop-rails,lib/rubocop/cop/rails/file_path.rb,2ccba590ec47,code formatting,6.3,14,0,97,0.75,1,0.0,31,4,30,0.968
rubocop-rails,lib/rubocop/cop/rails/find_by.rb,2ccba590ec47,code formatting,6,10,0,100,0.5,1,0.0,5,4,5,1.0
rubocop-rails,lib/rubocop/cop/rails/find_by_id.rb,2ccba590ec47,code formatting,6,13,0,80,0.5,1,0.0,5,4,5,1.0
rubocop-rails,lib/rubocop/cop/rails/find_by_or_assignment_memoization.rb,2ccba590ec47,code formatting,10.8,20,0,100,0.25,1,0.0,5,4,5,1.0
rubocop-rails,lib/rubocop/cop/rails/find_each.rb,2ccba590ec47,code formatting,6.5,11,0,100,1.0,1,0.0,4,4,4,1.0
rubocop-rails,lib/rubocop/cop/rails/freeze_time.rb,2ccba590ec47,code formatting,8,11,0,100,0.5,1,0.0,3,4,3,1.0
rubocop-rails,lib/rubocop/cop/rails/has_many_or_has_one_dependent.rb,2ccba590ec47,code formatting,7.7,12,0,100,0.0,1,0.0,7,4,7,1.0
rubocop-rails,lib/rubocop/cop/rails/helper_instance_variable.rb,2ccba590ec47,code formatting,4.3,5,0,67,0.0,1,0.0,3,4,3,1.0
rubocop-rails,lib/rubocop/cop/rails/http_positional_arguments.rb,2ccba590ec47,code formatting,8,23,0,82,0.75,1,0.0,11,4,11,1.0
rubocop-rails,lib/rubocop/cop/rails/http_status.rb,2ccba590ec47,code formatting,4.2,17,0,75,0.33,1,0.0,16,6,15,0.938
rubocop-rails,lib/rubocop/cop/rails/i18n_lazy_lookup.rb,2ccba590ec47,code formatting,9.7,15,0,71,0.75,1,0.0,7,4,7,1.0
rubocop-rails,lib/rubocop/cop/rails/ignored_skip_action_filter_option.rb,2ccba590ec47,code formatting,7.8,17,0,100,0.5,1,0.0,5,4,4,0.8
rubocop-rails,lib/rubocop/cop/rails/inverse_of.rb,2ccba590ec47,code formatting,6.2,18,0,100,0.0,1,0.0,10,4,10,1.0
rubocop-rails,lib/rubocop/cop/rails/lexically_scoped_action_filter.rb,2ccba590ec47,code formatting,10.9,19,0,100,0.0,1,0.0,7,4,7,1.0
rubocop-rails,lib/rubocop/cop/rails/link_to_blank.rb,2ccba590ec47,code formatting,9.4,12,0,100,0.25,1,0.0,5,4,5,1.0
rubocop-rails,lib/rubocop/cop/rails/mailer_name.rb,2ccba590ec47,code formatting,8,13,0,75,0.25,1,0.0,4,4,4,1.0
rubocop-rails,lib/rubocop/cop/rails/match_route.rb,2ccba590ec47,code formatting,9.6,16,0,100,0.5,1,0.0,7,4,7,1.0
rubocop-rails,lib/rubocop/cop/rails/migration_class_name.rb,2ccba590ec47,code formatting,6.8,15,0,100,0.5,1,0.0,4,4,4,1.0
rubocop-rails,lib/rubocop/cop/rails/not_null_column.rb,2ccba590ec47,code formatting,6.6,12,0,60,0.5,1,0.0,10,4,10,1.0
rubocop-rails,lib/rubocop/cop/rails/order_arguments.rb,2ccba590ec47,code formatting,6.7,11,0,100,0.25,1,0.0,6,4,6,1.0
rubocop-rails,lib/rubocop/cop/rails/output.rb,2ccba590ec47,code formatting,7,11,0,67,0.5,1,0.0,3,4,3,1.0
rubocop-rails,lib/rubocop/cop/rails/output_safety.rb,2ccba590ec47,code formatting,4.6,9,0,100,0.0,1,0.0,5,4,5,1.0
rubocop-rails,lib/rubocop/cop/rails/pluck.rb,2ccba590ec47,code formatting,7.7,19,0,83,0.5,1,0.0,6,4,6,1.0
rubocop-rails,lib/rubocop/cop/rails/pluralization_grammar.rb,2ccba590ec47,code formatting,4.2,11,0,58,0.25,1,0.0,12,4,11,0.917
rubocop-rails,lib/rubocop/cop/rails/presence.rb,2ccba590ec47,code formatting,6.4,15,0,100,0.5,1,0.0,13,4,13,1.0
rubocop-rails,lib/rubocop/cop/rails/present.rb,2ccba590ec47,code formatting,9.9,13,0,100,0.25,1,0.0,7,4,7,1.0
rubocop-rails,lib/rubocop/cop/rails/rake_environment.rb,2ccba590ec47,code formatting,9.2,17,0,88,0.25,1,0.0,8,4,8,1.0
rubocop-rails,lib/rubocop/cop/rails/read_write_attribute.rb,2ccba590ec47,code formatting,6.2,11,0,88,0.25,1,0.0,8,4,8,1.0
rubocop-rails,lib/rubocop/cop/rails/redirect_back_or_to.rb,2ccba590ec47,code formatting,7.8,16,0,100,0.5,1,0.0,6,4,6,1.0
rubocop-rails,lib/rubocop/cop/rails/redundant_active_record_all_method.rb,2ccba590ec47,code formatting,5.8,11,0,100,1.0,1,0.0,4,4,4,1.0
rubocop-rails,lib/rubocop/cop/rails/redundant_allow_nil.rb,2ccba590ec47,code formatting,10.2,18,0,100,0.5,1,0.0,5,4,5,1.0
rubocop-rails,lib/rubocop/cop/rails/redundant_foreign_key.rb,2ccba590ec47,code formatting,7.2,12,0,100,0.5,1,0.0,4,4,4,1.0
rubocop-rails,lib/rubocop/cop/rails/redundant_presence_validation_on_belongs_to.rb,2ccba590ec47,code formatting,8.5,15,0,100,0.75,1,0.0,10,4,10,1.0
rubocop-rails,lib/rubocop/cop/rails/redundant_receiver_in_with_options.rb,2ccba590ec47,code formatting,9.5,15,0,100,0.5,1,0.0,6,4,6,1.0
rubocop-rails,lib/rubocop/cop/rails/reflection_class_name.rb,2ccba590ec47,code formatting,9.2,13,0,100,0.25,1,0.0,4,4,4,1.0
rubocop-rails,lib/rubocop/cop/rails/refute_methods.rb,2ccba590ec47,code formatting,7,11,0,75,0.5,1,0.0,4,4,4,1.0
rubocop-rails,lib/rubocop/cop/rails/relative_date_constant.rb,2ccba590ec47,code formatting,7.6,15,0,57,0.5,1,0.0,7,4,7,1.0
rubocop-rails,lib/rubocop/cop/rails/render_plain_text.rb,2ccba590ec47,code formatting,7.2,12,0,100,0.25,1,0.0,4,4,4,1.0
rubocop-rails,lib/rubocop/cop/rails/request_referer.rb,2ccba590ec47,code formatting,5,9,0,67,0.5,1,0.0,3,4,3,1.0
rubocop-rails,lib/rubocop/cop/rails/response_parsed_body.rb,2ccba590ec47,code formatting,4.8,7,0,50,0.5,1,0.0,4,4,4,1.0
rubocop-rails,lib/rubocop/cop/rails/reversible_migration.rb,2ccba590ec47,code formatting,8,15,0,88,0.25,1,0.0,16,4,16,1.0
rubocop-rails,lib/rubocop/cop/rails/root_pathname_methods.rb,2ccba590ec47,code formatting,8.4,16,0,100,0.5,1,0.0,9,4,9,1.0
rubocop-rails,lib/rubocop/cop/rails/safe_navigation.rb,2ccba590ec47,code formatting,9.4,15,20,80,0.75,1,0.0,5,4,5,1.0
rubocop-rails,lib/rubocop/cop/rails/save_bang.rb,2ccba590ec47,code formatting,6.4,14,4,89,0.5,1,0.0,28,4,28,1.0
rubocop-rails,lib/rubocop/cop/rails/schema_comment.rb,2ccba590ec47,code formatting,5.4,9,0,40,0.5,1,0.0,5,4,5,1.0
rubocop-rails,lib/rubocop/cop/rails/select_map.rb,2ccba590ec47,code formatting,12,14,0,100,0.25,1,0.0,5,4,5,1.0
rubocop-rails,lib/rubocop/cop/rails/skips_model_validations.rb,2ccba590ec47,code formatting,7.2,12,0,83,0.0,1,0.0,6,4,5,0.833
rubocop-rails,lib/rubocop/cop/rails/squished_sql_heredocs.rb,2ccba590ec47,code formatting,4,7,0,67,0.5,1,0.0,6,4,6,1.0
rubocop-rails,lib/rubocop/cop/rails/strong_parameters_expect.rb,2ccba590ec47,code formatting,10.6,31,0,100,0.5,1,0.0,8,4,8,1.0
rubocop-rails,lib/rubocop/cop/rails/time_zone.rb,2ccba590ec47,code formatting,7.9,17,0,86,0.5,1,0.0,22,4,21,0.955
rubocop-rails,lib/rubocop/cop/rails/transaction_exit_statement.rb,2ccba590ec47,code formatting,6.8,13,0,83,0.0,1,0.0,6,4,6,1.0
rubocop-rails,lib/rubocop/cop/rails/unique_validation_without_index.rb,2ccba590ec47,code formatting,9.1,18,0,100,0.25,1,0.0,13,4,13,1.0
rubocop-rails,lib/rubocop/cop/rails/unknown_env.rb,2ccba590ec47,code formatting,8.1,20,0,100,0.0,1,0.0,7,4,7,1.0
rubocop-rails,lib/rubocop/cop/rails/unused_ignored_columns.rb,2ccba590ec47,code formatting,7,11,0,100,0.25,1,0.0,4,4,4,1.0
rubocop-rails,lib/rubocop/cop/rails/validation.rb,2ccba590ec47,code formatting,8,20,0,100,0.25,1,0.0,9,4,9,1.0
rubocop-rails,lib/rubocop/cop/rails/where_equals.rb,2ccba590ec47,code formatting,11.4,21,0,100,0.5,1,0.0,5,4,5,1.0
rubocop-rails,lib/rubocop/cop/rails/where_exists.rb,2ccba590ec47,code formatting,6.6,13,0,89,0.5,1,0.0,9,4,8,0.889
rubocop-rails,lib/rubocop/cop/rails/where_missing.rb,2ccba590ec47,code formatting,6.8,13,0,100,0.75,1,0.0,10,4,10,1.0
rubocop-rails,lib/rubocop/cop/rails/where_not.rb,2ccba590ec47,code formatting,12.8,21,0,100,0.5,1,0.0,4,4,4,1.0
rubocop-rails,lib/rubocop/cop/rails/where_range.rb,2ccba590ec47,code formatting,11.7,64,0,90,1.0,1,0.0,10,4,10,1.0
rubocop-rails,lib/rubocop/rails/migration_file_skippable.rb,2ccba590ec47,code formatting,5.8,10,0,50,0.0,0,0.0,4,3,4,1.0
rubocop-rails,lib/rubocop/rails/plugin.rb,2ccba590ec47,code formatting,8,14,0,50,0.0,1,25.0,4,3,4,1.0
rubocop-rails,lib/rubocop/rails/schema_loader.rb,2ccba590ec47,code formatting,7.2,11,0,25,0.33,0,0.0,4,3,4,1.0
rubocop-rails,lib/rubocop/rails/schema_loader/schema.rb,2ccba590ec47,code formatting,7.9,15,0,94,0.0,1,0.0,17,8,16,0.941
rubocop-rails,tasks/changelog.rb,2ccba590ec47,code formatting,5.4,12,12,62,0.0,0,0.0,24,1,24,1.0
rubocop-rspec,lib/rubocop/cop/rspec/align_left_let_brace.rb,2488441eb70a,code formatting,6,12,33,67,0.25,2,0.0,3,4,3,1.0
rubocop-rspec,lib/rubocop/cop/rspec/align_right_let_brace.rb,2488441eb70a,code formatting,6,12,33,67,0.25,2,0.0,3,4,3,1.0
rubocop-rspec,lib/rubocop/cop/rspec/around_block.rb,2488441eb70a,code formatting,7.4,10,0,57,0.0,2,0.0,7,4,6,0.857
rubocop-rspec,lib/rubocop/cop/rspec/be_nil.rb,2488441eb70a,code formatting,8.7,12,0,67,0.5,2,0.0,3,4,3,1.0
rubocop-rspec,lib/rubocop/cop/rspec/change_by_zero.rb,2488441eb70a,code formatting,6.3,15,0,92,0.5,2,0.0,12,4,12,1.0
rubocop-rspec,lib/rubocop/cop/rspec/class_check.rb,2488441eb70a,code formatting,5.1,10,0,86,0.5,2,0.0,7,4,7,1.0
rubocop-rspec,lib/rubocop/cop/rspec/context_wording.rb,2488441eb70a,code formatting,6.3,9,0,71,0.25,2,0.0,7,4,7,1.0
rubocop-rspec,lib/rubocop/cop/rspec/describe_class.rb,2488441eb70a,code formatting,4.8,7,0,100,0.25,2,0.0,4,4,4,1.0
rubocop-rspec,lib/rubocop/cop/rspec/described_class.rb,2488441eb70a,code formatting,7.7,14,0,85,0.75,2,0.0,13,4,13,1.0
rubocop-rspec,lib/rubocop/cop/rspec/discarded_matcher.rb,2488441eb70a,code formatting,5.3,10,0,80,0.25,2,0.0,10,4,10,1.0
rubocop-rspec,lib/rubocop/cop/rspec/duplicated_metadata.rb,2488441eb70a,code formatting,7,11,0,75,0.75,2,0.0,4,4,4,1.0
rubocop-rspec,lib/rubocop/cop/rspec/empty_example_group.rb,2488441eb70a,code formatting,8.2,12,0,100,0.75,2,0.0,5,4,5,1.0
rubocop-rspec,lib/rubocop/cop/rspec/empty_line_after_example.rb,2488441eb70a,code formatting,4.8,8,0,60,0.5,2,0.0,5,4,5,1.0
rubocop-rspec,lib/rubocop/cop/rspec/example_without_description.rb,2488441eb70a,code formatting,7.3,11,0,100,0.25,2,0.0,3,4,3,1.0
rubocop-rspec,lib/rubocop/cop/rspec/example_wording.rb,2488441eb70a,code formatting,7.1,14,0,100,0.25,2,0.0,10,4,9,0.9
rubocop-rspec,lib/rubocop/cop/rspec/excessive_docstring_spacing.rb,2488441eb70a,code formatting,9.2,12,0,100,0.25,2,0.0,6,4,6,1.0
rubocop-rspec,lib/rubocop/cop/rspec/expect_actual.rb,2488441eb70a,code formatting,6.8,16,0,60,0.25,2,0.0,5,4,5,1.0
rubocop-rspec,lib/rubocop/cop/rspec/expect_change.rb,2488441eb70a,code formatting,7.4,14,0,100,0.5,2,0.0,5,4,5,1.0
rubocop-rspec,lib/rubocop/cop/rspec/focus.rb,2488441eb70a,code formatting,7.4,11,0,80,0.5,2,0.0,5,4,5,1.0
rubocop-rspec,lib/rubocop/cop/rspec/hook_argument.rb,2488441eb70a,code formatting,7.3,13,0,67,0.5,2,0.0,6,4,6,1.0
rubocop-rspec,lib/rubocop/cop/rspec/hooks_before_examples.rb,2488441eb70a,code formatting,5.8,13,0,80,0.25,2,0.0,5,4,5,1.0
rubocop-rspec,lib/rubocop/cop/rspec/implicit_block_expectation.rb,2488441eb70a,code formatting,5,8,0,100,0.0,2,0.0,4,4,4,1.0
rubocop-rspec,lib/rubocop/cop/rspec/implicit_expect.rb,2488441eb70a,code formatting,8.4,17,0,60,0.5,2,0.0,5,4,5,1.0
rubocop-rspec,lib/rubocop/cop/rspec/implicit_subject.rb,2488441eb70a,code formatting,6.4,16,0,18,0.5,2,0.0,11,4,11,1.0
rubocop-rspec,lib/rubocop/cop/rspec/indexed_let.rb,2488441eb70a,code formatting,6.3,11,0,67,0.5,2,0.0,6,4,5,0.833
rubocop-rspec,lib/rubocop/cop/rspec/instance_variable.rb,2488441eb70a,code formatting,5.3,8,0,67,0.25,2,0.0,3,4,3,1.0
rubocop-rspec,lib/rubocop/cop/rspec/iterated_expectation.rb,2488441eb70a,code formatting,5.5,12,0,50,0.25,2,0.0,8,4,8,1.0
rubocop-rspec,lib/rubocop/cop/rspec/leading_subject.rb,2488441eb70a,code formatting,6,8,0,50,0.5,2,0.0,6,4,6,1.0
rubocop-rspec,lib/rubocop/cop/rspec/leaky_constant_declaration.rb,2488441eb70a,code formatting,4.8,6,0,100,0.0,2,0.0,5,4,4,0.8
rubocop-rspec,lib/rubocop/cop/rspec/leaky_local_variable.rb,2488441eb70a,code formatting,6.3,13,11,78,0.0,2,0.0,9,4,9,1.0
rubocop-rspec,lib/rubocop/cop/rspec/let_before_examples.rb,2488441eb70a,code formatting,5.1,14,14,71,0.25,2,0.0,7,4,7,1.0
rubocop-rspec,lib/rubocop/cop/rspec/let_setup.rb,2488441eb70a,code formatting,6.6,7,0,60,0.0,2,0.0,5,4,5,1.0
rubocop-rspec,lib/rubocop/cop/rspec/match_with_simple_regex.rb,2488441eb70a,code formatting,8.2,12,0,100,0.25,2,0.0,5,4,5,1.0
rubocop-rspec,lib/rubocop/cop/rspec/message_spies.rb,2488441eb70a,code formatting,7.5,12,0,75,0.25,2,0.0,4,4,4,1.0
rubocop-rspec,lib/rubocop/cop/rspec/metadata_style.rb,2488441eb70a,code formatting,7.1,11,0,78,1.0,2,0.0,18,4,17,0.944
rubocop-rspec,lib/rubocop/cop/rspec/mixin/comments_help.rb,2488441eb70a,code formatting,4.2,6,0,80,0.25,0,0.0,5,4,5,1.0
rubocop-rspec,lib/rubocop/cop/rspec/mixin/empty_line_separation.rb,2488441eb70a,code formatting,9.5,14,0,100,0.5,0,0.0,4,4,4,1.0
rubocop-rspec,lib/rubocop/cop/rspec/mixin/inside_example_group.rb,2488441eb70a,code formatting,4.3,7,0,100,0.0,0,0.0,3,4,3,1.0
rubocop-rspec,lib/rubocop/cop/rspec/mixin/metadata.rb,2488441eb70a,code formatting,7.3,11,0,33,0.5,0,0.0,3,4,3,1.0
rubocop-rspec,lib/rubocop/cop/rspec/mixin/top_level_group.rb,2488441eb70a,code formatting,4.7,12,0,57,0.25,0,0.0,7,4,6,0.857
rubocop-rspec,lib/rubocop/cop/rspec/multiple_expectations.rb,2488441eb70a,code formatting,7.7,13,0,83,0.0,2,0.0,6,4,6,1.0
rubocop-rspec,lib/rubocop/cop/rspec/multiple_memoized_helpers.rb,2488441eb70a,code formatting,6.1,10,0,86,0.25,2,0.0,7,4,6,0.857
rubocop-rspec,lib/rubocop/cop/rspec/multiple_subjects.rb,2488441eb70a,code formatting,6.2,11,0,100,0.5,2,0.0,5,4,5,1.0
rubocop-rspec,lib/rubocop/cop/rspec/named_subject.rb,2488441eb70a,code formatting,5.1,9,0,89,0.25,2,0.0,9,4,9,1.0
rubocop-rspec,lib/rubocop/cop/rspec/nested_groups.rb,2488441eb70a,code formatting,6.4,14,0,71,0.25,2,0.0,7,4,7,1.0
rubocop-rspec,lib/rubocop/cop/rspec/overwriting_setup.rb,2488441eb70a,code formatting,10.3,14,0,100,0.0,2,0.0,3,4,3,1.0
rubocop-rspec,lib/rubocop/cop/rspec/pending.rb,2488441eb70a,code formatting,4,5,0,33,0.25,2,0.0,3,4,3,1.0
rubocop-rspec,lib/rubocop/cop/rspec/pending_without_reason.rb,2488441eb70a,code formatting,6.6,11,0,43,0.0,2,0.0,7,4,7,1.0
rubocop-rspec,lib/rubocop/cop/rspec/predicate_matcher.rb,2488441eb70a,code formatting,8.7,22,0,91,1.33,2,0.0,22,6,22,1.0
rubocop-rspec,lib/rubocop/cop/rspec/receive_counts.rb,2488441eb70a,code formatting,8,12,0,100,0.25,2,0.0,5,4,5,1.0
rubocop-rspec,lib/rubocop/cop/rspec/receive_messages.rb,2488441eb70a,code formatting,6.2,9,0,85,0.5,2,0.0,13,4,13,1.0
rubocop-rspec,lib/rubocop/cop/rspec/receive_never.rb,2488441eb70a,code formatting,6,8,0,100,0.25,2,0.0,3,4,3,1.0
rubocop-rspec,lib/rubocop/cop/rspec/redundant_around.rb,2488441eb70a,code formatting,5.7,7,0,33,0.25,2,0.0,3,4,3,1.0
rubocop-rspec,lib/rubocop/cop/rspec/redundant_predicate_matcher.rb,2488441eb70a,code formatting,7.8,13,0,75,0.25,2,0.0,4,4,4,1.0
rubocop-rspec,lib/rubocop/cop/rspec/repeated_description.rb,2488441eb70a,code formatting,8.6,13,0,80,0.0,2,0.0,5,4,5,1.0
rubocop-rspec,lib/rubocop/cop/rspec/repeated_example.rb,2488441eb70a,code formatting,6.7,9,0,67,0.25,2,0.0,6,4,6,1.0
rubocop-rspec,lib/rubocop/cop/rspec/repeated_example_group_body.rb,2488441eb70a,code formatting,5.8,10,0,50,0.5,2,0.0,4,4,4,1.0
rubocop-rspec,lib/rubocop/cop/rspec/repeated_example_group_description.rb,2488441eb70a,code formatting,7,11,0,67,0.5,2,0.0,3,4,3,1.0
rubocop-rspec,lib/rubocop/cop/rspec/repeated_include_example.rb,2488441eb70a,code formatting,5.2,9,0,60,0.25,2,0.0,5,4,5,1.0
rubocop-rspec,lib/rubocop/cop/rspec/repeated_subject_call.rb,2488441eb70a,code formatting,8.3,13,0,83,0.25,2,0.0,6,4,6,1.0
rubocop-rspec,lib/rubocop/cop/rspec/return_from_stub.rb,2488441eb70a,code formatting,5.7,9,0,100,0.33,2,0.0,14,6,14,1.0
rubocop-rspec,lib/rubocop/cop/rspec/scattered_setup.rb,2488441eb70a,code formatting,9.6,13,0,100,1.0,2,0.0,5,4,5,1.0
rubocop-rspec,lib/rubocop/cop/rspec/shared_context.rb,2488441eb70a,code formatting,5.5,16,0,50,0.25,2,0.0,6,4,6,1.0
rubocop-rspec,lib/rubocop/cop/rspec/shared_examples.rb,2488441eb70a,code formatting,4.7,10,0,78,0.33,2,0.0,9,6,7,0.778
rubocop-rspec,lib/rubocop/cop/rspec/single_argument_message_chain.rb,2488441eb70a,code formatting,5.8,12,0,100,0.25,2,0.0,8,4,8,1.0
rubocop-rspec,lib/rubocop/cop/rspec/sort_metadata.rb,2488441eb70a,code formatting,4.6,10,0,88,0.75,2,0.0,8,4,8,1.0
rubocop-rspec,lib/rubocop/cop/rspec/spec_file_path_format.rb,2488441eb70a,code formatting,6.8,15,19,94,0.5,2,0.0,16,6,15,0.938
rubocop-rspec,lib/rubocop/cop/rspec/stubbed_mock.rb,2488441eb70a,code formatting,8.5,12,0,0,0.0,2,0.0,4,4,4,1.0
rubocop-rspec,lib/rubocop/cop/rspec/subject_declaration.rb,2488441eb70a,code formatting,7.3,10,0,67,0.25,2,0.0,3,4,3,1.0
rubocop-rspec,lib/rubocop/cop/rspec/subject_stub.rb,2488441eb70a,code formatting,11,13,0,67,0.25,2,0.0,3,4,3,1.0
rubocop-rspec,lib/rubocop/cop/rspec/unspecified_exception.rb,2488441eb70a,code formatting,7,9,0,67,0.0,2,0.0,3,4,3,1.0
rubocop-rspec,lib/rubocop/cop/rspec/variable_definition.rb,2488441eb70a,code formatting,9.3,14,0,100,1.0,2,0.0,3,4,3,1.0
rubocop-rspec,lib/rubocop/cop/rspec/verified_doubles.rb,2488441eb70a,code formatting,4.7,8,0,100,0.0,2,0.0,3,4,3,1.0
rubocop-rspec,lib/rubocop/cop/rspec/void_expect.rb,2488441eb70a,code formatting,5.8,6,0,25,0.25,2,0.0,4,4,4,1.0
rubocop-rspec,lib/rubocop/cop/rspec/yield.rb,2488441eb70a,code formatting,7,13,0,100,0.5,2,0.0,6,4,6,1.0
rubocop-rspec,lib/rubocop/rspec/align_let_brace.rb,2488441eb70a,code formatting,5,9,0,62,0.67,0,12.5,8,3,8,1.0
rubocop-rspec,lib/rubocop/rspec/concept.rb,2488441eb70a,code formatting,3,3,0,25,0.67,0,0.0,4,3,4,1.0
rubocop-rspec,lib/rubocop/rspec/config_formatter.rb,2488441eb70a,code formatting,4.7,7,0,50,0.0,0,0.0,6,3,6,1.0
rubocop-rspec,lib/rubocop/rspec/corrector/move_node.rb,2488441eb70a,code formatting,4.5,6,0,33,0.75,0,0.0,6,4,6,1.0
rubocop-rspec,lib/rubocop/rspec/description_extractor.rb,2488441eb70a,code formatting,3.4,6,0,73,0.0,0,9.1,11,4,11,1.0
rubocop-rspec,lib/rubocop/rspec/example.rb,2488441eb70a,code formatting,4,7,0,25,0.0,1,0.0,4,3,4,1.0
rubocop-rspec,lib/rubocop/rspec/example_group.rb,2488441eb70a,code formatting,5,9,0,17,0.0,1,16.7,6,3,4,0.667
rubocop-rspec,lib/rubocop/rspec/hook.rb,2488441eb70a,code formatting,5.4,14,0,92,0.0,1,0.0,12,3,12,1.0
rubocop-rspec,lib/rubocop/rspec/plugin.rb,2488441eb70a,code formatting,7.3,11,0,67,0.0,1,0.0,3,3,3,1.0
rubocop-rspec,lib/rubocop/rspec/wording.rb,2488441eb70a,code formatting,7.2,14,0,75,0.0,0,0.0,8,3,8,1.0
rufus-scheduler,lib/rufus/scheduler.rb,ec048146d12d,scheduling,9.3,74,5,73,0.0,2,1.7,59,5,44,0.746
rufus-scheduler,lib/rufus/scheduler/job_array.rb,ec048146d12d,scheduling,5.8,14,0,88,0.0,0,0.0,8,1,8,1.0
rufus-scheduler,lib/rufus/scheduler/jobs_core.rb,ec048146d12d,scheduling,9.4,51,0,70,0.0,1,3.3,30,2,29,0.967
rufus-scheduler,lib/rufus/scheduler/jobs_one_time.rb,ec048146d12d,scheduling,6.2,9,0,83,0.0,2,0.0,6,3,6,1.0
rufus-scheduler,lib/rufus/scheduler/jobs_repeat.rb,ec048146d12d,scheduling,10.5,23,0,92,0.0,3,0.0,24,5,23,0.958
rufus-scheduler,lib/rufus/scheduler/locks.rb,ec048146d12d,scheduling,5.7,25,0,57,0.0,0,0.0,7,2,5,0.714
rufus-scheduler,lib/rufus/scheduler/util.rb,ec048146d12d,scheduling,5.6,14,100,62,0.0,0,0.0,16,2,16,1.0
savon,lib/savon.rb,69ab4149642b,http clients and tools,3.7,5,100,33,0.0,0,0.0,3,1,3,1.0
savon,lib/savon/addressing.rb,69ab4149642b,http clients and tools,5,9,0,25,0.0,0,0.0,4,2,4,1.0
savon,lib/savon/block_interface.rb,69ab4149642b,http clients and tools,5.3,8,0,67,0.0,0,100.0,3,2,3,1.0
savon,lib/savon/builder.rb,69ab4149642b,http clients and tools,8.4,23,0,93,0.0,0,0.0,29,2,28,0.966
savon,lib/savon/client.rb,69ab4149642b,http clients and tools,6,14,0,57,0.0,0,0.0,14,2,14,1.0
savon,lib/savon/effective_options.rb,69ab4149642b,http clients and tools,5.6,10,0,62,0.0,0,0.0,8,2,7,0.875
savon,lib/savon/faraday_migration_hint.rb,69ab4149642b,http clients and tools,12.6,29,0,78,0.0,0,0.0,9,2,8,0.889
savon,lib/savon/header.rb,69ab4149642b,http clients and tools,5.6,11,0,80,0.0,0,0.0,10,2,10,1.0
savon,lib/savon/http_error.rb,69ab4149642b,http clients and tools,3.4,5,20,60,0.0,1,0.0,5,2,5,1.0
savon,lib/savon/log_message.rb,69ab4149642b,http clients and tools,7.6,12,0,60,0.0,0,0.0,5,2,5,1.0
savon,lib/savon/mock/expectation.rb,69ab4149642b,http clients and tools,7.3,14,0,89,0.0,0,0.0,9,2,9,1.0
savon,lib/savon/mock/spec_helper.rb,69ab4149642b,http clients and tools,5.2,13,0,50,0.0,0,0.0,8,3,8,1.0
savon,lib/savon/model.rb,69ab4149642b,http clients and tools,6.2,22,8,54,1.0,0,23.1,13,2,13,1.0
savon,lib/savon/operation.rb,69ab4149642b,http clients and tools,8.2,22,23,69,0.0,0,0.0,13,2,13,1.0
savon,lib/savon/qualified_message.rb,69ab4149642b,http clients and tools,10,24,0,50,0.0,0,0.0,4,2,4,1.0
savon,lib/savon/response.rb,69ab4149642b,http clients and tools,5.7,18,0,57,0.0,0,0.0,23,2,22,0.957
savon,lib/savon/soap_fault.rb,69ab4149642b,http clients and tools,7,13,20,80,0.0,1,0.0,5,2,5,1.0
savon,lib/savon/transport/faraday.rb,69ab4149642b,http clients and tools,8,13,17,67,0.33,0,0.0,6,3,6,1.0
savon,lib/savon/transport/httpi.rb,69ab4149642b,http clients and tools,7.2,17,0,73,0.33,0,0.0,11,3,11,1.0
savon,lib/savon/transport/logging.rb,69ab4149642b,http clients and tools,3.6,5,0,100,0.0,0,0.0,7,3,5,0.714
savon,lib/savon/transport/response.rb,69ab4149642b,http clients and tools,6.2,8,50,75,0.0,0,0.0,4,3,4,1.0
sawyer,lib/sawyer/agent.rb,7a60719e675f,http clients and tools,4.6,24,17,67,0.0,0,5.6,18,2,17,0.944
sawyer,lib/sawyer/relation.rb,7a60719e675f,http clients and tools,5.9,24,10,90,0.0,0,0.0,20,3,15,0.75
sawyer,lib/sawyer/resource.rb,7a60719e675f,http clients and tools,7.6,22,8,77,1.0,0,84.6,13,2,12,0.923
sawyer,lib/sawyer/response.rb,7a60719e675f,http clients and tools,6,10,0,86,0.0,0,0.0,7,2,7,1.0
sawyer,lib/sawyer/serializer.rb,7a60719e675f,http clients and tools,6.5,21,36,64,0.0,0,0.0,14,2,11,0.786
selenium-webdriver,lib/selenium/devtools.rb,9175ed94d83e,testing,7.7,10,100,33,0.0,0,0.0,3,2,3,1.0
selenium-webdriver,lib/selenium/devtools/support/cdp_client_generator.rb,9175ed94d83e,testing,8.6,23,0,86,0.0,0,0.0,7,4,7,1.0
selenium-webdriver,lib/selenium/server.rb,9175ed94d83e,testing,9.8,25,33,83,0.0,1,0.0,18,3,18,1.0
selenium-webdriver,lib/selenium/webdriver.rb,9175ed94d83e,testing,5,9,100,67,0.0,0,0.0,3,2,3,1.0
selenium-webdriver,lib/selenium/webdriver/atoms.rb,9175ed94d83e,testing,3.3,4,0,0,0.0,0,0.0,3,3,3,1.0
selenium-webdriver,lib/selenium/webdriver/bidi.rb,9175ed94d83e,testing,3.5,7,0,75,0.0,0,0.0,8,3,8,1.0
selenium-webdriver,lib/selenium/webdriver/bidi/browser.rb,9175ed94d83e,testing,5.2,16,0,67,0.0,0,0.0,6,4,5,0.833
selenium-webdriver,lib/selenium/webdriver/bidi/browsing_context.rb,9175ed94d83e,testing,4.6,6,0,100,0.0,0,0.0,9,4,6,0.667
selenium-webdriver,lib/selenium/webdriver/bidi/log_handler.rb,9175ed94d83e,testing,5,9,0,80,0.0,0,0.0,5,4,5,1.0
selenium-webdriver,lib/selenium/webdriver/bidi/network.rb,9175ed94d83e,testing,7.4,12,0,92,0.0,0,0.0,12,4,9,0.75
selenium-webdriver,lib/selenium/webdriver/bidi/network/intercepted_auth.rb,9175ed94d83e,testing,3,3,0,100,0.0,1,0.0,3,4,3,1.0
selenium-webdriver,lib/selenium/webdriver/bidi/network/intercepted_request.rb,9175ed94d83e,testing,5.1,12,0,38,0.0,1,0.0,8,4,5,0.625
selenium-webdriver,lib/selenium/webdriver/bidi/network/intercepted_response.rb,9175ed94d83e,testing,5.9,12,0,33,0.0,1,0.0,9,4,6,0.667
selenium-webdriver,lib/selenium/webdriver/bidi/network/url_pattern.rb,9175ed94d83e,testing,10.7,14,0,67,0.0,0,0.0,3,4,3,1.0
selenium-webdriver,lib/selenium/webdriver/bidi/protocol/bluetooth.rb,9175ed94d83e,testing,7,23,11,0,0.0,1,0.0,18,6,12,0.667
selenium-webdriver,lib/selenium/webdriver/bidi/protocol/browser.rb,9175ed94d83e,testing,5.4,23,27,0,0.0,1,0.0,11,7,7,0.636
selenium-webdriver,lib/selenium/webdriver/bidi/protocol/domain.rb,9175ed94d83e,testing,3.3,6,0,100,0.0,0,33.3,3,5,3,1.0
selenium-webdriver,lib/selenium/webdriver/bidi/protocol/web_extension.rb,9175ed94d83e,testing,2.2,8,27,0,0.0,2,0.0,11,7,5,0.455
selenium-webdriver,lib/selenium/webdriver/bidi/serialization.rb,9175ed94d83e,testing,5,9,100,80,0.0,0,0.0,5,4,5,1.0
selenium-webdriver,lib/selenium/webdriver/bidi/serialization/record.rb,9175ed94d83e,testing,8.3,22,10,100,0.0,1,33.3,30,7,28,0.933
selenium-webdriver,lib/selenium/webdriver/bidi/serialization/union.rb,9175ed94d83e,testing,4.3,14,100,62,0.0,0,18.8,16,5,13,0.812
selenium-webdriver,lib/selenium/webdriver/bidi/session.rb,9175ed94d83e,testing,4.8,6,0,75,0.0,0,0.0,4,4,3,0.75
selenium-webdriver,lib/selenium/webdriver/bidi/support/bidi_generate.rb,9175ed94d83e,testing,6.2,21,22,78,0.0,0,0.0,138,2,134,0.971
selenium-webdriver,lib/selenium/webdriver/bidi/support/check_generated.rb,9175ed94d83e,testing,8.7,16,100,33,0.0,0,0.0,3,1,3,1.0
selenium-webdriver,lib/selenium/webdriver/bidi/transport.rb,9175ed94d83e,testing,4,7,0,75,0.0,0,0.0,4,4,4,1.0
selenium-webdriver,lib/selenium/webdriver/chrome/driver.rb,9175ed94d83e,testing,3.7,5,0,33,0.25,1,0.0,3,4,3,1.0
selenium-webdriver,lib/selenium/webdriver/chromium/options.rb,9175ed94d83e,testing,5.6,20,0,79,0.0,1,0.0,14,4,14,1.0
selenium-webdriver,lib/selenium/webdriver/chromium/profile.rb,9175ed94d83e,testing,5.6,12,0,50,0.25,0,0.0,12,4,12,1.0
selenium-webdriver,lib/selenium/webdriver/common/action_builder.rb,9175ed94d83e,testing,4.9,12,0,73,1.0,0,6.7,15,3,13,0.867
selenium-webdriver,lib/selenium/webdriver/common/alert.rb,9175ed94d83e,testing,3.6,6,0,100,0.0,0,0.0,5,3,5,1.0
selenium-webdriver,lib/selenium/webdriver/common/child_process.rb,9175ed94d83e,testing,6.7,15,8,31,0.0,1,0.0,13,4,12,0.923
selenium-webdriver,lib/selenium/webdriver/common/client_config.rb,9175ed94d83e,testing,6.8,15,17,33,0.0,0,0.0,6,3,6,1.0
selenium-webdriver,lib/selenium/webdriver/common/driver.rb,9175ed94d83e,testing,4.3,18,3,83,1.0,0,0.0,29,3,26,0.897
selenium-webdriver,lib/selenium/webdriver/common/driver_extensions/has_authentication.rb,9175ed94d83e,testing,12.7,23,0,67,0.0,0,0.0,3,4,3,1.0
selenium-webdriver,lib/selenium/webdriver/common/driver_extensions/has_casting.rb,9175ed94d83e,testing,3,3,0,100,0.0,0,0.0,6,4,6,1.0
selenium-webdriver,lib/selenium/webdriver/common/driver_extensions/has_fedcm_dialog.rb,9175ed94d83e,testing,4.2,8,0,75,0.0,0,0.0,4,4,4,1.0
selenium-webdriver,lib/selenium/webdriver/common/driver_extensions/has_file_downloads.rb,9175ed94d83e,testing,9.8,24,0,100,0.0,0,0.0,4,4,4,1.0
selenium-webdriver,lib/selenium/webdriver/common/driver_extensions/has_log_events.rb,9175ed94d83e,testing,10.4,19,0,86,0.25,0,14.3,7,4,7,1.0
selenium-webdriver,lib/selenium/webdriver/common/driver_extensions/has_network_conditions.rb,9175ed94d83e,testing,5.3,10,0,100,0.0,0,0.0,3,4,3,1.0
selenium-webdriver,lib/selenium/webdriver/common/driver_extensions/has_pinned_scripts.rb,9175ed94d83e,testing,6.3,11,0,67,0.0,0,0.0,3,4,3,1.0
selenium-webdriver,lib/selenium/webdriver/common/driver_finder.rb,9175ed94d83e,testing,6.2,18,9,91,0.0,0,0.0,11,3,10,0.909
selenium-webdriver,lib/selenium/webdriver/common/element.rb,9175ed94d83e,testing,3.1,6,0,86,0.67,0,0.0,29,3,29,1.0
selenium-webdriver,lib/selenium/webdriver/common/error.rb,9175ed94d83e,testing,5,8,33,33,0.0,2,33.3,3,34,3,1.0
selenium-webdriver,lib/selenium/webdriver/common/fedcm/dialog.rb,9175ed94d83e,testing,3,3,0,88,0.0,0,0.0,8,4,8,1.0
selenium-webdriver,lib/selenium/webdriver/common/file_reaper.rb,9175ed94d83e,testing,5,8,100,80,0.0,0,0.0,5,3,5,1.0
selenium-webdriver,lib/selenium/webdriver/common/interactions/input_device.rb,9175ed94d83e,testing,3.6,5,0,60,0.0,0,0.0,5,4,5,1.0
selenium-webdriver,lib/selenium/webdriver/common/interactions/interactions.rb,9175ed94d83e,testing,3,3,100,0,0.0,0,0.0,7,3,3,0.429
selenium-webdriver,lib/selenium/webdriver/common/interactions/key_actions.rb,9175ed94d83e,testing,4.8,8,0,40,0.0,0,20.0,5,3,4,0.8
selenium-webdriver,lib/selenium/webdriver/common/interactions/pause.rb,9175ed94d83e,testing,4.3,5,0,67,0.0,1,0.0,3,4,3,1.0
selenium-webdriver,lib/selenium/webdriver/common/interactions/pointer_actions.rb,9175ed94d83e,testing,5.6,10,0,33,0.0,0,6.7,15,3,13,0.867
selenium-webdriver,lib/selenium/webdriver/common/interactions/pointer_cancel.rb,9175ed94d83e,testing,3.3,4,0,33,0.0,1,0.0,3,4,3,1.0
selenium-webdriver,lib/selenium/webdriver/common/interactions/pointer_input.rb,9175ed94d83e,testing,3.9,5,0,29,0.0,1,0.0,7,4,6,0.857
selenium-webdriver,lib/selenium/webdriver/common/interactions/pointer_move.rb,9175ed94d83e,testing,6.3,9,0,100,0.25,1,0.0,3,4,3,1.0
selenium-webdriver,lib/selenium/webdriver/common/interactions/pointer_press.rb,9175ed94d83e,testing,6.4,14,0,80,0.25,1,0.0,5,4,5,1.0
selenium-webdriver,lib/selenium/webdriver/common/interactions/scroll.rb,9175ed94d83e,testing,8,12,0,100,0.0,1,0.0,3,4,3,1.0
selenium-webdriver,lib/selenium/webdriver/common/interactions/scroll_origin.rb,9175ed94d83e,testing,3.7,5,67,0,0.0,0,0.0,3,4,3,1.0
selenium-webdriver,lib/selenium/webdriver/common/interactions/typing_interaction.rb,9175ed94d83e,testing,4,5,0,50,0.0,1,0.0,4,4,4,1.0
selenium-webdriver,lib/selenium/webdriver/common/interactions/wheel_actions.rb,9175ed94d83e,testing,4.8,10,0,50,0.0,0,0.0,6,3,6,1.0
selenium-webdriver,lib/selenium/webdriver/common/keys.rb,9175ed94d83e,testing,7,13,100,100,0.0,0,0.0,3,3,3,1.0
selenium-webdriver,lib/selenium/webdriver/common/local_driver.rb,9175ed94d83e,testing,10,15,0,100,0.0,0,50.0,4,3,4,1.0
selenium-webdriver,lib/selenium/webdriver/common/log_entry.rb,9175ed94d83e,testing,4.5,7,0,25,0.0,0,0.0,4,3,4,1.0
selenium-webdriver,lib/selenium/webdriver/common/logger.rb,9175ed94d83e,testing,6.9,19,0,53,0.33,0,20.0,15,3,11,0.733
selenium-webdriver,lib/selenium/webdriver/common/logs.rb,9175ed94d83e,testing,3,3,0,67,0.0,0,0.0,3,3,3,1.0
selenium-webdriver,lib/selenium/webdriver/common/manager.rb,9175ed94d83e,testing,5.9,18,0,75,0.0,0,0.0,12,3,11,0.917
selenium-webdriver,lib/selenium/webdriver/common/navigation.rb,9175ed94d83e,testing,3,3,0,80,0.0,0,0.0,5,3,5,1.0
selenium-webdriver,lib/selenium/webdriver/common/network.rb,9175ed94d83e,testing,8.6,17,0,71,0.33,0,0.0,7,3,6,0.857
selenium-webdriver,lib/selenium/webdriver/common/options.rb,9175ed94d83e,testing,6.2,19,27,68,0.0,0,9.1,22,3,17,0.773
selenium-webdriver,lib/selenium/webdriver/common/platform.rb,9175ed94d83e,testing,5.2,15,0,64,0.0,0,0.0,25,3,19,0.76
selenium-webdriver,lib/selenium/webdriver/common/print_options.rb,9175ed94d83e,testing,15.7,23,0,67,0.0,0,0.0,3,3,3,1.0
selenium-webdriver,lib/selenium/webdriver/common/profile_helper.rb,9175ed94d83e,testing,5.2,10,25,25,0.0,0,0.0,8,4,8,1.0
selenium-webdriver,lib/selenium/webdriver/common/proxy.rb,9175ed94d83e,testing,6.5,16,7,33,0.0,0,13.3,15,3,7,0.467
selenium-webdriver,lib/selenium/webdriver/common/script.rb,9175ed94d83e,testing,3,3,0,100,0.0,0,0.0,4,3,3,0.75
selenium-webdriver,lib/selenium/webdriver/common/search_context.rb,9175ed94d83e,testing,10,21,25,75,0.0,0,0.0,4,3,4,1.0
selenium-webdriver,lib/selenium/webdriver/common/selenium_manager.rb,9175ed94d83e,testing,9.5,16,100,50,0.0,0,12.5,8,3,8,1.0
selenium-webdriver,lib/selenium/webdriver/common/service.rb,9175ed94d83e,testing,4.8,19,60,20,0.0,0,0.0,10,3,6,0.6
selenium-webdriver,lib/selenium/webdriver/common/service_manager.rb,9175ed94d83e,testing,6.9,15,0,76,0.0,0,0.0,17,3,17,1.0
selenium-webdriver,lib/selenium/webdriver/common/shadow_root.rb,9175ed94d83e,testing,3.1,4,0,29,0.33,0,0.0,7,3,7,1.0
selenium-webdriver,lib/selenium/webdriver/common/socket_lock.rb,9175ed94d83e,testing,5.7,9,0,57,0.0,0,0.0,7,3,7,1.0
selenium-webdriver,lib/selenium/webdriver/common/socket_poller.rb,9175ed94d83e,testing,6.6,21,0,56,0.0,0,0.0,9,3,9,1.0
selenium-webdriver,lib/selenium/webdriver/common/target_locator.rb,9175ed94d83e,testing,7.9,25,0,75,0.0,0,0.0,8,3,8,1.0
selenium-webdriver,lib/selenium/webdriver/common/timeouts.rb,9175ed94d83e,testing,3,3,0,86,0.0,0,0.0,7,3,3,0.429
selenium-webdriver,lib/selenium/webdriver/common/virtual_authenticator/credential.rb,9175ed94d83e,testing,5.7,10,71,57,0.0,0,0.0,7,3,6,0.857
selenium-webdriver,lib/selenium/webdriver/common/virtual_authenticator/virtual_authenticator.rb,9175ed94d83e,testing,4.1,6,0,75,0.0,0,0.0,8,3,8,1.0
selenium-webdriver,lib/selenium/webdriver/common/wait.rb,9175ed94d83e,testing,12.3,27,0,67,0.0,0,0.0,3,3,3,1.0
selenium-webdriver,lib/selenium/webdriver/common/websocket_connection.rb,9175ed94d83e,testing,9.7,24,0,69,0.0,0,0.0,16,3,15,0.938
selenium-webdriver,lib/selenium/webdriver/common/window.rb,9175ed94d83e,testing,4.5,11,0,92,0.0,0,0.0,12,3,12,1.0
selenium-webdriver,lib/selenium/webdriver/common/zipper.rb,9175ed94d83e,testing,11,20,100,80,0.0,0,0.0,5,3,5,1.0
selenium-webdriver,lib/selenium/webdriver/devtools.rb,9175ed94d83e,testing,7,22,0,88,0.0,0,62.5,8,3,8,1.0
selenium-webdriver,lib/selenium/webdriver/devtools/network_interceptor.rb,9175ed94d83e,testing,6.9,14,0,80,0.0,0,0.0,15,4,14,0.933
selenium-webdriver,lib/selenium/webdriver/devtools/pinned_script.rb,9175ed94d83e,testing,3.2,4,0,0,0.0,0,0.0,4,4,4,1.0
selenium-webdriver,lib/selenium/webdriver/devtools/request.rb,9175ed94d83e,testing,6.8,9,25,50,0.0,0,0.0,4,4,4,1.0
selenium-webdriver,lib/selenium/webdriver/devtools/response.rb,9175ed94d83e,testing,6.5,10,25,50,0.0,0,0.0,4,4,4,1.0
selenium-webdriver,lib/selenium/webdriver/edge/driver.rb,9175ed94d83e,testing,3.7,5,0,33,0.25,1,0.0,3,4,3,1.0
selenium-webdriver,lib/selenium/webdriver/edge/options.rb,9175ed94d83e,testing,3,3,0,67,0.0,1,0.0,3,4,3,1.0
selenium-webdriver,lib/selenium/webdriver/firefox/extension.rb,9175ed94d83e,testing,7.6,17,0,62,0.0,0,0.0,8,4,8,1.0
selenium-webdriver,lib/selenium/webdriver/firefox/features.rb,9175ed94d83e,testing,4.1,11,0,29,0.0,0,0.0,7,4,5,0.714
selenium-webdriver,lib/selenium/webdriver/firefox/options.rb,9175ed94d83e,testing,5.5,17,0,82,0.0,1,0.0,11,4,11,1.0
selenium-webdriver,lib/selenium/webdriver/firefox/profile.rb,9175ed94d83e,testing,7.0,21,14,43,0.25,0,0.0,21,4,20,0.952
selenium-webdriver,lib/selenium/webdriver/firefox/profiles_ini.rb,9175ed94d83e,testing,8,21,0,60,0.0,0,0.0,5,4,5,1.0
selenium-webdriver,lib/selenium/webdriver/firefox/service.rb,9175ed94d83e,testing,8,12,0,50,0.0,1,0.0,4,4,4,1.0
selenium-webdriver,lib/selenium/webdriver/ie/options.rb,9175ed94d83e,testing,4.3,6,0,100,0.0,1,0.0,3,4,3,1.0
selenium-webdriver,lib/selenium/webdriver/remote/bidi_bridge.rb,9175ed94d83e,testing,5.1,12,0,90,0.0,1,0.0,10,4,9,0.9
selenium-webdriver,lib/selenium/webdriver/remote/bridge.rb,9175ed94d83e,testing,4.4,23,3,25,1.5,0,1.0,103,4,45,0.437
selenium-webdriver,lib/selenium/webdriver/remote/capabilities.rb,9175ed94d83e,testing,6.0,27,20,84,0.0,0,0.0,25,4,21,0.84
selenium-webdriver,lib/selenium/webdriver/remote/driver.rb,9175ed94d83e,testing,8.2,15,0,100,1.0,1,16.7,6,4,6,1.0
selenium-webdriver,lib/selenium/webdriver/remote/features.rb,9175ed94d83e,testing,4.3,9,0,56,0.0,0,0.0,9,4,8,0.889
selenium-webdriver,lib/selenium/webdriver/remote/http/common.rb,9175ed94d83e,testing,7.1,22,27,47,0.0,0,0.0,15,5,14,0.933
selenium-webdriver,lib/selenium/webdriver/remote/http/curb.rb,9175ed94d83e,testing,13.8,32,0,50,0.0,1,0.0,4,5,4,1.0
selenium-webdriver,lib/selenium/webdriver/remote/http/default.rb,9175ed94d83e,testing,7.3,33,0,100,0.0,1,11.1,18,5,18,1.0
selenium-webdriver,lib/selenium/webdriver/remote/response.rb,9175ed94d83e,testing,8,16,0,71,0.0,0,0.0,7,4,7,1.0
selenium-webdriver,lib/selenium/webdriver/safari.rb,9175ed94d83e,testing,3.2,4,100,0,0.0,0,0.0,5,3,3,0.6
selenium-webdriver,lib/selenium/webdriver/safari/features.rb,9175ed94d83e,testing,3,3,0,20,0.0,0,0.0,5,4,5,1.0
selenium-webdriver,lib/selenium/webdriver/safari/options.rb,9175ed94d83e,testing,4.5,6,0,100,0.0,1,0.0,4,4,4,1.0
selenium-webdriver,lib/selenium/webdriver/support/block_event_listener.rb,9175ed94d83e,testing,3,3,0,33,0.0,0,0.0,3,4,3,1.0
selenium-webdriver,lib/selenium/webdriver/support/color.rb,9175ed94d83e,testing,9.3,24,33,56,0.0,0,0.0,9,4,9,1.0
selenium-webdriver,lib/selenium/webdriver/support/event_firing_bridge.rb,9175ed94d83e,testing,4.9,9,0,88,0.0,0,17.6,17,4,17,1.0
selenium-webdriver,lib/selenium/webdriver/support/guards.rb,9175ed94d83e,testing,6.3,18,0,89,0.0,0,0.0,9,4,9,1.0
selenium-webdriver,lib/selenium/webdriver/support/guards/guard.rb,9175ed94d83e,testing,6.9,23,0,100,0.0,0,0.0,8,5,6,0.75
selenium-webdriver,lib/selenium/webdriver/support/select.rb,9175ed94d83e,testing,6.9,18,0,95,0.0,0,0.0,22,4,22,1.0
selenium-webdriver,support/generated_note.rb,9175ed94d83e,testing,4.7,6,100,67,0.0,0,0.0,3,1,3,1.0
sentry-ruby,bin/lib/matrix.rb,a940dfdb5a64,error handling,7.5,24,0,54,0.0,0,0.0,13,1,12,0.923
sentry-ruby,sentry-delayed_job/lib/sentry/delayed_job/plugin.rb,a940dfdb5a64,error handling,10.4,27,100,88,0.0,1,0.0,8,3,8,1.0
sentry-ruby,sentry-opentelemetry/lib/sentry/opentelemetry/otlp_setup.rb,a940dfdb5a64,error handling,9.7,30,100,83,0.0,0,0.0,6,3,6,1.0
sentry-ruby,sentry-opentelemetry/lib/sentry/opentelemetry/propagator.rb,a940dfdb5a64,error handling,20,40,0,67,0.0,0,0.0,3,3,3,1.0
sentry-ruby,sentry-opentelemetry/lib/sentry/opentelemetry/span_processor.rb,a940dfdb5a64,error handling,14.1,43,0,83,0.33,1,0.0,12,3,12,1.0
sentry-ruby,sentry-rails/lib/sentry/rails/action_cable.rb,a940dfdb5a64,error handling,8.9,26,50,50,0.0,0,12.5,8,8,7,0.875
sentry-ruby,sentry-rails/lib/sentry/rails/active_job.rb,a940dfdb5a64,error handling,10.1,51,83,78,0.25,0,4.3,23,4,22,0.957
sentry-ruby,sentry-rails/lib/sentry/rails/breadcrumb/active_support_logger.rb,a940dfdb5a64,error handling,9.3,15,100,67,0.0,0,0.0,3,4,3,1.0
sentry-ruby,sentry-rails/lib/sentry/rails/capture_exceptions.rb,a940dfdb5a64,error handling,7.1,15,0,71,0.33,1,0.0,7,3,7,1.0
sentry-ruby,sentry-rails/lib/sentry/rails/configuration.rb,a940dfdb5a64,error handling,9,20,0,0,0.0,0,0.0,3,5,3,1.0
sentry-ruby,sentry-rails/lib/sentry/rails/controller_methods.rb,a940dfdb5a64,error handling,5.3,6,0,33,0.0,0,0.0,3,3,3,1.0
sentry-ruby,sentry-rails/lib/sentry/rails/log_subscriber.rb,a940dfdb5a64,error handling,6.7,11,33,100,0.33,1,66.7,3,3,3,1.0
sentry-ruby,sentry-rails/lib/sentry/rails/log_subscribers/action_controller_subscriber.rb,a940dfdb5a64,error handling,27.3,43,0,100,0.25,2,0.0,3,4,3,1.0
sentry-ruby,sentry-rails/lib/sentry/rails/log_subscribers/active_job_subscriber.rb,a940dfdb5a64,error handling,24.6,35,0,100,0.25,2,0.0,5,4,5,1.0
sentry-ruby,sentry-rails/lib/sentry/rails/log_subscribers/active_record_subscriber.rb,a940dfdb5a64,error handling,14.6,46,0,100,0.25,2,0.0,8,4,8,1.0
sentry-ruby,sentry-rails/lib/sentry/rails/railtie.rb,a940dfdb5a64,error handling,5.7,11,0,27,3.0,1,18.2,11,2,11,1.0
sentry-ruby,sentry-rails/lib/sentry/rails/rescued_exception_interceptor.rb,a940dfdb5a64,error handling,8.3,12,0,67,0.0,0,0.0,3,3,3,1.0
sentry-ruby,sentry-rails/lib/sentry/rails/serializer.rb,a940dfdb5a64,error handling,8.3,14,100,100,0.0,0,0.0,3,3,3,1.0
sentry-ruby,sentry-rails/lib/sentry/rails/tracing.rb,a940dfdb5a64,error handling,6.8,16,80,30,0.0,0,30.0,10,4,9,0.9
sentry-ruby,sentry-rails/lib/sentry/rails/tracing/abstract_subscriber.rb,a940dfdb5a64,error handling,7.4,10,100,60,0.0,0,0.0,5,4,5,1.0
sentry-ruby,sentry-resque/lib/sentry/resque.rb,a940dfdb5a64,error handling,16.2,30,80,80,0.0,0,20.0,5,3,5,1.0
sentry-ruby,sentry-ruby/lib/sentry-ruby.rb,a940dfdb5a64,error handling,5.5,28,100,79,1.0,0,6.9,58,1,54,0.931
sentry-ruby,sentry-ruby/lib/sentry/attachment.rb,a940dfdb5a64,error handling,6.2,9,0,25,0.0,0,0.0,4,2,4,1.0
sentry-ruby,sentry-ruby/lib/sentry/background_worker.rb,a940dfdb5a64,error handling,10,30,0,100,0.5,0,0.0,5,2,5,1.0
sentry-ruby,sentry-ruby/lib/sentry/backpressure_monitor.rb,a940dfdb5a64,error handling,5.2,9,0,50,0.0,1,0.0,6,2,5,0.833
sentry-ruby,sentry-ruby/lib/sentry/backtrace.rb,a940dfdb5a64,error handling,8,23,50,62,0.0,0,0.0,8,2,7,0.875
sentry-ruby,sentry-ruby/lib/sentry/backtrace/line.rb,a940dfdb5a64,error handling,7.9,22,29,71,0.0,0,0.0,7,3,7,1.0
sentry-ruby,sentry-ruby/lib/sentry/baggage.rb,a940dfdb5a64,error handling,6.8,20,20,40,0.0,0,0.0,5,2,4,0.8
sentry-ruby,sentry-ruby/lib/sentry/breadcrumb.rb,a940dfdb5a64,error handling,7.6,14,0,40,0.0,0,0.0,5,2,5,1.0
sentry-ruby,sentry-ruby/lib/sentry/breadcrumb/sentry_logger.rb,a940dfdb5a64,error handling,16.2,53,0,50,0.0,0,0.0,4,3,4,1.0
sentry-ruby,sentry-ruby/lib/sentry/breadcrumb_buffer.rb,a940dfdb5a64,error handling,3.8,5,0,88,0.5,0,0.0,8,2,8,1.0
sentry-ruby,sentry-ruby/lib/sentry/client.rb,a940dfdb5a64,error handling,16.4,58,0,79,0.5,0,0.0,14,2,14,1.0
sentry-ruby,sentry-ruby/lib/sentry/configuration.rb,a940dfdb5a64,error handling,7.0,74,14,54,1.0,0,5.1,59,3,50,0.847
sentry-ruby,sentry-ruby/lib/sentry/core_ext/object/deep_dup.rb,a940dfdb5a64,error handling,6,12,0,33,0.0,0,0.0,3,3,3,1.0
sentry-ruby,sentry-ruby/lib/sentry/cron/monitor_check_ins.rb,a940dfdb5a64,error handling,11.8,34,20,60,0.2,0,0.0,5,5,5,1.0
sentry-ruby,sentry-ruby/lib/sentry/cron/monitor_config.rb,a940dfdb5a64,error handling,5.5,8,50,25,0.0,0,0.0,4,3,4,1.0
sentry-ruby,sentry-ruby/lib/sentry/cron/monitor_schedule.rb,a940dfdb5a64,error handling,3.2,4,0,0,0.0,0,0.0,4,5,4,1.0
sentry-ruby,sentry-ruby/lib/sentry/debug_structured_logger.rb,a940dfdb5a64,error handling,7.3,12,0,86,0.0,1,0.0,7,3,7,1.0
sentry-ruby,sentry-ruby/lib/sentry/dsn.rb,a940dfdb5a64,error handling,6.5,20,0,38,0.0,0,7.7,13,2,12,0.923
sentry-ruby,sentry-ruby/lib/sentry/envelope.rb,a940dfdb5a64,error handling,3.2,4,0,75,0.0,0,0.0,4,2,4,1.0
sentry-ruby,sentry-ruby/lib/sentry/envelope/item.rb,a940dfdb5a64,error handling,7.3,15,18,73,0.0,0,0.0,11,2,11,1.0
sentry-ruby,sentry-ruby/lib/sentry/error_event.rb,a940dfdb5a64,error handling,6.7,7,0,67,0.0,1,0.0,3,2,3,1.0
sentry-ruby,sentry-ruby/lib/sentry/event.rb,a940dfdb5a64,error handling,8.4,31,0,78,0.5,0,11.1,9,2,9,1.0
sentry-ruby,sentry-ruby/lib/sentry/excon/middleware.rb,a940dfdb5a64,error handling,8.8,15,0,83,0.25,1,0.0,6,4,6,1.0
sentry-ruby,sentry-ruby/lib/sentry/faraday.rb,a940dfdb5a64,error handling,15.3,24,0,100,0.25,0,0.0,3,4,3,1.0
sentry-ruby,sentry-ruby/lib/sentry/hub.rb,a940dfdb5a64,error handling,9.5,32,0,89,0.33,0,2.9,35,3,35,1.0
sentry-ruby,sentry-ruby/lib/sentry/integrable.rb,a940dfdb5a64,error handling,5.2,9,0,60,0.0,0,0.0,5,2,5,1.0
sentry-ruby,sentry-ruby/lib/sentry/interfaces/exception.rb,a940dfdb5a64,error handling,7.7,15,33,67,0.0,1,0.0,3,2,3,1.0
sentry-ruby,sentry-ruby/lib/sentry/interfaces/request.rb,a940dfdb5a64,error handling,12,24,14,86,0.0,1,0.0,7,2,7,1.0
sentry-ruby,sentry-ruby/lib/sentry/interfaces/single_exception.rb,a940dfdb5a64,error handling,15.7,24,33,100,0.5,1,33.3,3,2,3,1.0
sentry-ruby,sentry-ruby/lib/sentry/interfaces/stacktrace.rb,a940dfdb5a64,error handling,4.9,8,0,71,0.0,1,0.0,7,3,6,0.857
sentry-ruby,sentry-ruby/lib/sentry/interfaces/stacktrace_builder.rb,a940dfdb5a64,error handling,11.8,19,0,50,0.0,0,0.0,4,2,4,1.0
sentry-ruby,sentry-ruby/lib/sentry/interfaces/threads.rb,a940dfdb5a64,error handling,8,13,33,67,0.0,0,0.0,3,2,3,1.0
sentry-ruby,sentry-ruby/lib/sentry/linecache.rb,a940dfdb5a64,error handling,7,11,0,75,0.0,0,0.0,4,2,4,1.0
sentry-ruby,sentry-ruby/lib/sentry/log_event.rb,a940dfdb5a64,error handling,7.2,18,0,89,0.5,0,0.0,9,2,9,1.0
sentry-ruby,sentry-ruby/lib/sentry/metric_event.rb,a940dfdb5a64,error handling,10.7,17,0,67,0.5,0,0.0,3,2,3,1.0
sentry-ruby,sentry-ruby/lib/sentry/net/http.rb,a940dfdb5a64,error handling,15,25,0,100,0.33,0,0.0,3,3,3,1.0
sentry-ruby,sentry-ruby/lib/sentry/profiler.rb,a940dfdb5a64,error handling,21.6,108,0,25,0.5,0,0.0,8,2,8,1.0
sentry-ruby,sentry-ruby/lib/sentry/profiler/helpers.rb,a940dfdb5a64,error handling,4.7,8,0,100,0.0,0,0.0,3,3,3,1.0
sentry-ruby,sentry-ruby/lib/sentry/propagation_context.rb,a940dfdb5a64,error handling,14.4,41,40,80,0.0,0,0.0,10,2,10,1.0
sentry-ruby,sentry-ruby/lib/sentry/rack/capture_exceptions.rb,a940dfdb5a64,error handling,11.2,35,0,67,0.0,0,0.0,12,3,11,0.917
sentry-ruby,sentry-ruby/lib/sentry/redis.rb,a940dfdb5a64,error handling,8,17,0,56,0.0,0,0.0,9,4,8,0.889
sentry-ruby,sentry-ruby/lib/sentry/release_detector.rb,a940dfdb5a64,error handling,5,10,100,0,0.0,0,0.0,6,2,5,0.833
sentry-ruby,sentry-ruby/lib/sentry/rspec.rb,a940dfdb5a64,error handling,5.9,14,0,88,0.0,0,0.0,8,0,7,0.875
sentry-ruby,sentry-ruby/lib/sentry/scope.rb,a940dfdb5a64,error handling,7.1,31,11,50,0.5,0,0.0,38,2,34,0.895
sentry-ruby,sentry-ruby/lib/sentry/session.rb,a940dfdb5a64,error handling,4.2,8,0,50,0.0,0,0.0,4,2,4,1.0
sentry-ruby,sentry-ruby/lib/sentry/session_flusher.rb,a940dfdb5a64,error handling,7.5,13,0,83,0.0,1,0.0,6,2,6,1.0
sentry-ruby,sentry-ruby/lib/sentry/span.rb,a940dfdb5a64,error handling,7.1,27,0,44,0.0,0,0.0,18,3,13,0.722
sentry-ruby,sentry-ruby/lib/sentry/telemetry_event_buffer.rb,a940dfdb5a64,error handling,15.7,48,0,100,0.0,1,0.0,7,2,7,1.0
sentry-ruby,sentry-ruby/lib/sentry/test_helper.rb,a940dfdb5a64,error handling,9.2,38,0,85,0.0,0,23.1,13,2,12,0.923
sentry-ruby,sentry-ruby/lib/sentry/threaded_periodic_worker.rb,a940dfdb5a64,error handling,11.3,17,0,67,0.5,0,0.0,3,2,3,1.0
sentry-ruby,sentry-ruby/lib/sentry/transaction.rb,a940dfdb5a64,error handling,11.4,59,0,95,0.33,1,0.0,20,3,20,1.0
sentry-ruby,sentry-ruby/lib/sentry/transaction_event.rb,a940dfdb5a64,error handling,12.5,22,0,100,0.0,1,0.0,4,2,4,1.0
sentry-ruby,sentry-ruby/lib/sentry/transport.rb,a940dfdb5a64,error handling,15.8,50,0,75,0.5,0,0.0,12,2,12,1.0
sentry-ruby,sentry-ruby/lib/sentry/transport/debug_transport.rb,a940dfdb5a64,error handling,6.1,11,0,57,0.0,1,0.0,7,2,7,1.0
sentry-ruby,sentry-ruby/lib/sentry/transport/dummy_transport.rb,a940dfdb5a64,error handling,4,5,0,75,0.0,1,0.0,4,2,4,1.0
sentry-ruby,sentry-ruby/lib/sentry/transport/http_transport.rb,a940dfdb5a64,error handling,13.5,41,0,100,0.0,1,8.3,12,2,12,1.0
sentry-ruby,sentry-ruby/lib/sentry/transport/spotlight_transport.rb,a940dfdb5a64,error handling,6.4,12,0,60,0.0,2,0.0,5,2,4,0.8
sentry-ruby,sentry-ruby/lib/sentry/utils/argument_checking_helper.rb,a940dfdb5a64,error handling,5,5,0,100,0.0,0,0.0,3,2,3,1.0
sentry-ruby,sentry-ruby/lib/sentry/utils/encoding_helper.rb,a940dfdb5a64,error handling,5.3,8,100,67,0.0,0,0.0,3,3,3,1.0
sentry-ruby,sentry-ruby/lib/sentry/utils/filename_cache.rb,a940dfdb5a64,error handling,11.7,27,0,67,0.0,0,0.0,3,2,3,1.0
sentry-ruby,sentry-ruby/lib/sentry/utils/http_tracing.rb,a940dfdb5a64,error handling,9,17,0,71,0.0,0,0.0,7,3,7,1.0
sentry-ruby,sentry-ruby/lib/sentry/utils/logging_helper.rb,a940dfdb5a64,error handling,5.8,8,0,80,0.0,0,0.0,5,2,5,1.0
sentry-ruby,sentry-ruby/lib/sentry/utils/real_ip.rb,a940dfdb5a64,error handling,13.5,19,0,75,0.0,0,0.0,4,3,4,1.0
sentry-ruby,sentry-ruby/lib/sentry/utils/sample_rand.rb,a940dfdb5a64,error handling,5.9,13,17,67,0.0,0,0.0,12,3,12,1.0
sentry-ruby,sentry-ruby/lib/sentry/vernier/output.rb,a940dfdb5a64,error handling,9.6,21,0,71,0.33,0,0.0,7,3,7,1.0
sentry-ruby,sentry-ruby/lib/sentry/vernier/profiler.rb,a940dfdb5a64,error handling,10.7,26,0,40,0.0,0,0.0,10,3,10,1.0
sentry-ruby,sentry-sidekiq/lib/sentry/sidekiq/context_filter.rb,a940dfdb5a64,error handling,8.7,14,0,67,0.0,0,0.0,6,3,6,1.0
sentry-ruby,sentry-sidekiq/lib/sentry/sidekiq/cron/job.rb,a940dfdb5a64,error handling,11.2,28,25,75,0.0,0,75.0,4,4,4,1.0
sentry-ruby,sentry-sidekiq/lib/sentry/sidekiq/error_handler.rb,a940dfdb5a64,error handling,24.3,46,0,100,0.0,0,0.0,3,3,3,1.0
sentry-ruby,sentry-sidekiq/lib/sentry/sidekiq/sentry_context_middleware.rb,a940dfdb5a64,error handling,10.6,42,0,89,0.4,0,0.0,9,5,9,1.0
sentry-ruby,sentry-yabeda/lib/sentry/yabeda/adapter.rb,a940dfdb5a64,error handling,4.6,10,0,25,0.0,1,0.0,12,3,8,0.667
shoulda-matchers,custom_plan.rb,cf3b3685f2c0,testing,7.7,22,8,50,0.0,1,8.3,12,2,11,0.917
shoulda-matchers,doc_config/yard/templates/default/fulldoc/html/setup.rb,cf3b3685f2c0,testing,12.3,30,0,67,0.0,0,0.0,3,0,3,1.0
shoulda-matchers,doc_config/yard/templates/default/layout/html/setup.rb,cf3b3685f2c0,testing,9.8,19,0,75,0.0,0,0.0,4,0,4,1.0
shoulda-matchers,lib/shoulda/matchers/action_controller/callback_matcher.rb,cf3b3685f2c0,testing,4,6,0,44,0.0,0,0.0,9,4,6,0.667
shoulda-matchers,lib/shoulda/matchers/action_controller/filter_param_matcher.rb,cf3b3685f2c0,testing,4,10,0,25,0.0,0,0.0,8,4,7,0.875
shoulda-matchers,lib/shoulda/matchers/action_controller/flash_store.rb,cf3b3685f2c0,testing,4.1,7,14,64,0.0,0,42.9,14,4,12,0.857
shoulda-matchers,lib/shoulda/matchers/action_controller/permit_matcher.rb,cf3b3685f2c0,testing,5.9,14,3,67,0.0,1,3.3,30,8,27,0.9
shoulda-matchers,lib/shoulda/matchers/action_controller/redirect_to_matcher.rb,cf3b3685f2c0,testing,6.1,14,0,43,0.0,0,28.6,7,4,7,1.0
shoulda-matchers,lib/shoulda/matchers/action_controller/render_template_matcher.rb,cf3b3685f2c0,testing,5.2,9,0,33,0.0,0,16.7,6,4,6,1.0
shoulda-matchers,lib/shoulda/matchers/action_controller/render_with_layout_matcher.rb,cf3b3685f2c0,testing,4.9,10,0,54,0.0,0,7.7,13,4,12,0.923
shoulda-matchers,lib/shoulda/matchers/action_controller/rescue_from_matcher.rb,cf3b3685f2c0,testing,5.6,13,0,45,0.0,0,0.0,11,4,9,0.818
shoulda-matchers,lib/shoulda/matchers/action_controller/respond_with_matcher.rb,cf3b3685f2c0,testing,4,12,0,27,0.0,0,0.0,11,4,10,0.909
shoulda-matchers,lib/shoulda/matchers/action_controller/route_matcher.rb,cf3b3685f2c0,testing,5.4,14,0,36,0.0,0,9.1,11,4,11,1.0
shoulda-matchers,lib/shoulda/matchers/action_controller/route_params.rb,cf3b3685f2c0,testing,5,7,0,75,0.0,0,0.0,8,4,8,1.0
shoulda-matchers,lib/shoulda/matchers/action_controller/session_store.rb,cf3b3685f2c0,testing,3.4,5,0,80,0.0,0,0.0,5,4,5,1.0
shoulda-matchers,lib/shoulda/matchers/action_controller/set_flash_matcher.rb,cf3b3685f2c0,testing,6.6,16,0,43,0.2,1,0.0,7,5,7,1.0
shoulda-matchers,lib/shoulda/matchers/action_controller/set_session_matcher.rb,cf3b3685f2c0,testing,3.8,4,0,60,0.25,0,0.0,5,4,5,1.0
shoulda-matchers,lib/shoulda/matchers/action_controller/set_session_or_flash_matcher.rb,cf3b3685f2c0,testing,5.4,19,0,50,0.0,0,7.1,14,4,10,0.714
shoulda-matchers,lib/shoulda/matchers/active_model/allow_value_matcher.rb,cf3b3685f2c0,testing,8.1,74,0,65,0.5,0,2.7,37,4,34,0.919
shoulda-matchers,lib/shoulda/matchers/active_model/allow_value_matcher/attribute_setter.rb,cf3b3685f2c0,testing,5.3,16,3,70,0.0,0,6.1,33,5,32,0.97
shoulda-matchers,lib/shoulda/matchers/active_model/allow_value_matcher/attribute_setter_and_validator.rb,cf3b3685f2c0,testing,7.2,10,0,25,0.2,0,0.0,4,5,4,1.0
shoulda-matchers,lib/shoulda/matchers/active_model/allow_value_matcher/attribute_setters.rb,cf3b3685f2c0,testing,4.5,9,0,100,0.2,0,0.0,4,5,4,1.0
shoulda-matchers,lib/shoulda/matchers/active_model/allow_value_matcher/attribute_setters_and_validators.rb,cf3b3685f2c0,testing,4,9,0,83,0.2,0,0.0,6,5,5,0.833
shoulda-matchers,lib/shoulda/matchers/active_model/comparison_matcher.rb,cf3b3685f2c0,testing,6.2,13,0,56,0.0,1,12.5,16,4,15,0.938
shoulda-matchers,lib/shoulda/matchers/active_model/disallow_value_matcher.rb,cf3b3685f2c0,testing,3.5,4,0,90,0.25,0,0.0,10,4,10,1.0
shoulda-matchers,lib/shoulda/matchers/active_model/errors.rb,cf3b3685f2c0,testing,4.3,7,33,33,0.0,2,0.0,6,6,5,0.833
shoulda-matchers,lib/shoulda/matchers/active_model/have_secure_password_matcher.rb,cf3b3685f2c0,testing,7.4,19,0,62,0.0,0,50.0,8,4,8,1.0
shoulda-matchers,lib/shoulda/matchers/active_model/helpers.rb,cf3b3685f2c0,testing,8.7,13,0,100,0.0,0,0.0,3,4,3,1.0
shoulda-matchers,lib/shoulda/matchers/active_model/numericality_matchers/even_number_matcher.rb,cf3b3685f2c0,testing,5.2,10,0,60,0.0,1,0.0,5,5,4,0.8
shoulda-matchers,lib/shoulda/matchers/active_model/numericality_matchers/numeric_type_matcher.rb,cf3b3685f2c0,testing,3.6,6,0,14,0.2,0,0.0,7,5,5,0.714
shoulda-matchers,lib/shoulda/matchers/active_model/numericality_matchers/odd_number_matcher.rb,cf3b3685f2c0,testing,5.2,10,0,60,0.0,1,0.0,5,5,4,0.8
shoulda-matchers,lib/shoulda/matchers/active_model/numericality_matchers/only_integer_matcher.rb,cf3b3685f2c0,testing,5,9,0,60,0.0,1,0.0,5,5,4,0.8
shoulda-matchers,lib/shoulda/matchers/active_model/numericality_matchers/range_matcher.rb,cf3b3685f2c0,testing,5.6,11,0,62,0.0,1,0.0,8,5,8,1.0
shoulda-matchers,lib/shoulda/matchers/active_model/numericality_matchers/submatchers.rb,cf3b3685f2c0,testing,3.6,5,0,89,0.0,0,0.0,9,5,9,1.0
shoulda-matchers,lib/shoulda/matchers/active_model/qualifiers/allow_blank.rb,cf3b3685f2c0,testing,3.7,4,0,0,0.0,0,0.0,3,5,3,1.0
shoulda-matchers,lib/shoulda/matchers/active_model/qualifiers/allow_nil.rb,cf3b3685f2c0,testing,3.7,4,0,0,0.0,0,0.0,3,5,3,1.0
shoulda-matchers,lib/shoulda/matchers/active_model/qualifiers/ignore_interference_by_writer.rb,cf3b3685f2c0,testing,8.7,27,0,67,0.0,0,11.1,9,5,8,0.889
shoulda-matchers,lib/shoulda/matchers/active_model/validate_absence_of_matcher.rb,cf3b3685f2c0,testing,5.9,24,0,55,0.0,1,0.0,11,4,11,1.0
shoulda-matchers,lib/shoulda/matchers/active_model/validate_acceptance_of_matcher.rb,cf3b3685f2c0,testing,3.6,4,0,0,0.0,1,0.0,5,4,5,1.0
shoulda-matchers,lib/shoulda/matchers/active_model/validate_comparison_of_matcher.rb,cf3b3685f2c0,testing,5.9,19,0,49,0.0,1,2.7,37,4,30,0.811
shoulda-matchers,lib/shoulda/matchers/active_model/validate_confirmation_of_matcher.rb,cf3b3685f2c0,testing,5.4,10,0,8,0.25,1,0.0,12,4,8,0.667
shoulda-matchers,lib/shoulda/matchers/active_model/validate_exclusion_of_matcher.rb,cf3b3685f2c0,testing,5.6,17,0,47,0.0,1,0.0,19,4,16,0.842
shoulda-matchers,lib/shoulda/matchers/active_model/validate_inclusion_of_matcher.rb,cf3b3685f2c0,testing,7.3,20,0,60,0.0,1,2.3,43,5,35,0.814
shoulda-matchers,lib/shoulda/matchers/active_model/validate_length_of_matcher.rb,cf3b3685f2c0,testing,5.9,18,0,62,0.25,1,0.0,37,4,31,0.838
shoulda-matchers,lib/shoulda/matchers/active_model/validate_numericality_of_matcher.rb,cf3b3685f2c0,testing,6.3,19,0,45,0.0,1,2.3,44,4,36,0.818
shoulda-matchers,lib/shoulda/matchers/active_model/validate_presence_of_matcher.rb,cf3b3685f2c0,testing,6.7,20,0,50,0.5,1,0.0,32,4,32,1.0
shoulda-matchers,lib/shoulda/matchers/active_model/validation_matcher.rb,cf3b3685f2c0,testing,5.6,16,0,48,0.25,0,0.0,27,4,20,0.741
shoulda-matchers,lib/shoulda/matchers/active_model/validation_matcher/build_description.rb,cf3b3685f2c0,testing,8.2,17,20,60,0.0,0,0.0,5,5,5,1.0
shoulda-matchers,lib/shoulda/matchers/active_model/validation_message_finder.rb,cf3b3685f2c0,testing,3.6,7,0,45,0.25,0,0.0,11,4,10,0.909
shoulda-matchers,lib/shoulda/matchers/active_model/validator.rb,cf3b3685f2c0,testing,5.2,24,0,67,0.25,0,0.0,18,4,15,0.833
shoulda-matchers,lib/shoulda/matchers/active_record/accept_nested_attributes_for_matcher.rb,cf3b3685f2c0,testing,5.2,13,0,63,0.0,0,0.0,19,4,15,0.789
shoulda-matchers,lib/shoulda/matchers/active_record/association_matcher.rb,cf3b3685f2c0,testing,6.8,23,0,69,0.0,0,0.0,84,4,57,0.679
shoulda-matchers,lib/shoulda/matchers/active_record/association_matchers/counter_cache_matcher.rb,cf3b3685f2c0,testing,8.7,16,0,33,0.0,0,0.0,6,5,6,1.0
shoulda-matchers,lib/shoulda/matchers/active_record/association_matchers/dependent_matcher.rb,cf3b3685f2c0,testing,5.3,10,0,29,0.0,0,0.0,7,5,7,1.0
shoulda-matchers,lib/shoulda/matchers/active_record/association_matchers/inverse_of_matcher.rb,cf3b3685f2c0,testing,5.2,10,0,25,0.0,0,0.0,4,5,4,1.0
shoulda-matchers,lib/shoulda/matchers/active_record/association_matchers/join_table_matcher.rb,cf3b3685f2c0,testing,6.1,16,0,64,0.0,0,0.0,11,5,11,1.0
shoulda-matchers,lib/shoulda/matchers/active_record/association_matchers/model_reflection.rb,cf3b3685f2c0,testing,5.4,10,0,100,0.0,1,7.7,13,5,11,0.846
shoulda-matchers,lib/shoulda/matchers/active_record/association_matchers/model_reflector.rb,cf3b3685f2c0,testing,6.1,12,0,75,0.0,0,0.0,8,5,8,1.0
shoulda-matchers,lib/shoulda/matchers/active_record/association_matchers/option_verifier.rb,cf3b3685f2c0,testing,6.4,14,0,56,0.0,0,6.2,16,5,12,0.75
shoulda-matchers,lib/shoulda/matchers/active_record/association_matchers/optional_matcher.rb,cf3b3685f2c0,testing,10,24,0,40,0.0,0,0.0,5,5,5,1.0
shoulda-matchers,lib/shoulda/matchers/active_record/association_matchers/order_matcher.rb,cf3b3685f2c0,testing,5.2,10,0,25,0.0,0,0.0,4,5,4,1.0
shoulda-matchers,lib/shoulda/matchers/active_record/association_matchers/required_matcher.rb,cf3b3685f2c0,testing,9,24,0,33,0.0,0,0.0,6,5,6,1.0
shoulda-matchers,lib/shoulda/matchers/active_record/association_matchers/source_matcher.rb,cf3b3685f2c0,testing,5.5,11,0,25,0.0,0,0.0,4,5,4,1.0
shoulda-matchers,lib/shoulda/matchers/active_record/association_matchers/through_matcher.rb,cf3b3685f2c0,testing,5.1,11,0,50,0.0,0,0.0,8,5,8,1.0
shoulda-matchers,lib/shoulda/matchers/active_record/define_enum_for_matcher.rb,cf3b3685f2c0,testing,9.1,60,0,82,0.0,0,2.0,49,4,40,0.816
shoulda-matchers,lib/shoulda/matchers/active_record/encrypt_matcher.rb,cf3b3685f2c0,testing,6.2,26,0,62,0.0,0,7.7,13,4,11,0.846
shoulda-matchers,lib/shoulda/matchers/active_record/have_attached_matcher.rb,cf3b3685f2c0,testing,6.4,13,0,56,0.0,0,0.0,25,4,21,0.84
shoulda-matchers,lib/shoulda/matchers/active_record/have_db_column_matcher.rb,cf3b3685f2c0,testing,7.8,16,0,79,0.0,1,0.0,28,5,26,0.929
shoulda-matchers,lib/shoulda/matchers/active_record/have_db_index_matcher.rb,cf3b3685f2c0,testing,7.0,15,0,67,0.0,0,0.0,21,4,21,1.0
shoulda-matchers,lib/shoulda/matchers/active_record/have_implicit_order_column.rb,cf3b3685f2c0,testing,6.6,17,0,56,0.0,1,0.0,9,6,9,1.0
shoulda-matchers,lib/shoulda/matchers/active_record/have_readonly_attribute_matcher.rb,cf3b3685f2c0,testing,5.3,19,0,57,0.0,0,0.0,7,4,6,0.857
shoulda-matchers,lib/shoulda/matchers/active_record/have_rich_text_matcher.rb,cf3b3685f2c0,testing,4,7,0,70,0.0,0,10.0,10,4,10,1.0
shoulda-matchers,lib/shoulda/matchers/active_record/have_secure_token_matcher.rb,cf3b3685f2c0,testing,4.9,13,0,69,0.0,0,0.0,13,4,13,1.0
shoulda-matchers,lib/shoulda/matchers/active_record/normalize_matcher.rb,cf3b3685f2c0,testing,5.2,9,0,67,0.0,0,0.0,12,4,11,0.917
shoulda-matchers,lib/shoulda/matchers/active_record/serialize_matcher.rb,cf3b3685f2c0,testing,5.4,16,0,59,0.0,0,0.0,17,4,14,0.824
shoulda-matchers,lib/shoulda/matchers/active_record/uniqueness/model.rb,cf3b3685f2c0,testing,6.2,15,17,67,0.0,0,33.3,6,5,6,1.0
shoulda-matchers,lib/shoulda/matchers/active_record/uniqueness/namespace.rb,cf3b3685f2c0,testing,3.8,7,0,80,0.0,0,20.0,5,5,5,1.0
shoulda-matchers,lib/shoulda/matchers/active_record/uniqueness/test_model_creator.rb,cf3b3685f2c0,testing,4.3,6,17,50,0.0,0,0.0,6,5,6,1.0
shoulda-matchers,lib/shoulda/matchers/active_record/uniqueness/test_models.rb,cf3b3685f2c0,testing,3.4,5,75,25,0.0,0,0.0,8,6,7,0.875
shoulda-matchers,lib/shoulda/matchers/active_record/validate_uniqueness_of_matcher.rb,cf3b3685f2c0,testing,8.3,39,0,82,0.43,2,2.2,93,7,87,0.935
shoulda-matchers,lib/shoulda/matchers/configuration.rb,cf3b3685f2c0,testing,3,3,60,20,0.0,0,0.0,5,3,5,1.0
shoulda-matchers,lib/shoulda/matchers/doublespeak.rb,cf3b3685f2c0,testing,3.7,5,100,33,0.33,0,0.0,3,3,3,1.0
shoulda-matchers,lib/shoulda/matchers/doublespeak/double.rb,cf3b3685f2c0,testing,7.8,21,0,70,0.0,0,40.0,10,4,10,1.0
shoulda-matchers,lib/shoulda/matchers/doublespeak/double_collection.rb,cf3b3685f2c0,testing,5,9,0,62,0.0,0,0.0,8,4,6,0.75
shoulda-matchers,lib/shoulda/matchers/doublespeak/double_implementation_registry.rb,cf3b3685f2c0,testing,3.8,6,100,50,0.0,0,0.0,4,4,4,1.0
shoulda-matchers,lib/shoulda/matchers/doublespeak/method_call.rb,cf3b3685f2c0,testing,5.6,9,0,80,0.0,0,0.0,5,4,5,1.0
shoulda-matchers,lib/shoulda/matchers/doublespeak/object_double.rb,cf3b3685f2c0,testing,4.8,11,0,40,0.0,1,0.0,5,4,4,0.8
shoulda-matchers,lib/shoulda/matchers/doublespeak/proxy_implementation.rb,cf3b3685f2c0,testing,3.7,5,33,33,0.25,0,0.0,3,4,3,1.0
shoulda-matchers,lib/shoulda/matchers/doublespeak/stub_implementation.rb,cf3b3685f2c0,testing,3.2,4,25,25,0.0,0,0.0,4,4,4,1.0
shoulda-matchers,lib/shoulda/matchers/doublespeak/world.rb,cf3b3685f2c0,testing,3.8,8,0,36,0.0,0,0.0,11,4,7,0.636
shoulda-matchers,lib/shoulda/matchers/error.rb,cf3b3685f2c0,testing,4.8,9,25,25,0.0,1,50.0,4,3,4,1.0
shoulda-matchers,lib/shoulda/matchers/independent/delegate_method_matcher.rb,cf3b3685f2c0,testing,7.1,26,0,54,0.0,0,4.9,41,4,36,0.878
shoulda-matchers,lib/shoulda/matchers/integrations.rb,cf3b3685f2c0,testing,3,3,100,67,0.0,0,0.0,6,3,5,0.833
shoulda-matchers,lib/shoulda/matchers/integrations/configuration.rb,cf3b3685f2c0,testing,6.2,22,12,88,0.0,0,0.0,8,4,8,1.0
shoulda-matchers,lib/shoulda/matchers/integrations/registry.rb,cf3b3685f2c0,testing,3.5,5,0,50,0.0,0,0.0,4,4,4,1.0
shoulda-matchers,lib/shoulda/matchers/integrations/test_frameworks/missing_test_framework.rb,cf3b3685f2c0,testing,6,16,0,0,0.0,0,0.0,4,5,3,0.75
shoulda-matchers,lib/shoulda/matchers/matcher_collection.rb,cf3b3685f2c0,testing,5.8,13,8,85,0.0,0,7.7,13,3,13,1.0
shoulda-matchers,lib/shoulda/matchers/matcher_context.rb,cf3b3685f2c0,testing,3.8,7,0,40,0.0,0,0.0,5,3,4,0.8
shoulda-matchers,lib/shoulda/matchers/rails_shim.rb,cf3b3685f2c0,testing,8.1,25,100,53,0.0,0,0.0,19,4,16,0.842
shoulda-matchers,lib/shoulda/matchers/util.rb,cf3b3685f2c0,testing,10.1,22,100,89,0.0,0,0.0,9,3,9,1.0
shoulda-matchers,lib/shoulda/matchers/util/word_wrap.rb,cf3b3685f2c0,testing,6.5,27,0,59,0.14,1,0.0,22,7,21,0.955
shoulda-matchers,tasks/documentation.rb,cf3b3685f2c0,testing,12.2,88,27,40,0.25,0,0.0,15,4,12,0.8
simplecov,benchmarks/collate/artifact_writer.rb,76a8e4e0f661,code analysis and metrics,6.8,11,0,80,0.0,0,0.0,10,2,10,1.0
simplecov,benchmarks/collate/breakdown.rb,76a8e4e0f661,code analysis and metrics,6.1,11,0,71,0.0,0,28.6,7,2,6,0.857
simplecov,benchmarks/collate/cli.rb,76a8e4e0f661,code analysis and metrics,5.7,10,100,83,0.0,0,0.0,6,2,6,1.0
simplecov,benchmarks/collate/distribution.rb,76a8e4e0f661,code analysis and metrics,6.7,13,0,100,0.0,0,0.0,7,2,7,1.0
simplecov,benchmarks/collate/file_structure.rb,76a8e4e0f661,code analysis and metrics,6.1,11,0,87,0.0,0,0.0,15,2,15,1.0
simplecov,benchmarks/collate/fixture.rb,76a8e4e0f661,code analysis and metrics,7.1,10,0,60,0.0,0,0.0,10,2,10,1.0
simplecov,benchmarks/collate/format.rb,76a8e4e0f661,code analysis and metrics,5,5,0,100,0.0,0,0.0,3,2,3,1.0
simplecov,benchmarks/collate/report.rb,76a8e4e0f661,code analysis and metrics,6.5,12,0,75,0.0,0,0.0,16,2,16,1.0
simplecov,benchmarks/collate/rss_sampler.rb,76a8e4e0f661,code analysis and metrics,4.8,6,20,20,0.0,0,0.0,5,2,5,1.0
simplecov,benchmarks/collate/runner.rb,76a8e4e0f661,code analysis and metrics,7.8,12,0,82,0.0,0,0.0,11,2,11,1.0
simplecov,lib/simplecov.rb,76a8e4e0f661,code analysis and metrics,7.4,18,100,40,0.0,1,0.0,15,2,13,0.867
simplecov,lib/simplecov/atomic_file.rb,76a8e4e0f661,code analysis and metrics,11.5,18,100,50,0.0,0,0.0,4,2,4,1.0
simplecov,lib/simplecov/cli.rb,76a8e4e0f661,code analysis and metrics,12.4,67,0,38,0.0,0,0.0,8,2,6,0.75
simplecov,lib/simplecov/cli/clean.rb,76a8e4e0f661,code analysis and metrics,6,10,0,78,0.33,0,0.0,9,3,9,1.0
simplecov,lib/simplecov/cli/command_helpers.rb,76a8e4e0f661,code analysis and metrics,5,10,0,80,0.0,0,0.0,5,3,5,1.0
simplecov,lib/simplecov/cli/coverage.rb,76a8e4e0f661,code analysis and metrics,8.3,14,0,86,0.33,0,0.0,7,3,7,1.0
simplecov,lib/simplecov/cli/coverage_file.rb,76a8e4e0f661,code analysis and metrics,6.6,10,0,100,0.0,0,0.0,5,3,4,0.8
simplecov,lib/simplecov/cli/diff.rb,76a8e4e0f661,code analysis and metrics,6.1,13,0,87,0.33,0,0.0,15,3,15,1.0
simplecov,lib/simplecov/cli/dotfile.rb,76a8e4e0f661,code analysis and metrics,12.2,16,0,50,0.0,0,66.7,6,3,6,1.0
simplecov,lib/simplecov/cli/merge.rb,76a8e4e0f661,code analysis and metrics,7.7,12,0,90,0.33,0,0.0,10,3,10,1.0
simplecov,lib/simplecov/cli/open.rb,76a8e4e0f661,code analysis and metrics,7.7,9,0,33,0.33,0,0.0,3,3,3,1.0
simplecov,lib/simplecov/cli/report.rb,76a8e4e0f661,code analysis and metrics,9,14,0,100,0.33,0,0.0,7,3,7,1.0
simplecov,lib/simplecov/cli/serve.rb,76a8e4e0f661,code analysis and metrics,8.3,13,0,83,0.33,0,0.0,6,3,6,1.0
simplecov,lib/simplecov/cli/serve/static_file_handler.rb,76a8e4e0f661,code analysis and metrics,11.3,28,0,100,0.0,0,0.0,6,4,6,1.0
simplecov,lib/simplecov/cli/uncovered.rb,76a8e4e0f661,code analysis and metrics,5.5,10,0,83,0.33,0,0.0,12,3,12,1.0
simplecov,lib/simplecov/color.rb,76a8e4e0f661,code analysis and metrics,7,17,0,60,0.0,0,0.0,5,2,5,1.0
simplecov,lib/simplecov/combine/branches_combiner.rb,76a8e4e0f661,code analysis and metrics,4.7,10,0,33,0.0,0,0.0,6,3,6,1.0
simplecov,lib/simplecov/combine/coverage_accumulator.rb,76a8e4e0f661,code analysis and metrics,6.7,14,12,76,0.0,0,0.0,17,4,17,1.0
simplecov,lib/simplecov/combine/lines_combiner.rb,76a8e4e0f661,code analysis and metrics,7.7,12,0,100,0.0,0,0.0,3,3,3,1.0
simplecov,lib/simplecov/combine/methods_combiner.rb,76a8e4e0f661,code analysis and metrics,4,6,0,40,0.0,0,0.0,5,3,5,1.0
simplecov,lib/simplecov/command_guesser.rb,76a8e4e0f661,code analysis and metrics,6.4,15,100,57,0.0,0,0.0,7,2,7,1.0
simplecov,lib/simplecov/configuration.rb,76a8e4e0f661,code analysis and metrics,7.8,17,0,60,0.0,0,10.0,10,2,10,1.0
simplecov,lib/simplecov/configuration/coverage.rb,76a8e4e0f661,code analysis and metrics,5.7,12,0,73,0.0,0,53.3,15,3,12,0.8
simplecov,lib/simplecov/configuration/coverage_criteria.rb,76a8e4e0f661,code analysis and metrics,5.5,17,0,53,0.0,0,0.0,17,2,16,0.941
simplecov,lib/simplecov/configuration/eval_coverage.rb,76a8e4e0f661,code analysis and metrics,4.2,7,0,0,0.0,0,0.0,5,2,4,0.8
simplecov,lib/simplecov/configuration/filters.rb,76a8e4e0f661,code analysis and metrics,5,10,0,47,0.0,0,0.0,15,2,12,0.8
simplecov,lib/simplecov/configuration/formatting.rb,76a8e4e0f661,code analysis and metrics,5.8,10,0,56,0.0,0,0.0,9,2,7,0.778
simplecov,lib/simplecov/configuration/groups.rb,76a8e4e0f661,code analysis and metrics,6.2,12,0,75,0.0,0,0.0,4,2,4,1.0
simplecov,lib/simplecov/configuration/ignored_entries.rb,76a8e4e0f661,code analysis and metrics,4.5,7,0,75,0.0,0,0.0,8,2,6,0.75
simplecov,lib/simplecov/configuration/merging.rb,76a8e4e0f661,code analysis and metrics,5.4,12,0,47,0.0,0,0.0,17,2,16,0.941
simplecov,lib/simplecov/configuration/thresholds.rb,76a8e4e0f661,code analysis and metrics,6.7,15,0,69,0.0,0,0.0,16,2,14,0.875
simplecov,lib/simplecov/coverage_statistics.rb,76a8e4e0f661,code analysis and metrics,8.2,15,25,100,0.0,0,0.0,4,2,4,1.0
simplecov,lib/simplecov/coverage_violations.rb,76a8e4e0f661,code analysis and metrics,7.3,15,100,92,0.0,0,0.0,13,2,13,1.0
simplecov,lib/simplecov/directive.rb,76a8e4e0f661,code analysis and metrics,7.7,16,64,73,0.0,0,0.0,11,2,11,1.0
simplecov,lib/simplecov/exit_codes/check.rb,76a8e4e0f661,code analysis and metrics,3.2,4,0,50,0.0,0,0.0,4,3,4,1.0
simplecov,lib/simplecov/exit_codes/maximum_coverage_drop_check.rb,76a8e4e0f661,code analysis and metrics,4.5,9,0,25,0.0,1,0.0,4,3,4,1.0
simplecov,lib/simplecov/exit_codes/maximum_overall_coverage_check.rb,76a8e4e0f661,code analysis and metrics,5,9,0,33,0.0,1,0.0,3,3,3,1.0
simplecov,lib/simplecov/exit_codes/minimum_coverage_by_file_check.rb,76a8e4e0f661,code analysis and metrics,5,10,0,25,0.0,1,0.0,4,3,4,1.0
simplecov,lib/simplecov/exit_codes/minimum_coverage_by_group_check.rb,76a8e4e0f661,code analysis and metrics,5.3,10,0,33,0.0,1,0.0,3,3,3,1.0
simplecov,lib/simplecov/exit_codes/minimum_overall_coverage_check.rb,76a8e4e0f661,code analysis and metrics,7.6,13,0,60,0.0,1,0.0,5,3,5,1.0
simplecov,lib/simplecov/exit_handling.rb,76a8e4e0f661,code analysis and metrics,8.1,18,100,50,0.0,0,0.0,10,1,10,1.0
simplecov,lib/simplecov/file_list.rb,76a8e4e0f661,code analysis and metrics,3.7,11,0,78,1.0,0,0.0,23,2,16,0.696
simplecov,lib/simplecov/filter.rb,76a8e4e0f661,code analysis and metrics,4.9,20,17,56,0.0,1,0.0,18,7,15,0.833
simplecov,lib/simplecov/formatter/base.rb,76a8e4e0f661,code analysis and metrics,5.9,12,0,33,0.0,0,0.0,9,3,8,0.889
simplecov,lib/simplecov/formatter/coverage_json_writer.rb,76a8e4e0f661,code analysis and metrics,9.2,18,0,67,0.0,0,0.0,6,3,6,1.0
simplecov,lib/simplecov/formatter/html_formatter.rb,76a8e4e0f661,code analysis and metrics,7.3,15,0,43,0.0,1,0.0,7,3,7,1.0
simplecov,lib/simplecov/formatter/html_formatter/viewer_data_validator.rb,76a8e4e0f661,code analysis and metrics,7.8,12,100,100,0.0,1,0.0,8,4,8,1.0
simplecov,lib/simplecov/formatter/json_formatter.rb,76a8e4e0f661,code analysis and metrics,3.2,4,25,0,0.0,1,0.0,4,3,3,0.75
simplecov,lib/simplecov/formatter/json_formatter/errors_formatter.rb,76a8e4e0f661,code analysis and metrics,5.7,12,100,60,0.0,1,0.0,10,4,10,1.0
simplecov,lib/simplecov/formatter/json_formatter/result_hash_formatter.rb,76a8e4e0f661,code analysis and metrics,8,12,100,89,0.0,1,0.0,9,4,9,1.0
simplecov,lib/simplecov/formatter/json_formatter/source_file_formatter.rb,76a8e4e0f661,code analysis and metrics,8,12,100,100,0.0,1,0.0,8,4,8,1.0
simplecov,lib/simplecov/last_run.rb,76a8e4e0f661,code analysis and metrics,6,14,100,25,0.0,0,0.0,4,2,4,1.0
simplecov,lib/simplecov/lines_classifier.rb,76a8e4e0f661,code analysis and metrics,7,12,50,67,0.0,0,0.0,6,2,6,1.0
simplecov,lib/simplecov/parallel_adapters.rb,76a8e4e0f661,code analysis and metrics,4,5,0,50,0.0,0,0.0,4,2,4,1.0
simplecov,lib/simplecov/parallel_adapters/base.rb,76a8e4e0f661,code analysis and metrics,3.1,4,100,14,0.0,0,0.0,7,3,3,0.429
simplecov,lib/simplecov/parallel_adapters/generic.rb,76a8e4e0f661,code analysis and metrics,3.7,5,100,0,0.0,1,0.0,3,3,3,1.0
simplecov,lib/simplecov/parallel_adapters/parallel_tests.rb,76a8e4e0f661,code analysis and metrics,5.1,14,100,0,0.0,1,0.0,8,3,7,0.875
simplecov,lib/simplecov/parallel_coordination.rb,76a8e4e0f661,code analysis and metrics,9,19,100,56,0.0,0,0.0,9,1,9,1.0
simplecov,lib/simplecov/parallel_result_merger.rb,76a8e4e0f661,code analysis and metrics,8.8,15,0,80,0.0,0,0.0,15,2,15,1.0
simplecov,lib/simplecov/profiles.rb,76a8e4e0f661,code analysis and metrics,6.8,11,0,50,0.0,1,0.0,4,2,4,1.0
simplecov,lib/simplecov/report_deferral.rb,76a8e4e0f661,code analysis and metrics,9.3,11,100,33,0.0,0,0.0,3,1,3,1.0
simplecov,lib/simplecov/result.rb,76a8e4e0f661,code analysis and metrics,6.7,20,6,69,0.33,0,0.0,16,3,16,1.0
simplecov,lib/simplecov/result/missing_source_files_reporter.rb,76a8e4e0f661,code analysis and metrics,4.7,7,0,50,0.0,0,0.0,6,3,6,1.0
simplecov,lib/simplecov/result/source_file_builder.rb,76a8e4e0f661,code analysis and metrics,6.8,12,0,75,0.0,0,0.0,4,3,4,1.0
simplecov,lib/simplecov/result_adapter.rb,76a8e4e0f661,code analysis and metrics,6.9,12,9,82,0.0,0,0.0,11,2,11,1.0
simplecov,lib/simplecov/result_merger.rb,76a8e4e0f661,code analysis and metrics,7,17,100,56,0.5,0,0.0,16,2,16,1.0
simplecov,lib/simplecov/result_merger/legacy_format_adapter.rb,76a8e4e0f661,code analysis and metrics,3.3,4,0,67,0.0,0,0.0,3,3,3,1.0
simplecov,lib/simplecov/result_merger/resultset_file.rb,76a8e4e0f661,code analysis and metrics,6.7,14,0,67,0.0,0,0.0,6,3,6,1.0
simplecov,lib/simplecov/result_merger/resultset_run_identity.rb,76a8e4e0f661,code analysis and metrics,7,10,0,100,0.0,0,0.0,5,3,5,1.0
simplecov,lib/simplecov/result_merger/resultset_store.rb,76a8e4e0f661,code analysis and metrics,4.2,7,0,20,0.0,0,0.0,5,3,4,0.8
simplecov,lib/simplecov/result_merger/unloaded_files.rb,76a8e4e0f661,code analysis and metrics,5.3,8,0,100,0.0,0,16.7,6,3,6,1.0
simplecov,lib/simplecov/result_processing.rb,76a8e4e0f661,code analysis and metrics,7.4,19,100,65,0.0,0,0.0,17,1,15,0.882
simplecov,lib/simplecov/run_identity.rb,76a8e4e0f661,code analysis and metrics,5,11,0,22,0.0,0,0.0,9,3,8,0.889
simplecov,lib/simplecov/simulate_coverage.rb,76a8e4e0f661,code analysis and metrics,8.2,13,0,50,0.0,0,0.0,4,2,4,1.0
simplecov,lib/simplecov/source_file.rb,76a8e4e0f661,code analysis and metrics,3.3,5,0,69,0.5,0,0.0,29,2,21,0.724
simplecov,lib/simplecov/source_file/branch.rb,76a8e4e0f661,code analysis and metrics,4,8,0,44,0.0,0,0.0,9,3,7,0.778
simplecov,lib/simplecov/source_file/branch_builder.rb,76a8e4e0f661,code analysis and metrics,10,15,0,86,0.0,0,0.0,7,3,7,1.0
simplecov,lib/simplecov/source_file/line.rb,76a8e4e0f661,code analysis and metrics,5.1,12,0,57,0.0,0,0.0,7,3,7,1.0
simplecov,lib/simplecov/source_file/line_builder.rb,76a8e4e0f661,code analysis and metrics,4.2,6,0,75,0.0,0,0.0,4,3,4,1.0
simplecov,lib/simplecov/source_file/method.rb,76a8e4e0f661,code analysis and metrics,3.8,5,0,62,0.0,0,0.0,8,3,8,1.0
simplecov,lib/simplecov/source_file/method_builder.rb,76a8e4e0f661,code analysis and metrics,9.2,12,0,75,0.0,0,0.0,4,3,4,1.0
simplecov,lib/simplecov/source_file/ruby_data_parser.rb,76a8e4e0f661,code analysis and metrics,6,13,0,89,0.0,0,0.0,9,3,9,1.0
simplecov,lib/simplecov/source_file/skip_chunks.rb,76a8e4e0f661,code analysis and metrics,5.8,15,0,33,0.0,0,0.0,6,3,6,1.0
simplecov,lib/simplecov/source_file/source_loader.rb,76a8e4e0f661,code analysis and metrics,7.3,14,0,83,0.0,0,0.0,6,3,6,1.0
simplecov,lib/simplecov/source_file/statistics.rb,76a8e4e0f661,code analysis and metrics,7.3,9,0,67,0.0,0,0.0,6,3,6,1.0
simplecov,lib/simplecov/static_coverage_extractor.rb,76a8e4e0f661,code analysis and metrics,11,21,0,67,0.0,0,0.0,3,2,3,1.0
simplecov,lib/simplecov/static_coverage_extractor/condition_folding.rb,76a8e4e0f661,code analysis and metrics,7.9,14,0,75,0.0,0,0.0,12,3,12,1.0
simplecov,lib/simplecov/static_coverage_extractor/location_conventions.rb,76a8e4e0f661,code analysis and metrics,6.4,12,0,100,0.0,0,0.0,19,3,19,1.0
simplecov,lib/simplecov/static_coverage_extractor/method_collector.rb,76a8e4e0f661,code analysis and metrics,5.8,11,0,100,0.0,0,0.0,5,3,4,0.8
simplecov,lib/simplecov/static_coverage_extractor/value_position.rb,76a8e4e0f661,code analysis and metrics,10,15,0,100,0.0,0,0.0,3,3,3,1.0
simplecov,lib/simplecov/static_coverage_extractor/visitor.rb,76a8e4e0f661,code analysis and metrics,5.5,9,0,65,1.0,1,0.0,17,3,15,0.882
simplecov,lib/simplecov/unloaded_file_injector.rb,76a8e4e0f661,code analysis and metrics,8.7,13,0,100,0.0,0,0.0,3,2,3,1.0
simplecov,lib/simplecov/useless_results_remover.rb,76a8e4e0f661,code analysis and metrics,4.3,7,100,67,0.0,0,0.0,3,2,3,1.0
simplecov,test_projects/faked_project/lib/faked_project/some_class.rb,76a8e4e0f661,code analysis and metrics,4.5,9,0,50,0.0,0,0.0,4,1,4,1.0
simplecov,test_projects/faked_project/minitest/other_test.rb,76a8e4e0f661,code analysis and metrics,3,3,0,67,0.0,1,0.0,3,1,3,1.0
simplecov,test_projects/faked_project/minitest/some_test.rb,76a8e4e0f661,code analysis and metrics,3,3,0,67,0.0,1,0.0,3,1,3,1.0
slack-notifier,lib/slack-notifier.rb,29e51132ce0e,third-party apis,7.2,12,0,60,0.0,0,20.0,5,2,4,0.8
slack-notifier,lib/slack-notifier/config.rb,29e51132ce0e,third-party apis,8,10,0,75,0.0,0,0.0,4,3,4,1.0
slack-notifier,lib/slack-notifier/payload_middleware/at.rb,29e51132ce0e,third-party apis,6,8,0,33,0.0,1,0.0,3,4,3,1.0
slack-notifier,lib/slack-notifier/payload_middleware/base.rb,29e51132ce0e,third-party apis,3.2,4,60,20,0.0,0,0.0,5,4,5,1.0
slack-notifier,lib/slack-notifier/payload_middleware/stack.rb,29e51132ce0e,third-party apis,8,12,0,75,0.0,0,0.0,4,4,4,1.0
slack-notifier,lib/slack-notifier/util/http_client.rb,29e51132ce0e,third-party apis,7.6,14,20,80,0.0,1,20.0,5,5,5,1.0
slack-notifier,lib/slack-notifier/util/link_formatter.rb,29e51132ce0e,third-party apis,5.7,8,17,83,0.0,0,0.0,6,4,5,0.833
slop,lib/slop.rb,7e720331b78d,cli builder,4,7,100,50,0.0,0,25.0,4,1,4,1.0
slop,lib/slop/option.rb,7e720331b78d,cli builder,4.2,19,0,50,0.0,0,0.0,20,2,13,0.65
slop,lib/slop/options.rb,7e720331b78d,cli builder,6.9,19,0,92,0.5,0,8.3,12,2,12,1.0
slop,lib/slop/parser.rb,7e720331b78d,cli builder,9.7,59,0,92,0.0,0,0.0,13,2,13,1.0
slop,lib/slop/result.rb,7e720331b78d,cli builder,4.5,9,0,100,0.0,0,7.7,13,2,13,1.0
slop,lib/slop/types.rb,7e720331b78d,cli builder,3.9,9,0,72,0.0,2,0.0,18,9,14,0.778
spring,lib/spring/application.rb,b7f3fd04b2ed,testing,11.1,98,0,71,0.0,0,11.4,35,2,31,0.886
spring,lib/spring/application_manager.rb,b7f3fd04b2ed,testing,11.3,26,0,55,0.0,0,0.0,11,2,11,1.0
spring,lib/spring/client/binstub.rb,b7f3fd04b2ed,testing,10.3,35,25,75,0.0,1,0.0,12,4,12,1.0
spring,lib/spring/client/help.rb,b7f3fd04b2ed,testing,4.7,10,22,67,0.0,1,0.0,9,3,9,1.0
spring,lib/spring/client/run.rb,b7f3fd04b2ed,testing,9.5,45,0,63,0.0,1,0.0,27,3,27,1.0
spring,lib/spring/client/server.rb,b7f3fd04b2ed,testing,3.3,4,33,33,0.0,1,0.0,3,3,3,1.0
spring,lib/spring/client/status.rb,b7f3fd04b2ed,testing,5.2,10,25,50,0.0,1,0.0,4,3,4,1.0
spring,lib/spring/command_wrapper.rb,b7f3fd04b2ed,testing,5.8,10,0,64,0.0,0,0.0,11,2,11,1.0
spring,lib/spring/commands.rb,b7f3fd04b2ed,testing,3,3,100,100,0.0,0,0.0,3,1,3,1.0
spring,lib/spring/commands/rails.rb,b7f3fd04b2ed,testing,6.6,22,0,25,0.0,1,0.0,12,8,7,0.583
spring,lib/spring/configuration.rb,b7f3fd04b2ed,testing,5,12,100,38,0.0,0,0.0,13,1,10,0.769
spring,lib/spring/env.rb,b7f3fd04b2ed,testing,5.4,16,0,69,0.0,0,0.0,16,2,16,1.0
spring,lib/spring/errors.rb,b7f3fd04b2ed,testing,4.5,7,0,0,0.0,2,0.0,4,5,3,0.75
spring,lib/spring/json.rb,b7f3fd04b2ed,testing,13.4,67,6,91,0.17,1,0.0,32,6,30,0.938
spring,lib/spring/process_title_updater.rb,b7f3fd04b2ed,testing,6.3,11,14,71,0.0,0,0.0,7,2,7,1.0
spring,lib/spring/server.rb,b7f3fd04b2ed,testing,6.6,27,6,56,0.0,0,0.0,18,3,18,1.0
spring,lib/spring/watcher.rb,b7f3fd04b2ed,testing,4.7,8,100,100,0.0,0,33.3,3,1,3,1.0
spring,lib/spring/watcher/abstract.rb,b7f3fd04b2ed,testing,7.6,43,0,42,0.0,0,0.0,12,3,10,0.833
spring,lib/spring/watcher/polling.rb,b7f3fd04b2ed,testing,8.7,22,0,67,0.0,1,0.0,9,3,9,1.0
sprockets,lib/rake/sprocketstask.rb,73c5a5316bd1,assets,9.4,26,0,100,0.0,1,12.5,8,2,7,0.875
sprockets,lib/sprockets/asset.rb,73c5a5316bd1,assets,4.5,12,0,60,0.0,0,0.0,20,2,17,0.85
sprockets,lib/sprockets/babel_processor.rb,73c5a5316bd1,assets,9.6,25,60,80,0.0,0,0.0,5,2,5,1.0
sprockets,lib/sprockets/base.rb,73c5a5316bd1,assets,7.7,28,0,36,3.67,2,0.0,11,3,11,1.0
sprockets,lib/sprockets/bundle.rb,73c5a5316bd1,assets,24,38,100,100,0.0,0,0.0,3,2,3,1.0
sprockets,lib/sprockets/cache.rb,73c5a5316bd1,assets,6.7,21,5,95,0.0,2,0.0,19,6,18,0.947
sprockets,lib/sprockets/cache/file_store.rb,73c5a5316bd1,assets,10.8,39,8,67,0.0,0,0.0,12,3,12,1.0
sprockets,lib/sprockets/cache/memory_store.rb,73c5a5316bd1,assets,7,11,0,80,0.0,0,0.0,5,3,5,1.0
sprockets,lib/sprockets/cache/null_store.rb,73c5a5316bd1,assets,3,3,0,0,0.0,0,0.0,4,3,3,0.75
sprockets,lib/sprockets/cached_environment.rb,73c5a5316bd1,assets,3.9,10,0,75,0.0,1,0.0,8,2,4,0.5
sprockets,lib/sprockets/closure_compressor.rb,73c5a5316bd1,assets,3.4,4,60,60,0.0,0,0.0,5,2,5,1.0
sprockets,lib/sprockets/compressing.rb,73c5a5316bd1,assets,8.2,17,0,78,0.5,0,0.0,9,2,6,0.667
sprockets,lib/sprockets/configuration.rb,73c5a5316bd1,assets,3.5,5,0,100,4.0,0,0.0,6,2,5,0.833
sprockets,lib/sprockets/context.rb,73c5a5316bd1,assets,5.4,14,0,58,0.0,1,0.0,26,3,20,0.769
sprockets,lib/sprockets/dependencies.rb,73c5a5316bd1,assets,6.2,15,0,100,1.5,0,0.0,5,2,4,0.8
sprockets,lib/sprockets/digest_utils.rb,73c5a5316bd1,assets,4.5,15,0,50,0.5,0,0.0,12,2,11,0.917
sprockets,lib/sprockets/directive_processor.rb,73c5a5316bd1,assets,7.6,28,7,85,0.0,0,3.7,27,2,26,0.963
sprockets,lib/sprockets/encoding_utils.rb,73c5a5316bd1,assets,13.3,28,0,91,0.5,0,0.0,11,2,10,0.909
sprockets,lib/sprockets/environment.rb,73c5a5316bd1,assets,3.5,6,0,67,0.0,1,0.0,6,2,6,1.0
sprockets,lib/sprockets/erb_processor.rb,73c5a5316bd1,assets,5.8,16,40,40,0.0,0,60.0,5,1,5,1.0
sprockets,lib/sprockets/exporters/base.rb,73c5a5316bd1,assets,4.2,7,0,20,0.0,0,0.0,5,3,5,1.0
sprockets,lib/sprockets/exporters/zlib_exporter.rb,73c5a5316bd1,assets,6.7,11,0,67,0.0,1,0.0,3,3,3,1.0
sprockets,lib/sprockets/exporting.rb,73c5a5316bd1,assets,7.4,19,0,100,0.0,0,0.0,5,2,4,0.8
sprockets,lib/sprockets/http_utils.rb,73c5a5316bd1,assets,9.1,27,0,57,0.5,0,0.0,7,2,7,1.0
sprockets,lib/sprockets/jsminc_compressor.rb,73c5a5316bd1,assets,3.2,4,60,60,0.0,0,0.0,5,2,5,1.0
sprockets,lib/sprockets/jst_processor.rb,73c5a5316bd1,assets,4,8,60,40,0.0,0,0.0,5,2,5,1.0
sprockets,lib/sprockets/loader.rb,73c5a5316bd1,assets,29.6,92,0,100,4.0,0,0.0,8,2,8,1.0
sprockets,lib/sprockets/manifest.rb,73c5a5316bd1,assets,14.7,49,0,73,0.5,0,0.0,15,2,14,0.933
sprockets,lib/sprockets/mime.rb,73c5a5316bd1,assets,8.2,19,0,100,1.0,0,0.0,5,2,4,0.8
sprockets,lib/sprockets/path_dependency_utils.rb,73c5a5316bd1,assets,4.7,8,0,33,1.0,0,0.0,3,2,3,1.0
sprockets,lib/sprockets/path_digest_utils.rb,73c5a5316bd1,assets,6.3,11,0,67,1.0,0,0.0,3,2,3,1.0
sprockets,lib/sprockets/path_utils.rb,73c5a5316bd1,assets,8.9,18,0,71,0.5,0,0.0,21,2,21,1.0
sprockets,lib/sprockets/paths.rb,73c5a5316bd1,assets,5.9,13,0,86,1.0,0,0.0,7,2,6,0.857
sprockets,lib/sprockets/processing.rb,73c5a5316bd1,assets,6.6,23,0,63,1.5,0,0.0,19,2,14,0.737
sprockets,lib/sprockets/processor_utils.rb,73c5a5316bd1,assets,7.3,17,11,78,0.33,1,0.0,9,3,9,1.0
sprockets,lib/sprockets/resolve.rb,73c5a5316bd1,assets,13.7,28,0,75,1.5,0,0.0,12,2,12,1.0
sprockets,lib/sprockets/sass_cache_store.rb,73c5a5316bd1,assets,3,3,0,50,0.0,1,0.0,4,3,4,1.0
sprockets,lib/sprockets/sass_compressor.rb,73c5a5316bd1,assets,6.2,13,60,60,0.0,0,0.0,5,2,5,1.0
sprockets,lib/sprockets/sass_processor.rb,73c5a5316bd1,assets,5.1,36,19,41,0.5,1,3.7,27,4,14,0.519
sprockets,lib/sprockets/sassc_compressor.rb,73c5a5316bd1,assets,7.5,16,50,50,0.0,0,0.0,4,2,4,1.0
sprockets,lib/sprockets/sassc_processor.rb,73c5a5316bd1,assets,5.1,23,19,41,0.5,1,3.7,27,4,14,0.519
sprockets,lib/sprockets/server.rb,73c5a5316bd1,assets,15.4,93,0,62,0.0,0,0.0,16,2,13,0.812
sprockets,lib/sprockets/source_map_utils.rb,73c5a5316bd1,assets,19.6,41,0,100,0.5,0,0.0,14,2,14,1.0
sprockets,lib/sprockets/transformers.rb,73c5a5316bd1,assets,10.9,25,0,100,1.5,0,0.0,8,2,8,1.0
sprockets,lib/sprockets/uglifier_compressor.rb,73c5a5316bd1,assets,6.8,19,60,60,0.0,0,0.0,5,2,5,1.0
sprockets,lib/sprockets/unloaded_asset.rb,73c5a5316bd1,assets,4.2,7,0,25,0.0,0,0.0,8,2,6,0.75
sprockets,lib/sprockets/uri_tar.rb,73c5a5316bd1,assets,9.2,14,0,80,0.0,0,0.0,5,2,5,1.0
sprockets,lib/sprockets/uri_utils.rb,73c5a5316bd1,assets,7.6,19,0,64,0.5,0,0.0,11,2,11,1.0
sprockets,lib/sprockets/utils.rb,73c5a5316bd1,assets,14.8,26,0,75,0.5,0,50.0,8,2,8,1.0
sprockets,lib/sprockets/utils/gzip.rb,73c5a5316bd1,assets,6.5,8,33,83,0.0,0,0.0,6,5,6,1.0
sprockets,lib/sprockets/yui_compressor.rb,73c5a5316bd1,assets,5,12,60,60,0.0,0,0.0,5,2,5,1.0
stackprof,lib/stackprof/middleware.rb,4367efa4b8bc,profiler and optimization,14.5,19,50,100,0.0,0,0.0,4,2,4,1.0
stackprof,lib/stackprof/report.rb,4367efa4b8bc,profiler and optimization,19.2,171,9,85,0.0,0,0.0,34,2,32,0.941
stackprof,lib/stackprof/truffleruby.rb,4367efa4b8bc,profiler and optimization,3.1,4,100,0,0.0,0,0.0,8,1,4,0.5
stackprof,sample.rb,4367efa4b8bc,profiler and optimization,4.2,5,25,0,0.0,0,0.0,4,1,4,1.0
state_machines,lib/state_machines/async_mode/async_events.rb,219b43ea588f,state machines,12.9,25,0,87,0.0,0,13.3,15,3,15,1.0
state_machines,lib/state_machines/async_mode/async_machine.rb,219b43ea588f,state machines,8,9,0,80,0.0,0,0.0,5,3,5,1.0
state_machines,lib/state_machines/async_mode/async_transition_collection.rb,219b43ea588f,state machines,21.8,36,0,100,0.0,2,40.0,5,4,5,1.0
state_machines,lib/state_machines/async_mode/thread_safe_state.rb,219b43ea588f,state machines,4.8,6,0,80,0.0,0,40.0,5,3,5,1.0
state_machines,lib/state_machines/branch.rb,219b43ea588f,state machines,10.9,37,0,75,0.5,0,8.3,12,2,12,1.0
state_machines,lib/state_machines/callback.rb,219b43ea588f,state machines,14.4,22,0,100,0.5,0,60.0,5,2,5,1.0
state_machines,lib/state_machines/error.rb,219b43ea588f,state machines,4.4,11,0,62,0.0,2,0.0,13,8,11,0.846
state_machines,lib/state_machines/eval_helpers.rb,219b43ea588f,state machines,42,65,0,100,0.0,0,133.3,3,2,3,1.0
state_machines,lib/state_machines/event.rb,219b43ea588f,state machines,10.2,29,0,77,0.5,0,15.4,13,2,13,1.0
state_machines,lib/state_machines/event_collection.rb,219b43ea588f,state machines,7.6,26,0,80,0.0,1,20.0,5,2,5,1.0
state_machines,lib/state_machines/extensions.rb,219b43ea588f,state machines,3.6,5,20,60,0.0,0,20.0,5,3,5,1.0
state_machines,lib/state_machines/integrations.rb,219b43ea588f,state machines,4.3,9,100,83,0.0,0,0.0,6,2,6,1.0
state_machines,lib/state_machines/integrations/base.rb,219b43ea588f,state machines,4,9,17,67,0.0,0,0.0,6,4,5,0.833
state_machines,lib/state_machines/machine.rb,219b43ea588f,state machines,4.6,18,0,38,7.5,0,23.1,13,2,12,0.923
state_machines,lib/state_machines/machine/action_hooks.rb,219b43ea588f,state machines,6.5,14,0,50,0.0,0,0.0,4,3,4,1.0
state_machines,lib/state_machines/machine/async_extensions.rb,219b43ea588f,state machines,10,36,0,80,0.67,0,40.0,5,3,5,1.0
state_machines,lib/state_machines/machine/callbacks.rb,219b43ea588f,state machines,5.2,10,0,20,0.0,0,0.0,5,3,3,0.6
state_machines,lib/state_machines/machine/class_methods.rb,219b43ea588f,state machines,8.7,29,0,43,0.0,0,14.3,7,3,7,1.0
state_machines,lib/state_machines/machine/configuration.rb,219b43ea588f,state machines,21,55,0,100,1.67,0,100.0,5,3,5,1.0
state_machines,lib/state_machines/machine/event_methods.rb,219b43ea588f,state machines,13.3,28,0,67,0.0,0,0.0,3,3,3,1.0
state_machines,lib/state_machines/machine/helper_generators.rb,219b43ea588f,state machines,13.6,39,0,71,0.0,0,28.6,7,3,7,1.0
state_machines,lib/state_machines/machine/integration.rb,219b43ea588f,state machines,3.6,12,0,25,0.0,0,0.0,12,3,10,0.833
state_machines,lib/state_machines/machine/parsing.rb,219b43ea588f,state machines,14,18,0,100,0.0,0,0.0,4,3,4,1.0
state_machines,lib/state_machines/machine/state_methods.rb,219b43ea588f,state machines,9.4,32,0,100,0.0,0,57.1,7,3,7,1.0
state_machines,lib/state_machines/machine/utilities.rb,219b43ea588f,state machines,8.9,26,0,100,0.0,0,0.0,8,3,8,1.0
state_machines,lib/state_machines/machine_collection.rb,219b43ea588f,state machines,16.5,26,0,100,0.0,1,0.0,4,2,4,1.0
state_machines,lib/state_machines/matcher.rb,219b43ea588f,state machines,3,3,0,54,0.33,1,0.0,13,6,11,0.846
state_machines,lib/state_machines/node_collection.rb,219b43ea588f,state machines,5.7,16,0,90,0.5,0,5.0,20,2,20,1.0
state_machines,lib/state_machines/options_validator.rb,219b43ea588f,state machines,8.2,11,100,75,0.0,0,0.0,4,2,4,1.0
state_machines,lib/state_machines/path.rb,219b43ea588f,state machines,3.8,8,0,92,0.0,1,0.0,13,2,13,1.0
state_machines,lib/state_machines/path_collection.rb,219b43ea588f,state machines,5.5,13,0,50,0.0,1,0.0,6,2,4,0.667
state_machines,lib/state_machines/state.rb,219b43ea588f,state machines,10.2,49,0,82,0.5,0,41.2,17,2,16,0.941
state_machines,lib/state_machines/state_collection.rb,219b43ea588f,state machines,4.7,12,0,83,0.0,1,0.0,6,2,6,1.0
state_machines,lib/state_machines/state_context.rb,219b43ea588f,state machines,16,33,0,100,0.5,1,33.3,3,2,3,1.0
state_machines,lib/state_machines/stdio_renderer.rb,219b43ea588f,state machines,7.6,19,0,88,0.0,0,0.0,8,2,7,0.875
state_machines,lib/state_machines/syntax_validator.rb,219b43ea588f,state machines,5.2,8,0,40,0.0,0,0.0,5,4,5,1.0
state_machines,lib/state_machines/test_helper.rb,219b43ea588f,state machines,12.4,91,0,86,0.0,0,62.2,37,2,36,0.973
state_machines,lib/state_machines/transition.rb,219b43ea588f,state machines,10.1,82,0,79,0.0,0,2.9,34,3,28,0.824
state_machines,lib/state_machines/transition_collection.rb,219b43ea588f,state machines,9.9,46,0,50,0.0,2,30.0,20,3,16,0.8
terminal-table,lib/terminal-table/cell.rb,ba051e6f8aae,cli utilities,5.4,9,0,100,0.0,0,20.0,10,3,10,1.0
terminal-table,lib/terminal-table/row.rb,ba051e6f8aae,cli utilities,4.7,8,0,100,0.0,0,0.0,7,3,7,1.0
terminal-table,lib/terminal-table/separator.rb,ba051e6f8aae,cli utilities,13.7,31,0,33,0.0,1,0.0,3,3,3,1.0
terminal-table,lib/terminal-table/style.rb,ba051e6f8aae,cli utilities,4.3,28,6,83,0.11,2,16.7,36,9,30,0.833
terminal-table,lib/terminal-table/table.rb,ba051e6f8aae,cli utilities,10.5,126,0,74,0.0,0,7.4,27,2,27,1.0
thin,benchmark/benchmarker.rb,84a5188612d8,web servers,9.1,21,0,43,0.0,0,14.3,7,1,6,0.857
thin,lib/rack/adapter/loader.rb,84a5188612d8,web servers,15.7,37,100,33,0.0,1,0.0,3,3,3,1.0
thin,lib/rack/adapter/rails.rb,84a5188612d8,web servers,8.6,37,7,73,0.0,1,0.0,15,5,14,0.933
thin,lib/thin/backends/base.rb,84a5188612d8,web servers,6.8,19,0,47,0.0,1,0.0,15,3,12,0.8
thin,lib/thin/backends/swiftiply_client.rb,84a5188612d8,web servers,4.6,13,0,56,0.0,2,0.0,9,4,8,0.889
thin,lib/thin/backends/tcp_server.rb,84a5188612d8,web servers,4.8,8,0,25,0.0,1,0.0,4,3,4,1.0
thin,lib/thin/backends/unix_server.rb,84a5188612d8,web servers,4.6,12,0,14,0.0,2,14.3,7,4,6,0.857
thin,lib/thin/command.rb,84a5188612d8,web servers,8.2,17,25,50,0.5,1,0.0,4,2,4,1.0
thin,lib/thin/connection.rb,84a5188612d8,web servers,8.8,38,0,47,0.5,1,0.0,17,2,15,0.882
thin,lib/thin/controllers/cluster.rb,84a5188612d8,web servers,4.9,19,0,58,0.0,1,0.0,26,4,17,0.654
thin,lib/thin/controllers/controller.rb,84a5188612d8,web servers,13.5,52,0,91,0.17,2,9.1,11,6,11,1.0
thin,lib/thin/controllers/service.rb,84a5188612d8,web servers,6.8,26,0,38,0.0,1,0.0,8,3,6,0.75
thin,lib/thin/daemonizing.rb,84a5188612d8,web servers,8.5,24,6,41,0.0,1,0.0,17,6,17,1.0
thin,lib/thin/env.rb,84a5188612d8,web servers,6.7,9,100,33,0.0,1,0.0,3,4,3,1.0
thin,lib/thin/headers.rb,84a5188612d8,web servers,6.8,17,0,75,0.0,1,0.0,4,3,4,1.0
thin,lib/thin/logging.rb,84a5188612d8,web servers,5.3,17,60,50,0.0,1,0.0,20,3,16,0.8
thin,lib/thin/request.rb,84a5188612d8,web servers,7.1,24,0,92,0.0,1,0.0,12,3,11,0.917
thin,lib/thin/response.rb,84a5188612d8,web servers,5,13,0,41,0.0,1,0.0,17,3,12,0.706
thin,lib/thin/runner.rb,84a5188612d8,web servers,19.5,93,10,80,0.0,1,10.0,10,2,10,1.0
thin,lib/thin/server.rb,84a5188612d8,web servers,11.1,38,8,77,1.5,1,0.0,13,2,13,1.0
thin,lib/thin/stats.rb,84a5188612d8,web servers,9.5,12,0,50,0.33,1,0.0,4,3,4,1.0
thin,site/rdoc.rb,84a5188612d8,web servers,13.2,17,0,100,0.0,0,25.0,4,4,4,1.0
thin,site/thin.rb,84a5188612d8,web servers,42.8,81,0,67,0.0,1,0.0,6,1,6,1.0
tilt,lib/tilt.rb,f0d75c60e3a6,template engine,4.3,19,79,79,0.5,0,0.0,14,2,13,0.929
tilt,lib/tilt/builder.rb,f0d75c60e3a6,template engine,5,13,0,40,0.0,1,0.0,5,2,5,1.0
tilt,lib/tilt/csv.rb,f0d75c60e3a6,template engine,4.7,7,0,67,0.0,1,0.0,3,2,3,1.0
tilt,lib/tilt/erb.rb,f0d75c60e3a6,template engine,7.5,19,0,50,0.0,1,0.0,6,2,5,0.833
tilt,lib/tilt/erubi.rb,f0d75c60e3a6,template engine,12.3,31,0,33,0.0,1,0.0,3,2,3,1.0
tilt,lib/tilt/etanni.rb,f0d75c60e3a6,template engine,6.3,12,0,67,0.0,1,0.0,3,2,3,1.0
tilt,lib/tilt/haml.rb,f0d75c60e3a6,template engine,8,14,0,100,0.0,1,25.0,8,2,8,1.0
tilt,lib/tilt/herb.rb,f0d75c60e3a6,template engine,13.7,35,0,33,0.0,1,0.0,3,2,3,1.0
tilt,lib/tilt/liquid.rb,f0d75c60e3a6,template engine,5.7,10,0,67,0.0,1,0.0,3,2,3,1.0
tilt,lib/tilt/mapping.rb,f0d75c60e3a6,template engine,7.8,27,0,83,0.0,1,8.3,24,4,24,1.0
tilt,lib/tilt/markaby.rb,f0d75c60e3a6,template engine,12,22,33,33,0.0,1,66.7,3,2,3,1.0
tilt,lib/tilt/nokogiri.rb,f0d75c60e3a6,template engine,5.2,11,0,75,0.0,1,0.0,4,2,4,1.0
tilt,lib/tilt/prawn.rb,f0d75c60e3a6,template engine,4.7,7,0,100,0.0,1,0.0,3,2,3,1.0
tilt,lib/tilt/radius.rb,f0d75c60e3a6,template engine,6,13,0,75,0.0,1,25.0,4,3,4,1.0
tilt,lib/tilt/sass.rb,f0d75c60e3a6,template engine,5.2,9,0,60,0.0,3,0.0,5,3,5,1.0
tilt,lib/tilt/string.rb,f0d75c60e3a6,template engine,3.8,5,0,50,0.0,1,0.0,4,2,4,1.0
tilt,lib/tilt/template.rb,f0d75c60e3a6,template engine,8.8,47,9,51,0.0,1,6.7,45,4,36,0.8
tilt,lib/tilt/yajl.rb,f0d75c60e3a6,template engine,5,12,0,60,0.0,1,0.0,5,2,5,1.0
timecop,lib/timecop/time_extensions.rb,b3c9a5a6f06b,testing,10.6,41,100,69,0.0,0,0.0,16,4,14,0.875
timecop,lib/timecop/time_stack_item.rb,b3c9a5a6f06b,testing,5.4,27,0,80,0.0,0,4.0,25,2,25,1.0
timecop,lib/timecop/timecop.rb,b3c9a5a6f06b,testing,4.8,19,58,45,0.5,1,0.0,31,2,22,0.71
twilio-ruby,lib/rack/twilio_webhook_authentication.rb,c58e213a6f04,third-party apis,12,18,0,67,0.0,0,33.3,3,2,3,1.0
twilio-ruby,lib/twilio-ruby/auth_strategy/token_auth_strategy.rb,c58e213a6f04,third-party apis,4.8,6,0,40,0.0,1,0.0,5,3,5,1.0
twilio-ruby,lib/twilio-ruby/base/client_base.rb,c58e213a6f04,third-party apis,17.3,42,0,67,0.0,0,0.0,6,3,6,1.0
twilio-ruby,lib/twilio-ruby/framework/rest/domain.rb,c58e213a6f04,third-party apis,7.7,14,0,67,0.0,0,0.0,3,3,3,1.0
twilio-ruby,lib/twilio-ruby/framework/rest/error.rb,c58e213a6f04,third-party apis,6.2,9,0,67,0.0,2,0.0,6,6,5,0.833
twilio-ruby,lib/twilio-ruby/framework/rest/page.rb,c58e213a6f04,third-party apis,7,12,0,70,0.33,0,0.0,10,3,9,0.9
twilio-ruby,lib/twilio-ruby/framework/rest/page_metadata.rb,c58e213a6f04,third-party apis,6.6,11,0,75,0.0,0,0.0,8,3,8,1.0
twilio-ruby,lib/twilio-ruby/framework/rest/token_page.rb,c58e213a6f04,third-party apis,7,15,0,100,0.0,1,0.0,8,3,7,0.875
twilio-ruby,lib/twilio-ruby/framework/rest/version.rb,c58e213a6f04,third-party apis,10.3,18,0,70,0.25,0,0.0,20,4,15,0.75
twilio-ruby,lib/twilio-ruby/framework/serialize.rb,c58e213a6f04,third-party apis,7.7,12,100,100,0.0,0,0.0,9,1,8,0.889
twilio-ruby,lib/twilio-ruby/http/http_client.rb,c58e213a6f04,third-party apis,12.8,44,0,83,0.0,0,33.3,6,3,6,1.0
twilio-ruby,lib/twilio-ruby/jwt/access_token.rb,c58e213a6f04,third-party apis,8.1,27,0,44,0.6,1,0.0,18,10,12,0.667
twilio-ruby,lib/twilio-ruby/jwt/client_capability.rb,c58e213a6f04,third-party apis,6.4,13,0,50,0.43,1,0.0,10,7,10,1.0
twilio-ruby,lib/twilio-ruby/jwt/jwt.rb,c58e213a6f04,third-party apis,6.3,13,0,50,0.0,0,0.0,6,3,6,1.0
twilio-ruby,lib/twilio-ruby/jwt/task_router.rb,c58e213a6f04,third-party apis,4.9,23,80,8,0.0,1,0.0,25,5,13,0.52
twilio-ruby,lib/twilio-ruby/rest/accounts.rb,c58e213a6f04,third-party apis,4,4,0,0,0.0,2,0.0,3,3,3,1.0
twilio-ruby,lib/twilio-ruby/rest/accounts/v1.rb,c58e213a6f04,third-party apis,4.8,11,0,11,0.0,2,0.0,9,4,4,0.444
twilio-ruby,lib/twilio-ruby/rest/accounts/v1/auth_token_promotion.rb,c58e213a6f04,third-party apis,5.7,20,0,50,0.0,2,0.0,34,12,16,0.471
twilio-ruby,lib/twilio-ruby/rest/accounts/v1/bulk_consents.rb,c58e213a6f04,third-party apis,7.3,26,0,39,0.0,2,0.0,18,9,11,0.611
twilio-ruby,lib/twilio-ruby/rest/accounts/v1/bulk_contacts.rb,c58e213a6f04,third-party apis,7.3,26,0,39,0.0,2,0.0,18,9,11,0.611
twilio-ruby,lib/twilio-ruby/rest/accounts/v1/credential.rb,c58e213a6f04,third-party apis,5.8,15,0,29,0.0,2,0.0,17,9,9,0.529
twilio-ruby,lib/twilio-ruby/rest/accounts/v1/credential/aws.rb,c58e213a6f04,third-party apis,8.2,30,0,67,0.0,2,0.0,49,13,31,0.633
twilio-ruby,lib/twilio-ruby/rest/accounts/v1/credential/public_key.rb,c58e213a6f04,third-party apis,8.2,30,0,67,0.0,2,0.0,49,13,31,0.633
twilio-ruby,lib/twilio-ruby/rest/accounts/v1/messaging_geopermissions.rb,c58e213a6f04,third-party apis,8.8,26,0,45,0.0,2,0.0,20,9,13,0.65
twilio-ruby,lib/twilio-ruby/rest/accounts/v1/safelist.rb,c58e213a6f04,third-party apis,9.3,26,0,52,0.0,2,0.0,23,9,15,0.652
twilio-ruby,lib/twilio-ruby/rest/accounts/v1/secondary_auth_token.rb,c58e213a6f04,third-party apis,6.0,20,0,54,0.0,2,0.0,37,12,19,0.514
twilio-ruby,lib/twilio-ruby/rest/accounts_base.rb,c58e213a6f04,third-party apis,4.3,7,0,0,0.0,1,0.0,3,3,3,1.0
twilio-ruby,lib/twilio-ruby/rest/api.rb,c58e213a6f04,third-party apis,3.9,4,0,0,0.0,2,0.0,26,3,26,1.0
twilio-ruby,lib/twilio-ruby/rest/api/v2010.rb,c58e213a6f04,third-party apis,3.3,11,0,7,0.0,2,0.0,29,4,29,1.0
twilio-ruby,lib/twilio-ruby/rest/api/v2010/account.rb,c58e213a6f04,third-party apis,8.1,34,0,84,0.0,2,0.0,98,12,54,0.551
twilio-ruby,lib/twilio-ruby/rest/api/v2010/account/address.rb,c58e213a6f04,third-party apis,9.0,45,0,77,0.0,2,0.0,61,13,33,0.541
twilio-ruby,lib/twilio-ruby/rest/api/v2010/account/application.rb,c58e213a6f04,third-party apis,9.6,58,0,78,0.0,2,0.0,64,13,31,0.484
twilio-ruby,lib/twilio-ruby/rest/api/v2010/account/authorized_connect_app.rb,c58e213a6f04,third-party apis,6.4,22,0,67,0.0,2,0.0,43,13,23,0.535
twilio-ruby,lib/twilio-ruby/rest/api/v2010/account/available_phone_number_country.rb,c58e213a6f04,third-party apis,6.3,22,0,74,0.0,2,0.0,54,13,31,0.574
twilio-ruby,lib/twilio-ruby/rest/api/v2010/account/available_phone_number_country/local.rb,c58e213a6f04,third-party apis,7.9,32,0,71,0.0,2,0.0,34,11,15,0.441
twilio-ruby,lib/twilio-ruby/rest/api/v2010/account/available_phone_number_country/machine_to_machine.rb,c58e213a6f04,third-party apis,7.9,32,0,71,0.0,2,0.0,34,11,15,0.441
twilio-ruby,lib/twilio-ruby/rest/api/v2010/account/available_phone_number_country/mobile.rb,c58e213a6f04,third-party apis,7.9,32,0,71,0.0,2,0.0,34,11,15,0.441
twilio-ruby,lib/twilio-ruby/rest/api/v2010/account/available_phone_number_country/national.rb,c58e213a6f04,third-party apis,7.9,32,0,71,0.0,2,0.0,34,11,15,0.441
twilio-ruby,lib/twilio-ruby/rest/api/v2010/account/available_phone_number_country/shared_cost.rb,c58e213a6f04,third-party apis,7.9,32,0,71,0.0,2,0.0,34,11,15,0.441
twilio-ruby,lib/twilio-ruby/rest/api/v2010/account/available_phone_number_country/toll_free.rb,c58e213a6f04,third-party apis,7.9,32,0,71,0.0,2,0.0,34,11,15,0.441
twilio-ruby,lib/twilio-ruby/rest/api/v2010/account/available_phone_number_country/voip.rb,c58e213a6f04,third-party apis,7.9,32,0,71,0.0,2,0.0,34,11,15,0.441
twilio-ruby,lib/twilio-ruby/rest/api/v2010/account/balance.rb,c58e213a6f04,third-party apis,6.5,21,0,55,0.0,2,0.0,20,10,11,0.55
twilio-ruby,lib/twilio-ruby/rest/api/v2010/account/call.rb,c58e213a6f04,third-party apis,10.0,99,0,84,0.0,2,0.0,87,13,42,0.483
twilio-ruby,lib/twilio-ruby/rest/api/v2010/account/call/event.rb,c58e213a6f04,third-party apis,6.7,15,0,57,0.0,2,0.0,23,11,15,0.652
twilio-ruby,lib/twilio-ruby/rest/api/v2010/account/call/notification.rb,c58e213a6f04,third-party apis,6.3,29,0,73,0.0,2,0.0,52,14,23,0.442
twilio-ruby,lib/twilio-ruby/rest/api/v2010/account/call/payment.rb,c58e213a6f04,third-party apis,9.6,62,0,65,0.0,2,0.0,37,14,19,0.514
twilio-ruby,lib/twilio-ruby/rest/api/v2010/account/call/recording.rb,c58e213a6f04,third-party apis,8.1,40,0,77,0.0,2,0.0,61,14,31,0.508
twilio-ruby,lib/twilio-ruby/rest/api/v2010/account/call/siprec.rb,c58e213a6f04,third-party apis,28.5,432,0,66,0.0,2,0.0,38,14,19,0.5
twilio-ruby,lib/twilio-ruby/rest/api/v2010/account/call/stream.rb,c58e213a6f04,third-party apis,28.5,432,0,66,0.0,2,0.0,38,14,19,0.5
twilio-ruby,lib/twilio-ruby/rest/api/v2010/account/call/transcription.rb,c58e213a6f04,third-party apis,9.0,62,0,66,0.0,2,0.0,38,14,19,0.5
twilio-ruby,lib/twilio-ruby/rest/api/v2010/account/call/user_defined_message.rb,c58e213a6f04,third-party apis,7.2,30,0,57,0.0,2,0.0,21,11,11,0.524
twilio-ruby,lib/twilio-ruby/rest/api/v2010/account/call/user_defined_message_subscription.rb,c58e213a6f04,third-party apis,6.8,32,0,64,0.0,2,0.0,36,14,19,0.528
twilio-ruby,lib/twilio-ruby/rest/api/v2010/account/conference.rb,c58e213a6f04,third-party apis,8.0,32,0,74,0.0,2,0.0,54,13,29,0.537
twilio-ruby,lib/twilio-ruby/rest/api/v2010/account/conference/participant.rb,c58e213a6f04,third-party apis,12.4,128,0,76,0.0,2,0.0,58,14,31,0.534
twilio-ruby,lib/twilio-ruby/rest/api/v2010/account/conference/recording.rb,c58e213a6f04,third-party apis,7.2,31,0,76,0.0,2,0.0,58,14,29,0.5
twilio-ruby,lib/twilio-ruby/rest/api/v2010/account/connect_app.rb,c58e213a6f04,third-party apis,8.0,42,0,73,0.0,2,0.0,52,13,29,0.558
twilio-ruby,lib/twilio-ruby/rest/api/v2010/account/incoming_phone_number.rb,c58e213a6f04,third-party apis,9.5,73,0,83,0.0,2,0.0,83,13,34,0.41
twilio-ruby,lib/twilio-ruby/rest/api/v2010/account/incoming_phone_number/assigned_add_on.rb,c58e213a6f04,third-party apis,7.3,28,0,74,0.0,2,0.0,53,14,30,0.566
twilio-ruby,lib/twilio-ruby/rest/api/v2010/account/incoming_phone_number/assigned_add_on/assigned_add_on_extension.rb,c58e213a6f04,third-party apis,6.4,24,0,68,0.0,2,0.0,44,15,23,0.523
twilio-ruby,lib/twilio-ruby/rest/api/v2010/account/key.rb,c58e213a6f04,third-party apis,7.7,28,0,69,0.0,2,0.0,45,13,29,0.644
twilio-ruby,lib/twilio-ruby/rest/api/v2010/account/message.rb,c58e213a6f04,third-party apis,9.1,75,0,79,0.0,2,0.0,67,13,35,0.522
twilio-ruby,lib/twilio-ruby/rest/api/v2010/account/message/feedback.rb,c58e213a6f04,third-party apis,6.7,28,0,61,0.0,2,0.0,23,11,11,0.478
twilio-ruby,lib/twilio-ruby/rest/api/v2010/account/message/media.rb,c58e213a6f04,third-party apis,7.0,23,0,69,0.0,2,0.0,45,14,26,0.578
twilio-ruby,lib/twilio-ruby/rest/api/v2010/account/new_key.rb,c58e213a6f04,third-party apis,6.8,27,0,59,0.0,2,0.0,22,10,11,0.5
twilio-ruby,lib/twilio-ruby/rest/api/v2010/account/new_signing_key.rb,c58e213a6f04,third-party apis,6.8,27,0,59,0.0,2,0.0,22,10,11,0.5
twilio-ruby,lib/twilio-ruby/rest/api/v2010/account/notification.rb,c58e213a6f04,third-party apis,6.3,29,0,73,0.0,2,0.0,52,13,23,0.442
twilio-ruby,lib/twilio-ruby/rest/api/v2010/account/outgoing_caller_id.rb,c58e213a6f04,third-party apis,7.6,28,0,71,0.0,2,0.0,48,13,29,0.604
twilio-ruby,lib/twilio-ruby/rest/api/v2010/account/queue.rb,c58e213a6f04,third-party apis,8.2,30,0,74,0.0,2,0.0,54,13,33,0.611
twilio-ruby,lib/twilio-ruby/rest/api/v2010/account/queue/member.rb,c58e213a6f04,third-party apis,7.6,31,0,68,0.0,2,0.0,44,14,26,0.591
twilio-ruby,lib/twilio-ruby/rest/api/v2010/account/recording.rb,c58e213a6f04,third-party apis,6.9,31,0,77,0.0,2,0.0,61,13,29,0.475
twilio-ruby,lib/twilio-ruby/rest/api/v2010/account/recording/add_on_result.rb,c58e213a6f04,third-party apis,6.6,23,0,72,0.0,2,0.0,50,14,28,0.56
twilio-ruby,lib/twilio-ruby/rest/api/v2010/account/recording/add_on_result/payload.rb,c58e213a6f04,third-party apis,6.5,24,0,73,0.0,2,0.0,51,15,28,0.549
twilio-ruby,lib/twilio-ruby/rest/api/v2010/account/recording/add_on_result/payload/data.rb,c58e213a6f04,third-party apis,6.2,24,0,53,0.0,2,0.0,30,16,17,0.567
twilio-ruby,lib/twilio-ruby/rest/api/v2010/account/recording/transcription.rb,c58e213a6f04,third-party apis,6.4,25,0,73,0.0,2,0.0,51,14,26,0.51
twilio-ruby,lib/twilio-ruby/rest/api/v2010/account/short_code.rb,c58e213a6f04,third-party apis,7.7,38,0,72,0.0,2,0.0,50,13,26,0.52
twilio-ruby,lib/twilio-ruby/rest/api/v2010/account/signing_key.rb,c58e213a6f04,third-party apis,7.7,28,0,69,0.0,2,0.0,45,13,29,0.644
twilio-ruby,lib/twilio-ruby/rest/api/v2010/account/sip.rb,c58e213a6f04,third-party apis,6,15,0,44,0.0,2,0.0,18,10,9,0.5
twilio-ruby,lib/twilio-ruby/rest/api/v2010/account/sip/credential_list.rb,c58e213a6f04,third-party apis,8.2,28,0,73,0.0,2,0.0,52,14,33,0.635
twilio-ruby,lib/twilio-ruby/rest/api/v2010/account/sip/credential_list/credential.rb,c58e213a6f04,third-party apis,8.3,30,0,72,0.0,2,0.0,50,15,31,0.62
twilio-ruby,lib/twilio-ruby/rest/api/v2010/account/sip/domain.rb,c58e213a6f04,third-party apis,9,52,0,80,0.0,2,0.0,70,14,36,0.514
twilio-ruby,lib/twilio-ruby/rest/api/v2010/account/sip/domain/auth_types.rb,c58e213a6f04,third-party apis,5.1,15,0,41,0.0,2,0.0,17,12,9,0.529
twilio-ruby,lib/twilio-ruby/rest/api/v2010/account/sip/domain/auth_types/auth_type_calls.rb,c58e213a6f04,third-party apis,5.8,15,0,41,0.0,2,0.0,17,13,9,0.529
twilio-ruby,lib/twilio-ruby/rest/api/v2010/account/sip/domain/auth_types/auth_type_calls/auth_calls_credential_list_mapping.rb,c58e213a6f04,third-party apis,7.6,28,0,69,0.0,2,0.0,45,17,28,0.622
twilio-ruby,lib/twilio-ruby/rest/api/v2010/account/sip/domain/auth_types/auth_type_calls/auth_calls_ip_access_control_list_mapping.rb,c58e213a6f04,third-party apis,7.6,28,0,69,0.0,2,0.0,45,17,28,0.622
twilio-ruby,lib/twilio-ruby/rest/api/v2010/account/sip/domain/auth_types/auth_type_registrations.rb,c58e213a6f04,third-party apis,5.5,15,0,38,0.0,2,0.0,16,13,9,0.562
twilio-ruby,lib/twilio-ruby/rest/api/v2010/account/sip/domain/auth_types/auth_type_registrations/auth_registrations_credential_list_mapping.rb,c58e213a6f04,third-party apis,7.6,28,0,69,0.0,2,0.0,45,17,28,0.622
twilio-ruby,lib/twilio-ruby/rest/api/v2010/account/sip/domain/credential_list_mapping.rb,c58e213a6f04,third-party apis,7.5,28,0,70,0.0,2,0.0,47,15,28,0.596
twilio-ruby,lib/twilio-ruby/rest/api/v2010/account/sip/domain/ip_access_control_list_mapping.rb,c58e213a6f04,third-party apis,7.5,28,0,70,0.0,2,0.0,47,15,28,0.596
twilio-ruby,lib/twilio-ruby/rest/api/v2010/account/sip/ip_access_control_list.rb,c58e213a6f04,third-party apis,8.2,28,0,73,0.0,2,0.0,52,14,33,0.635
twilio-ruby,lib/twilio-ruby/rest/api/v2010/account/sip/ip_access_control_list/ip_address.rb,c58e213a6f04,third-party apis,8.4,33,0,73,0.0,2,0.0,52,15,31,0.596
twilio-ruby,lib/twilio-ruby/rest/api/v2010/account/token.rb,c58e213a6f04,third-party apis,6.5,27,0,62,0.0,2,0.0,24,10,11,0.458
twilio-ruby,lib/twilio-ruby/rest/api/v2010/account/transcription.rb,c58e213a6f04,third-party apis,6.3,25,0,73,0.0,2,0.0,51,13,26,0.51
twilio-ruby,lib/twilio-ruby/rest/api/v2010/account/usage.rb,c58e213a6f04,third-party apis,5.4,15,0,41,0.0,2,0.0,17,10,10,0.588
twilio-ruby,lib/twilio-ruby/rest/api/v2010/account/usage/record/all_time.rb,c58e213a6f04,third-party apis,6.1,23,0,72,0.0,2,0.0,36,12,15,0.417
twilio-ruby,lib/twilio-ruby/rest/api/v2010/account/usage/record/daily.rb,c58e213a6f04,third-party apis,6.1,23,0,72,0.0,2,0.0,36,12,15,0.417
twilio-ruby,lib/twilio-ruby/rest/api/v2010/account/usage/record/last_month.rb,c58e213a6f04,third-party apis,6.1,23,0,72,0.0,2,0.0,36,12,15,0.417
twilio-ruby,lib/twilio-ruby/rest/api/v2010/account/usage/record/monthly.rb,c58e213a6f04,third-party apis,6.1,23,0,72,0.0,2,0.0,36,12,15,0.417
twilio-ruby,lib/twilio-ruby/rest/api/v2010/account/usage/record/this_month.rb,c58e213a6f04,third-party apis,6.1,23,0,72,0.0,2,0.0,36,12,15,0.417
twilio-ruby,lib/twilio-ruby/rest/api/v2010/account/usage/record/today.rb,c58e213a6f04,third-party apis,6.1,23,0,72,0.0,2,0.0,36,12,15,0.417
twilio-ruby,lib/twilio-ruby/rest/api/v2010/account/usage/record/yearly.rb,c58e213a6f04,third-party apis,6.1,23,0,72,0.0,2,0.0,36,12,15,0.417
twilio-ruby,lib/twilio-ruby/rest/api/v2010/account/usage/record/yesterday.rb,c58e213a6f04,third-party apis,6.1,23,0,72,0.0,2,0.0,36,12,15,0.417
twilio-ruby,lib/twilio-ruby/rest/api/v2010/account/usage/trigger.rb,c58e213a6f04,third-party apis,8.3,39,0,76,0.0,2,0.0,59,14,31,0.525
twilio-ruby,lib/twilio-ruby/rest/api/v2010/account/validation_request.rb,c58e213a6f04,third-party apis,7.7,37,0,59,0.0,2,0.0,22,10,11,0.5
twilio-ruby,lib/twilio-ruby/rest/api_base.rb,c58e213a6f04,third-party apis,4.3,7,0,0,0.0,1,0.0,3,3,3,1.0
twilio-ruby,lib/twilio-ruby/rest/assistants/v1.rb,c58e213a6f04,third-party apis,8.4,11,0,57,0.0,2,0.0,7,4,4,0.571
twilio-ruby,lib/twilio-ruby/rest/assistants/v1/assistant.rb,c58e213a6f04,third-party apis,7.2,24,0,70,0.0,2,0.0,79,20,42,0.532
twilio-ruby,lib/twilio-ruby/rest/assistants/v1/assistant/assistants_knowledge.rb,c58e213a6f04,third-party apis,6.4,23,0,71,0.0,2,0.0,49,13,26,0.531
twilio-ruby,lib/twilio-ruby/rest/assistants/v1/assistant/assistants_tool.rb,c58e213a6f04,third-party apis,6.4,23,0,71,0.0,2,0.0,49,13,26,0.531
twilio-ruby,lib/twilio-ruby/rest/assistants/v1/assistant/feedback.rb,c58e213a6f04,third-party apis,6.8,22,0,69,0.0,2,0.0,35,11,19,0.543
twilio-ruby,lib/twilio-ruby/rest/assistants/v1/assistant/message.rb,c58e213a6f04,third-party apis,6.3,22,0,62,0.0,2,0.0,26,11,13,0.5
twilio-ruby,lib/twilio-ruby/rest/assistants/v1/knowledge.rb,c58e213a6f04,third-party apis,7.5,23,0,67,0.0,2,0.0,70,18,38,0.543
twilio-ruby,lib/twilio-ruby/rest/assistants/v1/knowledge/chunk.rb,c58e213a6f04,third-party apis,6.3,15,0,62,0.0,2,0.0,26,10,15,0.577
twilio-ruby,lib/twilio-ruby/rest/assistants/v1/knowledge/knowledge_status.rb,c58e213a6f04,third-party apis,5.8,21,0,58,0.0,2,0.0,33,13,17,0.515
twilio-ruby,lib/twilio-ruby/rest/assistants/v1/policy.rb,c58e213a6f04,third-party apis,6.3,17,0,60,0.0,2,0.0,30,9,15,0.5
twilio-ruby,lib/twilio-ruby/rest/assistants/v1/session.rb,c58e213a6f04,third-party apis,6.4,21,0,61,0.0,2,0.0,44,12,25,0.568
twilio-ruby,lib/twilio-ruby/rest/assistants/v1/session/message.rb,c58e213a6f04,third-party apis,6.0,18,0,68,0.0,2,0.0,31,10,15,0.484
twilio-ruby,lib/twilio-ruby/rest/assistants/v1/tool.rb,c58e213a6f04,third-party apis,7.7,24,0,67,0.0,2,0.0,67,18,34,0.507
twilio-ruby,lib/twilio-ruby/rest/assistants_base.rb,c58e213a6f04,third-party apis,4.3,7,0,0,0.0,1,0.0,3,3,3,1.0
twilio-ruby,lib/twilio-ruby/rest/bulkexports/v1.rb,c58e213a6f04,third-party apis,7.8,11,0,50,0.0,2,0.0,4,4,3,0.75
twilio-ruby,lib/twilio-ruby/rest/bulkexports/v1/export.rb,c58e213a6f04,third-party apis,6.2,21,0,59,0.0,2,0.0,37,12,22,0.595
twilio-ruby,lib/twilio-ruby/rest/bulkexports/v1/export/day.rb,c58e213a6f04,third-party apis,6.5,22,0,66,0.0,2,0.0,41,13,23,0.561
twilio-ruby,lib/twilio-ruby/rest/bulkexports/v1/export/export_custom_job.rb,c58e213a6f04,third-party apis,7.6,37,0,71,0.0,2,0.0,34,10,17,0.5
twilio-ruby,lib/twilio-ruby/rest/bulkexports/v1/export/job.rb,c58e213a6f04,third-party apis,5.8,24,0,66,0.0,2,0.0,44,13,20,0.455
twilio-ruby,lib/twilio-ruby/rest/bulkexports/v1/export_configuration.rb,c58e213a6f04,third-party apis,7.2,31,0,59,0.0,2,0.0,37,12,20,0.541
twilio-ruby,lib/twilio-ruby/rest/bulkexports_base.rb,c58e213a6f04,third-party apis,4.3,7,0,0,0.0,1,0.0,3,3,3,1.0
twilio-ruby,lib/twilio-ruby/rest/chat.rb,c58e213a6f04,third-party apis,4,4,0,0,0.0,2,0.0,3,3,3,1.0
twilio-ruby,lib/twilio-ruby/rest/chat/v1.rb,c58e213a6f04,third-party apis,7.8,11,0,50,0.0,2,0.0,4,4,3,0.75
twilio-ruby,lib/twilio-ruby/rest/chat/v1/credential.rb,c58e213a6f04,third-party apis,9.0,38,0,69,0.0,2,0.0,51,12,31,0.608
twilio-ruby,lib/twilio-ruby/rest/chat/v1/service.rb,c58e213a6f04,third-party apis,11.9,133,0,77,0.0,2,0.0,70,12,35,0.5
twilio-ruby,lib/twilio-ruby/rest/chat/v1/service/channel.rb,c58e213a6f04,third-party apis,8.3,33,0,78,0.0,2,0.0,63,13,35,0.556
twilio-ruby,lib/twilio-ruby/rest/chat/v1/service/channel/invite.rb,c58e213a6f04,third-party apis,7.5,30,0,72,0.0,2,0.0,50,14,28,0.56
twilio-ruby,lib/twilio-ruby/rest/chat/v1/service/channel/member.rb,c58e213a6f04,third-party apis,8.2,31,0,74,0.0,2,0.0,54,14,31,0.574
twilio-ruby,lib/twilio-ruby/rest/chat/v1/service/channel/message.rb,c58e213a6f04,third-party apis,8.1,32,0,75,0.0,2,0.0,56,14,31,0.554
twilio-ruby,lib/twilio-ruby/rest/chat/v1/service/role.rb,c58e213a6f04,third-party apis,8.1,31,0,73,0.0,2,0.0,52,13,31,0.596
twilio-ruby,lib/twilio-ruby/rest/chat/v1/service/user.rb,c58e213a6f04,third-party apis,7.9,33,0,76,0.0,2,0.0,59,13,33,0.559
twilio-ruby,lib/twilio-ruby/rest/chat/v1/service/user/user_channel.rb,c58e213a6f04,third-party apis,6.1,16,0,66,0.0,2,0.0,29,11,15,0.517
twilio-ruby,lib/twilio-ruby/rest/chat/v2.rb,c58e213a6f04,third-party apis,7.8,11,0,50,0.0,2,0.0,4,4,3,0.75
twilio-ruby,lib/twilio-ruby/rest/chat/v2/credential.rb,c58e213a6f04,third-party apis,9.0,38,0,69,0.0,2,0.0,51,12,31,0.608
twilio-ruby,lib/twilio-ruby/rest/chat/v2/service.rb,c58e213a6f04,third-party apis,9.7,87,0,78,0.0,2,0.0,74,12,36,0.486
twilio-ruby,lib/twilio-ruby/rest/chat/v2/service/binding.rb,c58e213a6f04,third-party apis,6.6,24,0,72,0.0,2,0.0,50,13,26,0.52
twilio-ruby,lib/twilio-ruby/rest/chat/v2/service/channel.rb,c58e213a6f04,third-party apis,9.0,40,0,78,0.0,2,0.0,65,13,36,0.554
twilio-ruby,lib/twilio-ruby/rest/chat/v2/service/channel/invite.rb,c58e213a6f04,third-party apis,7.5,30,0,72,0.0,2,0.0,50,14,28,0.56
twilio-ruby,lib/twilio-ruby/rest/chat/v2/service/channel/member.rb,c58e213a6f04,third-party apis,9.2,41,0,75,0.0,2,0.0,55,14,31,0.564
twilio-ruby,lib/twilio-ruby/rest/chat/v2/service/channel/message.rb,c58e213a6f04,third-party apis,8.8,41,0,76,0.0,2,0.0,59,14,31,0.525
twilio-ruby,lib/twilio-ruby/rest/chat/v2/service/channel/webhook.rb,c58e213a6f04,third-party apis,9.1,40,0,73,0.0,2,0.0,52,14,31,0.596
twilio-ruby,lib/twilio-ruby/rest/chat/v2/service/role.rb,c58e213a6f04,third-party apis,8.1,31,0,73,0.0,2,0.0,52,13,31,0.596
twilio-ruby,lib/twilio-ruby/rest/chat/v2/service/user.rb,c58e213a6f04,third-party apis,8.2,34,0,77,0.0,2,0.0,61,13,34,0.557
twilio-ruby,lib/twilio-ruby/rest/chat/v2/service/user/user_binding.rb,c58e213a6f04,third-party apis,6.5,24,0,72,0.0,2,0.0,50,14,26,0.52
twilio-ruby,lib/twilio-ruby/rest/chat/v2/service/user/user_channel.rb,c58e213a6f04,third-party apis,7.6,33,0,73,0.0,2,0.0,52,14,29,0.558
twilio-ruby,lib/twilio-ruby/rest/chat/v3.rb,c58e213a6f04,third-party apis,10,16,0,50,0.0,2,0.0,4,4,3,0.75
twilio-ruby,lib/twilio-ruby/rest/chat_base.rb,c58e213a6f04,third-party apis,4.2,9,0,0,0.0,1,0.0,5,3,3,0.6
twilio-ruby,lib/twilio-ruby/rest/content/v1.rb,c58e213a6f04,third-party apis,5.4,11,0,20,0.0,2,0.0,5,4,4,0.8
twilio-ruby,lib/twilio-ruby/rest/content/v1/content/approval_create.rb,c58e213a6f04,third-party apis,6.1,22,0,60,0.0,2,0.0,25,11,13,0.52
twilio-ruby,lib/twilio-ruby/rest/content/v1/content/approval_fetch.rb,c58e213a6f04,third-party apis,5.8,21,0,58,0.0,2,0.0,33,13,17,0.515
twilio-ruby,lib/twilio-ruby/rest/content/v1/content_and_approvals.rb,c58e213a6f04,third-party apis,6.0,17,0,60,0.0,2,0.0,30,9,15,0.5
twilio-ruby,lib/twilio-ruby/rest/content/v1/legacy_content.rb,c58e213a6f04,third-party apis,5.9,19,0,62,0.0,2,0.0,32,9,15,0.469
twilio-ruby,lib/twilio-ruby/rest/content/v2.rb,c58e213a6f04,third-party apis,3.8,6,0,0,0.0,2,0.0,4,4,3,0.75
twilio-ruby,lib/twilio-ruby/rest/content/v2/content.rb,c58e213a6f04,third-party apis,7.3,26,0,61,0.0,2,0.0,31,9,15,0.484
twilio-ruby,lib/twilio-ruby/rest/content/v2/content_and_approvals.rb,c58e213a6f04,third-party apis,7.4,26,0,60,0.0,2,0.0,30,9,15,0.5
twilio-ruby,lib/twilio-ruby/rest/content_base.rb,c58e213a6f04,third-party apis,4.2,8,0,0,0.0,1,0.0,4,3,3,0.75
twilio-ruby,lib/twilio-ruby/rest/conversations.rb,c58e213a6f04,third-party apis,4,4,0,0,0.0,2,0.0,8,3,8,1.0
twilio-ruby,lib/twilio-ruby/rest/conversations/v1/address_configuration.rb,c58e213a6f04,third-party apis,9.6,48,0,70,0.0,2,0.0,53,12,31,0.585
twilio-ruby,lib/twilio-ruby/rest/conversations/v1/configuration.rb,c58e213a6f04,third-party apis,6.9,32,0,56,0.0,2,0.0,41,12,20,0.488
twilio-ruby,lib/twilio-ruby/rest/conversations/v1/configuration/webhook.rb,c58e213a6f04,third-party apis,7.2,34,0,56,0.0,2,0.0,39,13,19,0.487
twilio-ruby,lib/twilio-ruby/rest/conversations/v1/conversation.rb,c58e213a6f04,third-party apis,9.7,48,0,75,0.0,2,0.0,63,12,35,0.556
twilio-ruby,lib/twilio-ruby/rest/conversations/v1/conversation/message.rb,c58e213a6f04,third-party apis,8.9,44,0,77,0.0,2,0.0,60,13,33,0.55
twilio-ruby,lib/twilio-ruby/rest/conversations/v1/conversation/message/delivery_receipt.rb,c58e213a6f04,third-party apis,6.3,23,0,70,0.0,2,0.0,46,14,23,0.5
twilio-ruby,lib/twilio-ruby/rest/conversations/v1/conversation/participant.rb,c58e213a6f04,third-party apis,9.4,45,0,75,0.0,2,0.0,55,13,31,0.564
twilio-ruby,lib/twilio-ruby/rest/conversations/v1/conversation/webhook.rb,c58e213a6f04,third-party apis,9.0,39,0,73,0.0,2,0.0,51,13,31,0.608
twilio-ruby,lib/twilio-ruby/rest/conversations/v1/credential.rb,c58e213a6f04,third-party apis,9.1,39,0,69,0.0,2,0.0,51,12,31,0.608
twilio-ruby,lib/twilio-ruby/rest/conversations/v1/participant_conversation.rb,c58e213a6f04,third-party apis,5.9,24,0,68,0.0,2,0.0,37,9,15,0.405
twilio-ruby,lib/twilio-ruby/rest/conversations/v1/role.rb,c58e213a6f04,third-party apis,8.0,30,0,69,0.0,2,0.0,52,12,31,0.596
twilio-ruby,lib/twilio-ruby/rest/conversations/v1/service.rb,c58e213a6f04,third-party apis,7.4,26,0,74,0.0,2,0.0,61,12,37,0.607
twilio-ruby,lib/twilio-ruby/rest/conversations/v1/service/binding.rb,c58e213a6f04,third-party apis,6.7,23,0,71,0.0,2,0.0,49,13,26,0.531
twilio-ruby,lib/twilio-ruby/rest/conversations/v1/service/configuration.rb,c58e213a6f04,third-party apis,7.0,33,0,67,0.0,2,0.0,43,13,22,0.512
twilio-ruby,lib/twilio-ruby/rest/conversations/v1/service/configuration/notification.rb,c58e213a6f04,third-party apis,8.5,51,0,64,0.0,2,0.0,39,14,20,0.513
twilio-ruby,lib/twilio-ruby/rest/conversations/v1/service/configuration/webhook.rb,c58e213a6f04,third-party apis,7.2,33,0,64,0.0,2,0.0,39,14,20,0.513
twilio-ruby,lib/twilio-ruby/rest/conversations/v1/service/conversation.rb,c58e213a6f04,third-party apis,9.8,49,0,78,0.0,2,0.0,63,13,35,0.556
twilio-ruby,lib/twilio-ruby/rest/conversations/v1/service/conversation/message.rb,c58e213a6f04,third-party apis,9.0,45,0,77,0.0,2,0.0,61,14,33,0.541
twilio-ruby,lib/twilio-ruby/rest/conversations/v1/service/conversation/message/delivery_receipt.rb,c58e213a6f04,third-party apis,6.3,24,0,70,0.0,2,0.0,47,15,23,0.489
twilio-ruby,lib/twilio-ruby/rest/conversations/v1/service/conversation/participant.rb,c58e213a6f04,third-party apis,9.4,46,0,75,0.0,2,0.0,56,14,31,0.554
twilio-ruby,lib/twilio-ruby/rest/conversations/v1/service/conversation/webhook.rb,c58e213a6f04,third-party apis,9.0,40,0,73,0.0,2,0.0,52,14,31,0.596
twilio-ruby,lib/twilio-ruby/rest/conversations/v1/service/participant_conversation.rb,c58e213a6f04,third-party apis,5.9,24,0,73,0.0,2,0.0,37,10,15,0.405
twilio-ruby,lib/twilio-ruby/rest/conversations/v1/service/role.rb,c58e213a6f04,third-party apis,8.1,31,0,73,0.0,2,0.0,52,13,31,0.596
twilio-ruby,lib/twilio-ruby/rest/conversations/v1/service/user.rb,c58e213a6f04,third-party apis,8.4,34,0,76,0.0,2,0.0,58,13,33,0.569
twilio-ruby,lib/twilio-ruby/rest/conversations/v1/service/user/user_conversation.rb,c58e213a6f04,third-party apis,7.1,33,0,76,0.0,2,0.0,59,14,29,0.492
twilio-ruby,lib/twilio-ruby/rest/conversations/v1/user.rb,c58e213a6f04,third-party apis,8.3,33,0,72,0.0,2,0.0,58,12,33,0.569
twilio-ruby,lib/twilio-ruby/rest/conversations/v1/user/user_conversation.rb,c58e213a6f04,third-party apis,7,32,0,76,0.0,2,0.0,59,13,29,0.492
twilio-ruby,lib/twilio-ruby/rest/conversations/v2.rb,c58e213a6f04,third-party apis,11.1,16,0,75,0.0,2,0.0,8,4,4,0.5
twilio-ruby,lib/twilio-ruby/rest/conversations/v2/action.rb,c58e213a6f04,third-party apis,6.4,22,0,66,0.0,2,0.0,47,16,24,0.511
twilio-ruby,lib/twilio-ruby/rest/conversations/v2/communication.rb,c58e213a6f04,third-party apis,6.8,24,0,68,0.0,2,0.0,60,18,28,0.467
twilio-ruby,lib/twilio-ruby/rest/conversations/v2/operation.rb,c58e213a6f04,third-party apis,5.8,21,0,64,0.0,2,0.0,36,12,17,0.472
twilio-ruby,lib/twilio-ruby/rest/conversations/v2/participant.rb,c58e213a6f04,third-party apis,7.4,23,0,69,0.0,2,0.0,61,18,31,0.508
twilio-ruby,lib/twilio-ruby/rest/conversations_base.rb,c58e213a6f04,third-party apis,4.2,8,0,0,0.0,1,0.0,4,3,3,0.75
twilio-ruby,lib/twilio-ruby/rest/events.rb,c58e213a6f04,third-party apis,4,4,0,0,0.0,2,0.0,4,3,4,1.0
twilio-ruby,lib/twilio-ruby/rest/events/v1.rb,c58e213a6f04,third-party apis,9.2,11,0,67,0.0,2,0.0,6,4,3,0.5
twilio-ruby,lib/twilio-ruby/rest/events/v1/event_type.rb,c58e213a6f04,third-party apis,6.4,21,0,64,0.0,2,0.0,44,12,23,0.523
twilio-ruby,lib/twilio-ruby/rest/events/v1/schema.rb,c58e213a6f04,third-party apis,6,21,0,58,0.0,2,0.0,36,12,19,0.528
twilio-ruby,lib/twilio-ruby/rest/events/v1/schema/schema_version.rb,c58e213a6f04,third-party apis,6.6,22,0,65,0.0,2,0.0,40,13,23,0.575
twilio-ruby,lib/twilio-ruby/rest/events/v1/sink.rb,c58e213a6f04,third-party apis,7.9,30,0,71,0.0,2,0.0,56,12,34,0.607
twilio-ruby,lib/twilio-ruby/rest/events/v1/sink/sink_test.rb,c58e213a6f04,third-party apis,6.7,21,0,50,0.0,2,0.0,18,10,11,0.611
twilio-ruby,lib/twilio-ruby/rest/events/v1/sink/sink_validate.rb,c58e213a6f04,third-party apis,7.4,27,0,50,0.0,2,0.0,18,10,11,0.611
twilio-ruby,lib/twilio-ruby/rest/events/v1/subscription.rb,c58e213a6f04,third-party apis,8.2,30,0,70,0.0,2,0.0,53,12,33,0.623
twilio-ruby,lib/twilio-ruby/rest/events/v1/subscription/subscribed_event.rb,c58e213a6f04,third-party apis,8.4,29,0,71,0.0,2,0.0,48,13,31,0.646
twilio-ruby,lib/twilio-ruby/rest/events_base.rb,c58e213a6f04,third-party apis,4.3,7,0,0,0.0,1,0.0,3,3,3,1.0
twilio-ruby,lib/twilio-ruby/rest/flex_api.rb,c58e213a6f04,third-party apis,4,4,0,0,0.0,2,0.0,8,3,8,1.0
twilio-ruby,lib/twilio-ruby/rest/flex_api/v1/assessments.rb,c58e213a6f04,third-party apis,8.3,45,0,69,0.0,2,0.0,51,12,25,0.49
twilio-ruby,lib/twilio-ruby/rest/flex_api/v1/channel.rb,c58e213a6f04,third-party apis,8.0,44,0,67,0.0,2,0.0,48,12,28,0.583
twilio-ruby,lib/twilio-ruby/rest/flex_api/v1/flex_flow.rb,c58e213a6f04,third-party apis,10.4,59,0,72,0.0,2,0.0,57,12,31,0.544
twilio-ruby,lib/twilio-ruby/rest/flex_api/v1/insights_assessments_comment.rb,c58e213a6f04,third-party apis,7.8,37,0,66,0.0,2,0.0,35,9,17,0.486
twilio-ruby,lib/twilio-ruby/rest/flex_api/v1/insights_conversations.rb,c58e213a6f04,third-party apis,6.8,16,0,52,0.0,2,0.0,25,9,15,0.6
twilio-ruby,lib/twilio-ruby/rest/flex_api/v1/insights_questionnaires.rb,c58e213a6f04,third-party apis,9.2,34,0,68,0.0,2,0.0,50,12,31,0.62
twilio-ruby,lib/twilio-ruby/rest/flex_api/v1/insights_questionnaires_category.rb,c58e213a6f04,third-party apis,8.3,28,0,64,0.0,2,0.0,44,12,28,0.636
twilio-ruby,lib/twilio-ruby/rest/flex_api/v1/insights_questionnaires_question.rb,c58e213a6f04,third-party apis,8.7,36,0,68,0.0,2,0.0,50,12,28,0.56
twilio-ruby,lib/twilio-ruby/rest/flex_api/v1/insights_session.rb,c58e213a6f04,third-party apis,6.0,22,0,50,0.0,2,0.0,34,12,16,0.471
twilio-ruby,lib/twilio-ruby/rest/flex_api/v1/insights_settings_answer_sets.rb,c58e213a6f04,third-party apis,6.3,22,0,50,0.0,2,0.0,22,9,11,0.5
twilio-ruby,lib/twilio-ruby/rest/flex_api/v1/insights_settings_comment.rb,c58e213a6f04,third-party apis,6.5,22,0,45,0.0,2,0.0,20,9,11,0.55
twilio-ruby,lib/twilio-ruby/rest/flex_api/v1/insights_user_roles.rb,c58e213a6f04,third-party apis,6.2,22,0,45,0.0,2,0.0,31,12,16,0.516
twilio-ruby,lib/twilio-ruby/rest/flex_api/v1/interaction.rb,c58e213a6f04,third-party apis,7.9,32,0,65,0.0,2,0.0,43,12,24,0.558
twilio-ruby,lib/twilio-ruby/rest/flex_api/v1/interaction/interaction_channel.rb,c58e213a6f04,third-party apis,7.5,30,0,73,0.0,2,0.0,52,13,31,0.596
twilio-ruby,lib/twilio-ruby/rest/flex_api/v1/interaction/interaction_channel/interaction_channel_invite.rb,c58e213a6f04,third-party apis,7.7,28,0,64,0.0,2,0.0,28,11,17,0.607
twilio-ruby,lib/twilio-ruby/rest/flex_api/v1/interaction/interaction_channel/interaction_channel_participant.rb,c58e213a6f04,third-party apis,8.0,32,0,67,0.0,2,0.0,43,14,25,0.581
twilio-ruby,lib/twilio-ruby/rest/flex_api/v1/interaction/interaction_channel/interaction_transfer.rb,c58e213a6f04,third-party apis,6.7,27,0,73,0.0,2,0.0,49,14,22,0.449
twilio-ruby,lib/twilio-ruby/rest/flex_api/v1/plugin.rb,c58e213a6f04,third-party apis,8.3,31,0,69,0.0,2,0.0,52,12,30,0.577
twilio-ruby,lib/twilio-ruby/rest/flex_api/v1/plugin/plugin_versions.rb,c58e213a6f04,third-party apis,7.7,38,0,71,0.0,2,0.0,48,13,25,0.521
twilio-ruby,lib/twilio-ruby/rest/flex_api/v1/plugin_archive.rb,c58e213a6f04,third-party apis,5.8,23,0,61,0.0,2,0.0,38,12,17,0.447
twilio-ruby,lib/twilio-ruby/rest/flex_api/v1/plugin_configuration.rb,c58e213a6f04,third-party apis,7.7,31,0,66,0.0,2,0.0,47,12,27,0.574
twilio-ruby,lib/twilio-ruby/rest/flex_api/v1/plugin_configuration/configured_plugin.rb,c58e213a6f04,third-party apis,6.3,28,0,73,0.0,2,0.0,51,13,23,0.451
twilio-ruby,lib/twilio-ruby/rest/flex_api/v1/plugin_configuration_archive.rb,c58e213a6f04,third-party apis,5.9,23,0,58,0.0,2,0.0,36,12,17,0.472
twilio-ruby,lib/twilio-ruby/rest/flex_api/v1/plugin_release.rb,c58e213a6f04,third-party apis,7.6,27,0,62,0.0,2,0.0,42,12,25,0.595
twilio-ruby,lib/twilio-ruby/rest/flex_api/v1/plugin_version_archive.rb,c58e213a6f04,third-party apis,5.8,24,0,62,0.0,2,0.0,39,12,17,0.436
twilio-ruby,lib/twilio-ruby/rest/flex_api/v1/provisioning_status.rb,c58e213a6f04,third-party apis,5.9,20,0,45,0.0,2,0.0,31,12,16,0.516
twilio-ruby,lib/twilio-ruby/rest/flex_api/v1/web_channel.rb,c58e213a6f04,third-party apis,8.6,36,0,67,0.0,2,0.0,49,12,31,0.633
twilio-ruby,lib/twilio-ruby/rest/flex_api/v2.rb,c58e213a6f04,third-party apis,8.8,16,0,40,0.0,2,0.0,5,4,4,0.8
twilio-ruby,lib/twilio-ruby/rest/flex_api/v2/flex_user.rb,c58e213a6f04,third-party apis,6.6,32,0,68,0.0,2,0.0,47,12,20,0.426
twilio-ruby,lib/twilio-ruby/rest/flex_api/v2/web_channels.rb,c58e213a6f04,third-party apis,8.1,35,0,42,0.0,2,0.0,19,9,11,0.579
twilio-ruby,lib/twilio-ruby/rest/flex_api_base.rb,c58e213a6f04,third-party apis,4.2,8,0,0,0.0,1,0.0,4,3,3,0.75
twilio-ruby,lib/twilio-ruby/rest/frontline_api/v1.rb,c58e213a6f04,third-party apis,6.3,11,0,33,0.0,2,0.0,3,4,3,1.0
twilio-ruby,lib/twilio-ruby/rest/frontline_api/v1/user.rb,c58e213a6f04,third-party apis,7.2,33,0,62,0.0,2,0.0,39,12,20,0.513
twilio-ruby,lib/twilio-ruby/rest/frontline_api_base.rb,c58e213a6f04,third-party apis,4.3,7,0,0,0.0,1,0.0,3,3,3,1.0
twilio-ruby,lib/twilio-ruby/rest/iam/v1.rb,c58e213a6f04,third-party apis,6.9,11,0,38,0.0,2,0.0,8,4,4,0.5
twilio-ruby,lib/twilio-ruby/rest/iam/v1/api_key.rb,c58e213a6f04,third-party apis,7.2,29,0,62,0.0,2,0.0,40,12,23,0.575
twilio-ruby,lib/twilio-ruby/rest/iam/v1/get_api_keys.rb,c58e213a6f04,third-party apis,6.5,15,0,54,0.0,2,0.0,26,9,15,0.577
twilio-ruby,lib/twilio-ruby/rest/iam/v1/new_api_key.rb,c58e213a6f04,third-party apis,7.1,32,0,52,0.0,2,0.0,23,9,11,0.478
twilio-ruby,lib/twilio-ruby/rest/iam/v1/o_auth_app.rb,c58e213a6f04,third-party apis,6.6,25,0,64,0.0,2,0.0,59,18,27,0.458
twilio-ruby,lib/twilio-ruby/rest/iam/v1/role_permission.rb,c58e213a6f04,third-party apis,6.3,15,0,63,0.0,2,0.0,27,9,15,0.556
twilio-ruby,lib/twilio-ruby/rest/iam/v1/token.rb,c58e213a6f04,third-party apis,8.0,40,0,50,0.0,2,0.0,22,9,11,0.5
twilio-ruby,lib/twilio-ruby/rest/insights.rb,c58e213a6f04,third-party apis,4,4,0,0,0.0,2,0.0,5,3,5,1.0
twilio-ruby,lib/twilio-ruby/rest/insights/v1.rb,c58e213a6f04,third-party apis,7.3,11,0,43,0.0,2,0.0,7,4,4,0.571
twilio-ruby,lib/twilio-ruby/rest/insights/v1/call.rb,c58e213a6f04,third-party apis,5.8,21,0,62,0.0,2,0.0,40,12,22,0.55
twilio-ruby,lib/twilio-ruby/rest/insights/v1/call/annotation.rb,c58e213a6f04,third-party apis,7.4,39,0,67,0.0,2,0.0,42,13,20,0.476
twilio-ruby,lib/twilio-ruby/rest/insights/v1/call/event.rb,c58e213a6f04,third-party apis,6.0,19,0,69,0.0,2,0.0,32,10,15,0.469
twilio-ruby,lib/twilio-ruby/rest/insights/v1/call/metric.rb,c58e213a6f04,third-party apis,6.3,17,0,67,0.0,2,0.0,30,10,15,0.5
twilio-ruby,lib/twilio-ruby/rest/insights/v1/conference.rb,c58e213a6f04,third-party apis,6.5,35,0,73,0.0,2,0.0,60,12,25,0.417
twilio-ruby,lib/twilio-ruby/rest/insights/v1/room/participant.rb,c58e213a6f04,third-party apis,6.0,29,0,73,0.0,2,0.0,52,13,23,0.442
twilio-ruby,lib/twilio-ruby/rest/insights/v1/setting.rb,c58e213a6f04,third-party apis,7.5,30,0,53,0.0,2,0.0,36,12,19,0.528
twilio-ruby,lib/twilio-ruby/rest/insights/v2.rb,c58e213a6f04,third-party apis,8.6,11,0,60,0.0,2,0.0,5,4,3,0.6
twilio-ruby,lib/twilio-ruby/rest/insights/v2/inbound.rb,c58e213a6f04,third-party apis,6.2,22,0,64,0.0,2,0.0,53,16,27,0.509
twilio-ruby,lib/twilio-ruby/rest/insights/v2/outbound.rb,c58e213a6f04,third-party apis,6.0,29,0,68,0.0,2,0.0,62,17,28,0.452
twilio-ruby,lib/twilio-ruby/rest/insights/v3.rb,c58e213a6f04,third-party apis,3.8,6,0,0,0.0,2,0.0,4,4,3,0.75
twilio-ruby,lib/twilio-ruby/rest/insights/v3/metadata.rb,c58e213a6f04,third-party apis,6.6,20,0,53,0.0,2,0.0,19,9,11,0.579
twilio-ruby,lib/twilio-ruby/rest/insights/v3/query.rb,c58e213a6f04,third-party apis,7.6,26,0,56,0.0,2,0.0,32,14,18,0.562
twilio-ruby,lib/twilio-ruby/rest/insights_base.rb,c58e213a6f04,third-party apis,4.2,9,0,0,0.0,1,0.0,5,3,3,0.6
twilio-ruby,lib/twilio-ruby/rest/intelligence/v2/custom_operator.rb,c58e213a6f04,third-party apis,8.1,30,0,71,0.0,2,0.0,55,12,31,0.564
twilio-ruby,lib/twilio-ruby/rest/intelligence/v2/operator.rb,c58e213a6f04,third-party apis,6.3,24,0,66,0.0,2,0.0,47,12,23,0.489
twilio-ruby,lib/twilio-ruby/rest/intelligence/v2/operator_attachment.rb,c58e213a6f04,third-party apis,6.3,22,0,57,0.0,2,0.0,35,12,20,0.571
twilio-ruby,lib/twilio-ruby/rest/intelligence/v2/operator_attachments.rb,c58e213a6f04,third-party apis,5.9,21,0,53,0.0,2,0.0,32,12,17,0.531
twilio-ruby,lib/twilio-ruby/rest/intelligence/v2/operator_type.rb,c58e213a6f04,third-party apis,6.1,26,0,67,0.0,2,0.0,49,12,23,0.469
twilio-ruby,lib/twilio-ruby/rest/intelligence/v2/prebuilt_operator.rb,c58e213a6f04,third-party apis,6.3,24,0,66,0.0,2,0.0,47,12,23,0.489
twilio-ruby,lib/twilio-ruby/rest/intelligence/v2/service.rb,c58e213a6f04,third-party apis,8.8,44,0,73,0.0,2,0.0,60,12,31,0.517
twilio-ruby,lib/twilio-ruby/rest/intelligence/v2/transcript.rb,c58e213a6f04,third-party apis,7.3,32,0,76,0.0,2,0.0,66,12,35,0.53
twilio-ruby,lib/twilio-ruby/rest/intelligence/v2/transcript/encrypted_operator_results.rb,c58e213a6f04,third-party apis,6.3,26,0,56,0.0,2,0.0,32,13,17,0.531
twilio-ruby,lib/twilio-ruby/rest/intelligence/v2/transcript/encrypted_sentences.rb,c58e213a6f04,third-party apis,6.3,26,0,56,0.0,2,0.0,32,13,17,0.531
twilio-ruby,lib/twilio-ruby/rest/intelligence/v2/transcript/media.rb,c58e213a6f04,third-party apis,6.2,26,0,59,0.0,2,0.0,34,13,17,0.5
twilio-ruby,lib/twilio-ruby/rest/intelligence/v2/transcript/operator_result.rb,c58e213a6f04,third-party apis,6.4,28,0,73,0.0,2,0.0,51,13,23,0.451
twilio-ruby,lib/twilio-ruby/rest/intelligence/v2/transcript/sentence.rb,c58e213a6f04,third-party apis,6.4,16,0,66,0.0,2,0.0,29,10,15,0.517
twilio-ruby,lib/twilio-ruby/rest/intelligence/v3.rb,c58e213a6f04,third-party apis,10.3,16,0,71,0.0,2,0.0,7,4,4,0.571
twilio-ruby,lib/twilio-ruby/rest/intelligence/v3/conversation.rb,c58e213a6f04,third-party apis,7.0,26,0,71,0.0,2,0.0,48,12,23,0.479
twilio-ruby,lib/twilio-ruby/rest/intelligence/v3/operator.rb,c58e213a6f04,third-party apis,7.3,29,0,74,0.0,2,0.0,65,15,35,0.538
twilio-ruby,lib/twilio-ruby/rest/intelligence/v3/operator_result.rb,c58e213a6f04,third-party apis,6.6,29,0,74,0.0,2,0.0,54,12,26,0.481
twilio-ruby,lib/twilio-ruby/rest/intelligence/v3/version.rb,c58e213a6f04,third-party apis,6.1,29,0,75,0.0,2,0.0,51,12,23,0.451
twilio-ruby,lib/twilio-ruby/rest/intelligence_base.rb,c58e213a6f04,third-party apis,4.2,8,0,0,0.0,1,0.0,4,3,3,0.75
twilio-ruby,lib/twilio-ruby/rest/ip_messaging/v1.rb,c58e213a6f04,third-party apis,7.8,11,0,50,0.0,2,0.0,4,4,3,0.75
twilio-ruby,lib/twilio-ruby/rest/ip_messaging/v1/credential.rb,c58e213a6f04,third-party apis,9.0,38,0,69,0.0,2,0.0,51,12,31,0.608
twilio-ruby,lib/twilio-ruby/rest/ip_messaging/v1/service.rb,c58e213a6f04,third-party apis,11.9,133,0,77,0.0,2,0.0,70,12,35,0.5
twilio-ruby,lib/twilio-ruby/rest/ip_messaging/v1/service/channel.rb,c58e213a6f04,third-party apis,8.3,33,0,78,0.0,2,0.0,63,13,35,0.556
twilio-ruby,lib/twilio-ruby/rest/ip_messaging/v1/service/channel/invite.rb,c58e213a6f04,third-party apis,7.5,30,0,72,0.0,2,0.0,50,14,28,0.56
twilio-ruby,lib/twilio-ruby/rest/ip_messaging/v1/service/channel/member.rb,c58e213a6f04,third-party apis,8.2,31,0,74,0.0,2,0.0,54,14,31,0.574
twilio-ruby,lib/twilio-ruby/rest/ip_messaging/v1/service/channel/message.rb,c58e213a6f04,third-party apis,8.1,32,0,75,0.0,2,0.0,56,14,31,0.554
twilio-ruby,lib/twilio-ruby/rest/ip_messaging/v1/service/role.rb,c58e213a6f04,third-party apis,8.1,31,0,73,0.0,2,0.0,52,13,31,0.596
twilio-ruby,lib/twilio-ruby/rest/ip_messaging/v1/service/user.rb,c58e213a6f04,third-party apis,7.9,33,0,76,0.0,2,0.0,59,13,33,0.559
twilio-ruby,lib/twilio-ruby/rest/ip_messaging/v1/service/user/user_channel.rb,c58e213a6f04,third-party apis,6.1,16,0,66,0.0,2,0.0,29,11,15,0.517
twilio-ruby,lib/twilio-ruby/rest/ip_messaging/v2.rb,c58e213a6f04,third-party apis,7.8,11,0,50,0.0,2,0.0,4,4,3,0.75
twilio-ruby,lib/twilio-ruby/rest/ip_messaging/v2/credential.rb,c58e213a6f04,third-party apis,9.0,38,0,69,0.0,2,0.0,51,12,31,0.608
twilio-ruby,lib/twilio-ruby/rest/ip_messaging/v2/service.rb,c58e213a6f04,third-party apis,9.7,87,0,78,0.0,2,0.0,74,12,36,0.486
twilio-ruby,lib/twilio-ruby/rest/ip_messaging/v2/service/binding.rb,c58e213a6f04,third-party apis,6.6,24,0,72,0.0,2,0.0,50,13,26,0.52
twilio-ruby,lib/twilio-ruby/rest/ip_messaging/v2/service/channel.rb,c58e213a6f04,third-party apis,9.0,40,0,78,0.0,2,0.0,65,13,36,0.554
twilio-ruby,lib/twilio-ruby/rest/ip_messaging/v2/service/channel/invite.rb,c58e213a6f04,third-party apis,7.5,30,0,72,0.0,2,0.0,50,14,28,0.56
twilio-ruby,lib/twilio-ruby/rest/ip_messaging/v2/service/channel/member.rb,c58e213a6f04,third-party apis,9.2,41,0,75,0.0,2,0.0,55,14,31,0.564
twilio-ruby,lib/twilio-ruby/rest/ip_messaging/v2/service/channel/message.rb,c58e213a6f04,third-party apis,8.8,41,0,76,0.0,2,0.0,59,14,31,0.525
twilio-ruby,lib/twilio-ruby/rest/ip_messaging/v2/service/channel/webhook.rb,c58e213a6f04,third-party apis,9.1,40,0,73,0.0,2,0.0,52,14,31,0.596
twilio-ruby,lib/twilio-ruby/rest/ip_messaging/v2/service/role.rb,c58e213a6f04,third-party apis,8.1,31,0,73,0.0,2,0.0,52,13,31,0.596
twilio-ruby,lib/twilio-ruby/rest/ip_messaging/v2/service/user.rb,c58e213a6f04,third-party apis,8.2,34,0,77,0.0,2,0.0,61,13,34,0.557
twilio-ruby,lib/twilio-ruby/rest/ip_messaging/v2/service/user/user_binding.rb,c58e213a6f04,third-party apis,6.5,24,0,72,0.0,2,0.0,50,14,26,0.52
twilio-ruby,lib/twilio-ruby/rest/ip_messaging/v2/service/user/user_channel.rb,c58e213a6f04,third-party apis,7.5,33,0,73,0.0,2,0.0,52,14,29,0.558
twilio-ruby,lib/twilio-ruby/rest/ip_messaging_base.rb,c58e213a6f04,third-party apis,4.2,8,0,0,0.0,1,0.0,4,3,3,0.75
twilio-ruby,lib/twilio-ruby/rest/knowledge/v1.rb,c58e213a6f04,third-party apis,6.3,11,0,33,0.0,2,0.0,3,4,3,1.0
twilio-ruby,lib/twilio-ruby/rest/knowledge/v1/knowledge.rb,c58e213a6f04,third-party apis,7.5,23,0,67,0.0,2,0.0,70,18,37,0.529
twilio-ruby,lib/twilio-ruby/rest/knowledge/v1/knowledge/chunk.rb,c58e213a6f04,third-party apis,6.3,15,0,62,0.0,2,0.0,26,10,15,0.577
twilio-ruby,lib/twilio-ruby/rest/knowledge/v1/knowledge/knowledge_status.rb,c58e213a6f04,third-party apis,5.8,21,0,58,0.0,2,0.0,33,13,17,0.515
twilio-ruby,lib/twilio-ruby/rest/knowledge/v2.rb,c58e213a6f04,third-party apis,11.6,16,0,75,0.0,2,0.0,8,4,4,0.5
twilio-ruby,lib/twilio-ruby/rest/knowledge/v2/chunk.rb,c58e213a6f04,third-party apis,6.9,15,0,61,0.0,2,0.0,23,9,15,0.652
twilio-ruby,lib/twilio-ruby/rest/knowledge/v2/knowledge.rb,c58e213a6f04,third-party apis,7.9,28,0,75,0.0,2,0.0,55,13,33,0.6
twilio-ruby,lib/twilio-ruby/rest/knowledge/v2/knowledge_basis.rb,c58e213a6f04,third-party apis,7.5,24,0,70,0.0,2,0.0,60,16,33,0.55
twilio-ruby,lib/twilio-ruby/rest/knowledge/v2/operation.rb,c58e213a6f04,third-party apis,5.8,21,0,65,0.0,2,0.0,37,12,17,0.459
twilio-ruby,lib/twilio-ruby/rest/knowledge/v2/search.rb,c58e213a6f04,third-party apis,6.3,22,0,56,0.0,2,0.0,32,13,19,0.594
twilio-ruby,lib/twilio-ruby/rest/knowledge_base.rb,c58e213a6f04,third-party apis,4.2,8,0,0,0.0,1,0.0,4,3,3,0.75
twilio-ruby,lib/twilio-ruby/rest/lookups/v1.rb,c58e213a6f04,third-party apis,6.3,11,0,33,0.0,2,0.0,3,4,3,1.0
twilio-ruby,lib/twilio-ruby/rest/lookups/v1/phone_number.rb,c58e213a6f04,third-party apis,6.6,32,0,58,0.0,2,0.0,36,12,17,0.472
twilio-ruby,lib/twilio-ruby/rest/lookups/v2.rb,c58e213a6f04,third-party apis,10.3,16,0,56,0.0,2,0.0,9,4,5,0.556
twilio-ruby,lib/twilio-ruby/rest/lookups/v2/bucket.rb,c58e213a6f04,third-party apis,6.5,23,0,65,0.0,2,0.0,46,13,25,0.543
twilio-ruby,lib/twilio-ruby/rest/lookups/v2/lookup_override.rb,c58e213a6f04,third-party apis,6.7,27,0,71,0.0,2,0.0,55,13,28,0.509
twilio-ruby,lib/twilio-ruby/rest/lookups/v2/query.rb,c58e213a6f04,third-party apis,6.8,21,0,43,0.0,2,0.0,30,15,18,0.6
twilio-ruby,lib/twilio-ruby/rest/lookups/v2/rate_limit.rb,c58e213a6f04,third-party apis,7.2,25,0,39,0.0,2,0.0,18,9,11,0.611
twilio-ruby,lib/twilio-ruby/rest/lookups_base.rb,c58e213a6f04,third-party apis,4.2,8,0,0,0.0,1,0.0,4,3,3,0.75
twilio-ruby,lib/twilio-ruby/rest/marketplace/v1.rb,c58e213a6f04,third-party apis,7.3,11,0,43,0.0,2,0.0,7,4,4,0.571
twilio-ruby,lib/twilio-ruby/rest/marketplace/v1/available_add_on.rb,c58e213a6f04,third-party apis,6.5,21,0,64,0.0,2,0.0,44,12,25,0.568
twilio-ruby,lib/twilio-ruby/rest/marketplace/v1/available_add_on/available_add_on_extension.rb,c58e213a6f04,third-party apis,6.5,22,0,66,0.0,2,0.0,41,13,23,0.561
twilio-ruby,lib/twilio-ruby/rest/marketplace/v1/installed_add_on.rb,c58e213a6f04,third-party apis,8.1,32,0,72,0.0,2,0.0,57,12,35,0.614
twilio-ruby,lib/twilio-ruby/rest/marketplace/v1/installed_add_on/installed_add_on_extension.rb,c58e213a6f04,third-party apis,7.3,28,0,69,0.0,2,0.0,45,13,26,0.578
twilio-ruby,lib/twilio-ruby/rest/marketplace/v1/installed_add_on/installed_add_on_usage.rb,c58e213a6f04,third-party apis,6.5,22,0,52,0.0,2,0.0,21,11,13,0.619
twilio-ruby,lib/twilio-ruby/rest/marketplace/v1/module_data.rb,c58e213a6f04,third-party apis,7.1,28,0,62,0.0,2,0.0,29,9,13,0.448
twilio-ruby,lib/twilio-ruby/rest/marketplace/v1/module_data_management.rb,c58e213a6f04,third-party apis,7.4,39,0,64,0.0,2,0.0,42,12,20,0.476
twilio-ruby,lib/twilio-ruby/rest/marketplace/v1/referral_conversion.rb,c58e213a6f04,third-party apis,6.5,21,0,40,0.0,2,0.0,20,10,13,0.65
twilio-ruby,lib/twilio-ruby/rest/marketplace_base.rb,c58e213a6f04,third-party apis,4.3,7,0,0,0.0,1,0.0,3,3,3,1.0
twilio-ruby,lib/twilio-ruby/rest/memory/v1/bulk.rb,c58e213a6f04,third-party apis,6.1,22,0,56,0.0,2,0.0,34,14,19,0.559
twilio-ruby,lib/twilio-ruby/rest/memory/v1/conversation_summary.rb,c58e213a6f04,third-party apis,7.8,26,0,70,0.0,2,0.0,63,18,35,0.556
twilio-ruby,lib/twilio-ruby/rest/memory/v1/data_mapping.rb,c58e213a6f04,third-party apis,7.8,25,0,71,0.0,2,0.0,66,18,34,0.515
twilio-ruby,lib/twilio-ruby/rest/memory/v1/event.rb,c58e213a6f04,third-party apis,7.2,23,0,54,0.0,2,0.0,26,13,15,0.577
twilio-ruby,lib/twilio-ruby/rest/memory/v1/identifier.rb,c58e213a6f04,third-party apis,8.2,24,0,69,0.0,2,0.0,54,16,35,0.648
twilio-ruby,lib/twilio-ruby/rest/memory/v1/identity_resolution_setting.rb,c58e213a6f04,third-party apis,6.7,24,0,64,0.0,2,0.0,39,13,22,0.564
twilio-ruby,lib/twilio-ruby/rest/memory/v1/import.rb,c58e213a6f04,third-party apis,6.8,23,0,71,0.0,2,0.0,49,13,27,0.551
twilio-ruby,lib/twilio-ruby/rest/memory/v1/lookup.rb,c58e213a6f04,third-party apis,6.7,22,0,57,0.0,2,0.0,21,10,13,0.619
twilio-ruby,lib/twilio-ruby/rest/memory/v1/observation.rb,c58e213a6f04,third-party apis,8.1,26,0,71,0.0,2,0.0,59,16,35,0.593
twilio-ruby,lib/twilio-ruby/rest/memory/v1/operation.rb,c58e213a6f04,third-party apis,5.8,21,0,65,0.0,2,0.0,37,12,17,0.459
twilio-ruby,lib/twilio-ruby/rest/memory/v1/profile.rb,c58e213a6f04,third-party apis,7.8,27,0,70,0.0,2,0.0,57,16,33,0.579
twilio-ruby,lib/twilio-ruby/rest/memory/v1/recall.rb,c58e213a6f04,third-party apis,7.4,26,0,59,0.0,2,0.0,29,13,17,0.586
twilio-ruby,lib/twilio-ruby/rest/memory/v1/revision.rb,c58e213a6f04,third-party apis,6.5,16,0,68,0.0,2,0.0,28,9,15,0.536
twilio-ruby,lib/twilio-ruby/rest/memory/v1/store.rb,c58e213a6f04,third-party apis,7.4,24,0,70,0.0,2,0.0,61,16,33,0.541
twilio-ruby,lib/twilio-ruby/rest/memory/v1/trait.rb,c58e213a6f04,third-party apis,7.0,15,0,64,0.0,2,0.0,25,9,15,0.6
twilio-ruby,lib/twilio-ruby/rest/memory/v1/trait_group.rb,c58e213a6f04,third-party apis,8.3,33,0,69,0.0,2,0.0,67,20,36,0.537
twilio-ruby,lib/twilio-ruby/rest/memory_base.rb,c58e213a6f04,third-party apis,4.3,7,0,0,0.0,1,0.0,3,3,3,1.0
twilio-ruby,lib/twilio-ruby/rest/messaging.rb,c58e213a6f04,third-party apis,4,4,0,0,0.0,2,0.0,8,3,8,1.0
twilio-ruby,lib/twilio-ruby/rest/messaging/v1/brand_registration.rb,c58e213a6f04,third-party apis,7.0,34,0,76,0.0,2,0.0,67,12,33,0.493
twilio-ruby,lib/twilio-ruby/rest/messaging/v1/brand_registration/brand_registration_otp.rb,c58e213a6f04,third-party apis,6.6,21,0,53,0.0,2,0.0,19,10,11,0.579
twilio-ruby,lib/twilio-ruby/rest/messaging/v1/brand_registration/brand_vetting.rb,c58e213a6f04,third-party apis,7.2,29,0,70,0.0,2,0.0,47,13,25,0.532
twilio-ruby,lib/twilio-ruby/rest/messaging/v1/deactivations.rb,c58e213a6f04,third-party apis,6.4,25,0,43,0.0,2,0.0,30,12,16,0.533
twilio-ruby,lib/twilio-ruby/rest/messaging/v1/domain_certs.rb,c58e213a6f04,third-party apis,6.8,27,0,65,0.0,2,0.0,43,12,23,0.535
twilio-ruby,lib/twilio-ruby/rest/messaging/v1/domain_config.rb,c58e213a6f04,third-party apis,7,33,0,63,0.0,2,0.0,41,12,20,0.488
twilio-ruby,lib/twilio-ruby/rest/messaging/v1/domain_config_messaging_service.rb,c58e213a6f04,third-party apis,5.6,21,0,61,0.0,2,0.0,38,12,17,0.447
twilio-ruby,lib/twilio-ruby/rest/messaging/v1/domain_validate_dn.rb,c58e213a6f04,third-party apis,5.8,21,0,55,0.0,2,0.0,33,12,17,0.515
twilio-ruby,lib/twilio-ruby/rest/messaging/v1/external_campaign.rb,c58e213a6f04,third-party apis,7.0,30,0,50,0.0,2,0.0,22,9,11,0.5
twilio-ruby,lib/twilio-ruby/rest/messaging/v1/linkshortening_messaging_service.rb,c58e213a6f04,third-party apis,6.3,22,0,57,0.0,2,0.0,35,12,20,0.571
twilio-ruby,lib/twilio-ruby/rest/messaging/v1/linkshortening_messaging_service_domain_association.rb,c58e213a6f04,third-party apis,5.9,21,0,53,0.0,2,0.0,32,12,17,0.531
twilio-ruby,lib/twilio-ruby/rest/messaging/v1/request_managed_cert.rb,c58e213a6f04,third-party apis,5.6,21,0,61,0.0,2,0.0,38,12,17,0.447
twilio-ruby,lib/twilio-ruby/rest/messaging/v1/service.rb,c58e213a6f04,third-party apis,9.2,57,0,80,0.0,2,0.0,80,12,40,0.5
twilio-ruby,lib/twilio-ruby/rest/messaging/v1/service/alpha_sender.rb,c58e213a6f04,third-party apis,7.3,27,0,71,0.0,2,0.0,48,13,28,0.583
twilio-ruby,lib/twilio-ruby/rest/messaging/v1/service/channel_sender.rb,c58e213a6f04,third-party apis,7.2,27,0,71,0.0,2,0.0,49,13,28,0.571
twilio-ruby,lib/twilio-ruby/rest/messaging/v1/service/destination_alpha_sender.rb,c58e213a6f04,third-party apis,7.4,29,0,71,0.0,2,0.0,49,13,28,0.571
twilio-ruby,lib/twilio-ruby/rest/messaging/v1/service/phone_number.rb,c58e213a6f04,third-party apis,7.2,27,0,71,0.0,2,0.0,49,13,28,0.571
twilio-ruby,lib/twilio-ruby/rest/messaging/v1/service/short_code.rb,c58e213a6f04,third-party apis,7.2,27,0,71,0.0,2,0.0,49,13,28,0.571
twilio-ruby,lib/twilio-ruby/rest/messaging/v1/service/us_app_to_person.rb,c58e213a6f04,third-party apis,8.6,62,0,81,0.0,2,0.0,73,13,31,0.425
twilio-ruby,lib/twilio-ruby/rest/messaging/v1/service/us_app_to_person_usecase.rb,c58e213a6f04,third-party apis,7.3,26,0,50,0.0,2,0.0,18,10,11,0.611
twilio-ruby,lib/twilio-ruby/rest/messaging/v1/usecase.rb,c58e213a6f04,third-party apis,6.6,20,0,39,0.0,2,0.0,18,9,11,0.611
twilio-ruby,lib/twilio-ruby/rest/messaging/v2.rb,c58e213a6f04,third-party apis,7,11,0,40,0.0,2,0.0,5,4,4,0.8
twilio-ruby,lib/twilio-ruby/rest/messaging/v2/channels_sender.rb,c58e213a6f04,third-party apis,7.3,22,0,62,0.0,2,0.0,85,28,38,0.447
twilio-ruby,lib/twilio-ruby/rest/messaging/v2/domain_certs.rb,c58e213a6f04,third-party apis,5.6,22,0,62,0.0,2,0.0,39,12,17,0.436
twilio-ruby,lib/twilio-ruby/rest/messaging/v2/typing_indicator.rb,c58e213a6f04,third-party apis,7.5,28,0,39,0.0,2,0.0,18,9,11,0.611
twilio-ruby,lib/twilio-ruby/rest/messaging/v3.rb,c58e213a6f04,third-party apis,3.7,5,0,0,0.0,2,0.0,3,4,3,1.0
twilio-ruby,lib/twilio-ruby/rest/messaging/v3/typing_indicator.rb,c58e213a6f04,third-party apis,6.8,21,0,40,0.0,2,0.0,20,10,13,0.65
twilio-ruby,lib/twilio-ruby/rest/messaging_base.rb,c58e213a6f04,third-party apis,4.2,9,0,0,0.0,1,0.0,5,3,3,0.6
twilio-ruby,lib/twilio-ruby/rest/monitor/v1.rb,c58e213a6f04,third-party apis,7.8,11,0,50,0.0,2,0.0,4,4,3,0.75
twilio-ruby,lib/twilio-ruby/rest/monitor/v1/alert.rb,c58e213a6f04,third-party apis,6.1,31,0,70,0.0,2,0.0,54,12,23,0.426
twilio-ruby,lib/twilio-ruby/rest/monitor/v1/event.rb,c58e213a6f04,third-party apis,6.6,26,0,67,0.0,2,0.0,49,12,23,0.469
twilio-ruby,lib/twilio-ruby/rest/monitor_base.rb,c58e213a6f04,third-party apis,4.3,7,0,0,0.0,1,0.0,3,3,3,1.0
twilio-ruby,lib/twilio-ruby/rest/notify/v1.rb,c58e213a6f04,third-party apis,7.8,11,0,50,0.0,2,0.0,4,4,3,0.75
twilio-ruby,lib/twilio-ruby/rest/notify/v1/credential.rb,c58e213a6f04,third-party apis,9.0,38,0,69,0.0,2,0.0,51,12,31,0.608
twilio-ruby,lib/twilio-ruby/rest/notify/v1/service.rb,c58e213a6f04,third-party apis,9.2,53,0,76,0.0,2,0.0,67,12,35,0.522
twilio-ruby,lib/twilio-ruby/rest/notify/v1/service/binding.rb,c58e213a6f04,third-party apis,7.8,39,0,74,0.0,2,0.0,54,13,28,0.519
twilio-ruby,lib/twilio-ruby/rest/notify_base.rb,c58e213a6f04,third-party apis,4.3,7,0,0,0.0,1,0.0,3,3,3,1.0
twilio-ruby,lib/twilio-ruby/rest/numbers/v1/bulk_eligibility.rb,c58e213a6f04,third-party apis,6.3,21,0,61,0.0,2,0.0,38,12,19,0.5
twilio-ruby,lib/twilio-ruby/rest/numbers/v1/eligibility.rb,c58e213a6f04,third-party apis,6.7,21,0,39,0.0,2,0.0,18,9,11,0.611
twilio-ruby,lib/twilio-ruby/rest/numbers/v1/embedded_session.rb,c58e213a6f04,third-party apis,6.3,22,0,55,0.0,2,0.0,22,10,13,0.591
twilio-ruby,lib/twilio-ruby/rest/numbers/v1/porting_all_port_in.rb,c58e213a6f04,third-party apis,7.1,20,0,56,0.0,2,0.0,27,9,15,0.556
twilio-ruby,lib/twilio-ruby/rest/numbers/v1/porting_port_in.rb,c58e213a6f04,third-party apis,6.4,30,0,69,0.0,2,0.0,58,15,28,0.483
twilio-ruby,lib/twilio-ruby/rest/numbers/v1/porting_port_in_phone_number.rb,c58e213a6f04,third-party apis,5.6,30,0,70,0.0,2,0.0,50,12,20,0.4
twilio-ruby,lib/twilio-ruby/rest/numbers/v1/porting_portability.rb,c58e213a6f04,third-party apis,6.1,28,0,61,0.0,2,0.0,38,12,17,0.447
twilio-ruby,lib/twilio-ruby/rest/numbers/v1/porting_webhook_configuration.rb,c58e213a6f04,third-party apis,6.3,21,0,48,0.0,2,0.0,21,9,11,0.524
twilio-ruby,lib/twilio-ruby/rest/numbers/v1/porting_webhook_configuration_delete.rb,c58e213a6f04,third-party apis,5.6,15,0,48,0.0,2,0.0,29,12,15,0.517
twilio-ruby,lib/twilio-ruby/rest/numbers/v1/sender_id_registration.rb,c58e213a6f04,third-party apis,6.0,21,0,61,0.0,2,0.0,31,10,13,0.419
twilio-ruby,lib/twilio-ruby/rest/numbers/v1/signing_request_configuration.rb,c58e213a6f04,third-party apis,7.1,21,0,61,0.0,2,0.0,31,9,17,0.548
twilio-ruby,lib/twilio-ruby/rest/numbers/v1/webhook.rb,c58e213a6f04,third-party apis,6.0,20,0,52,0.0,2,0.0,23,9,11,0.478
twilio-ruby,lib/twilio-ruby/rest/numbers/v2.rb,c58e213a6f04,third-party apis,8.9,11,0,62,0.0,2,0.0,8,4,4,0.5
twilio-ruby,lib/twilio-ruby/rest/numbers/v2/application.rb,c58e213a6f04,third-party apis,6.4,33,0,70,0.0,2,0.0,64,15,29,0.453
twilio-ruby,lib/twilio-ruby/rest/numbers/v2/authorization_document.rb,c58e213a6f04,third-party apis,7.6,36,0,69,0.0,2,0.0,51,12,30,0.588
twilio-ruby,lib/twilio-ruby/rest/numbers/v2/bulk_hosted_number_order.rb,c58e213a6f04,third-party apis,6.6,26,0,62,0.0,2,0.0,40,12,19,0.475
twilio-ruby,lib/twilio-ruby/rest/numbers/v2/bundle_clone.rb,c58e213a6f04,third-party apis,6.2,31,0,62,0.0,2,0.0,40,12,17,0.425
twilio-ruby,lib/twilio-ruby/rest/numbers/v2/hosted_number_order.rb,c58e213a6f04,third-party apis,8.3,56,0,76,0.0,2,0.0,68,12,31,0.456
twilio-ruby,lib/twilio-ruby/rest/numbers/v2/regulatory_compliance.rb,c58e213a6f04,third-party apis,6.6,15,0,43,0.0,2,0.0,21,9,9,0.429
twilio-ruby,lib/twilio-ruby/rest/numbers/v2/regulatory_compliance/bundle.rb,c58e213a6f04,third-party apis,9.2,40,0,75,0.0,2,0.0,63,13,37,0.587
twilio-ruby,lib/twilio-ruby/rest/numbers/v2/regulatory_compliance/bundle/bundle_copy.rb,c58e213a6f04,third-party apis,7.1,27,0,70,0.0,2,0.0,33,11,17,0.515
twilio-ruby,lib/twilio-ruby/rest/numbers/v2/regulatory_compliance/bundle/evaluation.rb,c58e213a6f04,third-party apis,6.9,22,0,69,0.0,2,0.0,45,14,25,0.556
twilio-ruby,lib/twilio-ruby/rest/numbers/v2/regulatory_compliance/bundle/item_assignment.rb,c58e213a6f04,third-party apis,7.5,27,0,70,0.0,2,0.0,46,14,28,0.609
twilio-ruby,lib/twilio-ruby/rest/numbers/v2/regulatory_compliance/bundle/replace_items.rb,c58e213a6f04,third-party apis,6.3,27,0,67,0.0,2,0.0,27,11,11,0.407
twilio-ruby,lib/twilio-ruby/rest/numbers/v2/regulatory_compliance/end_user.rb,c58e213a6f04,third-party apis,8.2,30,0,69,0.0,2,0.0,51,13,31,0.608
twilio-ruby,lib/twilio-ruby/rest/numbers/v2/regulatory_compliance/end_user_type.rb,c58e213a6f04,third-party apis,6.5,21,0,60,0.0,2,0.0,40,13,23,0.575
twilio-ruby,lib/twilio-ruby/rest/numbers/v2/regulatory_compliance/regulation.rb,c58e213a6f04,third-party apis,7.1,26,0,62,0.0,2,0.0,42,13,23,0.548
twilio-ruby,lib/twilio-ruby/rest/numbers/v2/regulatory_compliance/supporting_document.rb,c58e213a6f04,third-party apis,7.9,30,0,71,0.0,2,0.0,55,13,31,0.564
twilio-ruby,lib/twilio-ruby/rest/numbers/v2/regulatory_compliance/supporting_document_type.rb,c58e213a6f04,third-party apis,6.5,21,0,60,0.0,2,0.0,40,13,23,0.575
twilio-ruby,lib/twilio-ruby/rest/numbers/v3.rb,c58e213a6f04,third-party apis,3.7,5,0,0,0.0,2,0.0,3,4,3,1.0
twilio-ruby,lib/twilio-ruby/rest/numbers_base.rb,c58e213a6f04,third-party apis,4.2,9,0,0,0.0,1,0.0,5,3,3,0.6
twilio-ruby,lib/twilio-ruby/rest/oauth/v1.rb,c58e213a6f04,third-party apis,3.8,6,0,0,0.0,2,0.0,4,4,3,0.75
twilio-ruby,lib/twilio-ruby/rest/oauth/v1/authorize.rb,c58e213a6f04,third-party apis,8.1,33,0,39,0.0,2,0.0,18,9,11,0.611
twilio-ruby,lib/twilio-ruby/rest/oauth/v1/token.rb,c58e213a6f04,third-party apis,8.0,40,0,50,0.0,2,0.0,22,9,11,0.5
twilio-ruby,lib/twilio-ruby/rest/oauth/v2.rb,c58e213a6f04,third-party apis,3.8,6,0,0,0.0,2,0.0,4,4,3,0.75
twilio-ruby,lib/twilio-ruby/rest/oauth/v2/authorize.rb,c58e213a6f04,third-party apis,8.1,33,0,39,0.0,2,0.0,18,9,11,0.611
twilio-ruby,lib/twilio-ruby/rest/oauth/v2/token.rb,c58e213a6f04,third-party apis,8.3,44,0,50,0.0,2,0.0,22,9,11,0.5
twilio-ruby,lib/twilio-ruby/rest/oauth_base.rb,c58e213a6f04,third-party apis,4.2,8,0,0,0.0,1,0.0,4,3,3,0.75
twilio-ruby,lib/twilio-ruby/rest/preview.rb,c58e213a6f04,third-party apis,4,4,0,0,0.0,2,0.0,8,3,8,1.0
twilio-ruby,lib/twilio-ruby/rest/preview/hosted_numbers.rb,c58e213a6f04,third-party apis,7.8,11,0,50,0.0,2,0.0,4,4,3,0.75
twilio-ruby,lib/twilio-ruby/rest/preview/hosted_numbers/authorization_document.rb,c58e213a6f04,third-party apis,8.9,39,0,69,0.0,2,0.0,51,12,30,0.588
twilio-ruby,lib/twilio-ruby/rest/preview/hosted_numbers/hosted_number_order.rb,c58e213a6f04,third-party apis,9.1,58,0,76,0.0,2,0.0,66,12,31,0.47
twilio-ruby,lib/twilio-ruby/rest/preview/marketplace.rb,c58e213a6f04,third-party apis,7.8,11,0,50,0.0,2,0.0,4,4,3,0.75
twilio-ruby,lib/twilio-ruby/rest/preview/marketplace/available_add_on.rb,c58e213a6f04,third-party apis,6.5,21,0,64,0.0,2,0.0,44,12,25,0.568
twilio-ruby,lib/twilio-ruby/rest/preview/marketplace/available_add_on/available_add_on_extension.rb,c58e213a6f04,third-party apis,6.5,22,0,66,0.0,2,0.0,41,13,23,0.561
twilio-ruby,lib/twilio-ruby/rest/preview/marketplace/installed_add_on.rb,c58e213a6f04,third-party apis,8.1,32,0,71,0.0,2,0.0,55,12,33,0.6
twilio-ruby,lib/twilio-ruby/rest/preview/marketplace/installed_add_on/installed_add_on_extension.rb,c58e213a6f04,third-party apis,7.3,28,0,69,0.0,2,0.0,45,13,26,0.578
twilio-ruby,lib/twilio-ruby/rest/preview/wireless.rb,c58e213a6f04,third-party apis,8.6,11,0,60,0.0,2,0.0,5,4,3,0.6
twilio-ruby,lib/twilio-ruby/rest/preview/wireless/command.rb,c58e213a6f04,third-party apis,7.7,38,0,67,0.0,2,0.0,48,12,25,0.521
twilio-ruby,lib/twilio-ruby/rest/preview/wireless/rate_plan.rb,c58e213a6f04,third-party apis,8.2,44,0,72,0.0,2,0.0,57,12,31,0.544
twilio-ruby,lib/twilio-ruby/rest/preview/wireless/sim.rb,c58e213a6f04,third-party apis,8.1,57,0,74,0.0,2,0.0,62,12,27,0.435
twilio-ruby,lib/twilio-ruby/rest/preview/wireless/sim/usage.rb,c58e213a6f04,third-party apis,6.1,28,0,63,0.0,2,0.0,38,13,17,0.447
twilio-ruby,lib/twilio-ruby/rest/preview_base.rb,c58e213a6f04,third-party apis,4.2,9,0,0,0.0,1,0.0,5,3,3,0.6
twilio-ruby,lib/twilio-ruby/rest/preview_iam/v1.rb,c58e213a6f04,third-party apis,3.8,6,0,0,0.0,2,0.0,4,4,3,0.75
twilio-ruby,lib/twilio-ruby/rest/preview_iam/v1/authorize.rb,c58e213a6f04,third-party apis,8.1,33,0,39,0.0,2,0.0,18,9,11,0.611
twilio-ruby,lib/twilio-ruby/rest/preview_iam/v1/token.rb,c58e213a6f04,third-party apis,8.0,40,0,50,0.0,2,0.0,22,9,11,0.5
twilio-ruby,lib/twilio-ruby/rest/preview_iam/versionless.rb,c58e213a6f04,third-party apis,6.3,11,0,33,0.0,2,0.0,3,4,3,1.0
twilio-ruby,lib/twilio-ruby/rest/preview_iam/versionless/organization.rb,c58e213a6f04,third-party apis,6.5,21,0,57,0.0,2,0.0,37,12,22,0.595
twilio-ruby,lib/twilio-ruby/rest/preview_iam/versionless/organization/account.rb,c58e213a6f04,third-party apis,6.6,22,0,65,0.0,2,0.0,40,13,23,0.575
twilio-ruby,lib/twilio-ruby/rest/preview_iam/versionless/organization/role_assignment.rb,c58e213a6f04,third-party apis,6.9,22,0,69,0.0,2,0.0,49,14,27,0.551
twilio-ruby,lib/twilio-ruby/rest/preview_iam/versionless/organization/user.rb,c58e213a6f04,third-party apis,8.2,28,0,73,0.0,2,0.0,74,19,40,0.541
twilio-ruby,lib/twilio-ruby/rest/preview_iam_base.rb,c58e213a6f04,third-party apis,4.3,7,0,0,0.0,1,0.0,3,3,3,1.0
twilio-ruby,lib/twilio-ruby/rest/pricing.rb,c58e213a6f04,third-party apis,4,4,0,0,0.0,2,0.0,5,3,5,1.0
twilio-ruby,lib/twilio-ruby/rest/pricing/v1.rb,c58e213a6f04,third-party apis,7,11,0,40,0.0,2,0.0,5,4,4,0.8
twilio-ruby,lib/twilio-ruby/rest/pricing/v1/messaging.rb,c58e213a6f04,third-party apis,5.5,15,0,25,0.0,2,0.0,16,9,9,0.562
twilio-ruby,lib/twilio-ruby/rest/pricing/v1/messaging/country.rb,c58e213a6f04,third-party apis,6.5,21,0,61,0.0,2,0.0,41,13,23,0.561
twilio-ruby,lib/twilio-ruby/rest/pricing/v1/phone_number.rb,c58e213a6f04,third-party apis,5.5,15,0,25,0.0,2,0.0,16,9,9,0.562
twilio-ruby,lib/twilio-ruby/rest/pricing/v1/phone_number/country.rb,c58e213a6f04,third-party apis,6.5,21,0,60,0.0,2,0.0,40,13,23,0.575
twilio-ruby,lib/twilio-ruby/rest/pricing/v1/voice.rb,c58e213a6f04,third-party apis,5.8,15,0,29,0.0,2,0.0,17,9,9,0.529
twilio-ruby,lib/twilio-ruby/rest/pricing/v1/voice/country.rb,c58e213a6f04,third-party apis,6.5,21,0,61,0.0,2,0.0,41,13,23,0.561
twilio-ruby,lib/twilio-ruby/rest/pricing/v1/voice/number.rb,c58e213a6f04,third-party apis,5.7,21,0,58,0.0,2,0.0,36,13,17,0.472
twilio-ruby,lib/twilio-ruby/rest/pricing/v2.rb,c58e213a6f04,third-party apis,8.6,11,0,60,0.0,2,0.0,5,4,3,0.6
twilio-ruby,lib/twilio-ruby/rest/pricing/v2/country.rb,c58e213a6f04,third-party apis,6.5,21,0,61,0.0,2,0.0,41,12,23,0.561
twilio-ruby,lib/twilio-ruby/rest/pricing/v2/number.rb,c58e213a6f04,third-party apis,6.0,26,0,59,0.0,2,0.0,37,12,17,0.459
twilio-ruby,lib/twilio-ruby/rest/pricing/v2/voice.rb,c58e213a6f04,third-party apis,5.8,15,0,29,0.0,2,0.0,17,9,9,0.529
twilio-ruby,lib/twilio-ruby/rest/pricing/v2/voice/country.rb,c58e213a6f04,third-party apis,6.5,21,0,61,0.0,2,0.0,41,13,23,0.561
twilio-ruby,lib/twilio-ruby/rest/pricing/v2/voice/number.rb,c58e213a6f04,third-party apis,6.0,26,0,59,0.0,2,0.0,37,13,17,0.459
twilio-ruby,lib/twilio-ruby/rest/pricing_base.rb,c58e213a6f04,third-party apis,4.2,8,0,0,0.0,1,0.0,4,3,3,0.75
twilio-ruby,lib/twilio-ruby/rest/proxy/v1.rb,c58e213a6f04,third-party apis,6.3,11,0,33,0.0,2,0.0,3,4,3,1.0
twilio-ruby,lib/twilio-ruby/rest/proxy/v1/service.rb,c58e213a6f04,third-party apis,8.8,41,0,74,0.0,2,0.0,61,12,34,0.557
twilio-ruby,lib/twilio-ruby/rest/proxy/v1/service/phone_number.rb,c58e213a6f04,third-party apis,7.9,31,0,75,0.0,2,0.0,55,13,31,0.564
twilio-ruby,lib/twilio-ruby/rest/proxy/v1/service/session.rb,c58e213a6f04,third-party apis,8.1,37,0,78,0.0,2,0.0,63,13,34,0.54
twilio-ruby,lib/twilio-ruby/rest/proxy/v1/service/session/interaction.rb,c58e213a6f04,third-party apis,6.1,31,0,75,0.0,2,0.0,57,14,26,0.456
twilio-ruby,lib/twilio-ruby/rest/proxy/v1/service/session/participant.rb,c58e213a6f04,third-party apis,7.4,34,0,75,0.0,2,0.0,55,14,30,0.545
twilio-ruby,lib/twilio-ruby/rest/proxy/v1/service/session/participant/message_interaction.rb,c58e213a6f04,third-party apis,6.7,32,0,75,0.0,2,0.0,57,15,25,0.439
twilio-ruby,lib/twilio-ruby/rest/proxy_base.rb,c58e213a6f04,third-party apis,4.3,7,0,0,0.0,1,0.0,3,3,3,1.0
twilio-ruby,lib/twilio-ruby/rest/routes.rb,c58e213a6f04,third-party apis,4,4,0,0,0.0,2,0.0,3,3,3,1.0
twilio-ruby,lib/twilio-ruby/rest/routes/v2.rb,c58e213a6f04,third-party apis,8.6,11,0,60,0.0,2,0.0,5,4,3,0.6
twilio-ruby,lib/twilio-ruby/rest/routes/v2/phone_number.rb,c58e213a6f04,third-party apis,6.8,29,0,62,0.0,2,0.0,40,12,20,0.5
twilio-ruby,lib/twilio-ruby/rest/routes/v2/sip_domain.rb,c58e213a6f04,third-party apis,6.8,29,0,62,0.0,2,0.0,40,12,20,0.5
twilio-ruby,lib/twilio-ruby/rest/routes/v2/trunk.rb,c58e213a6f04,third-party apis,6.8,29,0,62,0.0,2,0.0,40,12,20,0.5
twilio-ruby,lib/twilio-ruby/rest/routes_base.rb,c58e213a6f04,third-party apis,4.3,7,0,0,0.0,1,0.0,3,3,3,1.0
twilio-ruby,lib/twilio-ruby/rest/serverless/v1.rb,c58e213a6f04,third-party apis,6.3,11,0,33,0.0,2,0.0,3,4,3,1.0
twilio-ruby,lib/twilio-ruby/rest/serverless/v1/service.rb,c58e213a6f04,third-party apis,8.3,32,0,74,0.0,2,0.0,62,12,36,0.581
twilio-ruby,lib/twilio-ruby/rest/serverless/v1/service/asset.rb,c58e213a6f04,third-party apis,8.1,28,0,74,0.0,2,0.0,53,13,33,0.623
twilio-ruby,lib/twilio-ruby/rest/serverless/v1/service/asset/asset_version.rb,c58e213a6f04,third-party apis,6.4,23,0,67,0.0,2,0.0,43,14,23,0.535
twilio-ruby,lib/twilio-ruby/rest/serverless/v1/service/build.rb,c58e213a6f04,third-party apis,7.2,33,0,74,0.0,2,0.0,54,13,30,0.556
twilio-ruby,lib/twilio-ruby/rest/serverless/v1/service/build/build_status.rb,c58e213a6f04,third-party apis,5.9,22,0,59,0.0,2,0.0,34,14,16,0.471
twilio-ruby,lib/twilio-ruby/rest/serverless/v1/service/environment.rb,c58e213a6f04,third-party apis,7.4,29,0,75,0.0,2,0.0,57,13,32,0.561
twilio-ruby,lib/twilio-ruby/rest/serverless/v1/service/environment/deployment.rb,c58e213a6f04,third-party apis,7.4,30,0,69,0.0,2,0.0,45,14,25,0.556
twilio-ruby,lib/twilio-ruby/rest/serverless/v1/service/environment/log.rb,c58e213a6f04,third-party apis,6.5,24,0,70,0.0,2,0.0,47,14,23,0.489
twilio-ruby,lib/twilio-ruby/rest/serverless/v1/service/environment/variable.rb,c58e213a6f04,third-party apis,8.2,31,0,73,0.0,2,0.0,52,14,31,0.596
twilio-ruby,lib/twilio-ruby/rest/serverless/v1/service/function.rb,c58e213a6f04,third-party apis,8.1,28,0,74,0.0,2,0.0,53,13,33,0.623
twilio-ruby,lib/twilio-ruby/rest/serverless/v1/service/function/function_version.rb,c58e213a6f04,third-party apis,6.4,23,0,70,0.0,2,0.0,46,14,25,0.543
twilio-ruby,lib/twilio-ruby/rest/serverless/v1/service/function/function_version/function_version_content.rb,c58e213a6f04,third-party apis,5.9,23,0,60,0.0,2,0.0,35,15,17,0.486
twilio-ruby,lib/twilio-ruby/rest/serverless_base.rb,c58e213a6f04,third-party apis,4.3,7,0,0,0.0,1,0.0,3,3,3,1.0
twilio-ruby,lib/twilio-ruby/rest/studio/v1.rb,c58e213a6f04,third-party apis,6.3,11,0,33,0.0,2,0.0,3,4,3,1.0
twilio-ruby,lib/twilio-ruby/rest/studio/v1/flow.rb,c58e213a6f04,third-party apis,6.7,21,0,69,0.0,2,0.0,51,12,29,0.569
twilio-ruby,lib/twilio-ruby/rest/studio/v1/flow/engagement.rb,c58e213a6f04,third-party apis,7.3,31,0,75,0.0,2,0.0,55,13,32,0.582
twilio-ruby,lib/twilio-ruby/rest/studio/v1/flow/engagement/engagement_context.rb,c58e213a6f04,third-party apis,5.9,22,0,59,0.0,2,0.0,34,14,16,0.471
twilio-ruby,lib/twilio-ruby/rest/studio/v1/flow/engagement/step.rb,c58e213a6f04,third-party apis,6.1,26,0,73,0.0,2,0.0,51,14,25,0.49
twilio-ruby,lib/twilio-ruby/rest/studio/v1/flow/engagement/step/step_context.rb,c58e213a6f04,third-party apis,5.9,23,0,60,0.0,2,0.0,35,15,17,0.486
twilio-ruby,lib/twilio-ruby/rest/studio/v1/flow/execution.rb,c58e213a6f04,third-party apis,8.1,31,0,76,0.0,2,0.0,58,13,35,0.603
twilio-ruby,lib/twilio-ruby/rest/studio/v1/flow/execution/execution_context.rb,c58e213a6f04,third-party apis,5.9,22,0,59,0.0,2,0.0,34,14,16,0.471
twilio-ruby,lib/twilio-ruby/rest/studio/v1/flow/execution/execution_step.rb,c58e213a6f04,third-party apis,6.1,26,0,73,0.0,2,0.0,51,14,25,0.49
twilio-ruby,lib/twilio-ruby/rest/studio/v1/flow/execution/execution_step/execution_step_context.rb,c58e213a6f04,third-party apis,5.9,23,0,60,0.0,2,0.0,35,15,17,0.486
twilio-ruby,lib/twilio-ruby/rest/studio/v2.rb,c58e213a6f04,third-party apis,5.8,11,0,25,0.0,2,0.0,4,4,4,1.0
twilio-ruby,lib/twilio-ruby/rest/studio/v2/flow.rb,c58e213a6f04,third-party apis,8.0,35,0,75,0.0,2,0.0,65,12,35,0.538
twilio-ruby,lib/twilio-ruby/rest/studio/v2/flow/execution.rb,c58e213a6f04,third-party apis,8.0,31,0,77,0.0,2,0.0,60,13,35,0.583
twilio-ruby,lib/twilio-ruby/rest/studio/v2/flow/execution/execution_context.rb,c58e213a6f04,third-party apis,5.9,22,0,59,0.0,2,0.0,34,14,16,0.471
twilio-ruby,lib/twilio-ruby/rest/studio/v2/flow/execution/execution_step.rb,c58e213a6f04,third-party apis,6.1,26,0,73,0.0,2,0.0,51,14,25,0.49
twilio-ruby,lib/twilio-ruby/rest/studio/v2/flow/execution/execution_step/execution_step_context.rb,c58e213a6f04,third-party apis,5.9,23,0,60,0.0,2,0.0,35,15,17,0.486
twilio-ruby,lib/twilio-ruby/rest/studio/v2/flow/flow_revision.rb,c58e213a6f04,third-party apis,6.1,25,0,71,0.0,2,0.0,48,13,23,0.479
twilio-ruby,lib/twilio-ruby/rest/studio/v2/flow/flow_test_user.rb,c58e213a6f04,third-party apis,7,27,0,60,0.0,2,0.0,35,13,20,0.571
twilio-ruby,lib/twilio-ruby/rest/studio/v2/flow_validate.rb,c58e213a6f04,third-party apis,7.9,32,0,39,0.0,2,0.0,18,9,11,0.611
twilio-ruby,lib/twilio-ruby/rest/studio_base.rb,c58e213a6f04,third-party apis,4.2,8,0,0,0.0,1,0.0,4,3,3,0.75
twilio-ruby,lib/twilio-ruby/rest/supersim.rb,c58e213a6f04,third-party apis,4,4,0,0,0.0,2,0.0,9,3,9,1.0
twilio-ruby,lib/twilio-ruby/rest/supersim/v1/esim_profile.rb,c58e213a6f04,third-party apis,7.2,32,0,69,0.0,2,0.0,51,12,25,0.49
twilio-ruby,lib/twilio-ruby/rest/supersim/v1/fleet.rb,c58e213a6f04,third-party apis,8.6,42,0,71,0.0,2,0.0,55,12,28,0.509
twilio-ruby,lib/twilio-ruby/rest/supersim/v1/ip_command.rb,c58e213a6f04,third-party apis,7.5,36,0,68,0.0,2,0.0,50,12,25,0.5
twilio-ruby,lib/twilio-ruby/rest/supersim/v1/network.rb,c58e213a6f04,third-party apis,6.8,21,0,60,0.0,2,0.0,40,12,23,0.575
twilio-ruby,lib/twilio-ruby/rest/supersim/v1/network_access_profile.rb,c58e213a6f04,third-party apis,8.0,28,0,67,0.0,2,0.0,49,12,30,0.612
twilio-ruby,lib/twilio-ruby/rest/supersim/v1/network_access_profile/network_access_profile_network.rb,c58e213a6f04,third-party apis,7.5,27,0,70,0.0,2,0.0,46,13,28,0.609
twilio-ruby,lib/twilio-ruby/rest/supersim/v1/settings_update.rb,c58e213a6f04,third-party apis,6.4,16,0,59,0.0,2,0.0,29,9,15,0.517
twilio-ruby,lib/twilio-ruby/rest/supersim/v1/sim.rb,c58e213a6f04,third-party apis,8.4,37,0,70,0.0,2,0.0,54,12,31,0.574
twilio-ruby,lib/twilio-ruby/rest/supersim/v1/sim/billing_period.rb,c58e213a6f04,third-party apis,6.1,16,0,66,0.0,2,0.0,29,10,15,0.517
twilio-ruby,lib/twilio-ruby/rest/supersim/v1/sim/sim_ip_address.rb,c58e213a6f04,third-party apis,6.7,15,0,57,0.0,2,0.0,23,10,15,0.652
twilio-ruby,lib/twilio-ruby/rest/supersim/v1/sms_command.rb,c58e213a6f04,third-party apis,7.5,32,0,65,0.0,2,0.0,46,12,25,0.543
twilio-ruby,lib/twilio-ruby/rest/supersim/v1/usage_record.rb,c58e213a6f04,third-party apis,6.9,22,0,62,0.0,2,0.0,32,9,15,0.469
twilio-ruby,lib/twilio-ruby/rest/supersim_base.rb,c58e213a6f04,third-party apis,4.3,7,0,0,0.0,1,0.0,3,3,3,1.0
twilio-ruby,lib/twilio-ruby/rest/sync/v1.rb,c58e213a6f04,third-party apis,6.3,11,0,33,0.0,2,0.0,3,4,3,1.0
twilio-ruby,lib/twilio-ruby/rest/sync/v1/service.rb,c58e213a6f04,third-party apis,8.7,39,0,75,0.0,2,0.0,65,12,36,0.554
twilio-ruby,lib/twilio-ruby/rest/sync/v1/service/document.rb,c58e213a6f04,third-party apis,8.1,31,0,75,0.0,2,0.0,57,13,33,0.579
twilio-ruby,lib/twilio-ruby/rest/sync/v1/service/document/document_permission.rb,c58e213a6f04,third-party apis,7.7,33,0,71,0.0,2,0.0,49,14,29,0.592
twilio-ruby,lib/twilio-ruby/rest/sync/v1/service/sync_list.rb,c58e213a6f04,third-party apis,8.2,31,0,76,0.0,2,0.0,58,13,34,0.586
twilio-ruby,lib/twilio-ruby/rest/sync/v1/service/sync_list/sync_list_item.rb,c58e213a6f04,third-party apis,8.9,36,0,74,0.0,2,0.0,54,14,31,0.574
twilio-ruby,lib/twilio-ruby/rest/sync/v1/service/sync_list/sync_list_permission.rb,c58e213a6f04,third-party apis,7.7,33,0,71,0.0,2,0.0,49,14,29,0.592
twilio-ruby,lib/twilio-ruby/rest/sync/v1/service/sync_map.rb,c58e213a6f04,third-party apis,8.2,31,0,76,0.0,2,0.0,58,13,34,0.586
twilio-ruby,lib/twilio-ruby/rest/sync/v1/service/sync_map/sync_map_item.rb,c58e213a6f04,third-party apis,9.0,36,0,74,0.0,2,0.0,54,14,31,0.574
twilio-ruby,lib/twilio-ruby/rest/sync/v1/service/sync_map/sync_map_permission.rb,c58e213a6f04,third-party apis,7.7,33,0,71,0.0,2,0.0,49,14,29,0.592
twilio-ruby,lib/twilio-ruby/rest/sync/v1/service/sync_stream.rb,c58e213a6f04,third-party apis,7.9,29,0,75,0.0,2,0.0,55,13,33,0.6
twilio-ruby,lib/twilio-ruby/rest/sync/v1/service/sync_stream/stream_message.rb,c58e213a6f04,third-party apis,7.3,28,0,53,0.0,2,0.0,19,11,11,0.579
twilio-ruby,lib/twilio-ruby/rest/sync_base.rb,c58e213a6f04,third-party apis,4.3,7,0,0,0.0,1,0.0,3,3,3,1.0
twilio-ruby,lib/twilio-ruby/rest/taskrouter/v1.rb,c58e213a6f04,third-party apis,6.3,11,0,33,0.0,2,0.0,3,4,3,1.0
twilio-ruby,lib/twilio-ruby/rest/taskrouter/v1/workspace.rb,c58e213a6f04,third-party apis,8.4,39,0,79,0.0,2,0.0,78,12,42,0.538
twilio-ruby,lib/twilio-ruby/rest/taskrouter/v1/workspace/activity.rb,c58e213a6f04,third-party apis,8.2,29,0,73,0.0,2,0.0,52,13,31,0.596
twilio-ruby,lib/twilio-ruby/rest/taskrouter/v1/workspace/event.rb,c58e213a6f04,third-party apis,6.8,29,0,73,0.0,2,0.0,52,13,23,0.442
twilio-ruby,lib/twilio-ruby/rest/taskrouter/v1/workspace/task.rb,c58e213a6f04,third-party apis,8.8,43,0,80,0.0,2,0.0,69,13,33,0.478
twilio-ruby,lib/twilio-ruby/rest/taskrouter/v1/workspace/task/reservation.rb,c58e213a6f04,third-party apis,13.9,136,0,71,0.0,2,0.0,49,14,26,0.531
twilio-ruby,lib/twilio-ruby/rest/taskrouter/v1/workspace/task_channel.rb,c58e213a6f04,third-party apis,8.1,31,0,74,0.0,2,0.0,53,13,31,0.585
twilio-ruby,lib/twilio-ruby/rest/taskrouter/v1/workspace/task_queue.rb,c58e213a6f04,third-party apis,8.2,38,0,79,0.0,2,0.0,66,13,36,0.545
twilio-ruby,lib/twilio-ruby/rest/taskrouter/v1/workspace/task_queue/task_queue_bulk_real_time_statistics.rb,c58e213a6f04,third-party apis,6.3,22,0,59,0.0,2,0.0,22,11,11,0.5
twilio-ruby,lib/twilio-ruby/rest/taskrouter/v1/workspace/task_queue/task_queue_statistics.rb,c58e213a6f04,third-party apis,6.9,35,0,60,0.0,2,0.0,35,14,16,0.457
twilio-ruby,lib/twilio-ruby/rest/taskrouter/v1/workspace/task_queue/task_queues_statistics.rb,c58e213a6f04,third-party apis,7.3,20,0,62,0.0,2,0.0,26,11,15,0.577
twilio-ruby,lib/twilio-ruby/rest/taskrouter/v1/workspace/worker.rb,c58e213a6f04,third-party apis,8.6,35,0,79,0.0,2,0.0,67,13,39,0.582
twilio-ruby,lib/twilio-ruby/rest/taskrouter/v1/workspace/worker/reservation.rb,c58e213a6f04,third-party apis,13.5,132,0,71,0.0,2,0.0,49,14,26,0.531
twilio-ruby,lib/twilio-ruby/rest/taskrouter/v1/workspace/worker/worker_channel.rb,c58e213a6f04,third-party apis,7.1,31,0,73,0.0,2,0.0,51,14,26,0.51
twilio-ruby,lib/twilio-ruby/rest/taskrouter/v1/workspace/worker/worker_statistics.rb,c58e213a6f04,third-party apis,6.8,33,0,59,0.0,2,0.0,34,14,16,0.471
twilio-ruby,lib/twilio-ruby/rest/taskrouter/v1/workspace/worker/workers_cumulative_statistics.rb,c58e213a6f04,third-party apis,6.3,32,0,66,0.0,2,0.0,41,14,17,0.415
twilio-ruby,lib/twilio-ruby/rest/taskrouter/v1/workspace/worker/workers_real_time_statistics.rb,c58e213a6f04,third-party apis,6.2,26,0,59,0.0,2,0.0,34,14,17,0.5
twilio-ruby,lib/twilio-ruby/rest/taskrouter/v1/workspace/worker/workers_statistics.rb,c58e213a6f04,third-party apis,7.3,38,0,59,0.0,2,0.0,34,14,17,0.5
twilio-ruby,lib/twilio-ruby/rest/taskrouter/v1/workspace/workflow.rb,c58e213a6f04,third-party apis,8.3,38,0,77,0.0,2,0.0,62,13,35,0.565
twilio-ruby,lib/twilio-ruby/rest/taskrouter/v1/workspace/workflow/workflow_real_time_statistics.rb,c58e213a6f04,third-party apis,6.0,27,0,63,0.0,2,0.0,38,14,16,0.421
twilio-ruby,lib/twilio-ruby/rest/taskrouter/v1/workspace/workflow/workflow_statistics.rb,c58e213a6f04,third-party apis,6.9,35,0,60,0.0,2,0.0,35,14,16,0.457
twilio-ruby,lib/twilio-ruby/rest/taskrouter/v1/workspace/workspace_real_time_statistics.rb,c58e213a6f04,third-party apis,5.9,26,0,64,0.0,2,0.0,39,13,17,0.436
twilio-ruby,lib/twilio-ruby/rest/taskrouter/v1/workspace/workspace_statistics.rb,c58e213a6f04,third-party apis,6.9,34,0,59,0.0,2,0.0,34,13,17,0.5
twilio-ruby,lib/twilio-ruby/rest/taskrouter_base.rb,c58e213a6f04,third-party apis,4.3,7,0,0,0.0,1,0.0,3,3,3,1.0
twilio-ruby,lib/twilio-ruby/rest/trunking/v1.rb,c58e213a6f04,third-party apis,6.3,11,0,33,0.0,2,0.0,3,4,3,1.0
twilio-ruby,lib/twilio-ruby/rest/trunking/v1/trunk.rb,c58e213a6f04,third-party apis,8.4,41,0,77,0.0,2,0.0,71,12,37,0.521
twilio-ruby,lib/twilio-ruby/rest/trunking/v1/trunk/credential_list.rb,c58e213a6f04,third-party apis,7.4,27,0,70,0.0,2,0.0,47,13,28,0.596
twilio-ruby,lib/twilio-ruby/rest/trunking/v1/trunk/ip_access_control_list.rb,c58e213a6f04,third-party apis,7.4,27,0,70,0.0,2,0.0,47,13,28,0.596
twilio-ruby,lib/twilio-ruby/rest/trunking/v1/trunk/origination_url.rb,c58e213a6f04,third-party apis,8.5,36,0,74,0.0,2,0.0,54,13,31,0.574
twilio-ruby,lib/twilio-ruby/rest/trunking/v1/trunk/phone_number.rb,c58e213a6f04,third-party apis,6.4,38,0,79,0.0,2,0.0,66,13,28,0.424
twilio-ruby,lib/twilio-ruby/rest/trunking/v1/trunk/recording.rb,c58e213a6f04,third-party apis,7.3,29,0,59,0.0,2,0.0,34,13,20,0.588
twilio-ruby,lib/twilio-ruby/rest/trunking_base.rb,c58e213a6f04,third-party apis,4.3,7,0,0,0.0,1,0.0,3,3,3,1.0
twilio-ruby,lib/twilio-ruby/rest/trusthub.rb,c58e213a6f04,third-party apis,4,4,0,0,0.0,2,0.0,7,3,7,1.0
twilio-ruby,lib/twilio-ruby/rest/trusthub/v1/compliance_inquiries.rb,c58e213a6f04,third-party apis,7.7,30,0,57,0.0,2,0.0,35,12,19,0.543
twilio-ruby,lib/twilio-ruby/rest/trusthub/v1/compliance_registration_inquiries.rb,c58e213a6f04,third-party apis,11.8,102,0,57,0.0,2,0.0,35,12,19,0.543
twilio-ruby,lib/twilio-ruby/rest/trusthub/v1/compliance_tollfree_inquiries.rb,c58e213a6f04,third-party apis,13.9,100,0,48,0.0,2,0.0,21,9,11,0.524
twilio-ruby,lib/twilio-ruby/rest/trusthub/v1/customer_profiles.rb,c58e213a6f04,third-party apis,8.4,33,0,74,0.0,2,0.0,62,12,35,0.565
twilio-ruby,lib/twilio-ruby/rest/trusthub/v1/customer_profiles/customer_profiles_channel_endpoint_assignment.rb,c58e213a6f04,third-party apis,7.6,29,0,70,0.0,2,0.0,47,13,28,0.596
twilio-ruby,lib/twilio-ruby/rest/trusthub/v1/customer_profiles/customer_profiles_entity_assignments.rb,c58e213a6f04,third-party apis,7.5,27,0,70,0.0,2,0.0,46,13,28,0.609
twilio-ruby,lib/twilio-ruby/rest/trusthub/v1/customer_profiles/customer_profiles_evaluations.rb,c58e213a6f04,third-party apis,7.2,27,0,69,0.0,2,0.0,45,13,25,0.556
twilio-ruby,lib/twilio-ruby/rest/trusthub/v1/end_user.rb,c58e213a6f04,third-party apis,8.2,30,0,69,0.0,2,0.0,51,12,31,0.608
twilio-ruby,lib/twilio-ruby/rest/trusthub/v1/end_user_type.rb,c58e213a6f04,third-party apis,6.5,21,0,60,0.0,2,0.0,40,12,23,0.575
twilio-ruby,lib/twilio-ruby/rest/trusthub/v1/policies.rb,c58e213a6f04,third-party apis,6.6,21,0,59,0.0,2,0.0,39,12,23,0.59
twilio-ruby,lib/twilio-ruby/rest/trusthub/v1/supporting_document.rb,c58e213a6f04,third-party apis,8.0,30,0,70,0.0,2,0.0,53,12,31,0.585
twilio-ruby,lib/twilio-ruby/rest/trusthub/v1/supporting_document_type.rb,c58e213a6f04,third-party apis,6.5,21,0,60,0.0,2,0.0,40,12,23,0.575
twilio-ruby,lib/twilio-ruby/rest/trusthub/v1/trust_products.rb,c58e213a6f04,third-party apis,8.4,33,0,74,0.0,2,0.0,62,12,35,0.565
twilio-ruby,lib/twilio-ruby/rest/trusthub/v1/trust_products/trust_products_channel_endpoint_assignment.rb,c58e213a6f04,third-party apis,7.6,29,0,70,0.0,2,0.0,47,13,28,0.596
twilio-ruby,lib/twilio-ruby/rest/trusthub/v1/trust_products/trust_products_entity_assignments.rb,c58e213a6f04,third-party apis,7.5,27,0,70,0.0,2,0.0,46,13,28,0.609
twilio-ruby,lib/twilio-ruby/rest/trusthub/v1/trust_products/trust_products_evaluations.rb,c58e213a6f04,third-party apis,7.2,27,0,69,0.0,2,0.0,45,13,25,0.556
twilio-ruby,lib/twilio-ruby/rest/trusthub_base.rb,c58e213a6f04,third-party apis,4.3,7,0,0,0.0,1,0.0,3,3,3,1.0
twilio-ruby,lib/twilio-ruby/rest/verify.rb,c58e213a6f04,third-party apis,4,4,0,0,0.0,2,0.0,6,3,6,1.0
twilio-ruby,lib/twilio-ruby/rest/verify/v2.rb,c58e213a6f04,third-party apis,7.9,11,0,50,0.0,2,0.0,8,4,4,0.5
twilio-ruby,lib/twilio-ruby/rest/verify/v2/form.rb,c58e213a6f04,third-party apis,5.8,21,0,55,0.0,2,0.0,33,12,17,0.515
twilio-ruby,lib/twilio-ruby/rest/verify/v2/safelist.rb,c58e213a6f04,third-party apis,7.1,26,0,59,0.0,2,0.0,37,12,22,0.595
twilio-ruby,lib/twilio-ruby/rest/verify/v2/service.rb,c58e213a6f04,third-party apis,10.2,77,0,78,0.0,2,0.0,86,12,45,0.523
twilio-ruby,lib/twilio-ruby/rest/verify/v2/service/access_token.rb,c58e213a6f04,third-party apis,6.8,33,0,68,0.0,2,0.0,41,13,19,0.463
twilio-ruby,lib/twilio-ruby/rest/verify/v2/service/entity.rb,c58e213a6f04,third-party apis,7.4,27,0,74,0.0,2,0.0,54,13,33,0.611
twilio-ruby,lib/twilio-ruby/rest/verify/v2/service/entity/challenge.rb,c58e213a6f04,third-party apis,7.9,38,0,77,0.0,2,0.0,60,14,30,0.5
twilio-ruby,lib/twilio-ruby/rest/verify/v2/service/entity/challenge/notification.rb,c58e213a6f04,third-party apis,6.5,29,0,65,0.0,2,0.0,26,12,11,0.423
twilio-ruby,lib/twilio-ruby/rest/verify/v2/service/entity/factor.rb,c58e213a6f04,third-party apis,8.0,45,0,74,0.0,2,0.0,54,14,29,0.537
twilio-ruby,lib/twilio-ruby/rest/verify/v2/service/messaging_configuration.rb,c58e213a6f04,third-party apis,8.2,29,0,72,0.0,2,0.0,50,13,31,0.62
twilio-ruby,lib/twilio-ruby/rest/verify/v2/service/new_verify_factor.rb,c58e213a6f04,third-party apis,5.9,22,0,68,0.0,2,0.0,34,12,14,0.412
twilio-ruby,lib/twilio-ruby/rest/verify/v2/service/rate_limit.rb,c58e213a6f04,third-party apis,8.1,29,0,74,0.0,2,0.0,54,13,33,0.611
twilio-ruby,lib/twilio-ruby/rest/verify/v2/service/rate_limit/bucket.rb,c58e213a6f04,third-party apis,8.2,31,0,73,0.0,2,0.0,52,14,31,0.596
twilio-ruby,lib/twilio-ruby/rest/verify/v2/service/verification.rb,c58e213a6f04,third-party apis,8.4,61,0,73,0.0,2,0.0,49,13,22,0.449
twilio-ruby,lib/twilio-ruby/rest/verify/v2/service/webhook.rb,c58e213a6f04,third-party apis,8.5,36,0,75,0.0,2,0.0,55,13,31,0.564
twilio-ruby,lib/twilio-ruby/rest/verify/v2/template.rb,c58e213a6f04,third-party apis,6.5,15,0,54,0.0,2,0.0,26,9,15,0.577
twilio-ruby,lib/twilio-ruby/rest/verify/v2/verification_attempt.rb,c58e213a6f04,third-party apis,6.9,23,0,65,0.0,2,0.0,46,12,23,0.5
twilio-ruby,lib/twilio-ruby/rest/verify/v2/verification_attempts_summary.rb,c58e213a6f04,third-party apis,7.0,35,0,50,0.0,2,0.0,34,12,16,0.471
twilio-ruby,lib/twilio-ruby/rest/verify_base.rb,c58e213a6f04,third-party apis,4.3,7,0,0,0.0,1,0.0,3,3,3,1.0
twilio-ruby,lib/twilio-ruby/rest/video.rb,c58e213a6f04,third-party apis,4,4,0,0,0.0,2,0.0,6,3,6,1.0
twilio-ruby,lib/twilio-ruby/rest/video/v1.rb,c58e213a6f04,third-party apis,7.9,11,0,50,0.0,2,0.0,8,4,4,0.5
twilio-ruby,lib/twilio-ruby/rest/video/v1/composition.rb,c58e213a6f04,third-party apis,7.3,42,0,74,0.0,2,0.0,61,12,28,0.459
twilio-ruby,lib/twilio-ruby/rest/video/v1/composition_hook.rb,c58e213a6f04,third-party apis,9.3,45,0,72,0.0,2,0.0,58,12,31,0.534
twilio-ruby,lib/twilio-ruby/rest/video/v1/composition_settings.rb,c58e213a6f04,third-party apis,7.3,36,0,58,0.0,2,0.0,40,12,19,0.475
twilio-ruby,lib/twilio-ruby/rest/video/v1/recording.rb,c58e213a6f04,third-party apis,6.6,30,0,71,0.0,2,0.0,56,12,26,0.464
twilio-ruby,lib/twilio-ruby/rest/video/v1/recording_settings.rb,c58e213a6f04,third-party apis,7.3,36,0,58,0.0,2,0.0,40,12,19,0.475
twilio-ruby,lib/twilio-ruby/rest/video/v1/room.rb,c58e213a6f04,third-party apis,8.2,58,0,78,0.0,2,0.0,72,12,34,0.472
twilio-ruby,lib/twilio-ruby/rest/video/v1/room/participant.rb,c58e213a6f04,third-party apis,7.3,28,0,76,0.0,2,0.0,58,13,32,0.552
twilio-ruby,lib/twilio-ruby/rest/video/v1/room/participant/anonymize.rb,c58e213a6f04,third-party apis,5.6,23,0,65,0.0,2,0.0,40,14,16,0.4
twilio-ruby,lib/twilio-ruby/rest/video/v1/room/participant/published_track.rb,c58e213a6f04,third-party apis,6.4,23,0,68,0.0,2,0.0,44,14,23,0.523
twilio-ruby,lib/twilio-ruby/rest/video/v1/room/participant/subscribe_rules.rb,c58e213a6f04,third-party apis,7.9,28,0,62,0.0,2,0.0,24,11,13,0.542
twilio-ruby,lib/twilio-ruby/rest/video/v1/room/participant/subscribed_track.rb,c58e213a6f04,third-party apis,6.3,23,0,69,0.0,2,0.0,45,14,23,0.511
twilio-ruby,lib/twilio-ruby/rest/video/v1/room/recording_rules.rb,c58e213a6f04,third-party apis,7.9,27,0,61,0.0,2,0.0,23,10,13,0.565
twilio-ruby,lib/twilio-ruby/rest/video/v1/room/room_recording.rb,c58e213a6f04,third-party apis,6.5,29,0,75,0.0,2,0.0,55,13,26,0.473
twilio-ruby,lib/twilio-ruby/rest/video/v1/room/transcriptions.rb,c58e213a6f04,third-party apis,7.8,30,0,73,0.0,2,0.0,52,13,28,0.538
twilio-ruby,lib/twilio-ruby/rest/video_base.rb,c58e213a6f04,third-party apis,4.3,7,0,0,0.0,1,0.0,3,3,3,1.0
twilio-ruby,lib/twilio-ruby/rest/voice.rb,c58e213a6f04,third-party apis,4,4,0,0,0.0,2,0.0,6,3,6,1.0
twilio-ruby,lib/twilio-ruby/rest/voice/v1.rb,c58e213a6f04,third-party apis,10.2,16,0,67,0.0,2,0.0,9,4,5,0.556
twilio-ruby,lib/twilio-ruby/rest/voice/v1/archived_call.rb,c58e213a6f04,third-party apis,5.6,15,0,48,0.0,2,0.0,29,12,15,0.517
twilio-ruby,lib/twilio-ruby/rest/voice/v1/byoc_trunk.rb,c58e213a6f04,third-party apis,9.0,45,0,72,0.0,2,0.0,58,12,31,0.534
twilio-ruby,lib/twilio-ruby/rest/voice/v1/connection_policy.rb,c58e213a6f04,third-party apis,8.0,27,0,69,0.0,2,0.0,52,12,33,0.635
twilio-ruby,lib/twilio-ruby/rest/voice/v1/connection_policy/connection_policy_target.rb,c58e213a6f04,third-party apis,8.5,36,0,74,0.0,2,0.0,54,13,31,0.574
twilio-ruby,lib/twilio-ruby/rest/voice/v1/dialing_permissions.rb,c58e213a6f04,third-party apis,5.3,15,0,22,0.0,2,0.0,18,9,10,0.556
twilio-ruby,lib/twilio-ruby/rest/voice/v1/dialing_permissions/bulk_country_update.rb,c58e213a6f04,third-party apis,7.1,26,0,42,0.0,2,0.0,19,10,11,0.579
twilio-ruby,lib/twilio-ruby/rest/voice/v1/dialing_permissions/country.rb,c58e213a6f04,third-party apis,6.8,21,0,65,0.0,2,0.0,46,13,25,0.543
twilio-ruby,lib/twilio-ruby/rest/voice/v1/dialing_permissions/country/highrisk_special_prefix.rb,c58e213a6f04,third-party apis,6.8,15,0,55,0.0,2,0.0,22,11,15,0.682
twilio-ruby,lib/twilio-ruby/rest/voice/v1/dialing_permissions/settings.rb,c58e213a6f04,third-party apis,7.0,26,0,50,0.0,2,0.0,34,13,19,0.559
twilio-ruby,lib/twilio-ruby/rest/voice/v1/ip_record.rb,c58e213a6f04,third-party apis,8.1,30,0,69,0.0,2,0.0,51,12,31,0.608
twilio-ruby,lib/twilio-ruby/rest/voice/v1/source_ip_mapping.rb,c58e213a6f04,third-party apis,8.1,28,0,67,0.0,2,0.0,49,12,31,0.633
twilio-ruby,lib/twilio-ruby/rest/voice/v3.rb,c58e213a6f04,third-party apis,6.3,11,0,33,0.0,2,0.0,3,4,3,1.0
twilio-ruby,lib/twilio-ruby/rest/voice/v3/transcription.rb,c58e213a6f04,third-party apis,6.9,23,0,60,0.0,2,0.0,45,17,25,0.556
twilio-ruby,lib/twilio-ruby/rest/voice_base.rb,c58e213a6f04,third-party apis,4.2,8,0,0,0.0,1,0.0,4,3,3,0.75
twilio-ruby,lib/twilio-ruby/rest/wireless.rb,c58e213a6f04,third-party apis,4,4,0,0,0.0,2,0.0,4,3,4,1.0
twilio-ruby,lib/twilio-ruby/rest/wireless/v1.rb,c58e213a6f04,third-party apis,7.8,11,0,50,0.0,2,0.0,6,4,4,0.667
twilio-ruby,lib/twilio-ruby/rest/wireless/v1/command.rb,c58e213a6f04,third-party apis,7.8,38,0,69,0.0,2,0.0,52,12,28,0.538
twilio-ruby,lib/twilio-ruby/rest/wireless/v1/rate_plan.rb,c58e213a6f04,third-party apis,8.2,48,0,73,0.0,2,0.0,59,12,31,0.525
twilio-ruby,lib/twilio-ruby/rest/wireless/v1/sim.rb,c58e213a6f04,third-party apis,8.2,61,0,77,0.0,2,0.0,69,12,32,0.464
twilio-ruby,lib/twilio-ruby/rest/wireless/v1/sim/data_session.rb,c58e213a6f04,third-party apis,5.6,24,0,73,0.0,2,0.0,37,10,15,0.405
twilio-ruby,lib/twilio-ruby/rest/wireless/v1/sim/usage_record.rb,c58e213a6f04,third-party apis,6.8,17,0,62,0.0,2,0.0,26,10,15,0.577
twilio-ruby,lib/twilio-ruby/rest/wireless/v1/usage_record.rb,c58e213a6f04,third-party apis,6.9,17,0,52,0.0,2,0.0,25,9,15,0.6
twilio-ruby,lib/twilio-ruby/rest/wireless_base.rb,c58e213a6f04,third-party apis,4.3,7,0,0,0.0,1,0.0,3,3,3,1.0
twilio-ruby,lib/twilio-ruby/security/request_validator.rb,c58e213a6f04,third-party apis,8.1,21,0,100,0.0,0,0.0,9,3,9,1.0
twilio-ruby,lib/twilio-ruby/twiml/messaging_response.rb,c58e213a6f04,third-party apis,5,6,0,11,0.0,1,0.0,9,7,6,0.667
twilio-ruby,lib/twilio-ruby/twiml/twiml.rb,c58e213a6f04,third-party apis,7.4,20,8,42,0.0,1,0.0,12,8,10,0.833
typhoeus,lib/rack/typhoeus/middleware/params_decoder.rb,d7aba1bbfa8d,http clients and tools,7.3,14,0,67,0.25,0,0.0,3,4,3,1.0
typhoeus,lib/rack/typhoeus/middleware/params_decoder/helper.rb,d7aba1bbfa8d,http clients and tools,6.4,10,0,80,0.0,0,0.0,5,5,5,1.0
typhoeus,lib/typhoeus.rb,d7aba1bbfa8d,http clients and tools,6.2,10,100,50,2.0,0,0.0,4,1,4,1.0
typhoeus,lib/typhoeus/adapters/faraday.rb,d7aba1bbfa8d,http clients and tools,8.7,33,8,83,0.0,1,0.0,12,3,12,1.0
typhoeus,lib/typhoeus/cache/dalli.rb,d7aba1bbfa8d,http clients and tools,3.3,4,0,100,0.0,0,0.0,3,3,3,1.0
typhoeus,lib/typhoeus/cache/rails.rb,d7aba1bbfa8d,http clients and tools,3.3,4,0,100,0.0,0,0.0,3,3,3,1.0
typhoeus,lib/typhoeus/cache/redis.rb,d7aba1bbfa8d,http clients and tools,5.3,7,0,100,0.0,0,0.0,3,3,3,1.0
typhoeus,lib/typhoeus/easy_factory.rb,d7aba1bbfa8d,http clients and tools,14.1,30,0,75,0.0,0,0.0,8,2,8,1.0
typhoeus,lib/typhoeus/expectation.rb,d7aba1bbfa8d,http clients and tools,5.2,14,33,67,0.0,0,0.0,12,2,11,0.917
typhoeus,lib/typhoeus/hydra/memoizable.rb,d7aba1bbfa8d,http clients and tools,5.3,9,0,67,0.0,0,0.0,3,3,3,1.0
typhoeus,lib/typhoeus/hydra/queueable.rb,d7aba1bbfa8d,http clients and tools,4,7,0,83,0.0,0,0.0,6,3,6,1.0
typhoeus,lib/typhoeus/pool.rb,d7aba1bbfa8d,http clients and tools,6.2,13,100,60,0.0,0,0.0,5,2,5,1.0
typhoeus,lib/typhoeus/request.rb,d7aba1bbfa8d,http clients and tools,6.1,11,0,78,6.0,0,0.0,9,2,9,1.0
typhoeus,lib/typhoeus/request/cacheable.rb,d7aba1bbfa8d,http clients and tools,4.2,8,0,83,0.0,0,0.0,6,3,6,1.0
typhoeus,lib/typhoeus/request/callbacks.rb,d7aba1bbfa8d,http clients and tools,6.1,13,0,100,0.0,0,0.0,7,4,3,0.429
typhoeus,lib/typhoeus/response.rb,d7aba1bbfa8d,http clients and tools,3.3,4,0,67,1.5,0,0.0,3,2,3,1.0
typhoeus,lib/typhoeus/response/header.rb,d7aba1bbfa8d,http clients and tools,6.6,14,0,75,0.0,1,0.0,8,3,8,1.0
typhoeus,lib/typhoeus/response/status.rb,d7aba1bbfa8d,http clients and tools,5.2,17,0,100,0.0,0,0.0,9,3,9,1.0
tzinfo,lib/tzinfo/annual_rules.rb,d5893c99bbcd,date and time processing,5.3,6,0,67,0.0,0,0.0,3,2,3,1.0
tzinfo,lib/tzinfo/country.rb,d5893c99bbcd,date and time processing,3.1,4,28,67,0.33,1,0.0,18,3,16,0.889
tzinfo,lib/tzinfo/country_timezone.rb,d5893c99bbcd,date and time processing,3.8,6,0,50,0.0,0,0.0,6,2,6,1.0
tzinfo,lib/tzinfo/data_source.rb,d5893c99bbcd,date and time processing,7.2,21,13,39,0.0,1,0.0,23,4,19,0.826
tzinfo,lib/tzinfo/data_sources/constant_offset_data_timezone_info.rb,d5893c99bbcd,date and time processing,3.4,5,0,0,0.0,2,0.0,5,3,4,0.8
tzinfo,lib/tzinfo/data_sources/data_timezone_info.rb,d5893c99bbcd,date and time processing,3,3,0,0,0.0,1,0.0,5,3,4,0.8
tzinfo,lib/tzinfo/data_sources/posix_time_zone_parser.rb,d5893c99bbcd,date and time processing,16.8,47,0,83,0.0,1,0.0,6,4,6,1.0
tzinfo,lib/tzinfo/data_sources/ruby_data_source.rb,d5893c99bbcd,date and time processing,7.6,31,0,22,0.0,1,11.1,9,4,7,0.778
tzinfo,lib/tzinfo/data_sources/timezone_info.rb,d5893c99bbcd,date and time processing,3.2,4,0,25,0.0,0,0.0,4,3,4,1.0
tzinfo,lib/tzinfo/data_sources/transitions_data_timezone_info.rb,d5893c99bbcd,date and time processing,18.1,39,0,100,0.0,2,0.0,7,3,7,1.0
tzinfo,lib/tzinfo/data_sources/zoneinfo_data_source.rb,d5893c99bbcd,date and time processing,14.7,107,26,42,0.0,1,0.0,19,5,15,0.789
tzinfo,lib/tzinfo/data_sources/zoneinfo_reader.rb,d5893c99bbcd,date and time processing,24.5,136,0,85,0.0,1,0.0,13,4,13,1.0
tzinfo,lib/tzinfo/data_timezone.rb,d5893c99bbcd,date and time processing,6,11,0,75,0.0,2,0.0,4,2,4,1.0
tzinfo,lib/tzinfo/datetime_with_offset.rb,d5893c99bbcd,date and time processing,6.4,10,0,91,0.5,1,0.0,11,2,7,0.636
tzinfo,lib/tzinfo/format1/country_index_definition.rb,d5893c99bbcd,date and time processing,7.3,13,33,100,0.0,0,33.3,3,4,3,1.0
tzinfo,lib/tzinfo/format1/timezone_index_definition.rb,d5893c99bbcd,date and time processing,6.2,9,20,100,0.0,0,20.0,5,4,3,0.6
tzinfo,lib/tzinfo/format2/country_index_definer.rb,d5893c99bbcd,date and time processing,8,10,0,67,0.0,0,0.0,3,3,3,1.0
tzinfo,lib/tzinfo/format2/timezone_definer.rb,d5893c99bbcd,date and time processing,5.8,11,0,60,0.0,0,0.0,5,3,5,1.0
tzinfo,lib/tzinfo/format2/timezone_definition.rb,d5893c99bbcd,date and time processing,6.4,16,20,60,0.0,0,0.0,5,4,4,0.8
tzinfo,lib/tzinfo/info_timezone.rb,d5893c99bbcd,date and time processing,3.3,4,0,33,0.0,1,0.0,3,2,3,1.0
tzinfo,lib/tzinfo/linked_timezone.rb,d5893c99bbcd,date and time processing,3.2,4,0,100,0.0,2,0.0,5,2,5,1.0
tzinfo,lib/tzinfo/offset_timezone_period.rb,d5893c99bbcd,date and time processing,3,3,0,40,0.0,1,0.0,5,2,4,0.8
tzinfo,lib/tzinfo/string_deduper.rb,d5893c99bbcd,date and time processing,6,14,0,60,0.0,1,0.0,5,4,4,0.8
tzinfo,lib/tzinfo/time_with_offset.rb,d5893c99bbcd,date and time processing,5.5,9,0,64,0.5,1,0.0,11,2,9,0.818
tzinfo,lib/tzinfo/timestamp.rb,d5893c99bbcd,date and time processing,9.3,47,35,81,0.5,0,11.5,26,2,26,1.0
tzinfo,lib/tzinfo/timestamp_with_offset.rb,d5893c99bbcd,date and time processing,6.8,8,25,50,0.5,1,0.0,4,2,4,1.0
tzinfo,lib/tzinfo/timezone.rb,d5893c99bbcd,date and time processing,5.5,36,31,33,0.17,1,0.0,48,6,45,0.938
tzinfo,lib/tzinfo/timezone_offset.rb,d5893c99bbcd,date and time processing,3.8,7,0,50,0.0,0,0.0,6,2,6,1.0
tzinfo,lib/tzinfo/timezone_period.rb,d5893c99bbcd,date and time processing,3.1,4,0,47,0.0,0,0.0,15,2,14,0.933
tzinfo,lib/tzinfo/timezone_proxy.rb,d5893c99bbcd,date and time processing,4.3,13,11,56,0.0,1,0.0,9,2,9,1.0
tzinfo,lib/tzinfo/timezone_transition.rb,d5893c99bbcd,date and time processing,3.5,5,0,50,0.0,0,0.0,6,2,5,0.833
tzinfo,lib/tzinfo/transition_rule.rb,d5893c99bbcd,date and time processing,4.2,18,0,69,0.0,2,0.0,32,8,20,0.625
tzinfo,lib/tzinfo/transitions_timezone_period.rb,d5893c99bbcd,date and time processing,5.2,12,0,75,0.0,1,0.0,4,2,4,1.0
vcr,lib/vcr.rb,5dcacdf69bd6,testing,6.0,18,0,53,1.0,0,0.0,34,3,27,0.794
vcr,lib/vcr/cassette.rb,5dcacdf69bd6,testing,6.7,20,0,73,0.5,0,3.0,33,2,30,0.909
vcr,lib/vcr/cassette/erb_renderer.rb,5dcacdf69bd6,testing,4.1,8,0,75,0.0,0,12.5,8,3,8,1.0
vcr,lib/vcr/cassette/http_interaction_list.rb,5dcacdf69bd6,testing,4.9,16,0,62,0.5,0,0.0,16,4,13,0.812
vcr,lib/vcr/cassette/migrator.rb,5dcacdf69bd6,testing,8,30,0,82,0.0,0,0.0,11,3,11,1.0
vcr,lib/vcr/cassette/persisters.rb,5dcacdf69bd6,testing,6.7,9,0,67,0.0,0,0.0,3,3,3,1.0
vcr,lib/vcr/cassette/persisters/file_system.rb,5dcacdf69bd6,testing,5.4,11,0,14,0.25,0,0.0,7,4,7,1.0
vcr,lib/vcr/cassette/serializers.rb,5dcacdf69bd6,testing,6.8,12,0,80,0.0,0,0.0,5,5,4,0.8
vcr,lib/vcr/cassette/serializers/compressed.rb,5dcacdf69bd6,testing,3.7,4,0,0,0.25,0,0.0,3,4,3,1.0
vcr,lib/vcr/cassette/serializers/json.rb,5dcacdf69bd6,testing,5,7,0,0,0.75,0,0.0,3,4,3,1.0
vcr,lib/vcr/cassette/serializers/psych.rb,5dcacdf69bd6,testing,5.7,7,0,33,0.75,0,0.0,3,4,3,1.0
vcr,lib/vcr/cassette/serializers/syck.rb,5dcacdf69bd6,testing,6.5,11,0,0,0.75,0,0.0,4,4,4,1.0
vcr,lib/vcr/cassette/serializers/yaml.rb,5dcacdf69bd6,testing,7,11,0,33,0.75,0,0.0,3,4,3,1.0
vcr,lib/vcr/configuration.rb,5dcacdf69bd6,testing,6.6,26,0,48,1.5,0,3.4,29,2,28,0.966
vcr,lib/vcr/deprecations.rb,5dcacdf69bd6,testing,4.8,6,40,40,0.0,0,0.0,5,5,5,1.0
vcr,lib/vcr/errors.rb,5dcacdf69bd6,testing,7.9,19,0,76,0.0,2,0.0,21,15,20,0.952
vcr,lib/vcr/library_hooks/faraday.rb,5dcacdf69bd6,testing,6,10,0,50,0.0,0,0.0,4,5,4,1.0
vcr,lib/vcr/library_hooks/typhoeus.rb,5dcacdf69bd6,testing,6.6,17,30,80,0.0,1,50.0,10,4,10,1.0
vcr,lib/vcr/library_hooks/webmock.rb,5dcacdf69bd6,testing,5.6,14,6,56,0.5,1,12.5,16,6,16,1.0
vcr,lib/vcr/linked_cassette.rb,5dcacdf69bd6,testing,5,9,12,50,0.33,1,0.0,8,3,8,1.0
vcr,lib/vcr/middleware/excon.rb,5dcacdf69bd6,testing,5.7,12,5,50,0.12,1,0.0,22,8,19,0.864
vcr,lib/vcr/middleware/faraday.rb,5dcacdf69bd6,testing,6.5,12,0,80,0.25,1,13.3,15,4,15,1.0
vcr,lib/vcr/middleware/rack.rb,5dcacdf69bd6,testing,4.5,7,0,50,0.25,0,0.0,6,4,6,1.0
vcr,lib/vcr/request_handler.rb,5dcacdf69bd6,testing,4.8,20,0,6,0.5,0,5.6,18,2,14,0.778
vcr,lib/vcr/request_ignorer.rb,5dcacdf69bd6,testing,4,7,0,71,0.5,0,0.0,7,2,7,1.0
vcr,lib/vcr/request_matcher_registry.rb,5dcacdf69bd6,testing,7.8,20,0,75,0.0,1,0.0,12,4,12,1.0
vcr,lib/vcr/structs.rb,5dcacdf69bd6,testing,6.5,24,12,69,0.33,1,0.0,52,12,47,0.904
vcr,lib/vcr/test_frameworks/cucumber.rb,5dcacdf69bd6,testing,8.3,50,22,78,0.0,0,0.0,9,3,9,1.0
vcr,lib/vcr/util/hooks.rb,5dcacdf69bd6,testing,5.6,10,14,100,1.33,0,71.4,7,3,7,1.0
vcr,lib/vcr/util/logger.rb,5dcacdf69bd6,testing,2.9,6,0,30,0.0,0,0.0,10,4,8,0.8
vcr,lib/vcr/util/version_checker.rb,5dcacdf69bd6,testing,4.9,9,0,43,0.0,0,0.0,7,2,7,1.0
vcr,lib/vcr/version.rb,5dcacdf69bd6,testing,7,23,80,100,1.0,0,0.0,5,1,3,0.6
virtus,lib/virtus.rb,9e4f56fe8259,core extensions,4.4,12,74,53,0.0,1,5.3,19,2,17,0.895
virtus,lib/virtus/attribute.rb,9e4f56fe8259,core extensions,3.5,7,29,53,2.0,0,0.0,17,2,14,0.824
virtus,lib/virtus/attribute/accessor.rb,9e4f56fe8259,core extensions,3.4,6,14,100,0.0,0,57.1,7,3,6,0.857
virtus,lib/virtus/attribute/boolean.rb,9e4f56fe8259,core extensions,3.3,4,33,67,0.0,1,0.0,3,3,3,1.0
virtus,lib/virtus/attribute/builder.rb,9e4f56fe8259,core extensions,6.3,17,11,72,0.0,0,11.1,18,5,17,0.944
virtus,lib/virtus/attribute/coercer.rb,9e4f56fe8259,core extensions,4.3,5,0,100,0.0,1,33.3,3,3,3,1.0
virtus,lib/virtus/attribute/collection.rb,9e4f56fe8259,core extensions,6,16,55,91,0.0,1,0.0,11,3,11,1.0
virtus,lib/virtus/attribute/default_value.rb,9e4f56fe8259,core extensions,3.3,4,33,33,0.67,0,0.0,3,3,3,1.0
virtus,lib/virtus/attribute/embedded_value.rb,9e4f56fe8259,core extensions,5.8,9,60,100,0.0,1,0.0,5,5,4,0.8
virtus,lib/virtus/attribute/hash.rb,9e4f56fe8259,core extensions,6.8,25,58,75,0.0,1,0.0,12,3,11,0.917
virtus,lib/virtus/attribute_set.rb,9e4f56fe8259,core extensions,4.7,8,6,94,0.5,1,44.4,18,2,18,1.0
virtus,lib/virtus/builder.rb,9e4f56fe8259,core extensions,4.8,10,18,36,0.0,1,63.6,11,5,10,0.909
virtus,lib/virtus/builder/hook_context.rb,9e4f56fe8259,core extensions,4.3,7,0,83,0.0,0,0.0,6,3,6,1.0
virtus,lib/virtus/class_inclusions.rb,9e4f56fe8259,core extensions,4.7,8,33,33,1.33,0,133.3,3,3,3,1.0
virtus,lib/virtus/class_methods.rb,9e4f56fe8259,core extensions,4,5,17,83,1.5,0,33.3,6,2,6,1.0
virtus,lib/virtus/coercer.rb,9e4f56fe8259,core extensions,3.3,4,0,67,0.5,0,0.0,3,2,3,1.0
virtus,lib/virtus/configuration.rb,9e4f56fe8259,core extensions,8,12,0,33,0.0,0,0.0,3,2,3,1.0
virtus,lib/virtus/extensions.rb,9e4f56fe8259,core extensions,5.5,8,33,83,1.33,0,16.7,6,3,6,1.0
virtus,lib/virtus/instance_methods.rb,9e4f56fe8259,core extensions,3.7,5,0,73,0.0,0,18.2,11,4,11,1.0
virtus,lib/virtus/model.rb,9e4f56fe8259,core extensions,4.4,6,100,100,0.0,0,71.4,7,5,4,0.571
virtus,lib/virtus/module_extensions.rb,9e4f56fe8259,core extensions,6.7,15,33,83,0.5,0,66.7,6,2,6,1.0
virtus,lib/virtus/support/equalizer.rb,9e4f56fe8259,core extensions,4.7,6,0,78,0.33,1,100.0,9,3,9,1.0
virtus,lib/virtus/support/options.rb,9e4f56fe8259,core extensions,5.3,10,0,71,0.0,0,42.9,7,2,7,1.0
virtus,lib/virtus/support/type_lookup.rb,9e4f56fe8259,core extensions,5.1,10,14,71,0.0,0,28.6,7,2,7,1.0
virtus,lib/virtus/value_object.rb,9e4f56fe8259,core extensions,6.2,11,17,67,1.0,0,16.7,6,5,6,1.0
warden,lib/warden/config.rb,3f197cee0511,authentication and oauth,5.8,13,9,36,0.0,1,9.1,11,2,11,1.0
warden,lib/warden/errors.rb,3f197cee0511,authentication and oauth,3.7,6,0,78,0.33,0,11.1,9,3,9,1.0
warden,lib/warden/hooks.rb,3f197cee0511,authentication and oauth,4.5,11,0,62,0.0,0,46.2,13,2,8,0.615
warden,lib/warden/manager.rb,3f197cee0511,authentication and oauth,9.3,20,22,89,0.5,0,33.3,9,2,9,1.0
warden,lib/warden/mixins/common.rb,3f197cee0511,authentication and oauth,3.2,4,0,60,0.0,0,0.0,5,3,5,1.0
warden,lib/warden/proxy.rb,3f197cee0511,authentication and oauth,7.1,25,0,70,0.67,1,0.0,27,3,25,0.926
warden,lib/warden/session_serializer.rb,3f197cee0511,authentication and oauth,4,9,0,56,0.0,0,22.2,9,2,6,0.667
warden,lib/warden/strategies.rb,3f197cee0511,authentication and oauth,5.8,15,100,80,0.0,0,20.0,5,2,5,1.0
warden,lib/warden/strategies/base.rb,3f197cee0511,authentication and oauth,4.2,12,0,29,0.33,0,0.0,17,3,12,0.706
webmock,lib/webmock/api.rb,ee409ac0a5f0,testing,5.9,8,0,50,0.5,0,0.0,12,2,11,0.917
webmock,lib/webmock/callback_registry.rb,ee409ac0a5f0,testing,4.8,12,100,20,0.0,0,0.0,5,2,4,0.8
webmock,lib/webmock/http_lib_adapters/async_http_client_adapter.rb,ee409ac0a5f0,testing,8.2,36,38,57,0.0,1,28.6,21,9,18,0.857
webmock,lib/webmock/http_lib_adapters/curb_adapter.rb,ee409ac0a5f0,testing,9.4,46,10,31,0.0,1,34.5,29,5,17,0.586
webmock,lib/webmock/http_lib_adapters/em_http_request_adapter.rb,ee409ac0a5f0,testing,10.8,31,12,69,0.14,1,50.0,16,7,15,0.938
webmock,lib/webmock/http_lib_adapters/excon_adapter.rb,ee409ac0a5f0,testing,7.7,19,100,80,0.0,1,0.0,15,3,15,1.0
webmock,lib/webmock/http_lib_adapters/http_lib_adapter_registry.rb,ee409ac0a5f0,testing,3,3,0,67,0.5,0,0.0,3,2,3,1.0
webmock,lib/webmock/http_lib_adapters/http_rb/response.rb,ee409ac0a5f0,testing,16.2,39,60,80,0.0,0,0.0,5,2,5,1.0
webmock,lib/webmock/http_lib_adapters/http_rb/streamer.rb,ee409ac0a5f0,testing,6.4,19,0,60,0.0,0,0.0,5,3,5,1.0
webmock,lib/webmock/http_lib_adapters/http_rb/webmock.rb,ee409ac0a5f0,testing,6,17,0,40,0.0,0,0.0,10,2,10,1.0
webmock,lib/webmock/http_lib_adapters/httpclient_adapter.rb,ee409ac0a5f0,testing,11.4,47,12,50,0.29,1,62.5,16,7,14,0.875
webmock,lib/webmock/http_lib_adapters/manticore_adapter.rb,ee409ac0a5f0,testing,7.7,24,14,64,0.0,1,42.9,14,5,13,0.929
webmock,lib/webmock/http_lib_adapters/net_http.rb,ee409ac0a5f0,testing,7.8,38,41,31,0.0,1,44.8,29,7,23,0.793
webmock,lib/webmock/http_lib_adapters/patron_adapter.rb,ee409ac0a5f0,testing,14.9,31,86,71,0.0,1,57.1,7,4,6,0.857
webmock,lib/webmock/http_lib_adapters/typhoeus_hydra_adapter.rb,ee409ac0a5f0,testing,9.8,35,100,64,0.0,1,9.1,11,3,11,1.0
webmock,lib/webmock/matchers/hash_argument_matcher.rb,ee409ac0a5f0,testing,3.7,5,33,67,0.0,0,33.3,3,3,3,1.0
webmock,lib/webmock/rack_response.rb,ee409ac0a5f0,testing,10.3,36,0,50,0.0,1,0.0,6,2,5,0.833
webmock,lib/webmock/request_body_diff.rb,ee409ac0a5f0,testing,4.2,8,0,70,0.0,0,0.0,10,2,10,1.0
webmock,lib/webmock/request_execution_verifier.rb,ee409ac0a5f0,testing,5.8,12,10,40,0.0,0,0.0,10,2,9,0.9
webmock,lib/webmock/request_pattern.rb,ee409ac0a5f0,testing,6.3,16,0,80,0.18,1,0.0,46,11,43,0.935
webmock,lib/webmock/request_registry.rb,ee409ac0a5f0,testing,5.5,11,0,50,0.5,0,0.0,4,2,4,1.0
webmock,lib/webmock/request_signature.rb,ee409ac0a5f0,testing,4.1,9,0,75,0.0,0,0.0,8,2,7,0.875
webmock,lib/webmock/request_signature_snippet.rb,ee409ac0a5f0,testing,6.1,10,0,71,0.0,0,0.0,7,2,7,1.0
webmock,lib/webmock/request_stub.rb,ee409ac0a5f0,testing,7.7,30,7,71,0.0,0,0.0,14,2,14,1.0
webmock,lib/webmock/response.rb,ee409ac0a5f0,testing,6.1,16,5,60,0.0,1,0.0,20,4,18,0.9
webmock,lib/webmock/responses_sequence.rb,ee409ac0a5f0,testing,6.2,9,0,75,0.0,0,0.0,4,2,4,1.0
webmock,lib/webmock/rspec/matchers.rb,ee409ac0a5f0,testing,3,3,0,0,0.0,0,0.0,5,2,4,0.8
webmock,lib/webmock/rspec/matchers/request_pattern_matcher.rb,ee409ac0a5f0,testing,3.7,4,0,93,0.0,0,0.0,15,2,12,0.8
webmock,lib/webmock/rspec/matchers/webmock_matcher.rb,ee409ac0a5f0,testing,3.6,4,0,100,0.0,0,0.0,13,2,11,0.846
webmock,lib/webmock/stub_registry.rb,ee409ac0a5f0,testing,6.1,27,0,70,0.5,0,0.0,10,2,10,1.0
webmock,lib/webmock/stub_request_snippet.rb,ee409ac0a5f0,testing,10.7,26,0,67,0.0,0,0.0,3,2,3,1.0
webmock,lib/webmock/util/hash_counter.rb,ee409ac0a5f0,testing,5.8,7,0,80,0.0,0,0.0,5,3,5,1.0
webmock,lib/webmock/util/headers.rb,ee409ac0a5f0,testing,9,14,100,100,0.0,0,0.0,6,3,5,0.833
webmock,lib/webmock/util/parsers/json.rb,ee409ac0a5f0,testing,16,39,100,100,0.0,0,0.0,3,4,3,1.0
webmock,lib/webmock/util/query_mapper.rb,ee409ac0a5f0,testing,19.2,47,100,100,0.0,0,9.1,11,2,11,1.0
webmock,lib/webmock/util/uri.rb,ee409ac0a5f0,testing,6.3,20,100,82,0.0,0,0.0,11,4,11,1.0
webmock,lib/webmock/util/version_checker.rb,ee409ac0a5f0,testing,5.3,15,0,46,0.0,0,0.0,13,2,11,0.846
webmock,lib/webmock/webmock.rb,ee409ac0a5f0,testing,5.4,19,96,30,2.0,0,4.3,23,1,21,0.913
webmock,minitest/test_helper.rb,ee409ac0a5f0,testing,4.7,8,0,33,0.0,0,0.0,3,0,3,1.0
will_paginate,lib/will_paginate/active_record.rb,50017c3eb071,pagination,10.2,36,0,88,0.2,0,0.0,16,5,16,1.0
will_paginate,lib/will_paginate/collection.rb,50017c3eb071,pagination,4.3,11,11,89,0.33,1,0.0,9,3,9,1.0
will_paginate,lib/will_paginate/core_ext.rb,50017c3eb071,pagination,4.7,7,0,33,0.0,0,0.0,3,0,3,1.0
will_paginate,lib/will_paginate/deprecation.rb,50017c3eb071,pagination,4.1,6,33,56,0.0,1,0.0,9,2,9,1.0
will_paginate,lib/will_paginate/i18n.rb,50017c3eb071,pagination,5.3,10,67,33,0.0,0,0.0,3,2,3,1.0
will_paginate,lib/will_paginate/mongoid.rb,50017c3eb071,pagination,4.7,9,0,67,0.25,0,0.0,6,4,6,1.0
will_paginate,lib/will_paginate/page_number.rb,50017c3eb071,pagination,4.8,11,17,50,0.33,1,0.0,6,3,6,1.0
will_paginate,lib/will_paginate/per_page.rb,50017c3eb071,pagination,3.2,4,25,75,0.33,0,0.0,4,3,4,1.0
will_paginate,lib/will_paginate/railtie.rb,50017c3eb071,pagination,10.7,20,33,67,0.25,1,33.3,3,4,3,1.0
will_paginate,lib/will_paginate/sequel.rb,50017c3eb071,pagination,3,3,0,33,0.5,0,0.0,6,2,6,1.0
will_paginate,lib/will_paginate/view_helpers/action_view.rb,50017c3eb071,pagination,7.6,14,0,82,0.33,1,9.1,11,3,11,1.0
will_paginate,lib/will_paginate/view_helpers/hanami.rb,50017c3eb071,pagination,4,6,20,80,0.25,1,0.0,5,4,5,1.0
will_paginate,lib/will_paginate/view_helpers/link_renderer.rb,50017c3eb071,pagination,6.2,13,0,80,0.0,1,6.7,15,3,15,1.0
will_paginate,lib/will_paginate/view_helpers/link_renderer_base.rb,50017c3eb071,pagination,11,37,0,80,0.0,0,0.0,5,3,5,1.0
will_paginate,lib/will_paginate/view_helpers/sinatra.rb,50017c3eb071,pagination,3.8,6,20,80,0.25,1,0.0,5,4,5,1.0
wisper,lib/wisper.rb,4569343e353e,business logic,3.9,7,100,14,0.0,0,0.0,7,1,7,1.0
wisper,lib/wisper/broadcasters/logger_broadcaster.rb,4569343e353e,business logic,5.4,8,0,80,0.0,0,20.0,5,3,5,1.0
wisper,lib/wisper/configuration.rb,4569343e353e,business logic,3.4,4,0,40,0.33,0,0.0,5,3,5,1.0
wisper,lib/wisper/global_listeners.rb,4569343e353e,business logic,3.9,8,42,83,0.5,0,0.0,12,2,12,1.0
wisper,lib/wisper/publisher.rb,4569343e353e,business logic,3.7,6,9,73,0.0,0,0.0,11,3,10,0.909
wisper,lib/wisper/registration/object.rb,4569343e353e,business logic,4.7,7,0,83,0.0,1,0.0,6,2,6,1.0
wisper,lib/wisper/temporary_listeners.rb,4569343e353e,business logic,4.3,11,33,67,0.0,0,0.0,6,2,6,1.0
wisper,lib/wisper/value_objects/events.rb,4569343e353e,business logic,3.9,9,0,71,0.0,0,0.0,7,3,7,1.0
yajl-ruby,lib/yajl.rb,6501652d1135,optimizations,5.4,14,80,20,0.0,0,0.0,5,4,5,1.0
yajl-ruby,lib/yajl/deflate/stream_reader.rb,6501652d1135,optimizations,9,12,33,67,0.0,1,0.0,3,3,3,1.0
yajl-ruby,lib/yajl/http_stream.rb,6501652d1135,optimizations,13.6,112,42,42,0.0,1,0.0,12,4,10,0.833
yajl-ruby,lib/yajl/json_gem/encoding.rb,6501652d1135,optimizations,7.8,11,75,75,0.0,2,0.0,4,4,4,1.0
yajl-ruby,lib/yajl/json_gem/parsing.rb,6501652d1135,optimizations,5.7,7,100,67,0.0,2,0.0,3,3,3,1.0
zeitwerk,lib/zeitwerk/cref.rb,607973fc0bd8,code loaders,3.4,5,0,89,1.0,0,33.3,9,1,9,1.0
zeitwerk,lib/zeitwerk/cref/map.rb,607973fc0bd8,code loaders,6.1,9,0,100,0.0,0,0.0,10,1,10,1.0
zeitwerk,lib/zeitwerk/gem_loader.rb,607973fc0bd8,code loaders,11.2,25,25,50,0.5,1,0.0,4,2,4,1.0
zeitwerk,lib/zeitwerk/inflector.rb,607973fc0bd8,code loaders,3,3,0,67,0.0,0,0.0,3,2,3,1.0
zeitwerk,lib/zeitwerk/loader.rb,607973fc0bd8,code loaders,13.4,67,16,81,3.5,0,3.2,31,2,31,1.0
zeitwerk,lib/zeitwerk/loader/callbacks.rb,607973fc0bd8,code loaders,18,32,0,100,1.0,0,0.0,4,1,4,1.0
zeitwerk,lib/zeitwerk/loader/config.rb,607973fc0bd8,code loaders,7.2,18,0,85,2.0,0,0.0,27,1,26,0.963
zeitwerk,lib/zeitwerk/loader/eager_load.rb,607973fc0bd8,code loaders,32.5,41,0,100,0.0,0,66.7,6,1,6,1.0
zeitwerk,lib/zeitwerk/loader/file_system.rb,607973fc0bd8,code loaders,11.3,31,0,67,0.0,0,0.0,12,1,12,1.0
zeitwerk,lib/zeitwerk/registry.rb,607973fc0bd8,code loaders,9.7,23,100,67,0.0,0,0.0,3,2,3,1.0
zeitwerk,lib/zeitwerk/registry/autoloads.rb,607973fc0bd8,code loaders,3,3,0,86,0.0,0,0.0,7,2,7,1.0
zeitwerk,lib/zeitwerk/registry/explicit_namespaces.rb,607973fc0bd8,code loaders,3.7,7,0,83,0.0,0,0.0,6,2,6,1.0
zeitwerk,lib/zeitwerk/registry/inceptions.rb,607973fc0bd8,code loaders,3,3,0,80,0.0,0,0.0,5,2,5,1.0
zeitwerk,lib/zeitwerk/registry/loaders.rb,607973fc0bd8,code loaders,3,3,0,83,0.0,0,0.0,6,2,6,1.0
