gem,ficheiro,commit,categoria,loc_medio,loc_max,pct_singleton,pct_duck,mixins_por_classe,profundidade_heranca,metaprog_por_100,metodos,classes,formas,razao_formas,excluido_por
twilio-ruby,lib/twilio-ruby/twiml/voice_response.rb,c58e213a6f04,third-party apis,4.9,6,0,7,0.0,1,0.0,194,62,28,0.144,proporcao 0.144 abaixo de 0.4
twilio-ruby,lib/twilio-ruby/rest/content/v1/content.rb,c58e213a6f04,third-party apis,7.3,22,0,58,0.0,2,0.0,165,66,46,0.279,proporcao 0.279 abaixo de 0.4
twilio-ruby,lib/twilio-ruby/rest/conversations/v2/conversation.rb,c58e213a6f04,third-party apis,6.6,34,0,65,0.0,2,0.0,127,42,40,0.315,proporcao 0.315 abaixo de 0.4
fastlane,spaceship/lib/spaceship/connect_api/tunes/tunes.rb,38d0ec404332,mobile development,11.3,93,0,98,0.0,0,0.0,112,5,26,0.232,proporcao 0.232 abaixo de 0.4
twilio-ruby,lib/twilio-ruby/rest/conversations/v2/configuration.rb,c58e213a6f04,third-party apis,7.0,28,0,64,0.0,2,0.0,106,36,36,0.34,proporcao 0.34 abaixo de 0.4
twilio-ruby,lib/twilio-ruby/rest/intelligence/v3/configuration.rb,c58e213a6f04,third-party apis,6.6,26,0,64,0.0,2,0.0,100,34,38,0.38,proporcao 0.38 abaixo de 0.4
twilio-ruby,lib/twilio-ruby/rest/messaging/v1/tollfree_verification.rb,c58e213a6f04,third-party apis,9.9,98,0,83,0.0,2,0.0,96,12,31,0.323,proporcao 0.323 abaixo de 0.4
twilio-ruby,lib/twilio-ruby/rest/insights/v2/report.rb,c58e213a6f04,third-party apis,6.2,30,0,61,0.0,2,0.0,92,33,30,0.326,proporcao 0.326 abaixo de 0.4
selenium-webdriver,lib/selenium/webdriver/bidi/protocol/script.rb,9175ed94d83e,testing,1.8,23,65,0,0.0,1,0.0,85,12,8,0.094,proporcao 0.094 abaixo de 0.4
savon,lib/savon/options.rb,69ab4149642b,http clients and tools,4.1,26,0,94,0.5,1,2.4,82,6,21,0.256,proporcao 0.256 abaixo de 0.4
twilio-ruby,lib/twilio-ruby/rest/flex_api/v1/configuration.rb,c58e213a6f04,third-party apis,5.3,61,0,79,0.0,2,0.0,81,12,19,0.235,proporcao 0.235 abaixo de 0.4
geocoder,lib/geocoder/results/ipregistry.rb,d3515db46c57,geolocation,3.1,11,0,99,0.0,1,0.0,71,2,4,0.056,proporcao 0.056 abaixo de 0.4
twilio-ruby,lib/twilio-ruby/rest/insights/v1/room.rb,c58e213a6f04,third-party apis,6.2,38,0,75,0.0,2,0.0,63,12,25,0.397,proporcao 0.397 abaixo de 0.4
twilio-ruby,lib/twilio-ruby/rest/insights/v1/conference/conference_participant.rb,c58e213a6f04,third-party apis,6.2,39,0,77,0.0,2,0.0,62,13,23,0.371,proporcao 0.371 abaixo de 0.4
twilio-ruby,lib/twilio-ruby/rest/api/v2010/account/incoming_phone_number/local.rb,c58e213a6f04,third-party apis,7.6,71,0,82,0.0,2,0.0,57,11,17,0.298,proporcao 0.298 abaixo de 0.4
twilio-ruby,lib/twilio-ruby/rest/api/v2010/account/incoming_phone_number/mobile.rb,c58e213a6f04,third-party apis,7.6,71,0,82,0.0,2,0.0,57,11,17,0.298,proporcao 0.298 abaixo de 0.4
twilio-ruby,lib/twilio-ruby/rest/api/v2010/account/incoming_phone_number/toll_free.rb,c58e213a6f04,third-party apis,7.6,71,0,82,0.0,2,0.0,57,11,17,0.298,proporcao 0.298 abaixo de 0.4
twilio-ruby,lib/twilio-ruby/rest/client.rb,c58e213a6f04,third-party apis,3,3,0,0,0.0,1,0.0,57,3,19,0.333,proporcao 0.333 abaixo de 0.4
twilio-ruby,lib/twilio-ruby/rest/insights/v1/call/call_summary.rb,c58e213a6f04,third-party apis,5.4,35,0,73,0.0,2,0.0,52,13,17,0.327,proporcao 0.327 abaixo de 0.4
twilio-ruby,lib/twilio-ruby/rest/taskrouter/v1/workspace/task_queue/task_queue_cumulative_statistics.rb,c58e213a6f04,third-party apis,6.0,35,0,73,0.0,2,0.0,51,14,16,0.314,proporcao 0.314 abaixo de 0.4
twilio-ruby,lib/twilio-ruby/rest/taskrouter/v1/workspace/workflow/workflow_cumulative_statistics.rb,c58e213a6f04,third-party apis,6.0,35,0,73,0.0,2,0.0,51,14,16,0.314,proporcao 0.314 abaixo de 0.4
twilio-ruby,lib/twilio-ruby/rest/taskrouter/v1/workspace/workspace_cumulative_statistics.rb,c58e213a6f04,third-party apis,6.0,34,0,72,0.0,2,0.0,50,13,17,0.34,proporcao 0.34 abaixo de 0.4
twilio-ruby,lib/twilio-ruby/rest/verify/v2/service/new_challenge.rb,c58e213a6f04,third-party apis,5.4,31,0,70,0.0,2,0.0,50,14,19,0.38,proporcao 0.38 abaixo de 0.4
fastlane,fastlane/lib/fastlane/actions/xcodebuild.rb,38d0ec404332,mobile development,11.3,226,100,21,0.0,1,0.0,47,9,12,0.255,proporcao 0.255 abaixo de 0.4
twilio-ruby,lib/twilio-ruby/rest/api/v2010/account/address/dependent_phone_number.rb,c58e213a6f04,third-party apis,5.3,34,0,79,0.0,2,0.0,47,11,15,0.319,proporcao 0.319 abaixo de 0.4
twilio-ruby,lib/twilio-ruby/rest/lookups/v2/phone_number.rb,c58e213a6f04,third-party apis,7.5,54,0,67,0.0,2,0.0,46,12,17,0.37,proporcao 0.37 abaixo de 0.4
twilio-ruby,lib/twilio-ruby/rest/api/v2010/account/usage/record.rb,c58e213a6f04,third-party apis,5.8,23,0,77,0.0,2,0.0,44,11,16,0.364,proporcao 0.364 abaixo de 0.4
twilio-ruby,lib/twilio-ruby/rest/insights/v1/call_summaries.rb,c58e213a6f04,third-party apis,8.7,50,0,73,0.0,2,0.0,44,9,15,0.341,proporcao 0.341 abaixo de 0.4
rubocop,lib/rubocop/cop/layout/space_around_keyword.rb,65854e6bbfe4,code formatting,4.2,14,0,42,0.25,1,2.3,43,4,16,0.372,proporcao 0.372 abaixo de 0.4
twilio-ruby,lib/twilio-ruby/rest/chat/v3/channel.rb,c58e213a6f04,third-party apis,6.1,31,0,65,0.0,2,0.0,43,12,17,0.395,proporcao 0.395 abaixo de 0.4
twilio-ruby,lib/twilio-ruby/rest/flex_api/v1/insights_segments.rb,c58e213a6f04,third-party apis,5.7,30,0,72,0.0,2,0.0,43,9,15,0.349,proporcao 0.349 abaixo de 0.4
twilio-ruby,lib/twilio-ruby/rest/preview/hosted_numbers/authorization_document/dependent_hosted_number_order.rb,c58e213a6f04,third-party apis,5.9,30,0,77,0.0,2,0.0,43,10,15,0.349,proporcao 0.349 abaixo de 0.4
twilio-ruby,lib/twilio-ruby/rest/taskrouter/v1/workspace/task_queue/task_queue_real_time_statistics.rb,c58e213a6f04,third-party apis,5.8,27,0,67,0.0,2,0.0,43,14,16,0.372,proporcao 0.372 abaixo de 0.4
rspec,rspec-expectations/lib/rspec/matchers.rb,79a280d76e10,testing,3.9,20,12,17,0.5,0,0.0,41,2,16,0.39,proporcao 0.39 abaixo de 0.4
selenium-webdriver,lib/selenium/webdriver/bidi/protocol/browsing_context.rb,9175ed94d83e,testing,4.0,23,22,0,0.0,1,0.0,40,8,11,0.275,proporcao 0.275 abaixo de 0.4
twilio-ruby,lib/twilio-ruby/rest/numbers/v3/hosted_number_order.rb,c58e213a6f04,third-party apis,7.2,58,0,78,0.0,2,0.0,40,9,11,0.275,proporcao 0.275 abaixo de 0.4
twilio-ruby,lib/twilio-ruby/rest/verify/v2/service/approve_challenge.rb,c58e213a6f04,third-party apis,5.6,27,0,72,0.0,2,0.0,40,12,14,0.35,proporcao 0.35 abaixo de 0.4
twilio-ruby,lib/twilio-ruby/rest/numbers/v2/authorization_document/dependent_hosted_number_order.rb,c58e213a6f04,third-party apis,6.0,26,0,74,0.0,2,0.0,39,10,15,0.385,proporcao 0.385 abaixo de 0.4
twilio-ruby,lib/twilio-ruby/rest/verify/v2/service/new_factor.rb,c58e213a6f04,third-party apis,5.7,23,0,68,0.0,2,0.0,38,13,14,0.368,proporcao 0.368 abaixo de 0.4
capybara,lib/capybara/driver/base.rb,a210c6e57872,testing,3,5,0,3,0.0,0,0.0,37,1,9,0.243,proporcao 0.243 abaixo de 0.4
twilio-ruby,lib/twilio-ruby/rest/notify/v1/service/notification.rb,c58e213a6f04,third-party apis,7.5,61,0,76,0.0,2,0.0,37,10,11,0.297,proporcao 0.297 abaixo de 0.4
rspec,rspec-support/lib/rspec/support/ruby_features.rb,79a280d76e10,testing,2.9,3,0,3,0.0,0,0.0,36,5,13,0.361,proporcao 0.361 abaixo de 0.4
selenium-webdriver,lib/selenium/webdriver/bidi/protocol/input.rb,9175ed94d83e,testing,1.3,4,41,0,0.0,1,0.0,34,10,5,0.147,proporcao 0.147 abaixo de 0.4
capybara,lib/capybara/driver/node.rb,a210c6e57872,testing,3.1,5,0,3,0.0,0,0.0,32,3,8,0.25,proporcao 0.25 abaixo de 0.4
twilio-ruby,lib/twilio-ruby/rest/verify/v2/service/entity/new_factor.rb,c58e213a6f04,third-party apis,7.6,54,0,72,0.0,2,0.0,32,11,11,0.344,proporcao 0.344 abaixo de 0.4
twilio-ruby,lib/twilio-ruby/rest/conversations/v1/conversation_with_participants.rb,c58e213a6f04,third-party apis,7.4,49,0,65,0.0,2,0.0,31,9,11,0.355,proporcao 0.355 abaixo de 0.4
twilio-ruby,lib/twilio-ruby/rest/conversations/v1/service/conversation_with_participants.rb,c58e213a6f04,third-party apis,7.5,50,0,71,0.0,2,0.0,31,10,11,0.355,proporcao 0.355 abaixo de 0.4
geocoder,lib/geocoder/results/abstract_api.rb,d3515db46c57,geolocation,3,3,0,100,0.0,1,0.0,30,3,2,0.067,menos de 3 formas distintas; proporcao 0.067 abaixo de 0.4
twilio-ruby,lib/twilio-ruby/rest/verify/v2/service/verification_check.rb,c58e213a6f04,third-party apis,6.8,37,0,69,0.0,2,0.0,29,10,11,0.379,proporcao 0.379 abaixo de 0.4
bullet,lib/bullet/dependency.rb,bc55c037d27a,profiler and optimization,4.7,34,0,0,0.0,0,0.0,28,2,10,0.357,proporcao 0.357 abaixo de 0.4
chronic,lib/chronic/separator.rb,7d3d82d38c99,date and time processing,3.6,17,50,7,0.0,2,0.0,28,15,6,0.214,proporcao 0.214 abaixo de 0.4
selenium-webdriver,lib/selenium/webdriver/bidi/protocol/network.rb,9175ed94d83e,testing,4.9,18,18,0,0.0,1,0.0,28,8,10,0.357,proporcao 0.357 abaixo de 0.4
excon,lib/excon/response.rb,ac022b6417d7,http clients and tools,8.4,123,7,93,0.0,0,0.0,27,2,9,0.333,proporcao 0.333 abaixo de 0.4
twilio-ruby,lib/twilio-ruby/rest/flex_api/v1.rb,c58e213a6f04,third-party apis,8.9,27,0,58,0.0,2,0.0,26,4,5,0.192,proporcao 0.192 abaixo de 0.4
faker,lib/faker/default/drone.rb,e48d35f4fa0d,testing,3,3,100,0,0.0,1,0.0,25,2,4,0.16,proporcao 0.16 abaixo de 0.4
typhoeus,lib/typhoeus/response/informations.rb,d7aba1bbfa8d,http clients and tools,3.5,12,0,96,0.0,0,0.0,25,3,7,0.28,proporcao 0.28 abaixo de 0.4
activerecord,lib/active_record/database_configurations/database_config.rb,3989ebf3473d,orm/odm,3.2,5,0,8,0.0,0,0.0,24,3,8,0.333,proporcao 0.333 abaixo de 0.4
faker,lib/faker/default/address.rb,e48d35f4fa0d,testing,3.5,10,100,22,0.0,1,8.7,23,2,9,0.391,proporcao 0.391 abaixo de 0.4
geocoder,lib/geocoder/results/nominatim.rb,d3515db46c57,geolocation,3.5,6,4,96,0.0,1,0.0,23,2,7,0.304,proporcao 0.304 abaixo de 0.4
gitlab,lib/gitlab/client/notes.rb,4818c5712616,third-party apis,3.2,8,0,4,0.0,2,0.0,23,2,9,0.391,proporcao 0.391 abaixo de 0.4
rubocop-rspec,lib/rubocop/rspec/language.rb,2488441eb70a,code formatting,3.5,6,100,78,0.07,0,0.0,23,15,8,0.348,proporcao 0.348 abaixo de 0.4
twilio-ruby,lib/twilio-ruby/rest/memory/v1.rb,c58e213a6f04,third-party apis,15.3,20,0,91,0.0,2,0.0,23,4,5,0.217,proporcao 0.217 abaixo de 0.4
faker,lib/faker/music/opera.rb,e48d35f4fa0d,testing,3.1,4,100,0,0.0,1,0.0,22,3,2,0.091,menos de 3 formas distintas; proporcao 0.091 abaixo de 0.4
selenium-webdriver,lib/selenium/webdriver/bidi/protocol/session.rb,9175ed94d83e,testing,1.6,4,24,0,0.0,1,0.0,21,7,6,0.286,proporcao 0.286 abaixo de 0.4
puma,lib/puma/null_io.rb,8085b75e79e3,web servers,3.5,17,0,10,0.0,0,0.0,20,2,4,0.2,proporcao 0.2 abaixo de 0.4
selenium-webdriver,lib/selenium/webdriver/bidi/protocol/emulation.rb,9175ed94d83e,testing,7.7,17,0,0,0.0,1,0.0,19,6,5,0.263,proporcao 0.263 abaixo de 0.4
activesupport,lib/active_support/core_ext/object/blank.rb,3989ebf3473d,core extensions,3.4,11,0,33,0.0,0,0.0,18,10,6,0.333,proporcao 0.333 abaixo de 0.4
rouge,lib/rouge/lexers/isabelle.rb,afc3c52c2af0,code highlighting,7.4,39,94,6,0.0,2,0.0,18,3,5,0.278,proporcao 0.278 abaixo de 0.4
selenium-webdriver,lib/selenium/webdriver/support/abstract_event_listener.rb,9175ed94d83e,testing,1,1,0,0,0.0,0,0.0,18,4,3,0.167,proporcao 0.167 abaixo de 0.4
concurrent-ruby,lib/concurrent-ruby/concurrent/collection/map/synchronized_map_backend.rb,0b88d5ff75f6,concurrency and parallelism,3.2,7,0,94,0.0,1,0.0,17,3,5,0.294,proporcao 0.294 abaixo de 0.4
fastlane,spaceship/lib/spaceship/errors.rb,38d0ec404332,mobile development,3.9,9,0,19,0.0,3,0.0,16,20,6,0.375,proporcao 0.375 abaixo de 0.4
geocoder,lib/geocoder/results/twogis.rb,d3515db46c57,geolocation,3.4,4,0,100,0.0,1,0.0,16,2,6,0.375,proporcao 0.375 abaixo de 0.4
twilio-ruby,lib/twilio-ruby/rest/messaging/v1.rb,c58e213a6f04,third-party apis,10,17,0,69,0.0,2,0.0,16,4,5,0.312,proporcao 0.312 abaixo de 0.4
faker,lib/faker/default/compass.rb,e48d35f4fa0d,testing,3,3,100,0,0.0,1,0.0,15,2,2,0.133,menos de 3 formas distintas; proporcao 0.133 abaixo de 0.4
faker,lib/faker/games/tarkov.rb,e48d35f4fa0d,testing,3.1,4,100,7,0.0,1,0.0,15,3,2,0.133,menos de 3 formas distintas; proporcao 0.133 abaixo de 0.4
twilio-ruby,lib/twilio-ruby/rest/numbers/v1.rb,c58e213a6f04,third-party apis,8.3,16,0,47,0.0,2,0.0,15,4,5,0.333,proporcao 0.333 abaixo de 0.4
faker,lib/faker/default/space.rb,e48d35f4fa0d,testing,3,3,100,0,0.0,1,0.0,14,2,2,0.143,menos de 3 formas distintas; proporcao 0.143 abaixo de 0.4
geocoder,lib/geocoder/results/azure.rb,d3515db46c57,geolocation,3.3,7,0,100,0.0,1,0.0,14,2,3,0.214,proporcao 0.214 abaixo de 0.4
geocoder,lib/geocoder/results/baidu_ip.rb,d3515db46c57,geolocation,3,3,0,64,0.0,1,0.0,14,2,5,0.357,proporcao 0.357 abaixo de 0.4
geocoder,lib/geocoder/results/here.rb,d3515db46c57,geolocation,3.5,9,0,100,0.0,1,0.0,14,2,5,0.357,proporcao 0.357 abaixo de 0.4
selenium-webdriver,lib/selenium/webdriver/chromium/features.rb,9175ed94d83e,testing,3.5,9,0,7,0.0,0,0.0,14,4,5,0.357,proporcao 0.357 abaixo de 0.4
activerecord,lib/arel/nodes/infix_operation.rb,3989ebf3473d,orm/odm,3.1,4,0,0,0.33,4,0.0,13,15,2,0.154,menos de 3 formas distintas; proporcao 0.154 abaixo de 0.4
faker,lib/faker/creature/bird.rb,e48d35f4fa0d,testing,4.1,14,100,15,0.0,1,0.0,13,3,5,0.385,proporcao 0.385 abaixo de 0.4
faker,lib/faker/games/dnd.rb,e48d35f4fa0d,testing,3,3,100,0,0.0,1,0.0,13,3,2,0.154,menos de 3 formas distintas; proporcao 0.154 abaixo de 0.4
geocoder,lib/geocoder/results/baidu.rb,d3515db46c57,geolocation,3,3,8,62,0.0,1,0.0,13,2,4,0.308,proporcao 0.308 abaixo de 0.4
geocoder,lib/geocoder/results/nationaal_georegister_nl.rb,d3515db46c57,geolocation,3,3,0,69,0.0,1,0.0,13,2,3,0.231,proporcao 0.231 abaixo de 0.4
geocoder,lib/geocoder/results/pdok_nl.rb,d3515db46c57,geolocation,3,3,0,69,0.0,1,0.0,13,2,3,0.231,proporcao 0.231 abaixo de 0.4
guard,lib/guard/dsl_reader.rb,170d63c6ca57,file system listener,2.2,4,0,8,0.0,1,0.0,13,2,4,0.308,proporcao 0.308 abaixo de 0.4
geocoder,lib/geocoder/results/db_ip_com.rb,d3515db46c57,geolocation,3,3,0,100,0.0,1,0.0,12,2,2,0.167,menos de 3 formas distintas; proporcao 0.167 abaixo de 0.4
liquid,lib/liquid/extensions.rb,7a5e45fc4784,template engine,3,3,0,0,0.0,1,0.0,12,12,2,0.167,menos de 3 formas distintas; proporcao 0.167 abaixo de 0.4
twilio-ruby,lib/twilio-ruby/rest/trusthub/v1.rb,c58e213a6f04,third-party apis,9.9,14,0,75,0.0,2,0.0,12,4,4,0.333,proporcao 0.333 abaixo de 0.4
faker,lib/faker/music.rb,e48d35f4fa0d,testing,3,3,100,9,0.0,1,0.0,11,2,4,0.364,proporcao 0.364 abaixo de 0.4
fastlane,fastlane/lib/fastlane/actions/skip_docs.rb,38d0ec404332,mobile development,2.9,5,100,0,0.0,1,0.0,11,3,4,0.364,proporcao 0.364 abaixo de 0.4
fastlane,spaceship/lib/spaceship/test_flight/test_info.rb,38d0ec404332,mobile development,3,3,0,100,0.0,1,0.0,11,2,3,0.273,proporcao 0.273 abaixo de 0.4
geocoder,lib/geocoder/results/google_places_search.rb,d3515db46c57,geolocation,3,3,0,27,0.0,1,0.0,11,3,2,0.182,menos de 3 formas distintas; proporcao 0.182 abaixo de 0.4
twilio-ruby,lib/twilio-ruby/rest/conversations/v1.rb,c58e213a6f04,third-party apis,8.3,13,0,55,0.0,2,0.0,11,4,4,0.364,proporcao 0.364 abaixo de 0.4
twilio-ruby,lib/twilio-ruby/rest/intelligence/v2.rb,c58e213a6f04,third-party apis,11.3,16,0,82,0.0,2,0.0,11,4,4,0.364,proporcao 0.364 abaixo de 0.4
twilio-ruby,lib/twilio-ruby/rest/supersim/v1.rb,c58e213a6f04,third-party apis,9,13,0,64,0.0,2,0.0,11,4,4,0.364,proporcao 0.364 abaixo de 0.4
activerecord,lib/arel/math.rb,3989ebf3473d,orm/odm,3,3,0,0,0.0,0,0.0,10,2,3,0.3,proporcao 0.3 abaixo de 0.4
faker,lib/faker/default/cannabis.rb,e48d35f4fa0d,testing,3,3,100,0,0.0,1,0.0,10,2,1,0.1,menos de 3 formas distintas; proporcao 0.1 abaixo de 0.4
faker,lib/faker/default/food.rb,e48d35f4fa0d,testing,3,3,100,0,0.0,1,0.0,10,2,2,0.2,menos de 3 formas distintas; proporcao 0.2 abaixo de 0.4
faker,lib/faker/games/elder_scrolls.rb,e48d35f4fa0d,testing,3,3,100,0,0.0,1,0.0,10,3,2,0.2,menos de 3 formas distintas; proporcao 0.2 abaixo de 0.4
geocoder,lib/geocoder/results/melissa_street.rb,d3515db46c57,geolocation,3,3,0,100,0.0,1,0.0,10,2,3,0.3,proporcao 0.3 abaixo de 0.4
rdoc,lib/rdoc/stats/quiet.rb,4e303b392092,documentation,1.2,3,0,0,0.0,0,0.0,10,1,2,0.2,menos de 3 formas distintas; proporcao 0.2 abaixo de 0.4
selenium-webdriver,lib/selenium/webdriver/bidi/protocol/storage.rb,9175ed94d83e,testing,1.9,4,20,0,0.0,1,0.0,10,6,3,0.3,proporcao 0.3 abaixo de 0.4
sentry-ruby,sentry-ruby/lib/sentry/core_ext/object/duplicable.rb,a940dfdb5a64,error handling,3,3,0,0,0.0,0,0.0,10,10,1,0.1,menos de 3 formas distintas; proporcao 0.1 abaixo de 0.4
bullet,lib/bullet/detector/association.rb,bc55c037d27a,profiler and optimization,5,12,100,22,0.0,1,0.0,9,3,3,0.333,proporcao 0.333 abaixo de 0.4
chronic,lib/chronic/scalar.rb,7d3d82d38c99,date and time processing,5.1,22,11,89,0.0,2,0.0,9,9,3,0.333,proporcao 0.333 abaixo de 0.4
faker,lib/faker/default/quote.rb,e48d35f4fa0d,testing,3,3,100,0,0.0,1,0.0,9,2,1,0.111,menos de 3 formas distintas; proporcao 0.111 abaixo de 0.4
faker,lib/faker/default/slack_emoji.rb,e48d35f4fa0d,testing,3,3,100,0,0.0,1,0.0,9,2,2,0.222,menos de 3 formas distintas; proporcao 0.222 abaixo de 0.4
faker,lib/faker/games/witcher.rb,e48d35f4fa0d,testing,3,3,100,0,0.0,1,0.0,9,3,1,0.111,menos de 3 formas distintas; proporcao 0.111 abaixo de 0.4
http,lib/http/chainable/verbs.rb,942b1b36cea9,http clients and tools,3,3,0,0,0.0,0,0.0,9,3,1,0.111,menos de 3 formas distintas; proporcao 0.111 abaixo de 0.4
activesupport,lib/active_support/core_ext/numeric/bytes.rb,3989ebf3473d,core extensions,3,3,0,0,0.0,0,0.0,8,1,2,0.25,menos de 3 formas distintas; proporcao 0.25 abaixo de 0.4
carrierwave,lib/carrierwave/storage/abstract.rb,5effe4ecaae9,file upload,2.8,3,0,12,0.0,0,0.0,8,3,3,0.375,proporcao 0.375 abaixo de 0.4
faker,lib/faker/blockchain/tezos.rb,e48d35f4fa0d,testing,3.4,6,100,12,0.0,1,0.0,8,3,2,0.25,menos de 3 formas distintas; proporcao 0.25 abaixo de 0.4
faker,lib/faker/creature/dog.rb,e48d35f4fa0d,testing,3,3,100,0,0.0,1,0.0,8,3,2,0.25,menos de 3 formas distintas; proporcao 0.25 abaixo de 0.4
faker,lib/faker/default/beer.rb,e48d35f4fa0d,testing,3,3,100,0,0.0,1,0.0,8,2,3,0.375,proporcao 0.375 abaixo de 0.4
faker,lib/faker/default/science.rb,e48d35f4fa0d,testing,5.6,15,100,25,0.0,1,0.0,8,2,3,0.375,proporcao 0.375 abaixo de 0.4
faker,lib/faker/games/control.rb,e48d35f4fa0d,testing,3,3,100,0,0.0,1,0.0,8,3,1,0.125,menos de 3 formas distintas; proporcao 0.125 abaixo de 0.4
faker,lib/faker/games/minecraft.rb,e48d35f4fa0d,testing,3,3,100,0,0.0,1,0.0,8,3,1,0.125,menos de 3 formas distintas; proporcao 0.125 abaixo de 0.4
faker,lib/faker/tv_shows/silicon_valley.rb,e48d35f4fa0d,testing,3,3,100,0,0.0,1,0.0,8,3,1,0.125,menos de 3 formas distintas; proporcao 0.125 abaixo de 0.4
fastlane,fastlane/lib/fastlane/actions/notify.rb,38d0ec404332,mobile development,3.4,7,100,12,0.0,1,0.0,8,3,3,0.375,proporcao 0.375 abaixo de 0.4
geocoder,lib/geocoder/results/google_places_details.rb,d3515db46c57,geolocation,3,3,0,100,0.0,1,0.0,8,3,1,0.125,menos de 3 formas distintas; proporcao 0.125 abaixo de 0.4
geocoder,lib/geocoder/results/maxmind_local.rb,d3515db46c57,geolocation,3,3,12,75,0.0,1,0.0,8,2,3,0.375,proporcao 0.375 abaixo de 0.4
gitlab,lib/gitlab/client/templates.rb,4818c5712616,third-party apis,3,3,0,0,0.0,2,0.0,8,2,3,0.375,proporcao 0.375 abaixo de 0.4
mongo,lib/mongo/server_selector/primary.rb,049b718a2d47,database drivers,3,3,0,0,0.0,1,0.0,8,3,2,0.25,menos de 3 formas distintas; proporcao 0.25 abaixo de 0.4
sentry-ruby,sentry-ruby/lib/sentry/structured_logger.rb,a940dfdb5a64,error handling,3.6,8,0,0,0.0,0,0.0,8,2,3,0.375,proporcao 0.375 abaixo de 0.4
activesupport,lib/active_support/number_helper.rb,3989ebf3473d,core extensions,3,3,0,0,1.0,0,0.0,7,2,1,0.143,menos de 3 formas distintas; proporcao 0.143 abaixo de 0.4
faker,lib/faker/default/military.rb,e48d35f4fa0d,testing,3,3,100,0,0.0,1,0.0,7,2,1,0.143,menos de 3 formas distintas; proporcao 0.143 abaixo de 0.4
faker,lib/faker/default/sport.rb,e48d35f4fa0d,testing,4.3,12,100,14,0.0,1,0.0,7,2,2,0.286,menos de 3 formas distintas; proporcao 0.286 abaixo de 0.4
faker,lib/faker/movies/hitchhikers_guide_to_the_galaxy.rb,e48d35f4fa0d,testing,3,3,100,0,0.0,1,0.0,7,3,1,0.143,menos de 3 formas distintas; proporcao 0.143 abaixo de 0.4
faker,lib/faker/tv_shows/dr_who.rb,e48d35f4fa0d,testing,3,3,100,0,0.0,1,0.0,7,3,1,0.143,menos de 3 formas distintas; proporcao 0.143 abaixo de 0.4
geocoder,lib/geocoder/results/ipdata_co.rb,d3515db46c57,geolocation,3,3,14,86,0.0,1,0.0,7,2,2,0.286,menos de 3 formas distintas; proporcao 0.286 abaixo de 0.4
geocoder,lib/geocoder/results/telize.rb,d3515db46c57,geolocation,3,3,14,86,0.0,1,0.0,7,2,2,0.286,menos de 3 formas distintas; proporcao 0.286 abaixo de 0.4
typhoeus,lib/typhoeus/request/actions.rb,d7aba1bbfa8d,http clients and tools,3,3,0,100,0.0,0,0.0,7,3,1,0.143,menos de 3 formas distintas; proporcao 0.143 abaixo de 0.4
activerecord,lib/arel/expressions.rb,3989ebf3473d,orm/odm,3,3,0,0,0.0,0,0.0,6,2,2,0.333,menos de 3 formas distintas; proporcao 0.333 abaixo de 0.4
capybara,lib/capybara/rspec/matchers/spatial_sugar.rb,a210c6e57872,testing,4,4,0,83,0.0,0,0.0,6,3,2,0.333,menos de 3 formas distintas; proporcao 0.333 abaixo de 0.4
carrierwave,lib/carrierwave/validations/active_model.rb,5effe4ecaae9,file upload,4,5,0,50,0.43,1,50.0,6,7,2,0.333,menos de 3 formas distintas; proporcao 0.333 abaixo de 0.4
doorkeeper,lib/doorkeeper/oauth/base_response.rb,75a84fefe686,authentication and oauth,3,3,0,0,0.0,0,0.0,6,3,1,0.167,menos de 3 formas distintas; proporcao 0.167 abaixo de 0.4
faker,lib/faker/books/culture_series.rb,e48d35f4fa0d,testing,3,3,100,0,0.0,1,0.0,6,3,1,0.167,menos de 3 formas distintas; proporcao 0.167 abaixo de 0.4
faker,lib/faker/books/dune.rb,e48d35f4fa0d,testing,7.3,16,100,33,0.0,1,0.0,6,3,2,0.333,menos de 3 formas distintas; proporcao 0.333 abaixo de 0.4
faker,lib/faker/default/construction.rb,e48d35f4fa0d,testing,3,3,100,0,0.0,1,0.0,6,2,1,0.167,menos de 3 formas distintas; proporcao 0.167 abaixo de 0.4
faker,lib/faker/default/demographic.rb,e48d35f4fa0d,testing,4,9,100,17,0.0,1,0.0,6,2,2,0.333,menos de 3 formas distintas; proporcao 0.333 abaixo de 0.4
faker,lib/faker/default/device.rb,e48d35f4fa0d,testing,3,3,100,0,0.0,1,0.0,6,2,2,0.333,menos de 3 formas distintas; proporcao 0.333 abaixo de 0.4
faker,lib/faker/default/kpop.rb,e48d35f4fa0d,testing,3,3,100,0,0.0,1,0.0,6,2,1,0.167,menos de 3 formas distintas; proporcao 0.167 abaixo de 0.4
faker,lib/faker/games/dota.rb,e48d35f4fa0d,testing,3,3,100,0,0.0,1,0.0,6,3,2,0.333,menos de 3 formas distintas; proporcao 0.333 abaixo de 0.4
faker,lib/faker/games/league_of_legends.rb,e48d35f4fa0d,testing,3,3,100,0,0.0,1,0.0,6,3,1,0.167,menos de 3 formas distintas; proporcao 0.167 abaixo de 0.4
faker,lib/faker/japanese_media/one_piece.rb,e48d35f4fa0d,testing,3,3,100,0,0.0,1,0.0,6,3,1,0.167,menos de 3 formas distintas; proporcao 0.167 abaixo de 0.4
faker,lib/faker/movies/harry_potter.rb,e48d35f4fa0d,testing,3,3,100,0,0.0,1,0.0,6,3,1,0.167,menos de 3 formas distintas; proporcao 0.167 abaixo de 0.4
gitlab,lib/gitlab/client/resource_label_events.rb,4818c5712616,third-party apis,3,3,0,0,0.0,2,0.0,6,2,2,0.333,menos de 3 formas distintas; proporcao 0.333 abaixo de 0.4
puma,lib/puma/detect.rb,8085b75e79e3,web servers,3,3,100,0,0.0,0,0.0,6,1,1,0.167,menos de 3 formas distintas; proporcao 0.167 abaixo de 0.4
rouge,lib/rouge/lexers/armasm.rb,afc3c52c2af0,code highlighting,7.2,12,100,0,0.0,2,0.0,6,3,2,0.333,menos de 3 formas distintas; proporcao 0.333 abaixo de 0.4
rouge,lib/rouge/lexers/sqf.rb,afc3c52c2af0,code highlighting,6.3,10,100,0,0.0,2,0.0,6,3,2,0.333,menos de 3 formas distintas; proporcao 0.333 abaixo de 0.4
twilio-ruby,lib/twilio-ruby/util/configuration.rb,c58e213a6f04,third-party apis,3,3,0,0,0.0,0,0.0,6,3,1,0.167,menos de 3 formas distintas; proporcao 0.167 abaixo de 0.4
activerecord,lib/active_record/connection_adapters/abstract/database_limits.rb,3989ebf3473d,orm/odm,3,3,0,0,0.0,0,0.0,5,3,2,0.4,menos de 3 formas distintas
chronic,lib/chronic/time.rb,7d3d82d38c99,date and time processing,4.2,9,100,100,0.0,0,0.0,5,2,2,0.4,menos de 3 formas distintas
coderay,lib/coderay/encoders/debug.rb,d30855fe96e3,code highlighting,4.2,9,0,100,0.0,1,0.0,5,3,2,0.4,menos de 3 formas distintas
devise,app/mailers/devise/mailer.rb,9ea459de9aec,authentication and oauth,3.6,4,0,0,1.0,1,0.0,5,1,2,0.4,menos de 3 formas distintas
factory_bot,lib/factory_bot/null_factory.rb,5d399535578d,testing,2.6,3,0,0,0.0,0,0.0,5,2,2,0.4,menos de 3 formas distintas
faker,lib/faker/blockchain/aeternity.rb,e48d35f4fa0d,testing,3.6,6,100,20,0.0,1,0.0,5,3,2,0.4,menos de 3 formas distintas
faker,lib/faker/default/dc_comics.rb,e48d35f4fa0d,testing,3,3,100,0,0.0,1,0.0,5,2,1,0.2,menos de 3 formas distintas; proporcao 0.2 abaixo de 0.4
faker,lib/faker/default/esport.rb,e48d35f4fa0d,testing,3,3,100,0,0.0,1,0.0,5,2,1,0.2,menos de 3 formas distintas; proporcao 0.2 abaixo de 0.4
faker,lib/faker/default/nation.rb,e48d35f4fa0d,testing,3,3,100,0,0.0,1,0.0,5,2,2,0.4,menos de 3 formas distintas
faker,lib/faker/default/relationship.rb,e48d35f4fa0d,testing,5.6,16,100,20,0.0,1,0.0,5,2,2,0.4,menos de 3 formas distintas
faker,lib/faker/default/subscription.rb,e48d35f4fa0d,testing,3,3,100,0,0.0,1,0.0,5,2,1,0.2,menos de 3 formas distintas; proporcao 0.2 abaixo de 0.4
faker,lib/faker/default/superhero.rb,e48d35f4fa0d,testing,3,3,100,0,0.0,1,0.0,5,2,2,0.4,menos de 3 formas distintas
faker,lib/faker/default/team.rb,e48d35f4fa0d,testing,3,3,100,0,0.0,1,0.0,5,2,2,0.4,menos de 3 formas distintas
faker,lib/faker/default/verb.rb,e48d35f4fa0d,testing,3,3,100,0,0.0,1,0.0,5,2,1,0.2,menos de 3 formas distintas; proporcao 0.2 abaixo de 0.4
faker,lib/faker/games/final_fantasy_xiv.rb,e48d35f4fa0d,testing,3,3,100,0,0.0,1,0.0,5,3,1,0.2,menos de 3 formas distintas; proporcao 0.2 abaixo de 0.4
faker,lib/faker/games/myst.rb,e48d35f4fa0d,testing,3,3,100,0,0.0,1,0.0,5,3,1,0.2,menos de 3 formas distintas; proporcao 0.2 abaixo de 0.4
faker,lib/faker/games/touhou.rb,e48d35f4fa0d,testing,3,3,100,0,0.0,1,0.0,5,3,1,0.2,menos de 3 formas distintas; proporcao 0.2 abaixo de 0.4
faker,lib/faker/games/warhammer_fantasy.rb,e48d35f4fa0d,testing,3,3,100,0,0.0,1,0.0,5,3,1,0.2,menos de 3 formas distintas; proporcao 0.2 abaixo de 0.4
faker,lib/faker/sports/football.rb,e48d35f4fa0d,testing,3,3,100,0,0.0,1,0.0,5,3,1,0.2,menos de 3 formas distintas; proporcao 0.2 abaixo de 0.4
faker,lib/faker/sports/volleyball.rb,e48d35f4fa0d,testing,3,3,100,0,0.0,1,0.0,5,3,1,0.2,menos de 3 formas distintas; proporcao 0.2 abaixo de 0.4
faker,lib/faker/tv_shows/buffy.rb,e48d35f4fa0d,testing,3,3,100,0,0.0,1,0.0,5,3,1,0.2,menos de 3 formas distintas; proporcao 0.2 abaixo de 0.4
faker,lib/faker/tv_shows/game_of_thrones.rb,e48d35f4fa0d,testing,3,3,100,0,0.0,1,0.0,5,3,1,0.2,menos de 3 formas distintas; proporcao 0.2 abaixo de 0.4
fastlane,precheck/lib/precheck/rules/future_functionality_rule.rb,38d0ec404332,mobile development,4.6,11,80,0,0.0,4,0.0,5,2,2,0.4,menos de 3 formas distintas
fastlane,precheck/lib/precheck/rules/negative_apple_sentiment_rule.rb,38d0ec404332,mobile development,5.4,15,80,20,0.0,4,0.0,5,2,2,0.4,menos de 3 formas distintas
fastlane,precheck/lib/precheck/rules/placeholder_words_rule.rb,38d0ec404332,mobile development,4.2,9,80,0,0.0,4,0.0,5,2,2,0.4,menos de 3 formas distintas
fastlane,precheck/lib/precheck/rules/test_words_rule.rb,38d0ec404332,mobile development,4,8,80,0,0.0,4,0.0,5,2,2,0.4,menos de 3 formas distintas
fastlane,precheck/lib/precheck/rules/unreachable_urls_rule.rb,38d0ec404332,mobile development,6.8,22,80,20,0.0,3,0.0,5,2,2,0.4,menos de 3 formas distintas
money,lib/money/money/constructors.rb,26e2829c34f1,money,3,3,0,0,0.0,0,0.0,5,2,2,0.4,menos de 3 formas distintas
rouge,lib/rouge/lexers/bbcbasic.rb,afc3c52c2af0,code highlighting,6.8,10,100,0,0.0,2,0.0,5,3,2,0.4,menos de 3 formas distintas
rouge,lib/rouge/lexers/hcl.rb,afc3c52c2af0,code highlighting,3,3,100,0,0.0,2,0.0,5,3,2,0.4,menos de 3 formas distintas
rouge,lib/rouge/lexers/ocl.rb,afc3c52c2af0,code highlighting,7.4,15,100,0,0.0,2,0.0,5,3,2,0.4,menos de 3 formas distintas
rspec,rspec-support/benchmarks/class_exec_vs_klass_exec.rb,79a280d76e10,testing,2.8,3,0,0,0.0,0,0.0,5,0,2,0.4,menos de 3 formas distintas
shoulda-matchers,lib/shoulda/matchers/integrations/test_frameworks/active_support_test_case.rb,cf3b3685f2c0,testing,2.8,3,0,20,0.0,0,0.0,5,5,2,0.4,menos de 3 formas distintas
shoulda-matchers,lib/shoulda/matchers/integrations/test_frameworks/minitest_4.rb,cf3b3685f2c0,testing,3.4,6,0,20,0.4,0,20.0,5,5,2,0.4,menos de 3 formas distintas
shoulda-matchers,lib/shoulda/matchers/integrations/test_frameworks/minitest_5.rb,cf3b3685f2c0,testing,3.4,6,0,20,0.4,0,20.0,5,5,2,0.4,menos de 3 formas distintas
shoulda-matchers,lib/shoulda/matchers/integrations/test_frameworks/test_unit.rb,cf3b3685f2c0,testing,3.4,6,0,20,0.4,0,20.0,5,5,2,0.4,menos de 3 formas distintas
twilio-ruby,lib/twilio-ruby/framework/rest/resource.rb,c58e213a6f04,third-party apis,3.8,5,0,0,0.0,0,0.0,5,7,2,0.4,menos de 3 formas distintas
activerecord,lib/active_record/connection_adapters/abstract/savepoints.rb,3989ebf3473d,orm/odm,3,3,0,25,0.0,0,0.0,4,3,2,0.5,menos de 3 formas distintas
activerecord,lib/arel/nodes/ascending.rb,3989ebf3473d,orm/odm,3,3,0,0,0.0,4,0.0,4,3,2,0.5,menos de 3 formas distintas
activerecord,lib/arel/nodes/descending.rb,3989ebf3473d,orm/odm,3,3,0,0,0.0,4,0.0,4,3,2,0.5,menos de 3 formas distintas
activerecord,lib/arel/nodes/ordering.rb,3989ebf3473d,orm/odm,3,3,0,50,0.0,4,0.0,4,5,2,0.5,menos de 3 formas distintas
activerecord-import,benchmarks/lib/mysql2_benchmark.rb,8ac907c9bbc5,orm/odm extensions,3.5,5,0,25,0.0,1,25.0,4,1,2,0.5,menos de 3 formas distintas
activesupport,lib/active_support/core_ext/kernel/reporting.rb,3989ebf3473d,core extensions,4,6,0,0,0.0,0,0.0,4,1,2,0.5,menos de 3 formas distintas
activesupport,lib/active_support/core_ext/object/duplicable.rb,3989ebf3473d,core extensions,3,3,0,0,0.0,0,0.0,4,4,1,0.25,menos de 3 formas distintas; proporcao 0.25 abaixo de 0.4
activesupport,lib/active_support/core_ext/securerandom.rb,3989ebf3473d,core extensions,5,7,100,50,0.0,0,0.0,4,1,2,0.5,menos de 3 formas distintas
devise,lib/devise/controllers/responder.rb,9ea459de9aec,authentication and oauth,3.5,4,100,0,0.0,1,0.0,4,3,2,0.5,menos de 3 formas distintas
devise,lib/devise/omniauth/url_helpers.rb,9ea459de9aec,authentication and oauth,4,4,0,100,0.0,0,100.0,4,3,1,0.25,menos de 3 formas distintas; proporcao 0.25 abaixo de 0.4
faker,lib/faker/books/the_kingkiller_chronicle.rb,e48d35f4fa0d,testing,3,3,100,0,0.0,1,0.0,4,3,1,0.25,menos de 3 formas distintas; proporcao 0.25 abaixo de 0.4
faker,lib/faker/default/ancient.rb,e48d35f4fa0d,testing,3,3,100,0,0.0,1,0.0,4,2,1,0.25,menos de 3 formas distintas; proporcao 0.25 abaixo de 0.4
faker,lib/faker/default/book.rb,e48d35f4fa0d,testing,3,3,100,0,0.0,1,0.0,4,2,2,0.5,menos de 3 formas distintas
faker,lib/faker/default/crypto.rb,e48d35f4fa0d,testing,3,3,100,0,0.0,1,0.0,4,2,1,0.25,menos de 3 formas distintas; proporcao 0.25 abaixo de 0.4
faker,lib/faker/default/industry_segments.rb,e48d35f4fa0d,testing,3,3,100,0,0.0,1,0.0,4,2,1,0.25,menos de 3 formas distintas; proporcao 0.25 abaixo de 0.4
faker,lib/faker/default/job.rb,e48d35f4fa0d,testing,3,3,100,0,0.0,1,0.0,4,2,2,0.5,menos de 3 formas distintas
faker,lib/faker/default/restaurant.rb,e48d35f4fa0d,testing,3,3,100,0,0.0,1,0.0,4,2,2,0.5,menos de 3 formas distintas
faker,lib/faker/fantasy/tolkien.rb,e48d35f4fa0d,testing,3,3,100,0,0.0,1,0.0,4,3,1,0.25,menos de 3 formas distintas; proporcao 0.25 abaixo de 0.4
faker,lib/faker/games/fallout.rb,e48d35f4fa0d,testing,3,3,100,0,0.0,1,0.0,4,3,1,0.25,menos de 3 formas distintas; proporcao 0.25 abaixo de 0.4
faker,lib/faker/games/heroes.rb,e48d35f4fa0d,testing,3,3,100,0,0.0,1,0.0,4,3,1,0.25,menos de 3 formas distintas; proporcao 0.25 abaixo de 0.4
faker,lib/faker/games/heroes_of_the_storm.rb,e48d35f4fa0d,testing,3,3,100,0,0.0,1,0.0,4,3,1,0.25,menos de 3 formas distintas; proporcao 0.25 abaixo de 0.4
faker,lib/faker/games/street_fighter.rb,e48d35f4fa0d,testing,3,3,100,0,0.0,1,0.0,4,3,1,0.25,menos de 3 formas distintas; proporcao 0.25 abaixo de 0.4
faker,lib/faker/games/world_of_warcraft.rb,e48d35f4fa0d,testing,3,3,100,0,0.0,1,0.0,4,3,1,0.25,menos de 3 formas distintas; proporcao 0.25 abaixo de 0.4
faker,lib/faker/games/zelda.rb,e48d35f4fa0d,testing,3,3,100,0,0.0,1,0.0,4,3,1,0.25,menos de 3 formas distintas; proporcao 0.25 abaixo de 0.4
faker,lib/faker/japanese_media/cowboy_bebop.rb,e48d35f4fa0d,testing,3,3,100,0,0.0,1,0.0,4,3,1,0.25,menos de 3 formas distintas; proporcao 0.25 abaixo de 0.4
faker,lib/faker/japanese_media/naruto.rb,e48d35f4fa0d,testing,3,3,100,0,0.0,1,0.0,4,3,1,0.25,menos de 3 formas distintas; proporcao 0.25 abaixo de 0.4
faker,lib/faker/japanese_media/sword_art_online.rb,e48d35f4fa0d,testing,3,3,100,0,0.0,1,0.0,4,3,1,0.25,menos de 3 formas distintas; proporcao 0.25 abaixo de 0.4
faker,lib/faker/movies/hobbit.rb,e48d35f4fa0d,testing,3,3,100,0,0.0,1,0.0,4,3,1,0.25,menos de 3 formas distintas; proporcao 0.25 abaixo de 0.4
faker,lib/faker/movies/the_room.rb,e48d35f4fa0d,testing,3,3,100,0,0.0,1,0.0,4,3,1,0.25,menos de 3 formas distintas; proporcao 0.25 abaixo de 0.4
faker,lib/faker/music/prince.rb,e48d35f4fa0d,testing,3,3,100,0,0.0,1,0.0,4,3,1,0.25,menos de 3 formas distintas; proporcao 0.25 abaixo de 0.4
faker,lib/faker/music/smashing_pumpkins.rb,e48d35f4fa0d,testing,3,3,100,0,0.0,1,0.0,4,3,1,0.25,menos de 3 formas distintas; proporcao 0.25 abaixo de 0.4
faker,lib/faker/sports/basketball.rb,e48d35f4fa0d,testing,3,3,100,0,0.0,1,0.0,4,3,1,0.25,menos de 3 formas distintas; proporcao 0.25 abaixo de 0.4
faker,lib/faker/tv_shows/futurama.rb,e48d35f4fa0d,testing,3,3,100,0,0.0,1,0.0,4,3,1,0.25,menos de 3 formas distintas; proporcao 0.25 abaixo de 0.4
faker,lib/faker/tv_shows/how_i_met_your_mother.rb,e48d35f4fa0d,testing,3,3,100,0,0.0,1,0.0,4,3,1,0.25,menos de 3 formas distintas; proporcao 0.25 abaixo de 0.4
faker,lib/faker/tv_shows/simpsons.rb,e48d35f4fa0d,testing,3,3,100,0,0.0,1,0.0,4,3,1,0.25,menos de 3 formas distintas; proporcao 0.25 abaixo de 0.4
faker,lib/faker/tv_shows/star_trek.rb,e48d35f4fa0d,testing,3,3,100,0,0.0,1,0.0,4,3,1,0.25,menos de 3 formas distintas; proporcao 0.25 abaixo de 0.4
faker,lib/faker/tv_shows/the_expanse.rb,e48d35f4fa0d,testing,3,3,100,0,0.0,1,0.0,4,3,1,0.25,menos de 3 formas distintas; proporcao 0.25 abaixo de 0.4
faker,lib/faker/tv_shows/the_it_crowd.rb,e48d35f4fa0d,testing,3,3,100,0,0.0,1,0.0,4,3,1,0.25,menos de 3 formas distintas; proporcao 0.25 abaixo de 0.4
faker,lib/faker/tv_shows/venture_bros.rb,e48d35f4fa0d,testing,3,3,100,0,0.0,1,0.0,4,3,1,0.25,menos de 3 formas distintas; proporcao 0.25 abaixo de 0.4
foreman,lib/foreman/export/upstart.rb,3530b8e4a1b1,process management and monitoring,8.8,26,0,25,0.0,1,0.0,4,1,2,0.5,menos de 3 formas distintas
gitlab,lib/gitlab/client/resource_state_events.rb,4818c5712616,third-party apis,3,3,0,0,0.0,2,0.0,4,2,2,0.5,menos de 3 formas distintas
gitlab,lib/gitlab/client/sidekiq.rb,4818c5712616,third-party apis,3,3,0,0,0.0,2,0.0,4,2,1,0.25,menos de 3 formas distintas; proporcao 0.25 abaixo de 0.4
guard,lib/guard/jobs/base.rb,170d63c6ca57,file system listener,2,2,0,0,0.0,0,0.0,4,3,2,0.5,menos de 3 formas distintas
mail,lib/mail/network/retriever_methods/base.rb,d645d7b5b7d0,email,5.5,6,0,75,0.0,0,0.0,4,2,2,0.5,menos de 3 formas distintas
rouge,lib/rouge/lexers/gdscript.rb,afc3c52c2af0,code highlighting,8.2,12,100,0,0.0,2,0.0,4,3,2,0.5,menos de 3 formas distintas
rouge,lib/rouge/lexers/jsonnet.rb,afc3c52c2af0,code highlighting,19,60,100,0,0.0,2,0.0,4,3,2,0.5,menos de 3 formas distintas
rouge,lib/rouge/lexers/minizinc.rb,afc3c52c2af0,code highlighting,7,11,100,0,0.0,2,0.0,4,3,2,0.5,menos de 3 formas distintas
rouge,lib/rouge/lexers/p4.rb,afc3c52c2af0,code highlighting,6.5,8,100,0,0.0,2,0.0,4,3,2,0.5,menos de 3 formas distintas
rouge,lib/rouge/lexers/puppet.rb,afc3c52c2af0,code highlighting,5,6,100,25,0.0,2,0.0,4,3,2,0.5,menos de 3 formas distintas
rouge,lib/rouge/lexers/thrift.rb,afc3c52c2af0,code highlighting,5,6,100,0,0.0,2,0.0,4,3,2,0.5,menos de 3 formas distintas
rouge,lib/rouge/lexers/vb.rb,afc3c52c2af0,code highlighting,8.8,18,100,0,0.0,2,0.0,4,3,2,0.5,menos de 3 formas distintas
rouge,lib/rouge/themes/base16.rb,afc3c52c2af0,code highlighting,3.5,4,100,0,0.2,3,0.0,4,5,2,0.5,menos de 3 formas distintas
rouge,lib/rouge/themes/github.rb,afc3c52c2af0,code highlighting,13,22,100,0,0.33,2,0.0,4,3,2,0.5,menos de 3 formas distintas
rspec,rspec-core/lib/rspec/core/formatters/progress_formatter.rb,79a280d76e10,testing,3,3,0,100,0.0,2,0.0,4,4,2,0.5,menos de 3 formas distintas
rspec,rspec-support/lib/rspec/support/warnings.rb,79a280d76e10,testing,3.8,6,0,25,0.33,0,0.0,4,3,2,0.5,menos de 3 formas distintas
rubocop-rails,lib/rubocop-rails.rb,2ccba590ec47,code formatting,3,3,0,0,0.0,0,0.0,4,0,1,0.25,menos de 3 formas distintas; proporcao 0.25 abaixo de 0.4
shoulda-matchers,lib/shoulda/matchers/integrations/test_frameworks/rspec.rb,cf3b3685f2c0,testing,3.2,5,0,25,0.0,0,0.0,4,5,2,0.5,menos de 3 formas distintas
active_model_serializers,lib/active_model/serializer/errors_serializer.rb,6934c8bd31f4,api builder and discovery,4.7,8,0,33,0.33,0,0.0,3,3,2,0.667,menos de 3 formas distintas
active_model_serializers,lib/active_model/serializer/null.rb,6934c8bd31f4,api builder and discovery,3,3,0,0,0.0,1,0.0,3,3,1,0.333,menos de 3 formas distintas; proporcao 0.333 abaixo de 0.4
activerecord,lib/active_record/associations/builder/has_many.rb,3989ebf3473d,orm/odm,4.3,7,100,33,0.0,1,0.0,3,2,2,0.667,menos de 3 formas distintas
activerecord,lib/active_record/connection_adapters/postgresql/oid/money.rb,3989ebf3473d,orm/odm,9.3,22,0,33,0.0,2,0.0,3,5,2,0.667,menos de 3 formas distintas
activerecord,lib/active_record/migration/pending_migration_connection.rb,3989ebf3473d,orm/odm,4.3,7,100,0,0.0,0,0.0,3,2,2,0.667,menos de 3 formas distintas
activerecord,lib/active_record/relation/predicate_builder/array_handler.rb,3989ebf3473d,orm/odm,11,27,33,33,0.0,0,0.0,3,4,2,0.667,menos de 3 formas distintas
activesupport,lib/active_support/core_ext/module/attribute_accessors.rb,3989ebf3473d,core extensions,14.7,20,0,67,0.0,0,66.7,3,1,2,0.667,menos de 3 formas distintas
activesupport,lib/active_support/core_ext/string/conversions.rb,3989ebf3473d,core extensions,8,18,0,33,0.0,0,0.0,3,1,2,0.667,menos de 3 formas distintas
awesome_print,lib/awesome_print/core_ext/awesome_method_array.rb,9ae56ba413b9,cli utilities,18.7,46,0,100,0.0,0,200.0,3,1,2,0.667,menos de 3 formas distintas
brakeman,lib/brakeman/parsers/slim_embedded.rb,fffc4837becb,code analysis and metrics,7.7,15,0,100,0.0,1,0.0,3,5,2,0.667,menos de 3 formas distintas
byebug,lib/byebug/commands/disable.rb,aff644023372,debugging tools,4.3,7,100,0,0.5,1,0.0,3,2,2,0.667,menos de 3 formas distintas
byebug,lib/byebug/commands/enable.rb,aff644023372,debugging tools,4.3,7,100,0,0.5,1,0.0,3,2,2,0.667,menos de 3 formas distintas
byebug,lib/byebug/commands/info.rb,aff644023372,debugging tools,4.3,7,100,0,0.5,1,0.0,3,2,2,0.667,menos de 3 formas distintas
byebug,lib/byebug/commands/thread.rb,aff644023372,debugging tools,4.3,7,100,0,0.5,1,0.0,3,2,2,0.667,menos de 3 formas distintas
byebug,lib/byebug/commands/var.rb,aff644023372,debugging tools,4.3,7,100,0,0.5,1,0.0,3,2,2,0.667,menos de 3 formas distintas
carrierwave,lib/carrierwave/uploader/dimension.rb,5effe4ecaae9,file upload,7,19,0,33,0.33,0,0.0,3,3,2,0.667,menos de 3 formas distintas
carrierwave,lib/carrierwave/utilities/file_name.rb,5effe4ecaae9,file upload,7,15,0,33,0.0,0,0.0,3,3,2,0.667,menos de 3 formas distintas
carrierwave,lib/carrierwave/utilities/uri.rb,5effe4ecaae9,file upload,3,3,0,0,0.0,0,0.0,3,3,2,0.667,menos de 3 formas distintas
concurrent-ruby,lib/concurrent-ruby-edge/concurrent/channel/buffer/dropping.rb,0b88d5ff75f6,concurrency and parallelism,3,3,0,33,0.0,4,0.0,3,4,2,0.667,menos de 3 formas distintas
concurrent-ruby,lib/concurrent-ruby-edge/concurrent/channel/buffer/sliding.rb,0b88d5ff75f6,concurrency and parallelism,3.3,4,0,33,0.0,4,0.0,3,4,2,0.667,menos de 3 formas distintas
concurrent-ruby,lib/concurrent-ruby/concurrent/re_include.rb,0b88d5ff75f6,concurrency and parallelism,5.7,9,0,33,0.0,0,33.3,3,2,2,0.667,menos de 3 formas distintas
concurrent-ruby,lib/concurrent-ruby/concurrent/thread_safe/util/xor_shift_random.rb,0b88d5ff75f6,concurrency and parallelism,4.3,5,0,67,0.25,0,0.0,3,4,2,0.667,menos de 3 formas distintas
docile,lib/docile.rb,f0c25f516b8f,core extensions,3.3,4,0,0,1.0,0,0.0,3,1,2,0.667,menos de 3 formas distintas
eye,lib/eye/dsl/group_opts.rb,300aa8793112,process management and monitoring,6.7,14,0,33,1.0,2,33.3,3,1,2,0.667,menos de 3 formas distintas
factory_bot,lib/factory_bot/strategy/null.rb,5d399535578d,testing,2.3,3,0,0,0.0,0,0.0,3,3,2,0.667,menos de 3 formas distintas
faker,lib/faker/blockchain/bitcoin.rb,e48d35f4fa0d,testing,4,6,100,33,0.0,1,0.0,3,3,2,0.667,menos de 3 formas distintas
faker,lib/faker/creature/cat.rb,e48d35f4fa0d,testing,3,3,100,0,0.0,1,0.0,3,3,1,0.333,menos de 3 formas distintas; proporcao 0.333 abaixo de 0.4
faker,lib/faker/default/blood.rb,e48d35f4fa0d,testing,3,3,100,0,0.0,1,0.0,3,2,2,0.667,menos de 3 formas distintas
faker,lib/faker/default/business.rb,e48d35f4fa0d,testing,3,3,100,0,0.0,1,0.0,3,2,2,0.667,menos de 3 formas distintas
faker,lib/faker/default/camera.rb,e48d35f4fa0d,testing,3,3,100,0,0.0,1,0.0,3,2,1,0.333,menos de 3 formas distintas; proporcao 0.333 abaixo de 0.4
faker,lib/faker/default/currency.rb,e48d35f4fa0d,testing,3,3,100,0,0.0,1,0.0,3,2,1,0.333,menos de 3 formas distintas; proporcao 0.333 abaixo de 0.4
faker,lib/faker/default/dessert.rb,e48d35f4fa0d,testing,3,3,100,0,0.0,1,0.0,3,2,1,0.333,menos de 3 formas distintas; proporcao 0.333 abaixo de 0.4
faker,lib/faker/default/electrical_components.rb,e48d35f4fa0d,testing,3,3,100,0,0.0,1,0.0,3,2,1,0.333,menos de 3 formas distintas; proporcao 0.333 abaixo de 0.4
faker,lib/faker/default/game.rb,e48d35f4fa0d,testing,3,3,100,0,0.0,1,0.0,3,2,1,0.333,menos de 3 formas distintas; proporcao 0.333 abaixo de 0.4
faker,lib/faker/default/gender.rb,e48d35f4fa0d,testing,3,3,100,0,0.0,1,0.0,3,2,1,0.333,menos de 3 formas distintas; proporcao 0.333 abaixo de 0.4
faker,lib/faker/default/source.rb,e48d35f4fa0d,testing,3.3,4,100,33,0.0,1,0.0,3,2,2,0.667,menos de 3 formas distintas
faker,lib/faker/default/theater.rb,e48d35f4fa0d,testing,3,3,100,0,0.0,1,0.0,3,2,1,0.333,menos de 3 formas distintas; proporcao 0.333 abaixo de 0.4
faker,lib/faker/games/clash_of_clans.rb,e48d35f4fa0d,testing,3,3,100,0,0.0,1,0.0,3,3,1,0.333,menos de 3 formas distintas; proporcao 0.333 abaixo de 0.4
faker,lib/faker/games/half_life.rb,e48d35f4fa0d,testing,3,3,100,0,0.0,1,0.0,3,3,1,0.333,menos de 3 formas distintas; proporcao 0.333 abaixo de 0.4
faker,lib/faker/games/overwatch.rb,e48d35f4fa0d,testing,3,3,100,0,0.0,1,0.0,3,3,1,0.333,menos de 3 formas distintas; proporcao 0.333 abaixo de 0.4
faker,lib/faker/games/pokemon.rb,e48d35f4fa0d,testing,3,3,100,0,0.0,1,0.0,3,3,1,0.333,menos de 3 formas distintas; proporcao 0.333 abaixo de 0.4
faker,lib/faker/games/sonic_the_hedgehog.rb,e48d35f4fa0d,testing,3,3,100,0,0.0,1,0.0,3,3,1,0.333,menos de 3 formas distintas; proporcao 0.333 abaixo de 0.4
faker,lib/faker/games/super_mario.rb,e48d35f4fa0d,testing,3,3,100,0,0.0,1,0.0,3,3,1,0.333,menos de 3 formas distintas; proporcao 0.333 abaixo de 0.4
faker,lib/faker/japanese_media/conan.rb,e48d35f4fa0d,testing,3,3,100,0,0.0,1,0.0,3,3,1,0.333,menos de 3 formas distintas; proporcao 0.333 abaixo de 0.4
faker,lib/faker/japanese_media/doraemon.rb,e48d35f4fa0d,testing,3,3,100,0,0.0,1,0.0,3,3,1,0.333,menos de 3 formas distintas; proporcao 0.333 abaixo de 0.4
faker,lib/faker/japanese_media/dragon_ball.rb,e48d35f4fa0d,testing,3,3,100,0,0.0,1,0.0,3,3,1,0.333,menos de 3 formas distintas; proporcao 0.333 abaixo de 0.4
faker,lib/faker/japanese_media/fullmetal_alchemist_brotherhood.rb,e48d35f4fa0d,testing,3,3,100,0,0.0,1,0.0,3,3,1,0.333,menos de 3 formas distintas; proporcao 0.333 abaixo de 0.4
faker,lib/faker/japanese_media/studio_ghibli.rb,e48d35f4fa0d,testing,3,3,100,0,0.0,1,0.0,3,3,1,0.333,menos de 3 formas distintas; proporcao 0.333 abaixo de 0.4
faker,lib/faker/locations/australia.rb,e48d35f4fa0d,testing,3,3,100,0,0.0,1,0.0,3,3,1,0.333,menos de 3 formas distintas; proporcao 0.333 abaixo de 0.4
faker,lib/faker/movies/avatar.rb,e48d35f4fa0d,testing,3,3,100,0,0.0,1,0.0,3,3,1,0.333,menos de 3 formas distintas; proporcao 0.333 abaixo de 0.4
faker,lib/faker/movies/back_to_the_future.rb,e48d35f4fa0d,testing,3,3,100,0,0.0,1,0.0,3,3,1,0.333,menos de 3 formas distintas; proporcao 0.333 abaixo de 0.4
faker,lib/faker/movies/departed.rb,e48d35f4fa0d,testing,3,3,100,0,0.0,1,0.0,3,3,1,0.333,menos de 3 formas distintas; proporcao 0.333 abaixo de 0.4
faker,lib/faker/movies/ghostbusters.rb,e48d35f4fa0d,testing,3,3,100,0,0.0,1,0.0,3,3,1,0.333,menos de 3 formas distintas; proporcao 0.333 abaixo de 0.4
faker,lib/faker/movies/hackers.rb,e48d35f4fa0d,testing,3,3,100,0,0.0,1,0.0,3,3,1,0.333,menos de 3 formas distintas; proporcao 0.333 abaixo de 0.4
faker,lib/faker/movies/how_to_train_your_dragon.rb,e48d35f4fa0d,testing,3,3,100,0,0.0,1,0.0,3,3,1,0.333,menos de 3 formas distintas; proporcao 0.333 abaixo de 0.4
faker,lib/faker/movies/lebowski.rb,e48d35f4fa0d,testing,3,3,100,0,0.0,1,0.0,3,3,1,0.333,menos de 3 formas distintas; proporcao 0.333 abaixo de 0.4
faker,lib/faker/movies/lord_of_the_rings.rb,e48d35f4fa0d,testing,3,3,100,0,0.0,1,0.0,3,3,1,0.333,menos de 3 formas distintas; proporcao 0.333 abaixo de 0.4
faker,lib/faker/movies/v_for_vendetta.rb,e48d35f4fa0d,testing,3,3,100,0,0.0,1,0.0,3,3,1,0.333,menos de 3 formas distintas; proporcao 0.333 abaixo de 0.4
faker,lib/faker/music/hiphop.rb,e48d35f4fa0d,testing,3,3,100,0,0.0,1,0.0,3,3,1,0.333,menos de 3 formas distintas; proporcao 0.333 abaixo de 0.4
faker,lib/faker/music/pearl_jam.rb,e48d35f4fa0d,testing,3,3,100,0,0.0,1,0.0,3,3,1,0.333,menos de 3 formas distintas; proporcao 0.333 abaixo de 0.4
faker,lib/faker/music/phish.rb,e48d35f4fa0d,testing,3,3,100,0,0.0,1,0.0,3,3,1,0.333,menos de 3 formas distintas; proporcao 0.333 abaixo de 0.4
faker,lib/faker/religion/bible.rb,e48d35f4fa0d,testing,3,3,100,0,0.0,1,0.0,3,3,1,0.333,menos de 3 formas distintas; proporcao 0.333 abaixo de 0.4
faker,lib/faker/tv_shows/archer.rb,e48d35f4fa0d,testing,3,3,100,0,0.0,1,0.0,3,3,1,0.333,menos de 3 formas distintas; proporcao 0.333 abaixo de 0.4
faker,lib/faker/tv_shows/bojack_horseman.rb,e48d35f4fa0d,testing,3,3,100,0,0.0,1,0.0,3,3,1,0.333,menos de 3 formas distintas; proporcao 0.333 abaixo de 0.4
faker,lib/faker/tv_shows/dumb_and_dumber.rb,e48d35f4fa0d,testing,3,3,100,0,0.0,1,0.0,3,3,1,0.333,menos de 3 formas distintas; proporcao 0.333 abaixo de 0.4
faker,lib/faker/tv_shows/family_guy.rb,e48d35f4fa0d,testing,3,3,100,0,0.0,1,0.0,3,3,1,0.333,menos de 3 formas distintas; proporcao 0.333 abaixo de 0.4
faker,lib/faker/tv_shows/final_space.rb,e48d35f4fa0d,testing,3,3,100,0,0.0,1,0.0,3,3,1,0.333,menos de 3 formas distintas; proporcao 0.333 abaixo de 0.4
faker,lib/faker/tv_shows/friends.rb,e48d35f4fa0d,testing,3,3,100,0,0.0,1,0.0,3,3,1,0.333,menos de 3 formas distintas; proporcao 0.333 abaixo de 0.4
faker,lib/faker/tv_shows/hey_arnold.rb,e48d35f4fa0d,testing,3,3,100,0,0.0,1,0.0,3,3,1,0.333,menos de 3 formas distintas; proporcao 0.333 abaixo de 0.4
faker,lib/faker/tv_shows/rick_and_morty.rb,e48d35f4fa0d,testing,3,3,100,0,0.0,1,0.0,3,3,1,0.333,menos de 3 formas distintas; proporcao 0.333 abaixo de 0.4
faker,lib/faker/tv_shows/seinfeld.rb,e48d35f4fa0d,testing,3,3,100,0,0.0,1,0.0,3,3,1,0.333,menos de 3 formas distintas; proporcao 0.333 abaixo de 0.4
faker,lib/faker/tv_shows/south_park.rb,e48d35f4fa0d,testing,3,3,100,0,0.0,1,0.0,3,3,1,0.333,menos de 3 formas distintas; proporcao 0.333 abaixo de 0.4
faker,lib/faker/tv_shows/spongebob.rb,e48d35f4fa0d,testing,3,3,100,0,0.0,1,0.0,3,3,1,0.333,menos de 3 formas distintas; proporcao 0.333 abaixo de 0.4
faker,lib/faker/tv_shows/stargate.rb,e48d35f4fa0d,testing,3,3,100,0,0.0,1,0.0,3,3,1,0.333,menos de 3 formas distintas; proporcao 0.333 abaixo de 0.4
faker,lib/faker/tv_shows/supernatural.rb,e48d35f4fa0d,testing,3,3,100,0,0.0,1,0.0,3,3,1,0.333,menos de 3 formas distintas; proporcao 0.333 abaixo de 0.4
faker,lib/faker/tv_shows/the_fresh_prince_of_bel_air.rb,e48d35f4fa0d,testing,3,3,100,0,0.0,1,0.0,3,3,1,0.333,menos de 3 formas distintas; proporcao 0.333 abaixo de 0.4
faker,lib/faker/tv_shows/the_thick_of_it.rb,e48d35f4fa0d,testing,3,3,100,0,0.0,1,0.0,3,3,1,0.333,menos de 3 formas distintas; proporcao 0.333 abaixo de 0.4
faker,lib/faker/tv_shows/twin_peaks.rb,e48d35f4fa0d,testing,3,3,100,0,0.0,1,0.0,3,3,1,0.333,menos de 3 formas distintas; proporcao 0.333 abaixo de 0.4
fastlane,fastlane/lib/fastlane/server/control_command.rb,38d0ec404332,mobile development,3.7,5,0,100,0.0,0,0.0,3,2,2,0.667,menos de 3 formas distintas
fastlane,fastlane_core/lib/fastlane_core/ui/errors/fastlane_error.rb,38d0ec404332,mobile development,3.3,4,0,0,0.0,2,0.0,3,4,2,0.667,menos de 3 formas distintas
fastlane,frameit/lib/frameit/trim_box.rb,38d0ec404332,mobile development,8,16,0,33,0.0,0,0.0,3,2,2,0.667,menos de 3 formas distintas
fastlane,spaceship/lib/spaceship/connect_api/models/app_category.rb,38d0ec404332,mobile development,4.3,5,100,67,0.33,0,0.0,3,3,2,0.667,menos de 3 formas distintas
foreman,lib/foreman.rb,3530b8e4a1b1,process management and monitoring,3,3,100,0,0.0,0,0.0,3,1,2,0.667,menos de 3 formas distintas
gitlab,lib/gitlab/client/events.rb,4818c5712616,third-party apis,3,3,0,0,0.0,2,0.0,3,2,2,0.667,menos de 3 formas distintas
gli,lib/gli/argument.rb,4029b76c888a,cli builder,3.3,4,0,67,0.0,0,0.0,3,2,2,0.667,menos de 3 formas distintas
haml,benchmark/etc/real_sample.rb,7f51ae709d96,template engine,3,3,0,0,0.0,0,0.0,3,0,2,0.667,menos de 3 formas distintas
haml,lib/haml/filters/css.rb,7f51ae709d96,template engine,7.3,8,0,67,0.0,2,0.0,3,3,2,0.667,menos de 3 formas distintas
haml,lib/haml/filters/javascript.rb,7f51ae709d96,template engine,7.3,8,0,67,0.0,2,0.0,3,3,2,0.667,menos de 3 formas distintas
haml,lib/haml/force_escape.rb,7f51ae709d96,template engine,3.7,5,0,33,0.0,2,0.0,3,3,2,0.667,menos de 3 formas distintas
httparty,examples/custom_parsers.rb,9c89e55ce357,http clients and tools,3,3,0,67,0.57,1,0.0,3,7,2,0.667,menos de 3 formas distintas
httparty,examples/delicious.rb,9c89e55ce357,http clients and tools,3.7,4,0,67,1.0,0,0.0,3,1,2,0.667,menos de 3 formas distintas
httparty,examples/stackexchange.rb,9c89e55ce357,http clients and tools,3,3,0,0,1.0,0,0.0,3,1,2,0.667,menos de 3 formas distintas
httpclient,lib/hexdump.rb,5bc7b0d383c4,http clients and tools,11.7,29,67,33,0.0,0,0.0,3,1,2,0.667,menos de 3 formas distintas
jbuilder,lib/jbuilder/errors.rb,31eb6e909968,api builder and discovery,4,4,100,100,0.0,1,0.0,3,4,2,0.667,menos de 3 formas distintas
jwt,lib/jwt/jwa/none.rb,db560b769a07,authentication and oauth,3,3,0,0,0.33,0,0.0,3,3,2,0.667,menos de 3 formas distintas
jwt,lib/jwt/version.rb,db560b769a07,authentication and oauth,3.7,5,100,0,0.0,0,0.0,3,2,2,0.667,menos de 3 formas distintas
knapsack,lib/knapsack/config/tracker.rb,f394c8470281,testing,3,3,100,0,0.0,0,0.0,3,3,2,0.667,menos de 3 formas distintas
knapsack,test_examples/slow/slow_test.rb,f394c8470281,testing,3,3,0,0,0.0,1,0.0,3,1,1,0.333,menos de 3 formas distintas; proporcao 0.333 abaixo de 0.4
liquid,performance/shopify/money_filter.rb,7a5e45fc4784,template engine,3.7,4,0,67,0.0,0,0.0,3,1,2,0.667,menos de 3 formas distintas
listen,lib/listen/monotonic_time.rb,2fa1a742d8c2,file system listener,3,3,100,0,0.0,0,0.0,3,2,2,0.667,menos de 3 formas distintas
lograge,lib/lograge/rails_ext/action_cable/connection/base.rb,e5caed777529,logging,3,3,0,33,0.0,0,0.0,3,3,2,0.667,menos de 3 formas distintas
mail,lib/mail/encodings/identity.rb,d645d7b5b7d0,email,3,3,100,0,0.0,1,0.0,3,3,1,0.333,menos de 3 formas distintas; proporcao 0.333 abaixo de 0.4
mongo,lib/mongo/error/invalid_transaction_operation.rb,049b718a2d47,database drivers,3,3,67,0,0.0,2,0.0,3,3,2,0.667,menos de 3 formas distintas
mongo,lib/mongo/error/unsupported_option.rb,049b718a2d47,database drivers,5.7,11,100,33,0.0,2,0.0,3,3,2,0.667,menos de 3 formas distintas
mongo,lib/mongo/write_concern/unacknowledged.rb,049b718a2d47,database drivers,3,3,0,0,0.0,1,0.0,3,3,2,0.667,menos de 3 formas distintas
mongo,profile/driver_bench/multi_doc/grid_fs/base.rb,049b718a2d47,database drivers,3,3,0,0,0.0,2,0.0,3,5,2,0.667,menos de 3 formas distintas
parallel_tests,lib/parallel_tests/spinach/runner.rb,e4870a1632aa,testing,3.3,4,100,0,0.0,2,0.0,3,3,2,0.667,menos de 3 formas distintas
pastel,lib/pastel/ansi.rb,afd82952076e,cli utilities,3,3,0,100,0.0,0,0.0,3,2,1,0.333,menos de 3 formas distintas; proporcao 0.333 abaixo de 0.4
pg,lib/pg/binary_decoder/timestamp.rb,d4539c25dcc8,database drivers,4,4,0,100,0.0,1,0.0,3,5,1,0.333,menos de 3 formas distintas; proporcao 0.333 abaixo de 0.4
pg,lib/pg/text_decoder/timestamp.rb,d4539c25dcc8,database drivers,4,4,0,100,0.0,1,0.0,3,5,1,0.333,menos de 3 formas distintas; proporcao 0.333 abaixo de 0.4
pg,lib/pg/text_encoder/timestamp.rb,d4539c25dcc8,database drivers,3,3,0,100,0.0,1,0.0,3,5,2,0.667,menos de 3 formas distintas
rdoc,lib/rdoc/markup/to_joined_paragraph.rb,4e303b392092,documentation,4.3,9,0,33,0.0,1,0.0,3,1,2,0.667,menos de 3 formas distintas
roo,lib/roo/excelx/coordinate.rb,20d424f8bf96,spreadsheets and documents,3.3,4,0,0,0.0,1,0.0,3,3,2,0.667,menos de 3 formas distintas
roo,lib/roo/font.rb,20d424f8bf96,spreadsheets and documents,3,3,0,0,0.0,0,0.0,3,2,1,0.333,menos de 3 formas distintas; proporcao 0.333 abaixo de 0.4
rouge,lib/rouge/lexers/cfscript.rb,afc3c52c2af0,code highlighting,5,5,100,0,0.0,2,0.0,3,3,1,0.333,menos de 3 formas distintas; proporcao 0.333 abaixo de 0.4
rouge,lib/rouge/lexers/cobol.rb,afc3c52c2af0,code highlighting,18,44,100,0,0.0,2,0.0,3,3,2,0.667,menos de 3 formas distintas
rouge,lib/rouge/lexers/cpp.rb,afc3c52c2af0,code highlighting,7.3,11,100,0,0.67,3,0.0,3,3,2,0.667,menos de 3 formas distintas
rouge,lib/rouge/lexers/csharp.rb,afc3c52c2af0,code highlighting,9,15,100,0,0.0,2,0.0,3,3,2,0.667,menos de 3 formas distintas
rouge,lib/rouge/lexers/cypher.rb,afc3c52c2af0,code highlighting,9,12,100,0,0.0,2,0.0,3,3,2,0.667,menos de 3 formas distintas
rouge,lib/rouge/lexers/kick_assembler.rb,afc3c52c2af0,code highlighting,9.7,12,100,0,0.0,2,0.0,3,3,1,0.333,menos de 3 formas distintas; proporcao 0.333 abaixo de 0.4
rouge,lib/rouge/lexers/lean.rb,afc3c52c2af0,code highlighting,32,80,100,0,0.0,2,0.0,3,3,2,0.667,menos de 3 formas distintas
rouge,lib/rouge/lexers/lutin.rb,afc3c52c2af0,code highlighting,4.3,6,100,0,0.0,3,0.0,3,3,2,0.667,menos de 3 formas distintas
rouge,lib/rouge/lexers/mojo.rb,afc3c52c2af0,code highlighting,5,6,100,33,0.33,3,0.0,3,3,2,0.667,menos de 3 formas distintas
rouge,lib/rouge/lexers/nesasm.rb,afc3c52c2af0,code highlighting,6.7,8,100,0,0.0,2,0.0,3,3,2,0.667,menos de 3 formas distintas
rouge,lib/rouge/lexers/ocaml/common.rb,afc3c52c2af0,code highlighting,5,9,100,0,0.0,2,0.0,3,3,2,0.667,menos de 3 formas distintas
rouge,lib/rouge/lexers/openedge.rb,afc3c52c2af0,code highlighting,163.3,475,100,0,0.0,2,0.0,3,3,2,0.667,menos de 3 formas distintas
rouge,lib/rouge/lexers/q.rb,afc3c52c2af0,code highlighting,6.3,9,100,0,0.0,2,0.0,3,3,2,0.667,menos de 3 formas distintas
rouge,lib/rouge/lexers/robot_framework.rb,afc3c52c2af0,code highlighting,6.7,7,67,0,0.0,2,0.0,3,3,2,0.667,menos de 3 formas distintas
rouge,lib/rouge/lexers/sed.rb,afc3c52c2af0,code highlighting,3,3,33,33,0.0,2,0.0,3,5,2,0.667,menos de 3 formas distintas
rouge,lib/rouge/lexers/sieve.rb,afc3c52c2af0,code highlighting,13.3,19,100,0,0.0,2,0.0,3,3,2,0.667,menos de 3 formas distintas
rouge,lib/rouge/lexers/slim.rb,afc3c52c2af0,code highlighting,6,12,0,0,0.33,2,0.0,3,3,2,0.667,menos de 3 formas distintas
rouge,lib/rouge/lexers/supercollider.rb,afc3c52c2af0,code highlighting,6,8,100,0,0.0,2,0.0,3,3,2,0.667,menos de 3 formas distintas
rouge,lib/rouge/lexers/varnish.rb,afc3c52c2af0,code highlighting,12,17,100,0,0.0,2,0.0,3,3,2,0.667,menos de 3 formas distintas
rouge,lib/rouge/lexers/verilog.rb,afc3c52c2af0,code highlighting,21,28,100,0,0.0,2,0.0,3,3,2,0.667,menos de 3 formas distintas
rouge,lib/rouge/lexers/vhdl.rb,afc3c52c2af0,code highlighting,8,12,100,0,0.0,2,0.0,3,3,2,0.667,menos de 3 formas distintas
rspec,rspec-core/lib/rspec/core/formatters/failure_list_formatter.rb,79a280d76e10,testing,1.7,3,0,33,0.0,1,0.0,3,4,2,0.667,menos de 3 formas distintas
rspec,rspec-core/lib/rspec/core/mocking_adapters/null.rb,79a280d76e10,testing,1,1,0,0,0.0,0,0.0,3,4,1,0.333,menos de 3 formas distintas; proporcao 0.333 abaixo de 0.4
rspec,rspec-expectations/lib/rspec/matchers/fail_matchers.rb,79a280d76e10,testing,4,6,0,0,0.0,0,0.0,3,3,2,0.667,menos de 3 formas distintas
rubocop,lib/rubocop/cop/layout/space_inside_range_literal.rb,65854e6bbfe4,code formatting,7.3,16,0,33,0.25,1,0.0,3,4,2,0.667,menos de 3 formas distintas
rubocop,lib/rubocop/lsp.rb,65854e6bbfe4,code formatting,5.3,10,0,0,0.0,0,0.0,3,2,2,0.667,menos de 3 formas distintas
rubocop-rails,lib/rubocop/cop/rails/environment_variable_access.rb,2ccba590ec47,code formatting,3.3,4,0,100,0.0,1,0.0,3,4,2,0.667,menos de 3 formas distintas
selenium-webdriver,lib/selenium/webdriver/bidi/protocol/user_agent_client_hints.rb,9175ed94d83e,testing,4.7,12,0,0,0.0,1,0.0,3,5,2,0.667,menos de 3 formas distintas
selenium-webdriver,lib/selenium/webdriver/common/interactions/key_input.rb,9175ed94d83e,testing,3.3,4,0,0,0.0,1,0.0,3,5,2,0.667,menos de 3 formas distintas
sentry-ruby,sentry-rails/lib/sentry/rails/log_subscribers/parameter_filter.rb,a940dfdb5a64,error handling,4.7,8,67,33,0.0,0,0.0,3,4,2,0.667,menos de 3 formas distintas
sentry-ruby,sentry-ruby/lib/sentry/metrics.rb,a940dfdb5a64,error handling,10.7,11,100,0,0.0,0,0.0,3,2,2,0.667,menos de 3 formas distintas
shoulda-matchers,lib/shoulda/matchers/integrations/libraries/action_controller.rb,cf3b3685f2c0,testing,6.3,13,0,33,0.4,0,0.0,3,5,2,0.667,menos de 3 formas distintas
simplecov,benchmarks/collate/shape.rb,76a8e4e0f661,code analysis and metrics,3,3,100,100,0.0,0,0.0,3,2,1,0.333,menos de 3 formas distintas; proporcao 0.333 abaixo de 0.4
simplecov,lib/simplecov/deprecation.rb,76a8e4e0f661,code analysis and metrics,4.7,8,0,33,0.0,0,0.0,3,2,2,0.667,menos de 3 formas distintas
simplecov,test_projects/faked_project/lib/faked_project/framework_specific.rb,76a8e4e0f661,code analysis and metrics,3,3,100,0,0.0,0,0.0,3,1,1,0.333,menos de 3 formas distintas; proporcao 0.333 abaixo de 0.4
simplecov,test_projects/faked_project/lib/faked_project/meta_magic.rb,76a8e4e0f661,code analysis and metrics,5.3,10,33,33,0.0,0,133.3,3,3,2,0.667,menos de 3 formas distintas
simplecov,test_projects/subprocesses/lib/subprocesses.rb,76a8e4e0f661,code analysis and metrics,5.7,11,0,0,0.0,0,0.0,3,1,2,0.667,menos de 3 formas distintas
slop,lib/slop/error.rb,7e720331b78d,cli builder,4,4,0,0,0.0,2,0.0,3,7,1,0.333,menos de 3 formas distintas; proporcao 0.333 abaixo de 0.4
state_machines,lib/state_machines/machine/scoping.rb,219b43ea588f,state machines,6.3,17,0,0,0.0,0,33.3,3,3,2,0.667,menos de 3 formas distintas
tilt,lib/tilt/coffee.rb,f0d75c60e3a6,template engine,4.3,7,67,33,0.0,3,0.0,3,3,2,0.667,menos de 3 formas distintas
twilio-ruby,lib/twilio-ruby/auth_strategy/auth_strategy.rb,c58e213a6f04,third-party apis,3,3,0,0,0.0,0,0.0,3,3,2,0.667,menos de 3 formas distintas
twilio-ruby,lib/twilio-ruby/auth_strategy/no_auth_strategy.rb,c58e213a6f04,third-party apis,3,3,0,0,0.0,1,0.0,3,3,1,0.333,menos de 3 formas distintas; proporcao 0.333 abaixo de 0.4
twilio-ruby,lib/twilio-ruby/twiml/fax_response.rb,c58e213a6f04,third-party apis,5,6,0,0,0.0,1,0.0,3,4,2,0.667,menos de 3 formas distintas
tzinfo,lib/tzinfo/format2/timezone_index_definer.rb,d5893c99bbcd,date and time processing,5,5,0,67,0.0,0,0.0,3,3,2,0.667,menos de 3 formas distintas
webmock,lib/webmock/http_lib_adapters/http_rb_adapter.rb,ee409ac0a5f0,testing,3,3,100,0,0.0,1,0.0,3,3,1,0.333,menos de 3 formas distintas; proporcao 0.333 abaixo de 0.4
zeitwerk,lib/zeitwerk/error.rb,607973fc0bd8,code loaders,4.3,7,0,0,0.0,2,0.0,3,6,2,0.667,menos de 3 formas distintas
aasm,lib/aasm/errors.rb,88061ec5104a,state machines,4,5,0,100,0.0,2,0.0,2,6,2,1.0,menos de 3 formas distintas
aasm,lib/aasm/minitest/allow_event.rb,88061ec5104a,state machines,5,5,0,100,0.0,0,0.0,2,1,2,1.0,menos de 3 formas distintas
aasm,lib/aasm/minitest/allow_transition_to.rb,88061ec5104a,state machines,5,5,0,100,0.0,0,0.0,2,1,2,1.0,menos de 3 formas distintas
aasm,lib/aasm/minitest/have_state.rb,88061ec5104a,state machines,5,5,0,100,0.0,0,0.0,2,1,2,1.0,menos de 3 formas distintas
active_model_serializers,lib/active_model/serializer/error_serializer.rb,6934c8bd31f4,api builder and discovery,3,3,0,50,0.0,1,0.0,2,3,2,1.0,menos de 3 formas distintas
active_model_serializers,lib/active_model_serializers/adapter/json_api/meta.rb,6934c8bd31f4,api builder and discovery,7,11,0,50,0.0,1,50.0,2,4,2,1.0,menos de 3 formas distintas
active_model_serializers,lib/active_model_serializers/deprecate.rb,6934c8bd31f4,api builder and discovery,9,14,0,100,0.0,0,200.0,2,2,2,1.0,menos de 3 formas distintas
active_model_serializers,lib/active_model_serializers/deserialization.rb,6934c8bd31f4,api builder and discovery,3,3,0,0,0.0,0,0.0,2,2,2,1.0,menos de 3 formas distintas
active_model_serializers,lib/grape/formatters/active_model_serializers.rb,6934c8bd31f4,api builder and discovery,9,14,100,50,0.0,0,0.0,2,3,2,1.0,menos de 3 formas distintas
activerecord,lib/active_record/associations/has_one_through_association.rb,3989ebf3473d,orm/odm,16,28,0,50,0.33,2,0.0,2,3,2,1.0,menos de 3 formas distintas
activerecord,lib/active_record/associations/join_dependency/join_base.rb,3989ebf3473d,orm/odm,4,4,0,50,0.0,1,0.0,2,4,2,1.0,menos de 3 formas distintas
activerecord,lib/active_record/connection_adapters.rb,3989ebf3473d,orm/odm,21,39,100,100,0.5,0,50.0,2,2,2,1.0,menos de 3 formas distintas
activerecord,lib/active_record/connection_adapters/postgresql/oid/date.rb,3989ebf3473d,orm/odm,9,11,0,50,0.0,1,0.0,2,5,2,1.0,menos de 3 formas distintas
activerecord,lib/active_record/connection_adapters/postgresql/oid/enum.rb,3989ebf3473d,orm/odm,3,3,0,50,0.0,2,0.0,2,5,2,1.0,menos de 3 formas distintas
activerecord,lib/active_record/connection_adapters/postgresql/oid/timestamp_with_time_zone.rb,3989ebf3473d,orm/odm,8.5,14,0,50,0.0,1,0.0,2,5,2,1.0,menos de 3 formas distintas
activerecord,lib/active_record/connection_adapters/postgresql/oid/vector.rb,3989ebf3473d,orm/odm,3.5,4,0,0,0.0,2,0.0,2,5,2,1.0,menos de 3 formas distintas
activerecord,lib/active_record/connection_adapters/postgresql/referential_integrity.rb,3989ebf3473d,orm/odm,29,33,0,50,0.0,0,0.0,2,4,2,1.0,menos de 3 formas distintas
activerecord,lib/active_record/delegated_type.rb,3989ebf3473d,orm/odm,22.5,41,0,100,0.0,0,800.0,2,2,2,1.0,menos de 3 formas distintas
activerecord,lib/active_record/destroy_association_async_job.rb,3989ebf3473d,orm/odm,10,17,0,100,0.0,1,50.0,2,3,2,1.0,menos de 3 formas distintas
activerecord,lib/active_record/encryption/derived_secret_key_provider.rb,3989ebf3473d,orm/odm,3.5,4,0,50,0.0,1,0.0,2,3,2,1.0,menos de 3 formas distintas
activerecord,lib/active_record/encryption/extended_deterministic_uniqueness_validator.rb,3989ebf3473d,orm/odm,8.5,14,50,50,0.0,0,0.0,2,4,2,1.0,menos de 3 formas distintas
activerecord,lib/active_record/locking/pessimistic.rb,3989ebf3473d,orm/odm,14,20,0,100,0.0,0,0.0,2,3,2,1.0,menos de 3 formas distintas
activerecord,lib/active_record/migration/default_schema_versions_formatter.rb,3989ebf3473d,orm/odm,7.5,12,0,50,0.0,0,0.0,2,3,2,1.0,menos de 3 formas distintas
activerecord,lib/active_record/migration/join_table.rb,3989ebf3473d,orm/odm,3,3,0,50,0.0,0,0.0,2,3,2,1.0,menos de 3 formas distintas
activerecord,lib/active_record/relation/predicate_builder/basic_object_handler.rb,3989ebf3473d,orm/odm,3.5,4,0,50,0.0,0,0.0,2,3,2,1.0,menos de 3 formas distintas
activerecord,lib/active_record/relation/predicate_builder/range_handler.rb,3989ebf3473d,orm/odm,4,5,0,50,0.0,0,0.0,2,3,2,1.0,menos de 3 formas distintas
activerecord,lib/active_record/secure_token.rb,3989ebf3473d,orm/odm,8.5,14,0,50,0.25,1,100.0,2,4,2,1.0,menos de 3 formas distintas
activerecord,lib/active_record/serialization.rb,3989ebf3473d,orm/odm,6.5,10,0,50,1.0,0,0.0,2,2,2,1.0,menos de 3 formas distintas
activerecord,lib/active_record/translation.rb,3989ebf3473d,orm/odm,6.5,10,0,50,0.0,0,0.0,2,2,2,1.0,menos de 3 formas distintas
activerecord,lib/active_record/type/decimal_without_scale.rb,3989ebf3473d,orm/odm,3,3,0,50,0.0,1,0.0,2,3,2,1.0,menos de 3 formas distintas
activerecord,lib/active_record/type/unsigned_integer.rb,3989ebf3473d,orm/odm,3,3,0,0,0.0,1,0.0,2,3,2,1.0,menos de 3 formas distintas
activerecord,lib/active_record/validations/absence.rb,3989ebf3473d,orm/odm,4.5,6,0,50,0.0,1,0.0,2,4,2,1.0,menos de 3 formas distintas
activerecord,lib/active_record/validations/length.rb,3989ebf3473d,orm/odm,4.5,6,0,50,0.0,1,0.0,2,4,2,1.0,menos de 3 formas distintas
activerecord,lib/active_record/validations/presence.rb,3989ebf3473d,orm/odm,4.5,6,0,50,0.0,1,0.0,2,4,2,1.0,menos de 3 formas distintas
activerecord,lib/arel/nodes/equality.rb,3989ebf3473d,orm/odm,2,3,0,0,0.33,3,0.0,2,3,2,1.0,menos de 3 formas distintas
activerecord,lib/arel/nodes/false.rb,3989ebf3473d,orm/odm,3,3,0,50,0.0,2,0.0,2,3,2,1.0,menos de 3 formas distintas
activerecord,lib/arel/nodes/in.rb,3989ebf3473d,orm/odm,2,3,0,0,0.33,3,0.0,2,3,2,1.0,menos de 3 formas distintas
activerecord,lib/arel/nodes/join_source.rb,3989ebf3473d,orm/odm,3,3,0,50,0.0,3,0.0,2,3,2,1.0,menos de 3 formas distintas
activerecord,lib/arel/nodes/over.rb,3989ebf3473d,orm/odm,2,3,0,0,0.33,3,0.0,2,3,2,1.0,menos de 3 formas distintas
activerecord,lib/arel/nodes/terminal.rb,3989ebf3473d,orm/odm,3,3,0,50,0.0,2,0.0,2,3,2,1.0,menos de 3 formas distintas
activerecord,lib/arel/nodes/true.rb,3989ebf3473d,orm/odm,3,3,0,50,0.0,2,0.0,2,3,2,1.0,menos de 3 formas distintas
activerecord,lib/arel/nodes/unary_operation.rb,3989ebf3473d,orm/odm,3.5,4,0,0,0.0,4,0.0,2,4,2,1.0,menos de 3 formas distintas
activerecord,lib/arel/order_predications.rb,3989ebf3473d,orm/odm,3,3,0,0,0.0,0,0.0,2,2,1,0.5,menos de 3 formas distintas
activerecord,lib/rails/generators/active_record/application_record/application_record_generator.rb,3989ebf3473d,orm/odm,5.5,8,0,0,0.0,1,0.0,2,3,2,1.0,menos de 3 formas distintas
activerecord-import,lib/activerecord-import/synchronize.rb,8ac907c9bbc5,orm/odm extensions,20,37,50,50,0.0,0,450.0,2,2,2,1.0,menos de 3 formas distintas
activesupport,lib/active_support/class_attribute.rb,3989ebf3473d,core extensions,12,19,100,100,0.0,0,100.0,2,2,2,1.0,menos de 3 formas distintas
activesupport,lib/active_support/core_ext/array/extract_options.rb,3989ebf3473d,core extensions,5,7,0,50,0.0,0,0.0,2,2,2,1.0,menos de 3 formas distintas
activesupport,lib/active_support/core_ext/date/blank.rb,3989ebf3473d,core extensions,3,3,0,0,0.0,0,0.0,2,1,1,0.5,menos de 3 formas distintas
activesupport,lib/active_support/core_ext/date_and_time/zones.rb,3989ebf3473d,core extensions,8.5,10,0,50,0.0,0,0.0,2,2,2,1.0,menos de 3 formas distintas
activesupport,lib/active_support/core_ext/date_time/acts_like.rb,3989ebf3473d,core extensions,3,3,0,0,0.0,0,0.0,2,1,1,0.5,menos de 3 formas distintas
activesupport,lib/active_support/core_ext/date_time/blank.rb,3989ebf3473d,core extensions,3,3,0,0,0.0,0,0.0,2,1,1,0.5,menos de 3 formas distintas
activesupport,lib/active_support/core_ext/file/atomic.rb,3989ebf3473d,core extensions,24.5,33,100,50,0.0,0,0.0,2,1,2,1.0,menos de 3 formas distintas
activesupport,lib/active_support/core_ext/hash/reverse_merge.rb,3989ebf3473d,core extensions,3,3,0,50,0.0,0,0.0,2,1,2,1.0,menos de 3 formas distintas
activesupport,lib/active_support/core_ext/hash/slice.rb,3989ebf3473d,core extensions,5.5,8,0,100,0.0,0,0.0,2,1,2,1.0,menos de 3 formas distintas
activesupport,lib/active_support/core_ext/integer/inflections.rb,3989ebf3473d,core extensions,3,3,0,0,0.0,0,0.0,2,1,2,1.0,menos de 3 formas distintas
activesupport,lib/active_support/core_ext/integer/time.rb,3989ebf3473d,core extensions,3,3,0,0,0.0,0,0.0,2,1,2,1.0,menos de 3 formas distintas
activesupport,lib/active_support/core_ext/module/concerning.rb,3989ebf3473d,core extensions,5,6,0,0,1.0,0,150.0,2,2,2,1.0,menos de 3 formas distintas
activesupport,lib/active_support/core_ext/module/delegation.rb,3989ebf3473d,core extensions,9,11,0,0,0.0,0,0.0,2,1,2,1.0,menos de 3 formas distintas
activesupport,lib/active_support/core_ext/module/remove_method.rb,3989ebf3473d,core extensions,4,5,0,50,0.0,0,0.0,2,1,2,1.0,menos de 3 formas distintas
activesupport,lib/active_support/core_ext/object/inclusion.rb,3989ebf3473d,core extensions,6.5,10,0,50,0.0,0,0.0,2,1,2,1.0,menos de 3 formas distintas
activesupport,lib/active_support/core_ext/object/instance_variables.rb,3989ebf3473d,core extensions,4,5,0,100,0.0,0,50.0,2,1,2,1.0,menos de 3 formas distintas
activesupport,lib/active_support/core_ext/pathname/blank.rb,3989ebf3473d,core extensions,3,3,0,100,0.0,0,0.0,2,1,2,1.0,menos de 3 formas distintas
activesupport,lib/active_support/core_ext/range/compare_range.rb,3989ebf3473d,core extensions,13,13,0,100,0.0,0,200.0,2,2,1,0.5,menos de 3 formas distintas
activesupport,lib/active_support/core_ext/range/overlap.rb,3989ebf3473d,core extensions,13.5,21,0,100,0.0,0,0.0,2,1,2,1.0,menos de 3 formas distintas
activesupport,lib/active_support/core_ext/string/indent.rb,3989ebf3473d,core extensions,4,5,0,100,0.0,0,0.0,2,1,2,1.0,menos de 3 formas distintas
activesupport,lib/active_support/core_ext/string/multibyte.rb,3989ebf3473d,core extensions,11,12,0,50,0.0,0,0.0,2,1,2,1.0,menos de 3 formas distintas
activesupport,lib/active_support/core_ext/time/conversions.rb,3989ebf3473d,core extensions,5,7,0,50,0.0,0,0.0,2,1,2,1.0,menos de 3 formas distintas
activesupport,lib/active_support/current_attributes/test_helper.rb,3989ebf3473d,core extensions,4,4,0,0,0.0,0,0.0,2,1,1,0.5,menos de 3 formas distintas
activesupport,lib/active_support/deprecation.rb,3989ebf3473d,core extensions,6,9,50,0,2.0,0,0.0,2,2,2,1.0,menos de 3 formas distintas
activesupport,lib/active_support/environment_inquirer.rb,3989ebf3473d,core extensions,7,11,0,50,0.0,2,50.0,2,2,2,1.0,menos de 3 formas distintas
activesupport,lib/active_support/error_reporter/test_helper.rb,3989ebf3473d,core extensions,3,3,0,50,0.0,0,0.0,2,2,2,1.0,menos de 3 formas distintas
activesupport,lib/active_support/execution_context/test_helper.rb,3989ebf3473d,core extensions,4,4,0,0,0.0,0,0.0,2,1,1,0.5,menos de 3 formas distintas
activesupport,lib/active_support/inflector/transliterate.rb,3989ebf3473d,core extensions,27.5,32,0,100,0.0,0,0.0,2,2,2,1.0,menos de 3 formas distintas
activesupport,lib/active_support/message_pack/cache_serializer.rb,3989ebf3473d,core extensions,4,5,0,0,0.67,0,0.0,2,3,2,1.0,menos de 3 formas distintas
activesupport,lib/active_support/messages/rotation_configuration.rb,3989ebf3473d,core extensions,6,9,0,50,0.0,0,0.0,2,3,2,1.0,menos de 3 formas distintas
activesupport,lib/active_support/multibyte.rb,3989ebf3473d,core extensions,5,7,100,0,0.0,0,0.0,2,2,2,1.0,menos de 3 formas distintas
activesupport,lib/active_support/string_inquirer.rb,3989ebf3473d,core extensions,5,7,0,100,0.0,1,0.0,2,2,2,1.0,menos de 3 formas distintas
activesupport,lib/active_support/testing/tagged_logging.rb,3989ebf3473d,core extensions,6.5,10,0,50,0.0,0,0.0,2,3,2,1.0,menos de 3 formas distintas
autoprefixer-rails,lib/autoprefixer-rails/railtie.rb,01f8d15c4677,assets,11.5,20,0,50,0.0,1,0.0,2,2,2,1.0,menos de 3 formas distintas
autoprefixer-rails,lib/autoprefixer-rails/result.rb,01f8d15c4677,assets,4,5,0,0,0.0,0,0.0,2,2,2,1.0,menos de 3 formas distintas
autoprefixer-rails,lib/rake/autoprefixer_tasks.rb,01f8d15c4677,assets,6.5,8,0,50,0.0,1,0.0,2,2,2,1.0,menos de 3 formas distintas
awesome_print,lib/awesome_print/core_ext/kernel.rb,9ae56ba413b9,cli utilities,6.5,9,0,100,0.0,0,0.0,2,1,2,1.0,menos de 3 formas distintas
awesome_print,lib/awesome_print/core_ext/method.rb,9ae56ba413b9,cli utilities,3,3,0,100,0.0,0,0.0,2,2,1,0.5,menos de 3 formas distintas
awesome_print,lib/awesome_print/formatters/class_formatter.rb,9ae56ba413b9,cli utilities,6.5,8,0,100,0.0,1,0.0,2,3,2,1.0,menos de 3 formas distintas
awesome_print,lib/awesome_print/formatters/dir_formatter.rb,9ae56ba413b9,cli utilities,4.5,5,0,100,0.0,1,0.0,2,3,2,1.0,menos de 3 formas distintas
awesome_print,lib/awesome_print/formatters/file_formatter.rb,9ae56ba413b9,cli utilities,4.5,5,0,100,0.0,1,0.0,2,3,2,1.0,menos de 3 formas distintas
awesome_print,lib/awesome_print/formatters/method_formatter.rb,9ae56ba413b9,cli utilities,5,5,0,50,0.0,1,0.0,2,3,2,1.0,menos de 3 formas distintas
awesome_print,lib/awesome_print/formatters/simple_formatter.rb,9ae56ba413b9,cli utilities,4.5,6,0,50,0.0,1,0.0,2,3,2,1.0,menos de 3 formas distintas
awesome_print,lib/awesome_print/indentator.rb,9ae56ba413b9,cli utilities,5,6,0,50,0.0,0,0.0,2,2,2,1.0,menos de 3 formas distintas
better_errors,lib/better_errors/code_formatter/text.rb,fde3b7025db1,error handling,4,5,0,0,0.0,1,0.0,2,2,2,1.0,menos de 3 formas distintas
better_errors,lib/better_errors/error_page_style.rb,fde3b7025db1,error handling,18.5,28,100,50,0.0,0,0.0,2,2,2,1.0,menos de 3 formas distintas
better_errors,lib/better_errors/exception_extension.rb,fde3b7025db1,error handling,5,7,0,50,0.0,0,0.0,2,2,2,1.0,menos de 3 formas distintas
better_errors,lib/better_errors/exception_hint.rb,fde3b7025db1,error handling,10,17,0,50,0.0,0,0.0,2,2,2,1.0,menos de 3 formas distintas
bootsnap,lib/bootsnap/load_path_cache/core_ext/loaded_features.rb,e099ec707644,optimizations,6,8,0,50,0.0,0,0.0,2,0,2,1.0,menos de 3 formas distintas
brakeman,lib/brakeman/checks/check_basic_auth_timing_attack.rb,fffc4837becb,code analysis and metrics,12.5,14,0,50,0.0,2,0.0,2,1,2,1.0,menos de 3 formas distintas
brakeman,lib/brakeman/checks/check_digest_dos.rb,fffc4837becb,code analysis and metrics,15,27,0,100,0.0,2,0.0,2,1,2,1.0,menos de 3 formas distintas
brakeman,lib/brakeman/checks/check_divide_by_zero.rb,fffc4837becb,code analysis and metrics,17,29,0,100,0.0,2,0.0,2,1,2,1.0,menos de 3 formas distintas
brakeman,lib/brakeman/checks/check_file_disclosure.rb,fffc4837becb,code analysis and metrics,13.5,24,0,50,0.0,2,0.0,2,1,2,1.0,menos de 3 formas distintas
brakeman,lib/brakeman/checks/check_filter_skipping.rb,fffc4837becb,code analysis and metrics,10.5,12,0,50,0.0,2,0.0,2,1,2,1.0,menos de 3 formas distintas
brakeman,lib/brakeman/checks/check_header_dos.rb,fffc4837becb,code analysis and metrics,11.5,19,0,100,0.0,2,0.0,2,1,2,1.0,menos de 3 formas distintas
brakeman,lib/brakeman/checks/check_json_encoding.rb,fffc4837becb,code analysis and metrics,19.5,25,0,100,0.0,2,0.0,2,1,2,1.0,menos de 3 formas distintas
brakeman,lib/brakeman/checks/check_mail_to.rb,fffc4837becb,code analysis and metrics,17.5,20,0,100,0.0,2,0.0,2,1,2,1.0,menos de 3 formas distintas
brakeman,lib/brakeman/checks/check_mime_type_dos.rb,fffc4837becb,code analysis and metrics,15.5,24,0,50,0.0,2,0.0,2,1,2,1.0,menos de 3 formas distintas
brakeman,lib/brakeman/checks/check_model_serialize.rb,fffc4837becb,code analysis and metrics,28.5,41,0,100,0.0,2,0.0,2,1,2,1.0,menos de 3 formas distintas
brakeman,lib/brakeman/checks/check_nested_attributes.rb,fffc4837becb,code analysis and metrics,14,21,0,100,0.0,2,0.0,2,1,2,1.0,menos de 3 formas distintas
brakeman,lib/brakeman/checks/check_page_caching_cve.rb,fffc4837becb,code analysis and metrics,14.5,24,0,100,0.0,2,0.0,2,1,2,1.0,menos de 3 formas distintas
brakeman,lib/brakeman/checks/check_quote_table_name.rb,fffc4837becb,code analysis and metrics,15,25,0,100,0.0,2,0.0,2,1,2,1.0,menos de 3 formas distintas
brakeman,lib/brakeman/checks/check_reverse_tabnabbing.rb,fffc4837becb,code analysis and metrics,25,44,0,100,0.0,2,0.0,2,1,2,1.0,menos de 3 formas distintas
brakeman,lib/brakeman/checks/check_route_dos.rb,fffc4837becb,code analysis and metrics,17,22,0,50,0.0,2,0.0,2,1,2,1.0,menos de 3 formas distintas
brakeman,lib/brakeman/checks/check_select_tag.rb,fffc4837becb,code analysis and metrics,24,24,0,100,0.0,2,0.0,2,1,2,1.0,menos de 3 formas distintas
brakeman,lib/brakeman/checks/check_select_vulnerability.rb,fffc4837becb,code analysis and metrics,25,26,0,100,0.0,2,0.0,2,1,2,1.0,menos de 3 formas distintas
brakeman,lib/brakeman/checks/check_session_manipulation.rb,fffc4837becb,code analysis and metrics,13,21,0,100,0.0,2,0.0,2,1,2,1.0,menos de 3 formas distintas
brakeman,lib/brakeman/checks/check_sprockets_path_traversal.rb,fffc4837becb,code analysis and metrics,16.5,30,0,100,0.0,2,0.0,2,1,2,1.0,menos de 3 formas distintas
brakeman,lib/brakeman/checks/check_template_injection.rb,fffc4837becb,code analysis and metrics,11,13,0,100,0.0,2,0.0,2,1,2,1.0,menos de 3 formas distintas
brakeman,lib/brakeman/checks/check_translate_bug.rb,fffc4837becb,code analysis and metrics,18,31,0,100,0.0,2,0.0,2,1,2,1.0,menos de 3 formas distintas
brakeman,lib/brakeman/checks/check_unsafe_reflection.rb,fffc4837becb,code analysis and metrics,21.5,36,0,100,0.0,2,0.0,2,1,2,1.0,menos de 3 formas distintas
brakeman,lib/brakeman/checks/check_xml_dos.rb,fffc4837becb,code analysis and metrics,18.5,28,0,50,0.0,2,0.0,2,1,2,1.0,menos de 3 formas distintas
brakeman,lib/brakeman/processors/erb_template_processor.rb,fffc4837becb,code analysis and metrics,33,39,0,100,0.0,3,0.0,2,1,2,1.0,menos de 3 formas distintas
brakeman,lib/brakeman/report/renderer.rb,fffc4837becb,code analysis and metrics,8.5,14,0,50,0.0,0,150.0,2,2,2,1.0,menos de 3 formas distintas
brakeman,lib/brakeman/report/report_json.rb,fffc4837becb,code analysis and metrics,20,35,0,100,0.0,1,0.0,2,1,2,1.0,menos de 3 formas distintas
bullet,lib/bullet/notification/counter_cache.rb,bc55c037d27a,profiler and optimization,3,3,0,0,0.0,1,0.0,2,3,2,1.0,menos de 3 formas distintas
bullet,lib/bullet/registry/association.rb,bc55c037d27a,profiler and optimization,3.5,4,0,100,0.0,1,0.0,2,3,2,1.0,menos de 3 formas distintas
bullet,lib/bullet/registry/object.rb,bc55c037d27a,profiler and optimization,3,3,0,100,0.0,1,0.0,2,3,1,0.5,menos de 3 formas distintas
bullet,lib/generators/bullet/install_generator.rb,bc55c037d27a,profiler and optimization,16.5,17,0,0,0.0,1,0.0,2,3,2,1.0,menos de 3 formas distintas
bundler-audit,lib/bundler/audit/cli/formats/json.rb,f8b06ebbefdd,security,9.5,10,0,100,0.0,1,0.0,2,5,2,1.0,menos de 3 formas distintas
bundler-audit,lib/bundler/audit/configuration.rb,f8b06ebbefdd,security,17.5,32,50,100,0.0,1,0.0,2,5,2,1.0,menos de 3 formas distintas
byebug,lib/byebug/processors/control_processor.rb,aff644023372,debugging tools,3,3,0,0,0.0,1,0.0,2,2,2,1.0,menos de 3 formas distintas
byebug,lib/byebug/processors/post_mortem_processor.rb,aff644023372,debugging tools,3,3,0,0,0.0,1,0.0,2,2,2,1.0,menos de 3 formas distintas
byebug,lib/byebug/remote/server.rb,aff644023372,debugging tools,14,23,0,50,0.0,0,0.0,2,3,2,1.0,menos de 3 formas distintas
byebug,lib/byebug/settings/callstyle.rb,aff644023372,debugging tools,3,3,0,0,0.0,1,0.0,2,2,2,1.0,menos de 3 formas distintas
byebug,lib/byebug/settings/histfile.rb,aff644023372,debugging tools,3,3,0,0,0.0,1,0.0,2,2,2,1.0,menos de 3 formas distintas
byebug,lib/byebug/settings/histsize.rb,aff644023372,debugging tools,3,3,0,0,0.0,1,0.0,2,2,2,1.0,menos de 3 formas distintas
byebug,lib/byebug/settings/listsize.rb,aff644023372,debugging tools,3,3,0,0,0.0,1,0.0,2,2,2,1.0,menos de 3 formas distintas
byebug,lib/byebug/settings/savefile.rb,aff644023372,debugging tools,3,3,0,0,0.0,1,0.0,2,2,2,1.0,menos de 3 formas distintas
byebug,lib/byebug/settings/width.rb,aff644023372,debugging tools,3,3,0,0,0.0,1,0.0,2,2,2,1.0,menos de 3 formas distintas
capybara,lib/capybara/minitest.rb,a210c6e57872,testing,7.5,10,0,100,0.0,0,0.0,2,3,2,1.0,menos de 3 formas distintas
capybara,lib/capybara/node/whitespace_normalizer.rb,a210c6e57872,testing,8.5,9,0,100,0.0,0,0.0,2,3,2,1.0,menos de 3 formas distintas
capybara,lib/capybara/queries/active_element_query.rb,a210c6e57872,testing,4,4,0,50,0.0,1,0.0,2,3,2,1.0,menos de 3 formas distintas
capybara,lib/capybara/queries/ancestor_query.rb,a210c6e57872,testing,9,12,0,100,0.0,2,50.0,2,3,2,1.0,menos de 3 formas distintas
capybara,lib/capybara/queries/sibling_query.rb,a210c6e57872,testing,8.5,11,0,100,0.0,2,50.0,2,3,2,1.0,menos de 3 formas distintas
capybara,lib/capybara/rack_test/css_handlers.rb,a210c6e57872,testing,3,3,0,100,1.0,1,0.0,2,1,2,1.0,menos de 3 formas distintas
capybara,lib/capybara/selector/definition/button.rb,a210c6e57872,testing,7,11,0,50,0.0,0,0.0,2,0,2,1.0,menos de 3 formas distintas
capybara,lib/capybara/selector/filters/node_filter.rb,a210c6e57872,testing,9,13,0,50,0.0,1,0.0,2,4,2,1.0,menos de 3 formas distintas
capybara,lib/capybara/selector/xpath_extensions.rb,a210c6e57872,testing,3,3,0,50,0.0,0,0.0,2,4,2,1.0,menos de 3 formas distintas
capybara,lib/capybara/selenium/driver_specializations/internet_explorer_driver.rb,a210c6e57872,testing,6,9,0,50,0.0,0,0.0,2,2,2,1.0,menos de 3 formas distintas
capybara,lib/capybara/selenium/driver_specializations/safari_driver.rb,a210c6e57872,testing,6,9,0,50,0.0,0,0.0,2,1,2,1.0,menos de 3 formas distintas
capybara,lib/capybara/selenium/patches/persistent_client.rb,a210c6e57872,testing,4.5,5,0,100,0.0,1,0.0,2,3,2,1.0,menos de 3 formas distintas
carrierwave,lib/carrierwave/uploader/default_url.rb,5effe4ecaae9,file upload,2,3,0,0,0.0,0,0.0,2,3,2,1.0,menos de 3 formas distintas
carrierwave,lib/carrierwave/uploader/file_size.rb,5effe4ecaae9,file upload,6,11,0,50,0.33,0,0.0,2,3,2,1.0,menos de 3 formas distintas
carrierwave,lib/carrierwave/uploader/mountable.rb,5effe4ecaae9,file upload,3.5,4,0,50,0.0,0,50.0,2,3,2,1.0,menos de 3 formas distintas
carrierwave,lib/carrierwave/uploader/url.rb,5effe4ecaae9,file upload,11.5,20,0,50,1.0,0,0.0,2,3,2,1.0,menos de 3 formas distintas
childprocess,lib/childprocess/unix/process.rb,c756730c4ac4,processes,10,17,0,0,0.0,2,0.0,2,3,2,1.0,menos de 3 formas distintas
childprocess,lib/childprocess/windows/process.rb,c756730c4ac4,processes,9.5,16,0,0,0.0,2,0.0,2,3,2,1.0,menos de 3 formas distintas
chronic,lib/chronic.rb,7d3d82d38c99,date and time processing,24,45,100,50,0.0,0,0.0,2,1,2,1.0,menos de 3 formas distintas
chronic,lib/chronic/numerizer.rb,7d3d82d38c99,date and time processing,25.5,41,100,100,0.0,0,0.0,2,2,2,1.0,menos de 3 formas distintas
cocoapods,lib/cocoapods/command/cache.rb,5493bfd201a3,package management,3.5,4,0,50,0.0,2,0.0,2,3,2,1.0,menos de 3 formas distintas
cocoapods,lib/cocoapods/external_sources/downloader_source.rb,5493bfd201a3,package management,6.5,10,0,50,0.0,1,0.0,2,3,2,1.0,menos de 3 formas distintas
cocoapods,lib/cocoapods/generator/constant.rb,5493bfd201a3,package management,4,5,0,50,0.0,0,0.0,2,3,2,1.0,menos de 3 formas distintas
cocoapods,lib/cocoapods/generator/prefix_header.rb,5493bfd201a3,package management,11,18,0,50,0.0,1,0.0,2,3,2,1.0,menos de 3 formas distintas
cocoapods,lib/cocoapods/generator/umbrella_header.rb,5493bfd201a3,package management,9,14,0,100,0.0,1,0.0,2,3,2,1.0,menos de 3 formas distintas
cocoapods,lib/cocoapods/installer/pre_install_hooks_context.rb,5493bfd201a3,package management,4.5,6,50,50,0.0,0,0.0,2,3,2,1.0,menos de 3 formas distintas
cocoapods,lib/cocoapods/installer/target_uuid_generator.rb,5493bfd201a3,package management,9,15,0,50,0.0,1,0.0,2,3,2,1.0,menos de 3 formas distintas
cocoapods,lib/cocoapods/installer/xcode/pods_project_generator/aggregate_target_dependency_installer.rb,5493bfd201a3,package management,15,24,0,50,0.0,0,0.0,2,4,2,1.0,menos de 3 formas distintas
cocoapods,lib/cocoapods/installer/xcode/single_pods_project_generator.rb,5493bfd201a3,package management,10.5,16,0,50,0.0,1,0.0,2,4,2,1.0,menos de 3 formas distintas
cocoapods,lib/cocoapods/native_target_extension.rb,5493bfd201a3,package management,14.5,18,100,100,0.0,1,0.0,2,2,2,1.0,menos de 3 formas distintas
cocoapods,lib/cocoapods/sandbox/podspec_finder.rb,5493bfd201a3,package management,7,11,0,50,0.0,0,0.0,2,3,2,1.0,menos de 3 formas distintas
coderay,lib/coderay/encoders/lines_of_code.rb,d30855fe96e3,code highlighting,7.5,12,0,100,0.0,3,0.0,2,3,2,1.0,menos de 3 formas distintas
coderay,lib/coderay/encoders/text.rb,d30855fe96e3,code highlighting,7.5,9,0,100,0.0,1,0.0,2,3,2,1.0,menos de 3 formas distintas
coderay,lib/coderay/scanners/css.rb,d30855fe96e3,code highlighting,70.5,137,0,50,0.0,2,0.0,2,4,2,1.0,menos de 3 formas distintas
coderay,lib/coderay/scanners/debug.rb,d30855fe96e3,code highlighting,27,50,0,50,0.0,2,0.0,2,3,2,1.0,menos de 3 formas distintas
coderay,lib/coderay/scanners/diff.rb,d30855fe96e3,code highlighting,97.5,182,0,100,0.0,2,0.0,2,3,2,1.0,menos de 3 formas distintas
coderay,lib/coderay/scanners/groovy.rb,d30855fe96e3,code highlighting,112,221,0,50,0.0,3,0.0,2,3,2,1.0,menos de 3 formas distintas
coderay,lib/coderay/scanners/haml.rb,d30855fe96e3,code highlighting,73,140,0,100,0.0,2,0.0,2,3,2,1.0,menos de 3 formas distintas
coderay,lib/coderay/scanners/json.rb,d30855fe96e3,code highlighting,35.5,68,0,50,0.0,2,0.0,2,3,2,1.0,menos de 3 formas distintas
coderay,lib/coderay/scanners/lua.rb,d30855fe96e3,code highlighting,110,216,0,50,0.0,2,0.0,2,3,2,1.0,menos de 3 formas distintas
coderay,lib/coderay/scanners/raydebug.rb,d30855fe96e3,code highlighting,26.5,49,0,50,0.0,2,0.0,2,3,2,1.0,menos de 3 formas distintas
coderay,lib/coderay/scanners/sass.rb,d30855fe96e3,code highlighting,107.5,212,0,50,0.0,1,0.0,2,3,2,1.0,menos de 3 formas distintas
concurrent-ruby,docs-source/actor/celluloid_benchmark.rb,0b88d5ff75f6,concurrency and parallelism,5.5,7,0,50,1.0,0,0.0,2,1,2,1.0,menos de 3 formas distintas
concurrent-ruby,docs-source/actor/quick.in.rb,0b88d5ff75f6,concurrency and parallelism,6,9,0,0,0.0,2,0.0,2,1,2,1.0,menos de 3 formas distintas
concurrent-ruby,docs-source/actor/quick.out.rb,0b88d5ff75f6,concurrency and parallelism,6,9,0,0,0.0,2,0.0,2,1,2,1.0,menos de 3 formas distintas
concurrent-ruby,examples/benchmark_async.rb,0b88d5ff75f6,concurrency and parallelism,3,3,0,100,1.0,0,0.0,2,2,1,0.5,menos de 3 formas distintas
concurrent-ruby,examples/benchmark_atomic.rb,0b88d5ff75f6,concurrency and parallelism,18.5,32,0,100,0.0,0,0.0,2,0,2,1.0,menos de 3 formas distintas
concurrent-ruby,examples/go-by-example-channels/channel-directions.rb,0b88d5ff75f6,concurrency and parallelism,3.5,4,0,100,0.0,0,0.0,2,0,2,1.0,menos de 3 formas distintas
concurrent-ruby,lib/concurrent-ruby-edge/concurrent/actor/behaviour/executes_context.rb,0b88d5ff75f6,concurrency and parallelism,3.5,4,0,100,0.0,1,0.0,2,4,2,1.0,menos de 3 formas distintas
concurrent-ruby,lib/concurrent-ruby-edge/concurrent/actor/behaviour/sets_results.rb,0b88d5ff75f6,concurrency and parallelism,12.5,21,0,50,0.0,1,0.0,2,4,2,1.0,menos de 3 formas distintas
concurrent-ruby,lib/concurrent-ruby-edge/concurrent/actor/behaviour/supervising.rb,0b88d5ff75f6,concurrency and parallelism,12.5,13,0,50,0.0,1,0.0,2,4,2,1.0,menos de 3 formas distintas
concurrent-ruby,lib/concurrent-ruby-edge/concurrent/actor/errors.rb,0b88d5ff75f6,concurrency and parallelism,4,4,0,100,0.5,1,0.0,2,4,2,1.0,menos de 3 formas distintas
concurrent-ruby,lib/concurrent-ruby-edge/concurrent/actor/utils/ad_hoc.rb,0b88d5ff75f6,concurrency and parallelism,3,3,0,50,0.2,2,50.0,2,5,2,1.0,menos de 3 formas distintas
concurrent-ruby,lib/concurrent-ruby-edge/concurrent/actor/utils/pool.rb,0b88d5ff75f6,concurrency and parallelism,10,12,0,100,0.0,2,0.0,2,4,2,1.0,menos de 3 formas distintas
concurrent-ruby,lib/concurrent-ruby-edge/concurrent/channel/buffer/ticker.rb,0b88d5ff75f6,concurrency and parallelism,9,13,0,100,0.0,4,0.0,2,4,2,1.0,menos de 3 formas distintas
concurrent-ruby,lib/concurrent-ruby-edge/concurrent/channel/selector/after_clause.rb,0b88d5ff75f6,concurrency and parallelism,6.5,8,0,100,0.0,0,0.0,2,4,2,1.0,menos de 3 formas distintas
concurrent-ruby,lib/concurrent-ruby-edge/concurrent/channel/selector/default_clause.rb,0b88d5ff75f6,concurrency and parallelism,3,3,0,50,0.0,0,0.0,2,4,2,1.0,menos de 3 formas distintas
concurrent-ruby,lib/concurrent-ruby-edge/concurrent/channel/selector/error_clause.rb,0b88d5ff75f6,concurrency and parallelism,5,7,0,50,0.0,0,0.0,2,4,2,1.0,menos de 3 formas distintas
concurrent-ruby,lib/concurrent-ruby-edge/concurrent/channel/selector/put_clause.rb,0b88d5ff75f6,concurrency and parallelism,6.5,8,0,50,0.0,0,0.0,2,4,2,1.0,menos de 3 formas distintas
concurrent-ruby,lib/concurrent-ruby-edge/concurrent/channel/selector/take_clause.rb,0b88d5ff75f6,concurrency and parallelism,5.5,7,0,50,0.0,0,0.0,2,4,2,1.0,menos de 3 formas distintas
concurrent-ruby,lib/concurrent-ruby-edge/concurrent/edge/lock_free_linked_set/window.rb,0b88d5ff75f6,concurrency and parallelism,16.5,30,50,50,0.0,0,0.0,2,4,2,1.0,menos de 3 formas distintas
concurrent-ruby,lib/concurrent-ruby/concurrent/concern/deprecation.rb,0b88d5ff75f6,concurrency and parallelism,8.5,14,0,50,0.67,0,0.0,2,3,2,1.0,menos de 3 formas distintas
concurrent-ruby,lib/concurrent-ruby/concurrent/executor/cached_thread_pool.rb,0b88d5ff75f6,concurrency and parallelism,8.5,10,0,100,0.0,2,0.0,2,2,2,1.0,menos de 3 formas distintas
concurrent-ruby,lib/concurrent-ruby/concurrent/executor/indirect_immediate_executor.rb,0b88d5ff75f6,concurrency and parallelism,10,16,0,50,0.0,4,0.0,2,2,2,1.0,menos de 3 formas distintas
concurrent-ruby,lib/concurrent-ruby/concurrent/executor/java_single_thread_executor.rb,0b88d5ff75f6,concurrency and parallelism,5,7,0,50,0.5,4,0.0,2,2,2,1.0,menos de 3 formas distintas
concurrent-ruby,lib/concurrent-ruby/concurrent/executor/safe_task_executor.rb,0b88d5ff75f6,concurrency and parallelism,10.5,16,0,100,0.0,2,0.0,2,2,2,1.0,menos de 3 formas distintas
concurrent-ruby,lib/concurrent-ruby/concurrent/executor/serialized_execution_delegator.rb,0b88d5ff75f6,concurrency and parallelism,5,5,0,50,0.5,1,0.0,2,2,2,1.0,menos de 3 formas distintas
concurrent-ruby,lib/concurrent-ruby/concurrent/options.rb,0b88d5ff75f6,concurrency and parallelism,10.5,14,100,50,0.0,0,0.0,2,2,2,1.0,menos de 3 formas distintas
concurrent-ruby,support/yard_full_types.rb,0b88d5ff75f6,concurrency and parallelism,20,27,0,100,0.0,0,0.0,2,3,2,1.0,menos de 3 formas distintas
countries,lib/countries/country/conversion_methods.rb,8c026f5b49da,country data,3,3,0,0,0.0,0,0.0,2,2,2,1.0,menos de 3 formas distintas
countries,lib/countries/sources/cldr/downloader.rb,8c026f5b49da,country data,8.5,14,0,50,0.0,0,0.0,2,3,2,1.0,menos de 3 formas distintas
countries,lib/countries/sources/cldr/subdivision_updater.rb,8c026f5b49da,country data,13,21,0,100,0.0,0,0.0,2,3,2,1.0,menos de 3 formas distintas
dalli,scripts/changelog_section.rb,fc1b590e462a,caching,7.5,9,0,100,0.0,0,0.0,2,0,2,1.0,menos de 3 formas distintas
danger,lib/danger.rb,c94d38b3ce68,automation,9.5,12,100,0,0.0,0,0.0,2,1,2,1.0,menos de 3 formas distintas
danger,lib/danger/ci_source/support/find_repo_info_from_url.rb,c94d38b3ce68,automation,8.5,14,0,50,0.0,0,0.0,2,2,2,1.0,menos de 3 formas distintas
danger,lib/danger/ci_source/support/local_pull_request.rb,c94d38b3ce68,automation,3.5,4,0,50,0.0,0,0.0,2,2,2,1.0,menos de 3 formas distintas
danger,lib/danger/ci_source/support/remote_pull_request.rb,c94d38b3ce68,automation,4,5,0,0,0.0,0,0.0,2,2,2,1.0,menos de 3 formas distintas
danger,lib/danger/commands/dangerfile/init.rb,c94d38b3ce68,automation,4,5,50,50,0.0,3,0.0,2,4,2,1.0,menos de 3 formas distintas
danger,lib/danger/commands/local_helpers/local_setup.rb,c94d38b3ce68,automation,19,34,0,50,0.0,0,0.0,2,2,2,1.0,menos de 3 formas distintas
danger,lib/danger/commands/plugins/plugin_json.rb,c94d38b3ce68,automation,11.5,17,0,100,0.0,1,0.0,2,2,2,1.0,menos de 3 formas distintas
danger,lib/danger/commands/plugins/plugin_readme.rb,c94d38b3ce68,automation,9,12,0,100,0.0,1,0.0,2,2,2,1.0,menos de 3 formas distintas
danger,lib/danger/danger_core/dangerfile_dsl.rb,c94d38b3ce68,automation,4,5,0,0,0.0,0,0.0,2,3,2,1.0,menos de 3 formas distintas
danger,lib/danger/helpers/find_max_num_violations.rb,c94d38b3ce68,automation,10,17,0,50,0.0,0,0.0,2,1,2,1.0,menos de 3 formas distintas
danger,lib/danger/plugin_support/plugin_file_resolver.rb,c94d38b3ce68,automation,7,11,0,50,0.0,0,0.0,2,2,2,1.0,menos de 3 formas distintas
danger,lib/danger/request_sources/github/github_review_resolver.rb,c94d38b3ce68,automation,3,3,100,100,0.0,0,0.0,2,4,2,1.0,menos de 3 formas distintas
danger,lib/danger/request_sources/support/get_ignored_violation.rb,c94d38b3ce68,automation,4,5,0,50,0.0,0,0.0,2,1,2,1.0,menos de 3 formas distintas
devise,lib/devise/controllers/scoped_views.rb,9ea459de9aec,authentication and oauth,3,3,0,0,0.25,0,0.0,2,4,2,1.0,menos de 3 formas distintas
devise,lib/devise/delegator.rb,9ea459de9aec,authentication and oauth,5,7,0,50,0.0,0,0.0,2,2,2,1.0,menos de 3 formas distintas
devise,lib/devise/encryptor.rb,9ea459de9aec,authentication and oauth,7.5,9,100,100,0.0,0,0.0,2,2,2,1.0,menos de 3 formas distintas
devise,lib/devise/hooks/proxy.rb,9ea459de9aec,authentication and oauth,3,3,0,50,0.67,0,0.0,2,3,2,1.0,menos de 3 formas distintas
devise,lib/devise/models/registerable.rb,9ea459de9aec,authentication and oauth,3,3,50,0,0.25,0,0.0,2,4,2,1.0,menos de 3 formas distintas
devise,lib/devise/strategies/base.rb,9ea459de9aec,authentication and oauth,5,7,0,50,0.0,1,0.0,2,3,2,1.0,menos de 3 formas distintas
devise,lib/generators/active_record/templates/migration_existing.rb,9ea459de9aec,authentication and oauth,11,17,100,50,0.0,1,0.0,2,1,2,1.0,menos de 3 formas distintas
devise,lib/generators/devise/controllers_generator.rb,9ea459de9aec,authentication and oauth,5.5,8,0,100,0.0,2,0.0,2,3,2,1.0,menos de 3 formas distintas
docile,lib/docile/backtrace_filter.rb,f0c25f516b8f,core extensions,3,3,0,50,0.0,0,0.0,2,2,2,1.0,menos de 3 formas distintas
doorkeeper,app/controllers/doorkeeper/authorized_applications_controller.rb,75a84fefe686,authentication and oauth,12,16,0,100,0.0,2,0.0,2,2,2,1.0,menos de 3 formas distintas
doorkeeper,app/helpers/doorkeeper/dashboard_helper.rb,75a84fefe686,authentication and oauth,7,11,0,100,0.0,0,0.0,2,2,2,1.0,menos de 3 formas distintas
doorkeeper,lib/doorkeeper/config/abstract_builder.rb,75a84fefe686,authentication and oauth,4,4,0,50,0.0,0,50.0,2,3,2,1.0,menos de 3 formas distintas
doorkeeper,lib/doorkeeper/config/option.rb,75a84fefe686,authentication and oauth,22,38,50,100,0.0,0,250.0,2,3,2,1.0,menos de 3 formas distintas
doorkeeper,lib/doorkeeper/grant_flow/fallback_flow.rb,75a84fefe686,authentication and oauth,3,3,0,0,0.0,1,0.0,2,3,1,0.5,menos de 3 formas distintas
doorkeeper,lib/doorkeeper/grape/authorization_decorator.rb,75a84fefe686,authentication and oauth,5,7,0,50,0.0,1,0.0,2,3,2,1.0,menos de 3 formas distintas
doorkeeper,lib/doorkeeper/models/concerns/resource_ownerable.rb,75a84fefe686,authentication and oauth,7,7,0,50,0.25,0,0.0,2,4,2,1.0,menos de 3 formas distintas
doorkeeper,lib/doorkeeper/models/concerns/revocable.rb,75a84fefe686,authentication and oauth,6.5,10,0,100,0.0,0,0.0,2,3,2,1.0,menos de 3 formas distintas
doorkeeper,lib/doorkeeper/models/concerns/write_to_primary.rb,75a84fefe686,authentication and oauth,8.5,10,0,0,0.25,0,0.0,2,4,2,1.0,menos de 3 formas distintas
doorkeeper,lib/doorkeeper/oauth/helpers/unique_token.rb,75a84fefe686,authentication and oauth,7,11,100,50,0.0,0,0.0,2,4,2,1.0,menos de 3 formas distintas
doorkeeper,lib/doorkeeper/oauth/hooks/context.rb,75a84fefe686,authentication and oauth,4,5,0,100,0.0,0,50.0,2,4,2,1.0,menos de 3 formas distintas
doorkeeper,lib/doorkeeper/rails/routes/registry.rb,75a84fefe686,authentication and oauth,7,9,0,50,0.0,0,0.0,2,4,2,1.0,menos de 3 formas distintas
doorkeeper,lib/doorkeeper/request/authorization_code.rb,75a84fefe686,authentication and oauth,6.5,8,0,50,0.0,1,0.0,2,3,2,1.0,menos de 3 formas distintas
doorkeeper,lib/doorkeeper/request/code.rb,75a84fefe686,authentication and oauth,3,3,0,50,0.0,1,50.0,2,3,2,1.0,menos de 3 formas distintas
doorkeeper,lib/doorkeeper/request/refresh_token.rb,75a84fefe686,authentication and oauth,5.5,8,0,50,0.0,1,0.0,2,3,2,1.0,menos de 3 formas distintas
doorkeeper,lib/doorkeeper/request/strategy.rb,75a84fefe686,authentication and oauth,3,3,0,0,0.0,0,0.0,2,3,2,1.0,menos de 3 formas distintas
doorkeeper,lib/doorkeeper/request/token.rb,75a84fefe686,authentication and oauth,3,3,0,50,0.0,1,50.0,2,3,2,1.0,menos de 3 formas distintas
doorkeeper,lib/doorkeeper/secret_storing/sha256_hash.rb,75a84fefe686,authentication and oauth,3,3,100,0,0.0,1,0.0,2,3,2,1.0,menos de 3 formas distintas
dotenv,lib/dotenv/cli.rb,34156bf400cd,configuration,23,39,0,100,0.0,1,0.0,2,2,2,1.0,menos de 3 formas distintas
dry-types,lib/dry/types/array.rb,1a13fb04926f,type signatures and type checking,6,9,0,0,0.0,1,0.0,2,3,2,1.0,menos de 3 formas distintas
dry-types,lib/dry/types/coercions/json.rb,1a13fb04926f,type signatures and type checking,11,13,100,100,0.25,0,0.0,2,4,2,1.0,menos de 3 formas distintas
dry-types,lib/dry/types/constraints.rb,1a13fb04926f,type signatures and type checking,6,9,100,50,0.0,0,0.0,2,2,2,1.0,menos de 3 formas distintas
dry-types,lib/dry/types/options.rb,1a13fb04926f,type signatures and type checking,5.5,7,0,100,0.0,0,0.0,2,3,2,1.0,menos de 3 formas distintas
dry-types,lib/dry/types/type.rb,1a13fb04926f,type signatures and type checking,5.5,7,0,0,0.33,0,0.0,2,3,2,1.0,menos de 3 formas distintas
eventmachine,examples/guides/getting_started/04_simple_chat_server_step_one.rb,9cb13a8a6236,concurrency and parallelism,3,3,0,0,0.0,1,0.0,2,1,1,0.5,menos de 3 formas distintas
eventmachine,lib/em/protocols/line_protocol.rb,9cb13a8a6236,concurrency and parallelism,5,7,0,50,0.0,0,0.0,2,3,2,1.0,menos de 3 formas distintas
excon,benchmarks/class_vs_lambda.rb,ac022b6417d7,http clients and tools,3,3,0,50,0.0,0,0.0,2,1,2,1.0,menos de 3 formas distintas
excon,benchmarks/excon.rb,ac022b6417d7,http clients and tools,12,16,50,0,0.0,1,0.0,2,2,2,1.0,menos de 3 formas distintas
excon,benchmarks/excon_vs.rb,ac022b6417d7,http clients and tools,12,16,50,0,0.0,1,0.0,2,2,2,1.0,menos de 3 formas distintas
excon,benchmarks/headers_case_sensitivity.rb,ac022b6417d7,http clients and tools,12,12,0,100,0.0,0,0.0,2,0,1,0.5,menos de 3 formas distintas
excon,benchmarks/implicit_block-vs-explicit_block.rb,ac022b6417d7,http clients and tools,4,4,0,50,0.0,0,0.0,2,0,2,1.0,menos de 3 formas distintas
excon,benchmarks/vs_stdlib.rb,ac022b6417d7,http clients and tools,12,16,50,0,0.0,1,0.0,2,2,2,1.0,menos de 3 formas distintas
excon,lib/excon/middlewares/decompress.rb,ac022b6417d7,http clients and tools,13.5,20,0,100,0.0,1,0.0,2,3,2,1.0,menos de 3 formas distintas
excon,lib/excon/middlewares/expects.rb,ac022b6417d7,http clients and tools,8.5,12,50,50,0.0,1,0.0,2,3,2,1.0,menos de 3 formas distintas
excon,lib/excon/middlewares/mock.rb,ac022b6417d7,http clients and tools,26.5,46,50,50,0.0,1,0.0,2,3,2,1.0,menos de 3 formas distintas
excon,lib/excon/socks5_socket.rb,ac022b6417d7,http clients and tools,10.5,16,0,100,0.5,1,0.0,2,2,2,1.0,menos de 3 formas distintas
excon,lib/excon/socks5_ssl_socket.rb,ac022b6417d7,http clients and tools,11,17,0,100,0.5,2,0.0,2,2,2,1.0,menos de 3 formas distintas
eye,lib/eye/checker/cputime.rb,300aa8793112,process management and monitoring,3,3,0,50,0.0,2,0.0,2,1,2,1.0,menos de 3 formas distintas
eye,lib/eye/checker/runtime.rb,300aa8793112,process management and monitoring,5.5,8,0,100,0.0,2,0.0,2,1,2,1.0,menos de 3 formas distintas
eye,lib/eye/checker/ssl_socket.rb,300aa8793112,process management and monitoring,4.5,6,0,100,0.0,3,0.0,2,1,2,1.0,menos de 3 formas distintas
eye,lib/eye/controller/options.rb,300aa8793112,process management and monitoring,4.5,6,0,0,0.0,0,0.0,2,1,2,1.0,menos de 3 formas distintas
eye,lib/eye/dsl/child_process_opts.rb,300aa8793112,process management and monitoring,3.5,4,0,0,0.0,2,0.0,2,1,2,1.0,menos de 3 formas distintas
eye,lib/eye/notify/slack.rb,300aa8793112,process management and monitoring,10.5,15,0,100,0.0,1,0.0,2,1,2,1.0,menos de 3 formas distintas
eye,lib/eye/process/notify.rb,300aa8793112,process management and monitoring,9,15,0,0,0.0,0,0.0,2,1,2,1.0,menos de 3 formas distintas
eye,lib/eye/trigger/check_dependency.rb,300aa8793112,process management and monitoring,12,21,0,100,0.0,1,0.0,2,1,2,1.0,menos de 3 formas distintas
eye,lib/eye/trigger/wait_dependency.rb,300aa8793112,process management and monitoring,19,35,0,100,0.0,1,0.0,2,1,2,1.0,menos de 3 formas distintas
factory_bot,lib/factory_bot.rb,5d399535578d,testing,4,5,100,100,0.0,0,0.0,2,1,2,1.0,menos de 3 formas distintas
factory_bot,lib/factory_bot/attribute/dynamic.rb,5d399535578d,testing,8.5,13,0,50,0.0,1,100.0,2,3,2,1.0,menos de 3 formas distintas
factory_bot,lib/factory_bot/attribute/sequence.rb,5d399535578d,testing,4,4,0,0,0.0,1,0.0,2,3,2,1.0,menos de 3 formas distintas
factory_bot,lib/factory_bot/configuration.rb,5d399535578d,testing,7.5,12,0,50,0.0,0,0.0,2,2,2,1.0,menos de 3 formas distintas
factory_bot,lib/factory_bot/declaration.rb,5d399535578d,testing,3.5,4,0,0,0.0,0,0.0,2,2,2,1.0,menos de 3 formas distintas
factory_bot,lib/factory_bot/decorator/attribute_hash.rb,5d399535578d,testing,4.5,5,0,50,0.0,2,50.0,2,3,2,1.0,menos de 3 formas distintas
factory_bot,lib/factory_bot/evaluator_class_definer.rb,5d399535578d,testing,7,8,0,50,0.0,0,0.0,2,2,2,1.0,menos de 3 formas distintas
factory_bot,lib/factory_bot/factory_runner.rb,5d399535578d,testing,15,23,0,100,0.0,0,0.0,2,2,2,1.0,menos de 3 formas distintas
faker,lib/faker/creature/horse.rb,e48d35f4fa0d,testing,3,3,100,0,0.0,1,0.0,2,3,1,0.5,menos de 3 formas distintas
faker,lib/faker/default/adjective.rb,e48d35f4fa0d,testing,3,3,100,0,0.0,1,0.0,2,2,1,0.5,menos de 3 formas distintas
faker,lib/faker/default/alphanumeric.rb,e48d35f4fa0d,testing,12.5,19,100,100,0.0,1,0.0,2,2,2,1.0,menos de 3 formas distintas
faker,lib/faker/default/appliance.rb,e48d35f4fa0d,testing,3,3,100,0,0.0,1,0.0,2,2,1,0.5,menos de 3 formas distintas
faker,lib/faker/default/coin.rb,e48d35f4fa0d,testing,3,3,100,0,0.0,1,0.0,2,2,1,0.5,menos de 3 formas distintas
faker,lib/faker/default/emotion.rb,e48d35f4fa0d,testing,3,3,100,0,0.0,1,0.0,2,2,1,0.5,menos de 3 formas distintas
faker,lib/faker/default/greek_philosophers.rb,e48d35f4fa0d,testing,3,3,100,0,0.0,1,0.0,2,2,1,0.5,menos de 3 formas distintas
faker,lib/faker/default/house.rb,e48d35f4fa0d,testing,3,3,100,0,0.0,1,0.0,2,2,1,0.5,menos de 3 formas distintas
faker,lib/faker/default/mountain.rb,e48d35f4fa0d,testing,3,3,100,0,0.0,1,0.0,2,2,1,0.5,menos de 3 formas distintas
faker,lib/faker/default/movie.rb,e48d35f4fa0d,testing,3,3,100,0,0.0,1,0.0,2,2,1,0.5,menos de 3 formas distintas
faker,lib/faker/default/national_health_service.rb,e48d35f4fa0d,testing,12,14,100,50,0.0,1,0.0,2,2,2,1.0,menos de 3 formas distintas
faker,lib/faker/default/placeholdit.rb,e48d35f4fa0d,testing,9,15,100,100,0.0,1,0.0,2,2,2,1.0,menos de 3 formas distintas
faker,lib/faker/default/programming_language.rb,e48d35f4fa0d,testing,3,3,100,0,0.0,1,0.0,2,2,1,0.5,menos de 3 formas distintas
faker,lib/faker/default/tea.rb,e48d35f4fa0d,testing,3.5,4,100,50,0.0,1,0.0,2,2,2,1.0,menos de 3 formas distintas
faker,lib/faker/games/super_smash_bros.rb,e48d35f4fa0d,testing,3,3,100,0,0.0,1,0.0,2,3,1,0.5,menos de 3 formas distintas
faker,lib/faker/movies/princess_bride.rb,e48d35f4fa0d,testing,3,3,100,0,0.0,1,0.0,2,3,1,0.5,menos de 3 formas distintas
faker,lib/faker/music/bossa_nova.rb,e48d35f4fa0d,testing,3,3,100,0,0.0,1,0.0,2,3,1,0.5,menos de 3 formas distintas
faker,lib/faker/music/grateful_dead.rb,e48d35f4fa0d,testing,3,3,100,0,0.0,1,0.0,2,3,1,0.5,menos de 3 formas distintas
faker,lib/faker/music/rock_band.rb,e48d35f4fa0d,testing,3,3,100,0,0.0,1,0.0,2,3,1,0.5,menos de 3 formas distintas
faker,lib/faker/music/rush.rb,e48d35f4fa0d,testing,3,3,100,0,0.0,1,0.0,2,3,1,0.5,menos de 3 formas distintas
faker,lib/faker/travel/airport.rb,e48d35f4fa0d,testing,3,3,100,0,0.0,1,0.0,2,3,1,0.5,menos de 3 formas distintas
faker,lib/faker/tv_shows/aqua_teen_hunger_force.rb,e48d35f4fa0d,testing,3,3,100,0,0.0,1,0.0,2,3,1,0.5,menos de 3 formas distintas
faker,lib/faker/tv_shows/big_bang_theory.rb,e48d35f4fa0d,testing,3,3,100,0,0.0,1,0.0,2,3,1,0.5,menos de 3 formas distintas
faker,lib/faker/tv_shows/breaking_bad.rb,e48d35f4fa0d,testing,3,3,100,0,0.0,1,0.0,2,3,1,0.5,menos de 3 formas distintas
faker,lib/faker/tv_shows/brooklyn_nine_nine.rb,e48d35f4fa0d,testing,3,3,100,0,0.0,1,0.0,2,3,1,0.5,menos de 3 formas distintas
faker,lib/faker/tv_shows/community.rb,e48d35f4fa0d,testing,3,3,100,0,0.0,1,0.0,2,3,1,0.5,menos de 3 formas distintas
faker,lib/faker/tv_shows/new_girl.rb,e48d35f4fa0d,testing,3,3,100,0,0.0,1,0.0,2,3,1,0.5,menos de 3 formas distintas
faker,lib/faker/tv_shows/parks_and_rec.rb,e48d35f4fa0d,testing,3,3,100,0,0.0,1,0.0,2,3,1,0.5,menos de 3 formas distintas
faker,lib/faker/tv_shows/ru_paul.rb,e48d35f4fa0d,testing,3,3,100,0,0.0,1,0.0,2,3,1,0.5,menos de 3 formas distintas
faker,lib/faker/tv_shows/stranger_things.rb,e48d35f4fa0d,testing,3,3,100,0,0.0,1,0.0,2,3,1,0.5,menos de 3 formas distintas
faker,lib/faker/tv_shows/suits.rb,e48d35f4fa0d,testing,3,3,100,0,0.0,1,0.0,2,3,1,0.5,menos de 3 formas distintas
faker,lib/faker/tv_shows/the_office.rb,e48d35f4fa0d,testing,3,3,100,0,0.0,1,0.0,2,3,1,0.5,menos de 3 formas distintas
faraday,lib/faraday/encoders/flat_params_encoder.rb,f1ace878bae1,http clients and tools,31.5,40,100,100,0.5,0,0.0,2,2,2,1.0,menos de 3 formas distintas
faraday,lib/faraday/options/request_options.rb,f1ace878bae1,http clients and tools,5,7,0,100,0.0,0,0.0,2,1,2,1.0,menos de 3 formas distintas
fastimage,lib/fastimage/fastimage_parsing/avif.rb,7a0dcf780e6d,image processing,3.5,4,0,100,0.0,1,0.0,2,2,2,1.0,menos de 3 formas distintas
fastimage,lib/fastimage/fastimage_parsing/png.rb,7a0dcf780e6d,image processing,10.5,18,0,100,0.0,1,0.0,2,2,2,1.0,menos de 3 formas distintas
fastimage,lib/fastimage/fastimage_parsing/tiff.rb,7a0dcf780e6d,image processing,5.5,8,0,50,0.0,1,0.0,2,2,2,1.0,menos de 3 formas distintas
fastimage,lib/fastimage/fastimage_parsing/type_parser.rb,7a0dcf780e6d,image processing,34,65,0,50,0.0,0,0.0,2,2,2,1.0,menos de 3 formas distintas
fastlane,cert/lib/cert/commands_generator.rb,38d0ec404332,mobile development,21.5,40,50,50,0.5,0,0.0,2,2,2,1.0,menos de 3 formas distintas
fastlane,fastlane/helper/tool_name_formatting_helper.rb,38d0ec404332,mobile development,15,26,0,50,0.0,0,0.0,2,3,2,1.0,menos de 3 formas distintas
fastlane,fastlane/lib/fastlane.rb,38d0ec404332,mobile development,6,9,100,0,0.0,0,0.0,2,1,2,1.0,menos de 3 formas distintas
fastlane,fastlane/lib/fastlane/auto_complete.rb,38d0ec404332,mobile development,35,59,100,100,0.0,0,0.0,2,2,2,1.0,menos de 3 formas distintas
fastlane,fastlane/lib/fastlane/command_line_handler.rb,38d0ec404332,mobile development,19,31,100,100,0.0,0,0.0,2,2,2,1.0,menos de 3 formas distintas
fastlane,fastlane/lib/fastlane/helper/lane_helper.rb,38d0ec404332,mobile development,3,3,100,0,0.0,0,0.0,2,3,1,0.5,menos de 3 formas distintas
fastlane,fastlane/lib/fastlane/one_off.rb,38d0ec404332,mobile development,19.5,21,100,100,0.0,0,0.0,2,2,2,1.0,menos de 3 formas distintas
fastlane,fastlane/lib/fastlane/other_action.rb,38d0ec404332,mobile development,9,15,0,0,0.0,0,0.0,2,2,2,1.0,menos de 3 formas distintas
fastlane,fastlane/lib/fastlane/plugins/plugin_search.rb,38d0ec404332,mobile development,19,35,100,100,0.0,0,0.0,2,2,2,1.0,menos de 3 formas distintas
fastlane,fastlane_core/lib/fastlane_core/analytics/action_completion_context.rb,38d0ec404332,mobile development,7.5,9,50,50,0.0,0,0.0,2,3,2,1.0,menos de 3 formas distintas
fastlane,fastlane_core/lib/fastlane_core/command_executor.rb,38d0ec404332,mobile development,38,67,100,50,0.0,0,0.0,2,2,2,1.0,menos de 3 formas distintas
fastlane,fastlane_core/lib/fastlane_core/configuration/commander_generator.rb,38d0ec404332,mobile development,47.5,85,0,100,0.5,0,0.0,2,2,2,1.0,menos de 3 formas distintas
fastlane,fastlane_core/lib/fastlane_core/pkg_upload_package_builder.rb,38d0ec404332,mobile development,15,23,0,0,0.0,0,0.0,2,2,2,1.0,menos de 3 formas distintas
fastlane,fastlane_core/lib/fastlane_core/ui/errors/fastlane_exception.rb,38d0ec404332,mobile development,6,9,0,50,0.0,1,0.0,2,3,2,1.0,menos de 3 formas distintas
fastlane,fastlane_core/lib/fastlane_core/ui/errors/fastlane_shell_error.rb,38d0ec404332,mobile development,3,3,0,50,0.0,2,0.0,2,3,2,1.0,menos de 3 formas distintas
fastlane,fastlane_core/lib/fastlane_core/ui/ui.rb,38d0ec404332,mobile development,6,8,100,50,0.0,0,50.0,2,2,2,1.0,menos de 3 formas distintas
fastlane,fastlane_core/lib/fastlane_core/update_checker/changelog.rb,38d0ec404332,mobile development,14,21,100,100,0.0,0,0.0,2,2,2,1.0,menos de 3 formas distintas
fastlane,frameit/lib/frameit/dependency_checker.rb,38d0ec404332,mobile development,7.5,10,100,0,0.0,0,0.0,2,2,2,1.0,menos de 3 formas distintas
fastlane,frameit/lib/frameit/module.rb,38d0ec404332,mobile development,10,16,50,100,0.0,0,0.0,2,2,2,1.0,menos de 3 formas distintas
fastlane,frameit/lib/frameit/offsets.rb,38d0ec404332,mobile development,10,14,100,100,0.0,0,0.0,2,2,2,1.0,menos de 3 formas distintas
fastlane,frameit/lib/frameit/strings_parser.rb,38d0ec404332,mobile development,19,35,100,100,0.0,0,0.0,2,2,2,1.0,menos de 3 formas distintas
fastlane,frameit/lib/frameit/template_finder.rb,38d0ec404332,mobile development,16.5,29,100,100,0.0,0,0.0,2,2,2,1.0,menos de 3 formas distintas
fastlane,gym/lib/gym/options.rb,38d0ec404332,mobile development,173.5,342,100,50,0.0,0,0.0,2,2,2,1.0,menos de 3 formas distintas
fastlane,gym/lib/gym/xcodebuild_fixes/generic_archive_fix.rb,38d0ec404332,mobile development,7,10,100,50,0.0,0,0.0,2,2,2,1.0,menos de 3 formas distintas
fastlane,match/lib/match/change_password.rb,38d0ec404332,mobile development,18.5,34,100,50,0.0,0,0.0,2,2,2,1.0,menos de 3 formas distintas
fastlane,match/lib/match/commands_generator.rb,38d0ec404332,mobile development,81,159,50,50,0.5,0,0.0,2,2,2,1.0,menos de 3 formas distintas
fastlane,match/lib/match/encryption/interface.rb,38d0ec404332,mobile development,3,3,0,0,0.0,0,0.0,2,3,2,1.0,menos de 3 formas distintas
fastlane,match/lib/match/importer.rb,38d0ec404332,mobile development,63,117,0,100,0.0,0,0.0,2,2,2,1.0,menos de 3 formas distintas
fastlane,match/lib/match/setup.rb,38d0ec404332,mobile development,16,29,0,50,0.0,0,0.0,2,2,2,1.0,menos de 3 formas distintas
fastlane,match/lib/match/table_printer.rb,38d0ec404332,mobile development,20,28,100,50,0.0,0,0.0,2,2,2,1.0,menos de 3 formas distintas
fastlane,pem/lib/pem/commands_generator.rb,38d0ec404332,mobile development,15.5,28,50,50,0.5,0,0.0,2,2,2,1.0,menos de 3 formas distintas
fastlane,pilot/lib/pilot/tester_exporter.rb,38d0ec404332,mobile development,24,33,0,50,0.0,1,0.0,2,2,2,1.0,menos de 3 formas distintas
fastlane,precheck/lib/precheck/commands_generator.rb,38d0ec404332,mobile development,27,51,50,100,0.5,0,0.0,2,2,2,1.0,menos de 3 formas distintas
fastlane,precheck/lib/precheck/options.rb,38d0ec404332,mobile development,50,86,100,50,0.0,0,0.0,2,2,2,1.0,menos de 3 formas distintas
fastlane,precheck/lib/precheck/rule_check_result.rb,38d0ec404332,mobile development,4,5,0,50,0.0,0,0.0,2,2,2,1.0,menos de 3 formas distintas
fastlane,produce/lib/produce/commands_generator.rb,38d0ec404332,mobile development,160,317,50,50,0.5,0,0.0,2,2,2,1.0,menos de 3 formas distintas
fastlane,produce/lib/produce/options.rb,38d0ec404332,mobile development,87,169,100,100,0.0,0,0.0,2,2,2,1.0,menos de 3 formas distintas
fastlane,scan/lib/scan/error_handler.rb,38d0ec404332,mobile development,28,53,100,0,0.0,0,0.0,2,2,2,1.0,menos de 3 formas distintas
fastlane,scan/lib/scan/manager.rb,38d0ec404332,mobile development,13.5,16,0,50,0.0,0,0.0,2,2,2,1.0,menos de 3 formas distintas
fastlane,scan/lib/scan/options.rb,38d0ec404332,mobile development,279,554,100,100,0.0,0,0.0,2,2,2,1.0,menos de 3 formas distintas
fastlane,screengrab/lib/screengrab/commands_generator.rb,38d0ec404332,mobile development,25,47,50,50,0.5,0,0.0,2,2,2,1.0,menos de 3 formas distintas
fastlane,screengrab/lib/screengrab/module.rb,38d0ec404332,mobile development,3.5,4,100,0,0.0,0,0.0,2,1,2,1.0,menos de 3 formas distintas
fastlane,snapshot/lib/snapshot/detect_values.rb,38d0ec404332,mobile development,37.5,64,100,100,0.0,0,0.0,2,2,2,1.0,menos de 3 formas distintas
fastlane,snapshot/lib/snapshot/fixes/simulator_zoom_fix.rb,38d0ec404332,mobile development,6.5,10,100,50,0.0,0,0.0,2,3,2,1.0,menos de 3 formas distintas
fastlane,snapshot/lib/snapshot/screenshot_flatten.rb,38d0ec404332,mobile development,5.5,7,0,0,0.0,0,0.0,2,2,2,1.0,menos de 3 formas distintas
fastlane,snapshot/lib/snapshot/screenshot_rotate.rb,38d0ec404332,mobile development,12,20,0,50,0.0,0,0.0,2,2,2,1.0,menos de 3 formas distintas
fastlane,snapshot/lib/snapshot/setup.rb,38d0ec404332,mobile development,25,33,100,0,0.0,0,0.0,2,2,2,1.0,menos de 3 formas distintas
fastlane,snapshot/lib/snapshot/update.rb,38d0ec404332,mobile development,14,23,50,100,0.0,0,0.0,2,2,2,1.0,menos de 3 formas distintas
fastlane,spaceship/lib/spaceship/commands_generator.rb,38d0ec404332,mobile development,23,43,50,50,0.5,0,0.0,2,2,2,1.0,menos de 3 formas distintas
fastlane,spaceship/lib/spaceship/connect_api.rb,38d0ec404332,mobile development,15,17,100,100,0.0,0,0.0,2,4,1,0.5,menos de 3 formas distintas
fastlane,spaceship/lib/spaceship/connect_api/models/app_data_usage_category.rb,38d0ec404332,mobile development,3.5,4,100,50,0.25,0,0.0,2,4,2,1.0,menos de 3 formas distintas
fastlane,spaceship/lib/spaceship/connect_api/models/app_data_usage_purposes.rb,38d0ec404332,mobile development,3.5,4,100,50,0.25,0,0.0,2,4,2,1.0,menos de 3 formas distintas
fastlane,spaceship/lib/spaceship/connect_api/models/app_store_version_submission.rb,38d0ec404332,mobile development,3.5,4,50,50,0.33,0,0.0,2,3,2,1.0,menos de 3 formas distintas
fastlane,spaceship/lib/spaceship/connect_api/models/beta_app_review_submission.rb,38d0ec404332,mobile development,3.5,4,50,50,0.33,0,0.0,2,3,2,1.0,menos de 3 formas distintas
fastlane,spaceship/lib/spaceship/connect_api/models/beta_tester_metric.rb,38d0ec404332,mobile development,3,3,50,50,0.25,0,0.0,2,4,2,1.0,menos de 3 formas distintas
fastlane,spaceship/lib/spaceship/connect_api/models/build_bundle.rb,38d0ec404332,mobile development,3,3,50,0,0.25,0,0.0,2,4,2,1.0,menos de 3 formas distintas
fastlane,spaceship/lib/spaceship/connect_api/models/build_bundle_file_sizes.rb,38d0ec404332,mobile development,4,5,100,50,0.33,0,0.0,2,3,2,1.0,menos de 3 formas distintas
fastlane,spaceship/lib/spaceship/connect_api/models/build_delivery.rb,38d0ec404332,mobile development,6,9,100,50,0.33,0,0.0,2,3,2,1.0,menos de 3 formas distintas
fastlane,spaceship/lib/spaceship/connect_api/models/build_upload.rb,38d0ec404332,mobile development,6,9,100,50,0.33,0,0.0,2,3,2,1.0,menos de 3 formas distintas
fastlane,spaceship/lib/spaceship/connect_api/models/capabilities.rb,38d0ec404332,mobile development,4,5,100,50,0.33,0,0.0,2,3,2,1.0,menos de 3 formas distintas
fastlane,spaceship/lib/spaceship/connect_api/models/reset_ratings_request.rb,38d0ec404332,mobile development,3.5,4,50,50,0.33,0,0.0,2,3,2,1.0,menos de 3 formas distintas
fastlane,spaceship/lib/spaceship/connect_api/models/review_submission_item.rb,38d0ec404332,mobile development,4,5,100,50,0.33,0,0.0,2,3,2,1.0,menos de 3 formas distintas
fastlane,spaceship/lib/spaceship/connect_api/models/territory.rb,38d0ec404332,mobile development,4,5,100,50,0.33,0,0.0,2,3,2,1.0,menos de 3 formas distintas
fastlane,spaceship/lib/spaceship/connect_api/testflight/client.rb,38d0ec404332,mobile development,7,11,50,50,0.0,2,0.0,2,4,2,1.0,menos de 3 formas distintas
fastlane,spaceship/lib/spaceship/connect_api/token_refresh_middleware.rb,38d0ec404332,mobile development,7,10,0,50,0.0,1,0.0,2,2,2,1.0,menos de 3 formas distintas
fastlane,spaceship/lib/spaceship/connect_api/tunes/client.rb,38d0ec404332,mobile development,7,11,50,50,0.0,2,0.0,2,4,2,1.0,menos de 3 formas distintas
fastlane,spaceship/lib/spaceship/connect_api/users/client.rb,38d0ec404332,mobile development,7,11,50,50,0.0,2,0.0,2,4,2,1.0,menos de 3 formas distintas
fastlane,spaceship/lib/spaceship/globals.rb,38d0ec404332,mobile development,4.5,6,100,0,0.0,0,0.0,2,2,2,1.0,menos de 3 formas distintas
fastlane,spaceship/lib/spaceship/helper/rels_middleware.rb,38d0ec404332,mobile development,7.5,11,0,50,0.0,1,0.0,2,4,2,1.0,menos de 3 formas distintas
fastlane,spaceship/lib/spaceship/tunes/app_ratings.rb,38d0ec404332,mobile development,7,7,0,100,0.0,2,0.0,2,3,2,1.0,menos de 3 formas distintas
fastlane,spaceship/lib/spaceship/tunes/app_review.rb,38d0ec404332,mobile development,6.5,9,50,50,0.0,2,0.0,2,3,2,1.0,menos de 3 formas distintas
fastlane,spaceship/lib/spaceship/tunes/app_trailer.rb,38d0ec404332,mobile development,10.5,16,0,50,0.0,2,50.0,2,3,2,1.0,menos de 3 formas distintas
fastlane,spaceship/lib/spaceship/tunes/app_version_common.rb,38d0ec404332,mobile development,12,19,100,100,0.0,0,0.0,2,3,2,1.0,menos de 3 formas distintas
fastlane,spaceship/lib/spaceship/tunes/b2b_user.rb,38d0ec404332,mobile development,3,3,50,100,0.0,2,0.0,2,3,2,1.0,menos de 3 formas distintas
fastlane,spaceship/lib/spaceship/tunes/device_type.rb,38d0ec404332,mobile development,3.5,4,100,50,0.0,0,0.0,2,3,2,1.0,menos de 3 formas distintas
fastlane,spaceship/lib/spaceship/tunes/spaceship.rb,38d0ec404332,mobile development,3,3,100,50,0.0,0,0.0,2,2,2,1.0,menos de 3 formas distintas
fastlane,spaceship/lib/spaceship/ui.rb,38d0ec404332,mobile development,3,3,0,0,0.0,0,0.0,2,3,2,1.0,menos de 3 formas distintas
fastlane,supply/lib/supply/generated_universal_apk.rb,38d0ec404332,mobile development,6,6,0,50,0.0,0,0.0,2,2,2,1.0,menos de 3 formas distintas
fastlane,supply/lib/supply/listing.rb,38d0ec404332,mobile development,9,11,0,100,0.0,0,0.0,2,2,2,1.0,menos de 3 formas distintas
fastlane,trainer/lib/trainer/commands_generator.rb,38d0ec404332,mobile development,16,29,50,50,0.5,0,0.0,2,2,2,1.0,menos de 3 formas distintas
fastlane,trainer/lib/trainer/junit_generator.rb,38d0ec404332,mobile development,11,19,0,50,0.0,0,0.0,2,2,2,1.0,menos de 3 formas distintas
fastlane,trainer/lib/trainer/xcresult.rb,38d0ec404332,mobile development,7,9,100,100,0.0,0,0.0,2,3,2,1.0,menos de 3 formas distintas
fastlane,trainer/lib/trainer/xcresult/repetition.rb,38d0ec404332,mobile development,9,10,50,50,0.33,0,0.0,2,3,2,1.0,menos de 3 formas distintas
foreman,lib/foreman/env.rb,3530b8e4a1b1,process management and monitoring,10,15,0,100,0.0,0,0.0,2,1,2,1.0,menos de 3 formas distintas
foreman,lib/foreman/export.rb,3530b8e4a1b1,process management and monitoring,7,11,100,50,0.5,1,0.0,2,2,2,1.0,menos de 3 formas distintas
foreman,lib/foreman/helpers.rb,3530b8e4a1b1,process management and monitoring,10.5,18,0,100,0.0,0,50.0,2,1,2,1.0,menos de 3 formas distintas
geocoder,lib/generators/geocoder/maxmind/geolite_city_generator.rb,d3515db46c57,geolocation,5.5,8,50,0,0.5,1,0.0,2,4,2,1.0,menos de 3 formas distintas
geocoder,lib/generators/geocoder/maxmind/geolite_country_generator.rb,d3515db46c57,geolocation,5.5,8,50,0,0.5,1,0.0,2,4,2,1.0,menos de 3 formas distintas
geocoder,lib/generators/geocoder/migration_version.rb,d3515db46c57,geolocation,4,5,0,0,0.0,0,0.0,2,3,2,1.0,menos de 3 formas distintas
geocoder,lib/geocoder/configuration_hash.rb,d3515db46c57,geolocation,3,3,0,0,0.0,1,0.0,2,2,2,1.0,menos de 3 formas distintas
geocoder,lib/geocoder/kernel_logger.rb,d3515db46c57,geolocation,8,13,0,50,0.5,0,0.0,2,2,2,1.0,menos de 3 formas distintas
geocoder,lib/geocoder/results/ip2location.rb,d3515db46c57,geolocation,4,5,50,0,0.0,1,0.0,2,2,2,1.0,menos de 3 formas distintas
geocoder,lib/geocoder/results/ip2location_io.rb,d3515db46c57,geolocation,3.5,4,50,0,0.0,1,0.0,2,2,2,1.0,menos de 3 formas distintas
geocoder,lib/geocoder/results/test.rb,d3515db46c57,geolocation,8.5,10,50,100,0.0,1,50.0,2,3,2,1.0,menos de 3 formas distintas
gitlab,lib/gitlab/client/application_settings.rb,4818c5712616,third-party apis,3,3,0,0,0.0,2,0.0,2,2,2,1.0,menos de 3 formas distintas
gitlab,lib/gitlab/client/deployments.rb,4818c5712616,third-party apis,3,3,0,0,0.0,2,0.0,2,2,1,0.5,menos de 3 formas distintas
gitlab,lib/gitlab/client/keys.rb,4818c5712616,third-party apis,3,3,0,0,0.0,2,0.0,2,2,1,0.5,menos de 3 formas distintas
gitlab,lib/gitlab/headers/page_links.rb,4818c5712616,third-party apis,8,11,0,100,0.0,0,50.0,2,3,2,1.0,menos de 3 formas distintas
gitlab,lib/gitlab/headers/total.rb,4818c5712616,third-party apis,5,5,0,100,0.0,0,0.0,2,3,2,1.0,menos de 3 formas distintas
gli,lib/gli.rb,4029b76c888a,cli builder,4,5,100,0,1.0,0,0.0,2,1,2,1.0,menos de 3 formas distintas
gli,lib/gli/command_line_option.rb,4029b76c888a,cli builder,7,10,50,100,0.0,1,0.0,2,2,2,1.0,menos de 3 formas distintas
gli,lib/gli/commands/help_modules/help_completion_format.rb,4029b76c888a,cli builder,10.5,15,0,100,0.0,0,0.0,2,4,2,1.0,menos de 3 formas distintas
gli,lib/gli/commands/help_modules/list_formatter.rb,4029b76c888a,cli builder,6,8,0,50,0.0,0,0.0,2,4,2,1.0,menos de 3 formas distintas
gli,lib/gli/commands/help_modules/one_line_wrapper.rb,4029b76c888a,cli builder,2.5,3,0,0,0.0,0,0.0,2,4,2,1.0,menos de 3 formas distintas
gli,lib/gli/commands/help_modules/terminal_synopsis_formatter.rb,4029b76c888a,cli builder,7,9,0,100,0.0,0,0.0,2,4,2,1.0,menos de 3 formas distintas
gli,lib/gli/commands/help_modules/text_wrapper.rb,4029b76c888a,cli builder,19.5,35,0,50,0.0,0,0.0,2,4,2,1.0,menos de 3 formas distintas
gli,lib/gli/commands/help_modules/tty_only_wrapper.rb,4029b76c888a,cli builder,5,7,0,50,0.0,0,0.0,2,4,2,1.0,menos de 3 formas distintas
gli,lib/gli/commands/help_modules/verbatim_wrapper.rb,4029b76c888a,cli builder,2.5,3,0,0,0.0,0,0.0,2,4,2,1.0,menos de 3 formas distintas
gli,lib/gli/option_parsing_result.rb,4029b76c888a,cli builder,4,5,0,0,0.0,0,0.0,2,2,2,1.0,menos de 3 formas distintas
guard,lib/guard/cli/environments/evaluate_only.rb,170d63c6ca57,file system listener,12,21,0,50,0.0,0,0.0,2,4,2,1.0,menos de 3 formas distintas
guard,lib/guard/commands/all.rb,170d63c6ca57,file system listener,18,26,50,50,0.0,0,0.0,2,3,2,1.0,menos de 3 formas distintas
guard,lib/guard/commands/change.rb,170d63c6ca57,file system listener,14.5,21,50,50,0.0,0,0.0,2,3,2,1.0,menos de 3 formas distintas
guard,lib/guard/commands/notification.rb,170d63c6ca57,file system listener,9.5,16,50,0,0.0,0,0.0,2,3,2,1.0,menos de 3 formas distintas
guard,lib/guard/commands/pause.rb,170d63c6ca57,file system listener,11,19,50,0,0.0,0,0.0,2,3,2,1.0,menos de 3 formas distintas
guard,lib/guard/commands/reload.rb,170d63c6ca57,file system listener,18,26,50,50,0.0,0,0.0,2,3,2,1.0,menos de 3 formas distintas
guard,lib/guard/commands/scope.rb,170d63c6ca57,file system listener,21.5,28,50,50,0.0,0,0.0,2,3,2,1.0,menos de 3 formas distintas
guard,lib/guard/commands/show.rb,170d63c6ca57,file system listener,9.5,16,50,0,0.0,0,0.0,2,3,2,1.0,menos de 3 formas distintas
guard,lib/guard/config.rb,170d63c6ca57,file system listener,3,3,0,0,0.0,1,0.0,2,2,2,1.0,menos de 3 formas distintas
guard,lib/guard/deprecated/dsl.rb,170d63c6ca57,file system listener,5,7,50,50,0.0,0,50.0,2,4,2,1.0,menos de 3 formas distintas
guard,lib/guard/deprecated/watcher.rb,170d63c6ca57,file system listener,5.5,8,50,100,0.0,0,50.0,2,4,2,1.0,menos de 3 formas distintas
guard,lib/guard/internals/tracing.rb,170d63c6ca57,file system listener,13,14,100,100,0.0,0,300.0,2,3,2,1.0,menos de 3 formas distintas
guard,lib/guard/options.rb,170d63c6ca57,file system listener,3,3,0,100,0.0,1,0.0,2,2,2,1.0,menos de 3 formas distintas
guard,lib/guard/ui/logger.rb,170d63c6ca57,file system listener,3,3,0,0,0.0,2,0.0,2,4,2,1.0,menos de 3 formas distintas
guard,lib/guard/watcher/pattern/match_result.rb,170d63c6ca57,file system listener,4.5,5,0,50,0.0,0,0.0,2,4,2,1.0,menos de 3 formas distintas
haml,benchmark/slim/context.rb,7f51ae709d96,template engine,4,5,0,0,0.0,0,0.0,2,1,2,1.0,menos de 3 formas distintas
haml,benchmark/utils/benchmark_ips_extension.rb,7f51ae709d96,template engine,14.5,17,0,100,0.2,0,0.0,2,5,2,1.0,menos de 3 formas distintas
haml,lib/haml/ambles.rb,7f51ae709d96,template engine,6,7,0,100,0.0,1,0.0,2,2,2,1.0,menos de 3 formas distintas
haml,lib/haml/compiler/silent_script_compiler.rb,7f51ae709d96,template engine,7,7,0,100,0.0,0,0.0,2,3,2,1.0,menos de 3 formas distintas
haml,lib/haml/engine.rb,7f51ae709d96,template engine,3,3,0,50,0.0,2,0.0,2,3,2,1.0,menos de 3 formas distintas
haml,lib/haml/error.rb,7f51ae709d96,template engine,4,4,50,50,0.0,2,0.0,2,5,2,1.0,menos de 3 formas distintas
haml,lib/haml/escape_any.rb,7f51ae709d96,template engine,3,3,0,50,0.0,2,0.0,2,3,2,1.0,menos de 3 formas distintas
haml,lib/haml/filters/cdata.rb,7f51ae709d96,template engine,5,7,0,50,0.0,2,0.0,2,3,2,1.0,menos de 3 formas distintas
haml,lib/haml/filters/escaped.rb,7f51ae709d96,template engine,6,7,0,50,0.0,1,0.0,2,3,2,1.0,menos de 3 formas distintas
haml,lib/haml/filters/plain.rb,7f51ae709d96,template engine,11,17,0,100,0.0,1,0.0,2,3,2,1.0,menos de 3 formas distintas
haml,lib/haml/filters/preserve.rb,7f51ae709d96,template engine,6,7,0,50,0.0,1,0.0,2,3,2,1.0,menos de 3 formas distintas
haml,lib/haml/helpers.rb,7f51ae709d96,template engine,4.5,6,50,50,0.0,0,0.0,2,2,2,1.0,menos de 3 formas distintas
haml,lib/haml/html.rb,7f51ae709d96,template engine,6.5,7,0,50,0.0,1,0.0,2,2,2,1.0,menos de 3 formas distintas
haml,lib/haml/identity.rb,7f51ae709d96,template engine,3.5,4,0,0,0.0,0,0.0,2,2,2,1.0,menos de 3 formas distintas
haml,lib/haml/object_ref.rb,7f51ae709d96,template engine,12,15,100,100,0.0,0,0.0,2,2,2,1.0,menos de 3 formas distintas
hashie,lib/hashie/extensions/array/pretty_inspect.rb,ce2226269688,core extensions,5,6,50,100,0.0,0,100.0,2,4,2,1.0,menos de 3 formas distintas
hashie,lib/hashie/extensions/dash/coercion.rb,ce2226269688,core extensions,4,4,50,100,0.0,0,50.0,2,5,2,1.0,menos de 3 formas distintas
hashie,lib/hashie/extensions/ignore_undeclared.rb,ce2226269688,core extensions,5.5,8,0,50,0.0,0,0.0,2,3,2,1.0,menos de 3 formas distintas
hashie,lib/hashie/extensions/mash/safe_assignment.rb,ce2226269688,core extensions,4.5,6,0,0,0.0,0,0.0,2,4,2,1.0,menos de 3 formas distintas
hashie,lib/hashie/extensions/mash/symbolize_keys.rb,ce2226269688,core extensions,3,3,50,100,0.0,0,0.0,2,4,2,1.0,menos de 3 formas distintas
hashie,lib/hashie/extensions/pretty_inspect.rb,ce2226269688,core extensions,6,8,50,100,0.0,0,100.0,2,3,2,1.0,menos de 3 formas distintas
hashie,lib/hashie/logger.rb,ce2226269688,core extensions,3,3,100,0,0.0,0,0.0,2,1,2,1.0,menos de 3 formas distintas
http,lib/http/headers/normalizer.rb,942b1b36cea9,http clients and tools,7,7,0,100,0.0,0,0.0,2,3,2,1.0,menos de 3 formas distintas
http,lib/http/mime_type/adapter.rb,942b1b36cea9,http clients and tools,3,3,0,0,0.67,0,0.0,2,3,1,0.5,menos de 3 formas distintas
http,lib/http/mime_type/json.rb,942b1b36cea9,http clients and tools,3,3,0,50,0.0,1,0.0,2,3,2,1.0,menos de 3 formas distintas
http,lib/http/uri/normalizer.rb,942b1b36cea9,http clients and tools,9.5,10,100,100,0.0,0,0.0,2,2,2,1.0,menos de 3 formas distintas
httparty,examples/aaws.rb,9c89e55ce357,http clients and tools,7,11,0,50,0.5,0,0.0,2,2,2,1.0,menos de 3 formas distintas
httparty,lib/httparty/cookie_hash.rb,9c89e55ce357,http clients and tools,8,13,0,100,0.0,1,0.0,2,1,2,1.0,menos de 3 formas distintas
httparty,lib/httparty/response/headers.rb,9c89e55ce357,http clients and tools,11,15,0,100,0.33,1,100.0,2,3,2,1.0,menos de 3 formas distintas
httparty,lib/httparty/response_fragment.rb,9c89e55ce357,http clients and tools,4.5,6,0,50,0.0,1,0.0,2,2,2,1.0,menos de 3 formas distintas
httpclient,bench/bm_common.rb,5bc7b0d383c4,http clients and tools,13.5,20,0,50,0.0,0,0.0,2,2,2,1.0,menos de 3 formas distintas
i18n,lib/i18n/backend/cache_file.rb,8beba7876163,internationalization,7.5,9,0,50,0.0,0,0.0,2,3,2,1.0,menos de 3 formas distintas
i18n,lib/i18n/gettext.rb,8beba7876163,internationalization,4,5,100,100,0.0,0,0.0,2,2,2,1.0,menos de 3 formas distintas
i18n,lib/i18n/gettext/po_parser.rb,8beba7876163,internationalization,3,3,0,0,0.0,1,0.0,2,2,2,1.0,menos de 3 formas distintas
i18n,lib/i18n/interpolate/ruby.rb,8beba7876163,internationalization,14,23,100,100,0.0,0,0.0,2,1,2,1.0,menos de 3 formas distintas
i18n,lib/i18n/middleware.rb,8beba7876163,internationalization,6,9,0,50,0.0,0,0.0,2,2,2,1.0,menos de 3 formas distintas
jbuilder,lib/generators/rails/scaffold_controller_generator.rb,31eb6e909968,api builder and discovery,3,3,0,50,0.0,0,0.0,2,3,2,1.0,menos de 3 formas distintas
jbuilder,lib/generators/rails/templates/api_controller.rb,31eb6e909968,api builder and discovery,32,37,0,100,0.0,0,0.0,2,0,2,1.0,menos de 3 formas distintas
jbuilder,lib/jbuilder/blank.rb,31eb6e909968,api builder and discovery,3,3,0,0,0.0,1,0.0,2,2,2,1.0,menos de 3 formas distintas
jbuilder,lib/jbuilder/key_formatter.rb,31eb6e909968,api builder and discovery,11.5,17,0,50,0.0,1,100.0,2,2,2,1.0,menos de 3 formas distintas
jwt,lib/jwt.rb,db560b769a07,authentication and oauth,4.5,6,0,50,1.0,0,0.0,2,1,2,1.0,menos de 3 formas distintas
jwt,lib/jwt/base64.rb,db560b769a07,authentication and oauth,5,7,100,50,0.0,0,0.0,2,2,2,1.0,menos de 3 formas distintas
jwt,lib/jwt/claims/audience.rb,db560b769a07,authentication and oauth,3.5,4,0,50,0.0,0,0.0,2,3,2,1.0,menos de 3 formas distintas
jwt,lib/jwt/claims/crit.rb,db560b769a07,authentication and oauth,6,9,0,50,0.0,0,0.0,2,3,2,1.0,menos de 3 formas distintas
jwt,lib/jwt/claims/expiration.rb,db560b769a07,authentication and oauth,4.5,6,0,50,0.0,0,0.0,2,3,2,1.0,menos de 3 formas distintas
jwt,lib/jwt/claims/issuer.rb,db560b769a07,authentication and oauth,5.5,8,0,100,0.0,0,0.0,2,3,2,1.0,menos de 3 formas distintas
jwt,lib/jwt/claims/jwt_id.rb,db560b769a07,authentication and oauth,6,9,0,50,0.0,0,0.0,2,3,2,1.0,menos de 3 formas distintas
jwt,lib/jwt/claims/not_before.rb,db560b769a07,authentication and oauth,4.5,6,0,50,0.0,0,0.0,2,3,2,1.0,menos de 3 formas distintas
jwt,lib/jwt/claims/required.rb,db560b769a07,authentication and oauth,5,7,0,50,0.0,0,0.0,2,3,2,1.0,menos de 3 formas distintas
jwt,lib/jwt/claims/subject.rb,db560b769a07,authentication and oauth,3.5,4,0,100,0.0,0,0.0,2,3,2,1.0,menos de 3 formas distintas
jwt,lib/jwt/configuration.rb,db560b769a07,authentication and oauth,3,3,0,0,0.0,0,0.0,2,2,2,1.0,menos de 3 formas distintas
jwt,lib/jwt/configuration/decode_configuration.rb,db560b769a07,authentication and oauth,14,15,0,0,0.0,0,0.0,2,3,2,1.0,menos de 3 formas distintas
jwt,lib/jwt/configuration/jwk_configuration.rb,db560b769a07,authentication and oauth,6.5,10,0,0,0.0,0,0.0,2,3,2,1.0,menos de 3 formas distintas
jwt,lib/jwt/encode.rb,db560b769a07,authentication and oauth,5,5,0,100,0.0,0,0.0,2,2,2,1.0,menos de 3 formas distintas
jwt,lib/jwt/encoded_token/claims_context.rb,db560b769a07,authentication and oauth,3,3,0,0,0.33,0,0.0,2,3,2,1.0,menos de 3 formas distintas
jwt,lib/jwt/json.rb,db560b769a07,authentication and oauth,3,3,100,0,0.0,0,0.0,2,2,2,1.0,menos de 3 formas distintas
jwt,lib/jwt/jwa/signer_context.rb,db560b769a07,authentication and oauth,3.5,4,0,50,0.0,0,0.0,2,3,2,1.0,menos de 3 formas distintas
jwt,lib/jwt/jwa/unsupported.rb,db560b769a07,authentication and oauth,3,3,100,0,0.33,0,0.0,2,3,2,1.0,menos de 3 formas distintas
jwt,lib/jwt/jwa/verifier_context.rb,db560b769a07,authentication and oauth,4.5,5,0,50,0.0,0,0.0,2,3,2,1.0,menos de 3 formas distintas
jwt,lib/jwt/jwk/kid_as_key_digest.rb,db560b769a07,authentication and oauth,3,3,0,50,0.0,0,0.0,2,3,2,1.0,menos de 3 formas distintas
jwt,lib/jwt/jwk/thumbprint.rb,db560b769a07,authentication and oauth,6,9,0,50,0.0,0,0.0,2,3,2,1.0,menos de 3 formas distintas
knapsack,test_examples/fast/spec_test.rb,f394c8470281,testing,3,3,0,100,0.0,0,0.0,2,1,2,1.0,menos de 3 formas distintas
kramdown,lib/kramdown/converter/remove_html_tags.rb,12b3d2e75279,markdown processors,13,22,0,100,0.0,1,0.0,2,3,2,1.0,menos de 3 formas distintas
kramdown,lib/kramdown/parser/kramdown/block_boundary.rb,12b3d2e75279,markdown processors,4,5,0,100,0.0,1,0.0,2,3,2,1.0,menos de 3 formas distintas
kramdown,lib/kramdown/parser/kramdown/codeblock.rb,12b3d2e75279,markdown processors,12,16,0,100,0.0,1,0.0,2,3,2,1.0,menos de 3 formas distintas
kramdown,lib/kramdown/parser/kramdown/footnote.rb,12b3d2e75279,markdown processors,17,20,0,100,0.0,1,0.0,2,3,2,1.0,menos de 3 formas distintas
kramdown,lib/kramdown/parser/kramdown/math.rb,12b3d2e75279,markdown processors,12.5,20,0,100,0.0,1,0.0,2,3,2,1.0,menos de 3 formas distintas
kramdown,lib/kramdown/parser/kramdown/paragraph.rb,12b3d2e75279,markdown processors,13,23,0,50,0.0,1,0.0,2,3,2,1.0,menos de 3 formas distintas
kramdown,lib/kramdown/utils/entities.rb,12b3d2e75279,markdown processors,3,3,0,0,0.0,0,0.0,2,3,2,1.0,menos de 3 formas distintas
kramdown,lib/kramdown/utils/unidecoder.rb,12b3d2e75279,markdown processors,5.5,8,100,50,0.0,0,0.0,2,3,2,1.0,menos de 3 formas distintas
letter_opener,lib/letter_opener.rb,f6a925b0232b,email,3,3,100,0,0.0,0,0.0,2,1,2,1.0,menos de 3 formas distintas
liquid,lib/liquid/errors.rb,7a5e45fc4784,template engine,14.5,17,0,100,0.0,1,0.0,2,2,2,1.0,menos de 3 formas distintas
liquid,lib/liquid/lexer.rb,7a5e45fc4784,template engine,36.5,68,100,100,0.0,0,0.0,2,2,2,1.0,menos de 3 formas distintas
liquid,lib/liquid/tag/disableable.rb,7a5e45fc4784,template engine,6.5,7,0,100,0.0,0,0.0,2,3,2,1.0,menos de 3 formas distintas
liquid,performance/shopify/weight_filter.rb,7a5e45fc4784,template engine,3,3,0,50,0.0,0,0.0,2,1,2,1.0,menos de 3 formas distintas
listen,lib/listen.rb,2fa1a742d8c2,file system listener,7,9,100,100,0.0,0,0.0,2,1,2,1.0,menos de 3 formas distintas
listen,lib/listen/file.rb,2fa1a742d8c2,file system listener,40,72,100,100,0.0,0,0.0,2,2,2,1.0,menos de 3 formas distintas
logging,examples/classes.rb,aec306300d18,logging,1,1,0,0,0.0,0,0.0,2,2,1,0.5,menos de 3 formas distintas
logging,lib/logging/filter.rb,aec306300d18,logging,3,3,0,0,0.0,0,0.0,2,2,2,1.0,menos de 3 formas distintas
logging,lib/logging/filters/level.rb,aec306300d18,logging,4,5,0,100,0.0,1,0.0,2,3,2,1.0,menos de 3 formas distintas
logging,lib/logging/layouts/basic.rb,aec306300d18,logging,4.5,5,50,100,0.0,1,0.0,2,2,2,1.0,menos de 3 formas distintas
logging,lib/logging/proxy.rb,aec306300d18,logging,8,12,0,100,0.0,0,100.0,2,2,2,1.0,menos de 3 formas distintas
lograge,lib/lograge/formatters/lines.rb,e5caed777529,logging,5.5,6,0,0,0.0,0,0.0,2,3,2,1.0,menos de 3 formas distintas
lograge,lib/lograge/formatters/logstash.rb,e5caed777529,logging,6.5,7,0,50,0.33,0,0.0,2,3,2,1.0,menos de 3 formas distintas
lograge,lib/lograge/rails_ext/rack/logger.rb,e5caed777529,logging,5,9,0,50,0.0,0,0.0,2,3,2,1.0,menos de 3 formas distintas
mail,lib/mail.rb,d645d7b5b7d0,email,3.5,4,100,0,0.0,0,0.0,2,1,2,1.0,menos de 3 formas distintas
mail,lib/mail/elements/address_list.rb,d645d7b5b7d0,email,4,5,0,100,0.0,0,0.0,2,2,2,1.0,menos de 3 formas distintas
mail,lib/mail/elements/content_disposition_element.rb,d645d7b5b7d0,email,4,5,0,100,0.0,0,0.0,2,2,2,1.0,menos de 3 formas distintas
mail,lib/mail/elements/content_location_element.rb,d645d7b5b7d0,email,3,3,0,50,0.0,0,0.0,2,2,2,1.0,menos de 3 formas distintas
mail,lib/mail/elements/content_type_element.rb,d645d7b5b7d0,email,6.5,7,0,100,0.0,0,0.0,2,2,2,1.0,menos de 3 formas distintas
mail,lib/mail/encodings/unix_to_unix.rb,d645d7b5b7d0,email,3,3,100,50,0.0,1,0.0,2,3,2,1.0,menos de 3 formas distintas
mail,lib/mail/fields/bcc_field.rb,d645d7b5b7d0,email,5.5,7,0,0,0.0,4,0.0,2,2,2,1.0,menos de 3 formas distintas
mail,lib/mail/fields/in_reply_to_field.rb,d645d7b5b7d0,email,5,7,50,50,0.0,4,0.0,2,2,2,1.0,menos de 3 formas distintas
mail,lib/mail/fields/references_field.rb,d645d7b5b7d0,email,3.5,4,50,50,0.0,4,0.0,2,2,2,1.0,menos de 3 formas distintas
mail,lib/mail/network/delivery_methods/file_delivery.rb,d645d7b5b7d0,email,10.5,18,0,50,0.0,0,0.0,2,2,2,1.0,menos de 3 formas distintas
mail,lib/mail/network/delivery_methods/smtp_connection.rb,d645d7b5b7d0,email,5,5,0,100,0.0,0,0.0,2,2,2,1.0,menos de 3 formas distintas
mail,lib/mail/parser_tools.rb,d645d7b5b7d0,email,3,3,0,100,0.0,0,0.0,2,2,2,1.0,menos de 3 formas distintas
minitest,lib/minitest/complete.rb,f6180b07ea6e,testing,1,1,100,100,0.0,0,0.0,2,0,2,1.0,menos de 3 formas distintas
money,lib/money/currency/loader.rb,26e2829c34f1,money,5,5,100,100,0.0,0,0.0,2,3,2,1.0,menos de 3 formas distintas
money,lib/money/locale_backend/i18n.rb,26e2829c34f1,money,6,7,0,0,0.0,1,0.0,2,3,2,1.0,menos de 3 formas distintas
money,lib/money/money/allocation.rb,26e2829c34f1,money,28,47,100,100,0.0,0,0.0,2,2,2,1.0,menos de 3 formas distintas
mongo,lib/mongo/auth/cr/conversation.rb,049b718a2d47,database drivers,4.5,5,0,100,0.0,1,0.0,2,4,2,1.0,menos de 3 formas distintas
mongo,lib/mongo/auth/ldap/conversation.rb,049b718a2d47,database drivers,4,5,0,50,0.0,1,0.0,2,4,2,1.0,menos de 3 formas distintas
mongo,lib/mongo/auth/x509.rb,049b718a2d47,database drivers,8.5,14,0,50,0.0,1,0.0,2,3,2,1.0,menos de 3 formas distintas
mongo,lib/mongo/bulk_write/unordered_combiner.rb,049b718a2d47,database drivers,4.5,5,0,0,1.0,0,0.0,2,3,2,1.0,menos de 3 formas distintas
mongo,lib/mongo/crypt/auto_decryption_context.rb,049b718a2d47,database drivers,5,7,0,0,0.0,1,0.0,2,3,2,1.0,menos de 3 formas distintas
mongo,lib/mongo/crypt/explicit_decryption_context.rb,049b718a2d47,database drivers,5,7,0,0,0.0,1,0.0,2,3,2,1.0,menos de 3 formas distintas
mongo,lib/mongo/crypt/kms/aws/credentials.rb,049b718a2d47,database drivers,9,10,0,50,0.4,0,0.0,2,5,2,1.0,menos de 3 formas distintas
mongo,lib/mongo/crypt/kms/aws/master_document.rb,049b718a2d47,database drivers,9.5,10,0,100,0.2,0,0.0,2,5,2,1.0,menos de 3 formas distintas
mongo,lib/mongo/crypt/kms/azure/access_token.rb,049b718a2d47,database drivers,4,5,0,50,0.0,0,0.0,2,5,2,1.0,menos de 3 formas distintas
mongo,lib/mongo/crypt/kms/azure/credentials.rb,049b718a2d47,database drivers,17,19,0,100,0.4,0,0.0,2,5,2,1.0,menos de 3 formas distintas
mongo,lib/mongo/crypt/kms/azure/master_document.rb,049b718a2d47,database drivers,9.5,10,0,100,0.2,0,0.0,2,5,2,1.0,menos de 3 formas distintas
mongo,lib/mongo/crypt/kms/gcp/credentials.rb,049b718a2d47,database drivers,28.5,43,0,100,0.4,0,0.0,2,5,2,1.0,menos de 3 formas distintas
mongo,lib/mongo/crypt/kms/gcp/master_document.rb,049b718a2d47,database drivers,13,14,0,100,0.2,0,0.0,2,5,2,1.0,menos de 3 formas distintas
mongo,lib/mongo/crypt/kms/kmip/credentials.rb,049b718a2d47,database drivers,6.5,7,0,0,0.4,0,0.0,2,5,2,1.0,menos de 3 formas distintas
mongo,lib/mongo/crypt/kms/local/credentials.rb,049b718a2d47,database drivers,6.5,7,0,0,0.4,0,0.0,2,5,2,1.0,menos de 3 formas distintas
mongo,lib/mongo/crypt/kms/local/master_document.rb,049b718a2d47,database drivers,2,3,0,0,0.0,0,0.0,2,5,2,1.0,menos de 3 formas distintas
mongo,lib/mongo/crypt/kms/master_key_document.rb,049b718a2d47,database drivers,10,17,0,100,0.0,0,0.0,2,4,2,1.0,menos de 3 formas distintas
mongo,lib/mongo/cursor/nontailable.rb,049b718a2d47,database drivers,3,3,0,0,0.0,0,0.0,2,3,1,0.5,menos de 3 formas distintas
mongo,lib/mongo/error/insufficient_iteration_count.rb,049b718a2d47,database drivers,3,3,50,0,0.0,2,0.0,2,3,2,1.0,menos de 3 formas distintas
mongo,lib/mongo/error/kms_error.rb,049b718a2d47,database drivers,3.5,4,0,50,0.0,3,0.0,2,3,2,1.0,menos de 3 formas distintas
mongo,lib/mongo/error/no_service_connection_available.rb,049b718a2d47,database drivers,6.5,7,50,0,0.0,2,0.0,2,3,2,1.0,menos de 3 formas distintas
mongo,lib/mongo/event/base.rb,049b718a2d47,database drivers,3,3,0,0,0.0,0,0.0,2,3,2,1.0,menos de 3 formas distintas
mongo,lib/mongo/monitoring/cmap_log_subscriber.rb,049b718a2d47,database drivers,3,3,0,50,0.33,0,0.0,2,3,2,1.0,menos de 3 formas distintas
mongo,lib/mongo/monitoring/event/cmap/connection_check_out_failed.rb,049b718a2d47,database drivers,4.5,5,0,0,0.0,1,0.0,2,5,2,1.0,menos de 3 formas distintas
mongo,lib/mongo/monitoring/event/cmap/connection_check_out_started.rb,049b718a2d47,database drivers,3.5,4,0,0,0.0,1,0.0,2,5,2,1.0,menos de 3 formas distintas
mongo,lib/mongo/monitoring/event/cmap/connection_checked_in.rb,049b718a2d47,database drivers,5,6,0,50,0.0,1,0.0,2,5,2,1.0,menos de 3 formas distintas
mongo,lib/mongo/monitoring/event/cmap/connection_checked_out.rb,049b718a2d47,database drivers,5,6,0,50,0.0,1,0.0,2,5,2,1.0,menos de 3 formas distintas
mongo,lib/mongo/monitoring/event/cmap/connection_closed.rb,049b718a2d47,database drivers,5,6,0,0,0.0,1,0.0,2,5,2,1.0,menos de 3 formas distintas
mongo,lib/mongo/monitoring/event/cmap/connection_created.rb,049b718a2d47,database drivers,4.5,5,0,0,0.0,1,0.0,2,5,2,1.0,menos de 3 formas distintas
mongo,lib/mongo/monitoring/event/cmap/connection_ready.rb,049b718a2d47,database drivers,4.5,5,0,0,0.0,1,0.0,2,5,2,1.0,menos de 3 formas distintas
mongo,lib/mongo/monitoring/event/cmap/pool_cleared.rb,049b718a2d47,database drivers,5,7,0,50,0.0,1,0.0,2,5,2,1.0,menos de 3 formas distintas
mongo,lib/mongo/monitoring/event/cmap/pool_closed.rb,049b718a2d47,database drivers,4.5,5,0,50,0.0,1,0.0,2,5,2,1.0,menos de 3 formas distintas
mongo,lib/mongo/monitoring/event/cmap/pool_created.rb,049b718a2d47,database drivers,5,6,0,100,0.0,1,0.0,2,5,2,1.0,menos de 3 formas distintas
mongo,lib/mongo/monitoring/event/cmap/pool_ready.rb,049b718a2d47,database drivers,5,6,0,100,0.0,1,0.0,2,5,2,1.0,menos de 3 formas distintas
mongo,lib/mongo/monitoring/event/server_closed.rb,049b718a2d47,database drivers,4.5,5,0,50,0.0,1,0.0,2,4,2,1.0,menos de 3 formas distintas
mongo,lib/mongo/monitoring/event/server_opening.rb,049b718a2d47,database drivers,4.5,5,0,50,0.0,1,0.0,2,4,2,1.0,menos de 3 formas distintas
mongo,lib/mongo/monitoring/event/topology_changed.rb,049b718a2d47,database drivers,5,5,0,50,0.0,1,0.0,2,4,2,1.0,menos de 3 formas distintas
mongo,lib/mongo/monitoring/event/topology_closed.rb,049b718a2d47,database drivers,4,4,0,50,0.0,1,0.0,2,4,2,1.0,menos de 3 formas distintas
mongo,lib/mongo/monitoring/event/topology_opening.rb,049b718a2d47,database drivers,4,4,0,50,0.0,1,0.0,2,4,2,1.0,menos de 3 formas distintas
mongo,lib/mongo/monitoring/sdam_log_subscriber.rb,049b718a2d47,database drivers,3,3,0,50,0.33,0,0.0,2,3,2,1.0,menos de 3 formas distintas
mongo,lib/mongo/monitoring/server_description_changed_log_subscriber.rb,049b718a2d47,database drivers,7.5,8,0,100,0.0,1,0.0,2,3,2,1.0,menos de 3 formas distintas
mongo,lib/mongo/operation/collections_info/result.rb,049b718a2d47,database drivers,3.5,4,0,0,0.0,1,0.0,2,4,2,1.0,menos de 3 formas distintas
mongo,lib/mongo/operation/delete/op_msg.rb,049b718a2d47,database drivers,7,9,0,50,1.25,1,50.0,2,4,2,1.0,menos de 3 formas distintas
mongo,lib/mongo/operation/delete/result.rb,049b718a2d47,database drivers,3,3,0,0,0.0,1,0.0,2,4,2,1.0,menos de 3 formas distintas
mongo,lib/mongo/operation/explain/result.rb,049b718a2d47,database drivers,3,3,0,50,0.0,1,0.0,2,4,2,1.0,menos de 3 formas distintas
mongo,lib/mongo/operation/find/builder/command.rb,049b718a2d47,database drivers,17,19,0,100,0.0,0,0.0,2,5,2,1.0,menos de 3 formas distintas
mongo,lib/mongo/operation/find/builder/modifiers.rb,049b718a2d47,database drivers,3,3,0,0,0.0,0,0.0,2,5,1,0.5,menos de 3 formas distintas
mongo,lib/mongo/operation/get_more/op_msg.rb,049b718a2d47,database drivers,17,28,0,100,0.75,1,0.0,2,4,2,1.0,menos de 3 formas distintas
mongo,lib/mongo/operation/shared/bypass_document_validation.rb,049b718a2d47,database drivers,6.5,8,0,100,0.0,0,0.0,2,3,2,1.0,menos de 3 formas distintas
mongo,lib/mongo/operation/shared/polymorphic_result.rb,049b718a2d47,database drivers,5,7,50,50,0.25,0,0.0,2,4,2,1.0,menos de 3 formas distintas
mongo,lib/mongo/operation/shared/result/aggregatable.rb,049b718a2d47,database drivers,12,12,0,100,0.0,0,0.0,2,4,2,1.0,menos de 3 formas distintas
mongo,lib/mongo/operation/shared/timed.rb,049b718a2d47,database drivers,9,10,0,100,0.0,0,0.0,2,3,2,1.0,menos de 3 formas distintas
mongo,lib/mongo/operation/update/op_msg.rb,049b718a2d47,database drivers,7,8,0,50,1.25,1,50.0,2,4,2,1.0,menos de 3 formas distintas
mongo,lib/mongo/operation/users_info/result.rb,049b718a2d47,database drivers,3,3,0,100,0.0,1,0.0,2,4,2,1.0,menos de 3 formas distintas
mongo,lib/mongo/server/description/features.rb,049b718a2d47,database drivers,12.5,14,0,100,0.0,0,0.0,2,4,2,1.0,menos de 3 formas distintas
mongo,lib/mongo/server_selector.rb,049b718a2d47,database drivers,4.5,6,0,50,0.5,0,0.0,2,2,2,1.0,menos de 3 formas distintas
mongo,lib/mongo/session/server_session/dirtyable.rb,049b718a2d47,database drivers,3,3,0,0,0.0,0,0.0,2,4,2,1.0,menos de 3 formas distintas
mongo,lib/mongo/socket/unix.rb,049b718a2d47,database drivers,4.5,6,0,0,0.0,1,0.0,2,3,2,1.0,menos de 3 formas distintas
mongo,profile/driver_bench/bson/base.rb,049b718a2d47,database drivers,4.5,6,0,0,0.0,1,0.0,2,4,2,1.0,menos de 3 formas distintas
mongo,profile/driver_bench/bson/decodable.rb,049b718a2d47,database drivers,4.5,6,0,50,0.0,0,0.0,2,4,2,1.0,menos de 3 formas distintas
mongo,profile/driver_bench/bson/encodable.rb,049b718a2d47,database drivers,3,3,0,50,0.0,0,0.0,2,4,2,1.0,menos de 3 formas distintas
mongo,profile/driver_bench/multi_doc/bulk_insert/large_doc.rb,049b718a2d47,database drivers,3.5,4,0,0,0.0,3,0.0,2,5,2,1.0,menos de 3 formas distintas
mongo,profile/driver_bench/multi_doc/bulk_insert/small_doc.rb,049b718a2d47,database drivers,3.5,4,0,0,0.0,3,0.0,2,5,2,1.0,menos de 3 formas distintas
mongo,profile/driver_bench/multi_doc/grid_fs/upload.rb,049b718a2d47,database drivers,5.5,8,0,100,0.0,3,0.0,2,5,2,1.0,menos de 3 formas distintas
mongo,profile/driver_bench/percentiles.rb,049b718a2d47,database drivers,3.5,4,0,100,0.0,0,0.0,2,3,2,1.0,menos de 3 formas distintas
mongo,profile/driver_bench/single_doc/insert_one/base.rb,049b718a2d47,database drivers,4.5,5,0,100,0.0,2,0.0,2,5,2,1.0,menos de 3 formas distintas
mongo,profile/driver_bench/single_doc/insert_one/large_doc.rb,049b718a2d47,database drivers,3.5,4,0,0,0.0,3,0.0,2,5,2,1.0,menos de 3 formas distintas
mongo,profile/driver_bench/single_doc/insert_one/small_doc.rb,049b718a2d47,database drivers,3.5,4,0,0,0.0,3,0.0,2,5,2,1.0,menos de 3 formas distintas
mysql2,ext/mysql2/extconf.rb,c79b3c14fd47,database drivers,11.5,14,0,50,0.0,0,0.0,2,0,2,1.0,menos de 3 formas distintas
oauth2,lib/oauth2.rb,63727352546e,authentication and oauth,3,3,100,0,0.0,0,0.0,2,1,2,1.0,menos de 3 formas distintas
oauth2,lib/oauth2/strategy/client_credentials.rb,63727352546e,authentication and oauth,3.5,4,0,50,0.0,1,0.0,2,3,2,1.0,menos de 3 formas distintas
oauth2,lib/oauth2/strategy/password.rb,63727352546e,authentication and oauth,5.5,8,0,50,0.0,1,0.0,2,3,2,1.0,menos de 3 formas distintas
paper_trail,lib/paper_trail/attribute_serializers/attribute_serializer_factory.rb,0c511ed46c08,orm/odm extensions,9,11,100,100,0.0,0,0.0,2,3,2,1.0,menos de 3 formas distintas
paper_trail,lib/paper_trail/events/destroy.rb,0c511ed46c08,orm/odm extensions,9.5,16,0,100,0.0,1,0.0,2,3,2,1.0,menos de 3 formas distintas
paper_trail,lib/paper_trail/frameworks/rspec/helpers.rb,0c511ed46c08,orm/odm extensions,6,7,0,0,0.0,0,0.0,2,5,2,1.0,menos de 3 formas distintas
parallel_tests,lib/parallel_tests/cucumber/scenarios.rb,e4870a1632aa,testing,21.5,31,100,100,0.0,0,0.0,2,3,2,1.0,menos de 3 formas distintas
parallel_tests,lib/parallel_tests/gherkin/io.rb,e4870a1632aa,testing,14.5,17,0,100,0.0,0,0.0,2,3,2,1.0,menos de 3 formas distintas
pastel,lib/pastel/alias_importer.rb,afd82952076e,cli utilities,9.5,14,0,50,0.0,0,0.0,2,2,2,1.0,menos de 3 formas distintas
pastel,lib/pastel/color_resolver.rb,afd82952076e,cli utilities,5,7,0,50,0.0,0,0.0,2,2,2,1.0,menos de 3 formas distintas
pg,lib/pg/binary_encoder/timestamp.rb,d4539c25dcc8,database drivers,4,4,0,100,0.0,1,0.0,2,4,1,0.5,menos de 3 formas distintas
pg,lib/pg/cancel_connection.rb,d4539c25dcc8,database drivers,10,16,0,50,1.0,0,0.0,2,1,2,1.0,menos de 3 formas distintas
pg,lib/pg/type_map_by_column.rb,d4539c25dcc8,database drivers,3.5,4,0,100,0.0,0,0.0,2,1,2,1.0,menos de 3 formas distintas
pg,sample/disk_usage_report.rb,d4539c25dcc8,database drivers,72,82,0,100,0.0,0,0.0,2,0,2,1.0,menos de 3 formas distintas
prawn,lib/prawn/font_metric_cache.rb,f82783b1d020,pdf,14.5,24,0,50,0.0,0,0.0,2,2,2,1.0,menos de 3 formas distintas
prawn,lib/prawn/soft_mask.rb,f82783b1d020,pdf,29.5,56,0,50,0.0,0,0.0,2,2,2,1.0,menos de 3 formas distintas
prawn,manual/bounding_box/recursive_boxes.rb,f82783b1d020,pdf,8,11,0,100,0.0,0,0.0,2,0,2,1.0,menos de 3 formas distintas
pry,lib/pry/block_command.rb,5a267df08ad6,irb,3,3,0,50,0.0,1,50.0,2,2,2,1.0,menos de 3 formas distintas
pry,lib/pry/commands/change_inspector.rb,5a267df08ad6,irb,5.5,8,0,50,0.0,2,0.0,2,3,2,1.0,menos de 3 formas distintas
pry,lib/pry/commands/edit/exception_patcher.rb,5a267df08ad6,irb,6.5,8,0,50,0.0,2,0.0,2,4,2,1.0,menos de 3 formas distintas
pry,lib/pry/commands/exit.rb,5a267df08ad6,irb,8,8,0,100,0.0,2,0.0,2,3,2,1.0,menos de 3 formas distintas
pry,lib/pry/commands/ls/config.rb,5a267df08ad6,irb,3,3,50,0,0.25,2,0.0,2,4,2,1.0,menos de 3 formas distintas
pry,lib/pry/commands/ls/grep.rb,5a267df08ad6,irb,6,9,0,50,0.0,2,0.0,2,4,2,1.0,menos de 3 formas distintas
pry,lib/pry/commands/ls/interrogatable.rb,5a267df08ad6,irb,5.5,8,0,50,0.0,2,0.0,2,4,2,1.0,menos de 3 formas distintas
pry,lib/pry/commands/ls/jruby_hacks.rb,5a267df08ad6,irb,14,16,0,100,0.0,2,0.0,2,4,2,1.0,menos de 3 formas distintas
pry,lib/pry/commands/stat.rb,5a267df08ad6,irb,10,17,0,50,0.0,2,0.0,2,3,2,1.0,menos de 3 formas distintas
pry,lib/pry/commands/toggle_color.rb,5a267df08ad6,irb,3.5,4,0,100,0.0,2,0.0,2,3,2,1.0,menos de 3 formas distintas
pry,lib/pry/config/lazy_value.rb,5a267df08ad6,irb,3,3,0,50,0.0,0,0.0,2,3,2,1.0,menos de 3 formas distintas
pry,lib/pry/config/memoized_value.rb,5a267df08ad6,irb,5.5,6,0,50,0.0,0,0.0,2,3,2,1.0,menos de 3 formas distintas
pry,lib/pry/config/value.rb,5a267df08ad6,irb,5,7,0,50,0.0,0,0.0,2,3,2,1.0,menos de 3 formas distintas
pry,lib/pry/helpers/options_helpers.rb,5a267df08ad6,irb,10.5,12,0,100,0.0,0,0.0,2,3,2,1.0,menos de 3 formas distintas
pry,lib/pry/testable/evalable.rb,5a267df08ad6,irb,7.5,9,0,100,0.0,0,50.0,2,3,2,1.0,menos de 3 formas distintas
pry,lib/pry/testable/mockable.rb,5a267df08ad6,irb,5.5,6,0,100,0.0,0,50.0,2,3,2,1.0,menos de 3 formas distintas
pry,lib/pry/testable/variables.rb,5a267df08ad6,irb,8,10,0,100,0.0,0,0.0,2,3,2,1.0,menos de 3 formas distintas
pry-byebug,lib/pry-byebug/base.rb,0b5aea2615fd,debugging tools,4,4,0,50,0.0,0,0.0,2,1,2,1.0,menos de 3 formas distintas
pry-byebug,lib/pry-byebug/pry_remote_ext.rb,0b5aea2615fd,debugging tools,8,9,0,50,0.0,0,0.0,2,2,2,1.0,menos de 3 formas distintas
pry-rails,lib/pry-rails/commands/recognize_path.rb,d8d0c6d87a5b,debugging tools,8.5,14,0,100,0.0,1,0.0,2,1,2,1.0,menos de 3 formas distintas
pry-rails,lib/pry-rails/commands/show_model.rb,d8d0c6d87a5b,debugging tools,16.5,26,0,100,0.0,1,50.0,2,1,2,1.0,menos de 3 formas distintas
pry-rails,lib/pry-rails/prompt.rb,d8d0c6d87a5b,debugging tools,8.5,10,100,0,0.0,0,0.0,2,2,2,1.0,menos de 3 formas distintas
puma,lib/puma/minissl/context_builder.rb,8085b75e79e3,web servers,42.5,81,0,50,0.0,0,0.0,2,3,2,1.0,menos de 3 formas distintas
puma,lib/puma/rack_default.rb,8085b75e79e3,web servers,3,3,100,0,0.0,0,0.0,2,4,1,0.5,menos de 3 formas distintas
pundit,lib/pundit/cache_store/legacy_store.rb,2d665d67a26f,authorization,3.5,4,0,0,0.0,0,0.0,2,3,2,1.0,menos de 3 formas distintas
rack-attack,lib/rack/attack/allow2ban.rb,65f1ead3bc64,security,5.5,8,100,50,0.0,1,0.0,2,3,2,1.0,menos de 3 formas distintas
rack-attack,lib/rack/attack/check.rb,65f1ead3bc64,security,7,9,0,100,0.0,0,0.0,2,3,2,1.0,menos de 3 formas distintas
rack-attack,lib/rack/attack/track.rb,65f1ead3bc64,security,6.5,10,0,100,0.0,0,0.0,2,3,2,1.0,menos de 3 formas distintas
rack-protection,lib/rack/protection/content_security_policy.rb,599a007a779d,security,12,18,0,100,0.0,1,0.0,2,3,2,1.0,menos de 3 formas distintas
rack-protection,lib/rack/protection/frame_options.rb,599a007a779d,security,6,7,0,100,0.0,1,0.0,2,3,2,1.0,menos de 3 formas distintas
rack-protection,lib/rack/protection/http_origin.rb,599a007a779d,security,7,9,0,100,0.0,1,0.0,2,3,2,1.0,menos de 3 formas distintas
rack-protection,lib/rack/protection/path_traversal.rb,599a007a779d,security,13.5,20,0,100,0.0,1,0.0,2,3,2,1.0,menos de 3 formas distintas
rack-protection,lib/rack/protection/session_hijacking.rb,599a007a779d,security,6.5,10,0,100,0.0,1,0.0,2,3,2,1.0,menos de 3 formas distintas
rack-protection,lib/rack/protection/strict_transport.rb,599a007a779d,security,6.5,8,0,100,0.0,1,0.0,2,3,2,1.0,menos de 3 formas distintas
rails-i18n,lib/rails_i18n.rb,32a4583d2111,internationalization,3,3,100,0,0.0,0,0.0,2,1,2,1.0,menos de 3 formas distintas
rails-i18n,lib/rails_i18n/common_pluralizations/east_slavic.rb,32a4583d2111,internationalization,12.5,18,100,50,0.0,0,0.0,2,3,2,1.0,menos de 3 formas distintas
rails-i18n,lib/rails_i18n/common_pluralizations/one_few_other.rb,32a4583d2111,internationalization,14.5,22,100,50,0.0,0,0.0,2,3,2,1.0,menos de 3 formas distintas
rails-i18n,lib/rails_i18n/common_pluralizations/one_other.rb,32a4583d2111,internationalization,5,7,100,50,0.0,0,0.0,2,3,2,1.0,menos de 3 formas distintas
rails-i18n,lib/rails_i18n/common_pluralizations/one_two_other.rb,32a4583d2111,internationalization,8,9,100,0,0.0,0,0.0,2,3,2,1.0,menos de 3 formas distintas
rails-i18n,lib/rails_i18n/common_pluralizations/one_upto_two_other.rb,32a4583d2111,internationalization,6,7,100,50,0.0,0,0.0,2,3,2,1.0,menos de 3 formas distintas
rails-i18n,lib/rails_i18n/common_pluralizations/one_with_zero_other.rb,32a4583d2111,internationalization,7.5,8,100,0,0.0,0,0.0,2,3,2,1.0,menos de 3 formas distintas
rails-i18n,lib/rails_i18n/common_pluralizations/other.rb,32a4583d2111,internationalization,5,7,100,0,0.0,0,0.0,2,3,2,1.0,menos de 3 formas distintas
rails-i18n,lib/rails_i18n/common_pluralizations/romanian.rb,32a4583d2111,internationalization,10,13,100,50,0.0,0,0.0,2,3,2,1.0,menos de 3 formas distintas
rails-i18n,lib/rails_i18n/common_pluralizations/west_slavic.rb,32a4583d2111,internationalization,8,9,100,0,0.0,0,0.0,2,3,2,1.0,menos de 3 formas distintas
rake,lib/rake/early_time.rb,503b8ec593c5,cli builder,3,3,0,0,1.0,0,0.0,2,2,2,1.0,menos de 3 formas distintas
rake,lib/rake/file_creation_task.rb,503b8ec593c5,cli builder,3,3,0,0,0.0,2,0.0,2,2,2,1.0,menos de 3 formas distintas
rake,lib/rake/invocation_exception_mixin.rb,503b8ec593c5,cli builder,3,3,0,0,0.0,0,0.0,2,2,2,1.0,menos de 3 formas distintas
rake,lib/rake/late_time.rb,503b8ec593c5,cli builder,3,3,0,0,1.0,0,0.0,2,2,2,1.0,menos de 3 formas distintas
rake,lib/rake/private_reader.rb,503b8ec593c5,cli builder,3.5,4,50,50,0.0,0,0.0,2,3,2,1.0,menos de 3 formas distintas
ransack,lib/ransack/ransacker.rb,383c5dd9aa8f,search,6.5,10,0,100,0.0,0,50.0,2,2,2,1.0,menos de 3 formas distintas
rdoc,lib/rdoc/erbio.rb,4e303b392092,documentation,4.5,6,0,50,0.0,1,0.0,2,1,2,1.0,menos de 3 formas distintas
rdoc,lib/rdoc/generator/ri.rb,4e303b392092,documentation,4,5,0,100,0.0,0,0.0,2,1,2,1.0,menos de 3 formas distintas
rdoc,lib/rdoc/markup/element.rb,4e303b392092,documentation,3,3,0,0,0.0,0,0.0,2,3,1,0.5,menos de 3 formas distintas
rdoc,lib/rdoc/markup/paragraph.rb,4e303b392092,documentation,6,9,0,100,0.0,1,0.0,2,1,2,1.0,menos de 3 formas distintas
rdoc,lib/rdoc/markup/rule.rb,4e303b392092,documentation,4,5,0,100,0.0,1,0.0,2,1,2,1.0,menos de 3 formas distintas
responders,lib/generators/rails/responders_controller_generator.rb,b20fdd24befe,decorators,5,7,0,0,0.0,1,0.0,2,3,2,1.0,menos de 3 formas distintas
roo,lib/roo/excelx/cell/empty.rb,20d424f8bf96,spreadsheets and documents,3,3,0,0,0.0,1,0.0,2,4,2,1.0,menos de 3 formas distintas
roo,lib/roo/excelx/cell/string.rb,20d424f8bf96,spreadsheets and documents,3,3,0,50,0.0,1,0.0,2,4,2,1.0,menos de 3 formas distintas
roo,lib/roo/excelx/cell/time.rb,20d424f8bf96,spreadsheets and documents,5.5,7,0,100,0.0,2,0.0,2,4,2,1.0,menos de 3 formas distintas
roo,lib/roo/excelx/comments.rb,20d424f8bf96,spreadsheets and documents,5.5,8,0,50,0.0,1,0.0,2,3,2,1.0,menos de 3 formas distintas
roo,lib/roo/excelx/format.rb,20d424f8bf96,spreadsheets and documents,12,20,0,50,0.33,1,0.0,2,3,2,1.0,menos de 3 formas distintas
roo,lib/roo/excelx/images.rb,20d424f8bf96,spreadsheets and documents,5,7,0,50,0.0,1,0.0,2,3,2,1.0,menos de 3 formas distintas
roo,lib/roo/helpers/weak_instance_cache.rb,20d424f8bf96,spreadsheets and documents,14,21,0,100,0.0,0,150.0,2,3,2,1.0,menos de 3 formas distintas
roo,lib/roo/link.rb,20d424f8bf96,spreadsheets and documents,3.5,4,0,0,0.0,2,0.0,2,2,2,1.0,menos de 3 formas distintas
roo,lib/roo/spreadsheet.rb,20d424f8bf96,spreadsheets and documents,15,19,100,100,0.0,0,0.0,2,2,2,1.0,menos de 3 formas distintas
roo,lib/roo/tempdir.rb,20d424f8bf96,spreadsheets and documents,9.5,11,0,100,0.0,0,0.0,2,2,2,1.0,menos de 3 formas distintas
rouge,lib/rouge/formatters/html_inline.rb,afc3c52c2af0,code highlighting,9,11,0,100,0.0,1,0.0,2,3,2,1.0,menos de 3 formas distintas
rouge,lib/rouge/formatters/html_legacy.rb,afc3c52c2af0,code highlighting,11.5,12,0,100,0.0,1,0.0,2,3,2,1.0,menos de 3 formas distintas
rouge,lib/rouge/formatters/html_line_highlighter.rb,afc3c52c2af0,code highlighting,7,9,0,100,0.0,1,0.0,2,3,2,1.0,menos de 3 formas distintas
rouge,lib/rouge/formatters/html_line_table.rb,afc3c52c2af0,code highlighting,12,15,0,100,0.0,1,0.0,2,3,2,1.0,menos de 3 formas distintas
rouge,lib/rouge/formatters/html_linewise.rb,afc3c52c2af0,code highlighting,7,9,0,100,0.0,1,0.0,2,3,2,1.0,menos de 3 formas distintas
rouge,lib/rouge/formatters/html_pygments.rb,afc3c52c2af0,code highlighting,4.5,5,0,50,0.0,1,0.0,2,3,2,1.0,menos de 3 formas distintas
rouge,lib/rouge/formatters/null.rb,afc3c52c2af0,code highlighting,3.5,5,0,50,0.0,1,0.0,2,3,2,1.0,menos de 3 formas distintas
rouge,lib/rouge/guessers/filename.rb,afc3c52c2af0,code highlighting,5.5,8,0,50,0.0,1,0.0,2,3,2,1.0,menos de 3 formas distintas
rouge,lib/rouge/guessers/mimetype.rb,afc3c52c2af0,code highlighting,3,3,0,50,0.0,1,0.0,2,3,2,1.0,menos de 3 formas distintas
rouge,lib/rouge/guessers/modeline.rb,afc3c52c2af0,code highlighting,10,16,0,100,0.33,1,0.0,2,3,2,1.0,menos de 3 formas distintas
rouge,lib/rouge/guessers/source.rb,afc3c52c2af0,code highlighting,9.5,16,0,50,0.33,1,0.0,2,3,2,1.0,menos de 3 formas distintas
rouge,lib/rouge/lexers/cuda.rb,afc3c52c2af0,code highlighting,9,12,100,0,0.0,4,0.0,2,3,2,1.0,menos de 3 formas distintas
rouge,lib/rouge/lexers/factor.rb,afc3c52c2af0,code highlighting,77,151,100,100,0.0,2,0.0,2,3,2,1.0,menos de 3 formas distintas
rouge,lib/rouge/lexers/gradle.rb,afc3c52c2af0,code highlighting,9.5,13,100,0,0.0,3,0.0,2,3,2,1.0,menos de 3 formas distintas
rouge,lib/rouge/lexers/hack.rb,afc3c52c2af0,code highlighting,8,10,100,50,0.67,4,0.0,2,3,2,1.0,menos de 3 formas distintas
rouge,lib/rouge/lexers/hql.rb,afc3c52c2af0,code highlighting,46.5,83,100,0,1.0,3,0.0,2,3,2,1.0,menos de 3 formas distintas
rouge,lib/rouge/lexers/literate_coffeescript.rb,afc3c52c2af0,code highlighting,3,3,0,0,0.0,2,0.0,2,3,1,0.5,menos de 3 formas distintas
rouge,lib/rouge/lexers/make.rb,afc3c52c2af0,code highlighting,6,8,50,0,0.0,2,0.0,2,3,2,1.0,menos de 3 formas distintas
rouge,lib/rouge/lexers/plain_text.rb,afc3c52c2af0,code highlighting,4,5,0,0,0.0,1,0.0,2,3,2,1.0,menos de 3 formas distintas
rouge,lib/rouge/lexers/rego.rb,afc3c52c2af0,code highlighting,5,5,100,0,0.0,2,0.0,2,3,1,0.5,menos de 3 formas distintas
rouge,lib/rouge/lexers/rml.rb,afc3c52c2af0,code highlighting,5.5,6,100,0,0.0,2,0.0,2,3,1,0.5,menos de 3 formas distintas
rouge,lib/rouge/lexers/scheme.rb,afc3c52c2af0,code highlighting,22,37,100,0,0.0,2,0.0,2,3,2,1.0,menos de 3 formas distintas
rouge,lib/rouge/lexers/slice.rb,afc3c52c2af0,code highlighting,6.5,8,100,0,0.0,3,0.0,2,3,2,1.0,menos de 3 formas distintas
rouge,lib/rouge/lexers/sparql.rb,afc3c52c2af0,code highlighting,10,11,100,0,0.0,2,0.0,2,3,1,0.5,menos de 3 formas distintas
rouge,lib/rouge/lexers/sql.rb,afc3c52c2af0,code highlighting,46,77,100,0,0.0,2,0.0,2,3,2,1.0,menos de 3 formas distintas
rouge,lib/rouge/lexers/stata.rb,afc3c52c2af0,code highlighting,3,3,100,0,0.0,2,0.0,2,3,1,0.5,menos de 3 formas distintas
rouge,lib/rouge/lexers/syzlang.rb,afc3c52c2af0,code highlighting,7.5,8,100,0,0.0,2,0.0,2,3,1,0.5,menos de 3 formas distintas
rouge,lib/rouge/lexers/veryl.rb,afc3c52c2af0,code highlighting,7,9,100,0,0.0,2,0.0,2,3,2,1.0,menos de 3 formas distintas
rouge,lib/rouge/lexers/vue.rb,afc3c52c2af0,code highlighting,9.5,15,0,50,0.75,1,0.0,2,4,2,1.0,menos de 3 formas distintas
rouge,lib/rouge/lexers/wollok.rb,afc3c52c2af0,code highlighting,3,3,0,50,0.0,2,0.0,2,3,2,1.0,menos de 3 formas distintas
rouge,lib/rouge/lexers/zig.rb,afc3c52c2af0,code highlighting,16.5,21,100,0,0.0,2,0.0,2,3,2,1.0,menos de 3 formas distintas
rouge,lib/rouge/plugins/redcarpet.rb,afc3c52c2af0,code highlighting,11.5,20,0,50,0.0,0,0.0,2,3,2,1.0,menos de 3 formas distintas
rouge,lib/rubocop/cop/rouge/no_building_alternation_pattern_in_regexp.rb,afc3c52c2af0,code highlighting,7,7,0,100,0.0,1,0.0,2,4,2,1.0,menos de 3 formas distintas
rouge,lib/rubocop/cop/rouge/no_huge_collections.rb,afc3c52c2af0,code highlighting,6.5,8,0,100,0.0,1,0.0,2,4,2,1.0,menos de 3 formas distintas
rspec,rspec-core/benchmarks/call_v_yield.rb,79a280d76e10,testing,3,3,0,50,0.0,0,0.0,2,0,2,1.0,menos de 3 formas distintas
rspec,rspec-core/benchmarks/define_method_v_attr_reader_v_def.rb,79a280d76e10,testing,4,5,0,0,0.0,0,0.0,2,1,2,1.0,menos de 3 formas distintas
rspec,rspec-core/benchmarks/flat_map_vs_inject.rb,79a280d76e10,testing,3,3,0,100,0.0,0,0.0,2,0,2,1.0,menos de 3 formas distintas
rspec,rspec-core/benchmarks/hash_functions.rb,79a280d76e10,testing,17,18,0,100,0.0,0,0.0,2,0,2,1.0,menos de 3 formas distintas
rspec,rspec-core/lib/rspec/core/flat_map.rb,79a280d76e10,testing,3,3,0,100,0.0,0,0.0,2,3,2,1.0,menos de 3 formas distintas
rspec,rspec-core/lib/rspec/core/formatters/bisect_drb_formatter.rb,79a280d76e10,testing,4.5,6,0,100,0.0,1,0.0,2,4,2,1.0,menos de 3 formas distintas
rspec,rspec-core/lib/rspec/core/formatters/fallback_message_formatter.rb,79a280d76e10,testing,3,3,0,50,0.0,0,0.0,2,4,2,1.0,menos de 3 formas distintas
rspec,rspec-expectations/benchmarks/method_to_proc.rb,79a280d76e10,testing,1,1,0,0,0.0,0,0.0,2,0,1,0.5,menos de 3 formas distintas
rspec,rspec-expectations/lib/rspec/expectations/fail_with.rb,79a280d76e10,testing,8,10,100,0,0.0,0,0.0,2,3,2,1.0,menos de 3 formas distintas
rspec,rspec-expectations/lib/rspec/matchers/built_in/be_instance_of.rb,79a280d76e10,testing,5,7,0,50,0.0,1,0.0,2,4,2,1.0,menos de 3 formas distintas
rspec,rspec-mocks/benchmarks/allocations/lambda_vs_block_with_select.rb,79a280d76e10,testing,4,5,0,100,0.0,0,0.0,2,0,2,1.0,menos de 3 formas distintas
rspec,rspec-mocks/lib/rspec/mocks/matchers/expectation_customization.rb,79a280d76e10,testing,4,5,0,50,0.0,0,50.0,2,4,2,1.0,menos de 3 formas distintas
rspec,rspec-support/benchmarks/map_hash.rb,79a280d76e10,testing,4.5,6,0,100,0.0,0,0.0,2,0,2,1.0,menos de 3 formas distintas
rspec,rspec-support/lib/rspec/support/caller_filter.rb,79a280d76e10,testing,15.5,28,100,100,0.0,0,0.0,2,2,2,1.0,menos de 3 formas distintas
rspec,rspec-support/lib/rspec/support/source/location.rb,79a280d76e10,testing,4,5,50,100,0.33,0,0.0,2,3,2,1.0,menos de 3 formas distintas
rspec,rspec-support/lib/rspec/support/spec.rb,79a280d76e10,testing,15.5,18,100,50,0.0,0,50.0,2,3,2,1.0,menos de 3 formas distintas
rspec,rspec-support/lib/rspec/support/with_keywords_when_needed.rb,79a280d76e10,testing,6.5,10,0,100,0.0,0,0.0,2,3,2,1.0,menos de 3 formas distintas
rubocop,lib/rubocop/cache_config.rb,65854e6bbfe4,code formatting,22,23,100,50,0.0,0,0.0,2,2,2,1.0,menos de 3 formas distintas
rubocop,lib/rubocop/cli/command.rb,65854e6bbfe4,code formatting,3,3,100,0,0.0,0,0.0,2,3,2,1.0,menos de 3 formas distintas
rubocop,lib/rubocop/cli/environment.rb,65854e6bbfe4,code formatting,4,5,0,0,0.0,0,0.0,2,3,2,1.0,menos de 3 formas distintas
rubocop,lib/rubocop/cop/bundler/insecure_protocol_source.rb,65854e6bbfe4,code formatting,10.5,18,0,100,0.25,1,0.0,2,4,2,1.0,menos de 3 formas distintas
rubocop,lib/rubocop/cop/bundler/ordered_gems.rb,65854e6bbfe4,code formatting,7.5,10,0,100,0.5,1,0.0,2,4,2,1.0,menos de 3 formas distintas
rubocop,lib/rubocop/cop/correctors/condition_corrector.rb,65854e6bbfe4,code formatting,5.5,6,100,100,0.0,0,0.0,2,3,2,1.0,menos de 3 formas distintas
rubocop,lib/rubocop/cop/correctors/empty_line_corrector.rb,65854e6bbfe4,code formatting,6.5,10,100,100,0.0,0,0.0,2,3,2,1.0,menos de 3 formas distintas
rubocop,lib/rubocop/cop/correctors/ordered_gem_corrector.rb,65854e6bbfe4,code formatting,13,17,100,100,0.67,0,0.0,2,3,2,1.0,menos de 3 formas distintas
rubocop,lib/rubocop/cop/correctors/require_library_corrector.rb,65854e6bbfe4,code formatting,4,5,100,50,0.33,0,0.0,2,3,2,1.0,menos de 3 formas distintas
rubocop,lib/rubocop/cop/correctors/unused_arg_corrector.rb,65854e6bbfe4,code formatting,12,18,100,100,0.33,0,0.0,2,3,2,1.0,menos de 3 formas distintas
rubocop,lib/rubocop/cop/gemspec/ruby_version_globals_usage.rb,65854e6bbfe4,code formatting,4,5,0,100,0.25,1,0.0,2,4,2,1.0,menos de 3 formas distintas
rubocop,lib/rubocop/cop/internal_affairs/empty_line_between_expect_offense_and_correction.rb,65854e6bbfe4,code formatting,11.5,14,0,100,0.25,1,0.0,2,4,2,1.0,menos de 3 formas distintas
rubocop,lib/rubocop/cop/internal_affairs/location_line_equality_comparison.rb,65854e6bbfe4,code formatting,9,11,0,100,0.25,1,0.0,2,4,2,1.0,menos de 3 formas distintas
rubocop,lib/rubocop/cop/internal_affairs/method_name_end_with.rb,65854e6bbfe4,code formatting,11,13,0,100,0.5,1,0.0,2,4,2,1.0,menos de 3 formas distintas
rubocop,lib/rubocop/cop/internal_affairs/node_destructuring.rb,65854e6bbfe4,code formatting,3,3,0,50,0.0,1,0.0,2,4,2,1.0,menos de 3 formas distintas
rubocop,lib/rubocop/cop/internal_affairs/offense_location_keyword.rb,65854e6bbfe4,code formatting,9,11,0,100,0.25,1,0.0,2,4,2,1.0,menos de 3 formas distintas
rubocop,lib/rubocop/cop/internal_affairs/redundant_context_config_parameter.rb,65854e6bbfe4,code formatting,7.5,12,0,100,0.5,1,0.0,2,4,2,1.0,menos de 3 formas distintas
rubocop,lib/rubocop/cop/internal_affairs/redundant_described_class_as_subject.rb,65854e6bbfe4,code formatting,11,17,0,100,0.5,1,0.0,2,4,2,1.0,menos de 3 formas distintas
rubocop,lib/rubocop/cop/internal_affairs/redundant_let_rubocop_config_new.rb,65854e6bbfe4,code formatting,11,16,0,100,0.5,1,0.0,2,4,2,1.0,menos de 3 formas distintas
rubocop,lib/rubocop/cop/internal_affairs/redundant_location_argument.rb,65854e6bbfe4,code formatting,7,9,0,100,0.5,1,0.0,2,4,2,1.0,menos de 3 formas distintas
rubocop,lib/rubocop/cop/internal_affairs/redundant_message_argument.rb,65854e6bbfe4,code formatting,9,13,0,100,0.5,1,0.0,2,4,2,1.0,menos de 3 formas distintas
rubocop,lib/rubocop/cop/internal_affairs/single_line_comparison.rb,65854e6bbfe4,code formatting,7.5,11,0,100,0.25,1,0.0,2,4,2,1.0,menos de 3 formas distintas
rubocop,lib/rubocop/cop/internal_affairs/useless_restrict_on_send.rb,65854e6bbfe4,code formatting,5,7,0,100,0.25,1,0.0,2,4,2,1.0,menos de 3 formas distintas
rubocop,lib/rubocop/cop/layout/empty_lines_around_begin_body.rb,65854e6bbfe4,code formatting,3,3,0,0,0.5,1,0.0,2,4,2,1.0,menos de 3 formas distintas
rubocop,lib/rubocop/cop/layout/empty_lines_around_class_body.rb,65854e6bbfe4,code formatting,4,5,0,100,0.5,1,0.0,2,4,2,1.0,menos de 3 formas distintas
rubocop,lib/rubocop/cop/layout/first_hash_element_line_break.rb,65854e6bbfe4,code formatting,5,7,0,100,0.5,1,0.0,2,4,2,1.0,menos de 3 formas distintas
rubocop,lib/rubocop/cop/layout/first_method_argument_line_break.rb,65854e6bbfe4,code formatting,9.5,16,0,100,0.75,1,0.0,2,4,2,1.0,menos de 3 formas distintas
rubocop,lib/rubocop/cop/layout/first_method_parameter_line_break.rb,65854e6bbfe4,code formatting,3,3,0,100,0.5,1,0.0,2,4,2,1.0,menos de 3 formas distintas
rubocop,lib/rubocop/cop/layout/multiline_array_line_breaks.rb,65854e6bbfe4,code formatting,3,3,0,100,0.5,1,0.0,2,4,2,1.0,menos de 3 formas distintas
rubocop,lib/rubocop/cop/layout/multiline_method_argument_line_breaks.rb,65854e6bbfe4,code formatting,9.5,16,0,100,0.5,1,0.0,2,4,2,1.0,menos de 3 formas distintas
rubocop,lib/rubocop/cop/layout/multiline_method_parameter_line_breaks.rb,65854e6bbfe4,code formatting,4,5,0,100,0.5,1,0.0,2,4,2,1.0,menos de 3 formas distintas
rubocop,lib/rubocop/cop/layout/space_after_comma.rb,65854e6bbfe4,code formatting,3.5,4,0,100,0.5,1,0.0,2,4,2,1.0,menos de 3 formas distintas
rubocop,lib/rubocop/cop/layout/space_after_not.rb,65854e6bbfe4,code formatting,6,9,0,100,0.5,1,0.0,2,4,2,1.0,menos de 3 formas distintas
rubocop,lib/rubocop/cop/legacy/corrector.rb,65854e6bbfe4,code formatting,11.5,15,0,50,0.0,2,50.0,2,4,2,1.0,menos de 3 formas distintas
rubocop,lib/rubocop/cop/lint/binary_operator_with_identical_operands.rb,65854e6bbfe4,code formatting,5.5,6,0,100,0.0,1,0.0,2,4,2,1.0,menos de 3 formas distintas
rubocop,lib/rubocop/cop/lint/boolean_symbol.rb,65854e6bbfe4,code formatting,10,10,0,100,0.25,1,0.0,2,4,2,1.0,menos de 3 formas distintas
rubocop,lib/rubocop/cop/lint/constant_overwritten_in_rescue.rb,65854e6bbfe4,code formatting,5.5,8,50,50,0.5,1,0.0,2,4,2,1.0,menos de 3 formas distintas
rubocop,lib/rubocop/cop/lint/cop_directive_syntax.rb,65854e6bbfe4,code formatting,13,16,0,100,0.0,1,0.0,2,4,2,1.0,menos de 3 formas distintas
rubocop,lib/rubocop/cop/lint/duplicate_match_pattern.rb,65854e6bbfe4,code formatting,9.5,11,0,100,0.25,1,0.0,2,4,2,1.0,menos de 3 formas distintas
rubocop,lib/rubocop/cop/lint/duplicate_require.rb,65854e6bbfe4,code formatting,6.5,8,0,100,0.5,1,0.0,2,4,2,1.0,menos de 3 formas distintas
rubocop,lib/rubocop/cop/lint/duplicate_set_element.rb,65854e6bbfe4,code formatting,13,17,0,100,0.25,1,0.0,2,4,2,1.0,menos de 3 formas distintas
rubocop,lib/rubocop/cop/lint/empty_expression.rb,65854e6bbfe4,code formatting,4,5,0,50,0.0,1,0.0,2,4,2,1.0,menos de 3 formas distintas
rubocop,lib/rubocop/cop/lint/empty_in_pattern.rb,65854e6bbfe4,code formatting,6,8,0,100,0.5,1,0.0,2,4,2,1.0,menos de 3 formas distintas
rubocop,lib/rubocop/cop/lint/empty_interpolation.rb,65854e6bbfe4,code formatting,7.5,9,0,100,0.5,1,0.0,2,4,2,1.0,menos de 3 formas distintas
rubocop,lib/rubocop/cop/lint/empty_when.rb,65854e6bbfe4,code formatting,6,8,0,100,0.25,1,0.0,2,4,2,1.0,menos de 3 formas distintas
rubocop,lib/rubocop/cop/lint/ensure_return.rb,65854e6bbfe4,code formatting,7,7,0,100,0.0,1,0.0,2,4,2,1.0,menos de 3 formas distintas
rubocop,lib/rubocop/cop/lint/flip_flop.rb,65854e6bbfe4,code formatting,3,3,0,0,0.0,1,0.0,2,4,1,0.5,menos de 3 formas distintas
rubocop,lib/rubocop/cop/lint/it_without_arguments_in_block.rb,65854e6bbfe4,code formatting,4.5,6,0,100,0.5,1,0.0,2,4,2,1.0,menos de 3 formas distintas
rubocop,lib/rubocop/cop/lint/next_without_accumulator.rb,65854e6bbfe4,code formatting,6,9,0,100,0.0,1,0.0,2,4,2,1.0,menos de 3 formas distintas
rubocop,lib/rubocop/cop/lint/no_return_in_begin_end_blocks.rb,65854e6bbfe4,code formatting,8,9,0,100,0.0,1,0.0,2,4,2,1.0,menos de 3 formas distintas
rubocop,lib/rubocop/cop/lint/rand_one.rb,65854e6bbfe4,code formatting,4,5,0,50,0.0,1,0.0,2,4,2,1.0,menos de 3 formas distintas
rubocop,lib/rubocop/cop/lint/redundant_require_statement.rb,65854e6bbfe4,code formatting,12,15,0,100,0.5,1,0.0,2,4,2,1.0,menos de 3 formas distintas
rubocop,lib/rubocop/cop/lint/require_relative_self_path.rb,65854e6bbfe4,code formatting,9,9,0,100,0.5,1,0.0,2,4,2,1.0,menos de 3 formas distintas
rubocop,lib/rubocop/cop/lint/rescue_exception.rb,65854e6bbfe4,code formatting,4,5,0,100,0.0,1,0.0,2,4,2,1.0,menos de 3 formas distintas
rubocop,lib/rubocop/cop/lint/trailing_comma_in_attribute_declaration.rb,65854e6bbfe4,code formatting,8,10,0,100,0.5,1,0.0,2,4,2,1.0,menos de 3 formas distintas
rubocop,lib/rubocop/cop/lint/triple_quotes.rb,65854e6bbfe4,code formatting,9,15,0,100,0.25,1,0.0,2,4,2,1.0,menos de 3 formas distintas
rubocop,lib/rubocop/cop/lint/unreachable_pattern_branch.rb,65854e6bbfe4,code formatting,15.5,19,0,100,0.25,1,0.0,2,4,2,1.0,menos de 3 formas distintas
rubocop,lib/rubocop/cop/lint/useless_default_value_argument.rb,65854e6bbfe4,code formatting,8,13,0,100,0.5,1,0.0,2,4,2,1.0,menos de 3 formas distintas
rubocop,lib/rubocop/cop/lint/useless_or.rb,65854e6bbfe4,code formatting,9,10,0,100,0.25,1,0.0,2,4,2,1.0,menos de 3 formas distintas
rubocop,lib/rubocop/cop/metrics/cyclomatic_complexity.rb,65854e6bbfe4,code formatting,4.5,6,0,100,0.5,1,0.0,2,4,2,1.0,menos de 3 formas distintas
rubocop,lib/rubocop/cop/metrics/perceived_complexity.rb,65854e6bbfe4,code formatting,16,24,0,100,0.0,2,0.0,2,4,2,1.0,menos de 3 formas distintas
rubocop,lib/rubocop/cop/mixin/allowed_identifiers.rb,65854e6bbfe4,code formatting,3,3,0,100,0.0,0,0.0,2,3,2,1.0,menos de 3 formas distintas
rubocop,lib/rubocop/cop/mixin/configurable_max.rb,65854e6bbfe4,code formatting,7.5,12,0,50,0.0,0,0.0,2,3,2,1.0,menos de 3 formas distintas
rubocop,lib/rubocop/cop/mixin/def_node.rb,65854e6bbfe4,code formatting,3,3,0,50,0.67,0,0.0,2,3,2,1.0,menos de 3 formas distintas
rubocop,lib/rubocop/cop/mixin/forbidden_identifiers.rb,65854e6bbfe4,code formatting,4,5,0,100,0.0,0,0.0,2,3,2,1.0,menos de 3 formas distintas
rubocop,lib/rubocop/cop/mixin/interpolation.rb,65854e6bbfe4,code formatting,3,3,0,50,0.0,0,0.0,2,3,2,1.0,menos de 3 formas distintas
rubocop,lib/rubocop/cop/mixin/match_range.rb,65854e6bbfe4,code formatting,3,3,0,100,0.33,0,0.0,2,3,2,1.0,menos de 3 formas distintas
rubocop,lib/rubocop/cop/mixin/min_body_length.rb,65854e6bbfe4,code formatting,4.5,6,0,100,0.0,0,0.0,2,3,2,1.0,menos de 3 formas distintas
rubocop,lib/rubocop/cop/mixin/multiline_element_line_breaks.rb,65854e6bbfe4,code formatting,9.5,12,0,100,0.0,0,0.0,2,3,2,1.0,menos de 3 formas distintas
rubocop,lib/rubocop/cop/mixin/nil_methods.rb,65854e6bbfe4,code formatting,3,3,0,50,0.33,0,0.0,2,3,2,1.0,menos de 3 formas distintas
rubocop,lib/rubocop/cop/mixin/unused_argument.rb,65854e6bbfe4,code formatting,6.5,10,0,100,0.25,0,0.0,2,4,2,1.0,menos de 3 formas distintas
rubocop,lib/rubocop/cop/naming/binary_operator_parameter_name.rb,65854e6bbfe4,code formatting,9,13,0,50,0.25,1,0.0,2,4,2,1.0,menos de 3 formas distintas
rubocop,lib/rubocop/cop/style/array_coercion.rb,65854e6bbfe4,code formatting,10,10,0,100,0.25,1,0.0,2,4,2,1.0,menos de 3 formas distintas
rubocop,lib/rubocop/cop/style/auto_resource_cleanup.rb,65854e6bbfe4,code formatting,6.5,7,0,100,0.0,1,0.0,2,4,2,1.0,menos de 3 formas distintas
rubocop,lib/rubocop/cop/style/bitwise_predicate.rb,65854e6bbfe4,code formatting,13,17,0,50,0.5,1,0.0,2,4,2,1.0,menos de 3 formas distintas
rubocop,lib/rubocop/cop/style/class_check.rb,65854e6bbfe4,code formatting,8.5,10,0,100,0.5,1,0.0,2,4,2,1.0,menos de 3 formas distintas
rubocop,lib/rubocop/cop/style/class_methods.rb,65854e6bbfe4,code formatting,9.5,10,0,100,0.25,1,0.0,2,4,2,1.0,menos de 3 formas distintas
rubocop,lib/rubocop/cop/style/class_vars.rb,65854e6bbfe4,code formatting,4,5,0,100,0.0,1,0.0,2,4,2,1.0,menos de 3 formas distintas
rubocop,lib/rubocop/cop/style/comparable_between.rb,65854e6bbfe4,code formatting,11.5,13,0,100,0.25,1,0.0,2,4,2,1.0,menos de 3 formas distintas
rubocop,lib/rubocop/cop/style/def_with_parentheses.rb,65854e6bbfe4,code formatting,10,12,0,100,0.5,1,0.0,2,4,2,1.0,menos de 3 formas distintas
rubocop,lib/rubocop/cop/style/dir.rb,65854e6bbfe4,code formatting,5,7,0,100,0.5,1,0.0,2,4,2,1.0,menos de 3 formas distintas
rubocop,lib/rubocop/cop/style/dir_empty.rb,65854e6bbfe4,code formatting,7.5,12,0,100,0.5,1,0.0,2,4,2,1.0,menos de 3 formas distintas
rubocop,lib/rubocop/cop/style/each_for_simple_loop.rb,65854e6bbfe4,code formatting,9,13,0,100,0.25,1,0.0,2,4,2,1.0,menos de 3 formas distintas
rubocop,lib/rubocop/cop/style/empty_block_parameter.rb,65854e6bbfe4,code formatting,5,6,0,100,0.75,1,0.0,2,4,2,1.0,menos de 3 formas distintas
rubocop,lib/rubocop/cop/style/empty_lambda_parameter.rb,65854e6bbfe4,code formatting,6,6,0,100,0.75,1,0.0,2,4,2,1.0,menos de 3 formas distintas
rubocop,lib/rubocop/cop/style/file_empty.rb,65854e6bbfe4,code formatting,8,10,0,100,0.5,1,0.0,2,4,2,1.0,menos de 3 formas distintas
rubocop,lib/rubocop/cop/style/file_touch.rb,65854e6bbfe4,code formatting,7.5,12,0,100,0.25,1,0.0,2,4,2,1.0,menos de 3 formas distintas
rubocop,lib/rubocop/cop/style/hash_except.rb,65854e6bbfe4,code formatting,3,3,0,0,0.75,1,0.0,2,4,2,1.0,menos de 3 formas distintas
rubocop,lib/rubocop/cop/style/hash_like_case.rb,65854e6bbfe4,code formatting,6,9,0,50,0.25,1,0.0,2,4,2,1.0,menos de 3 formas distintas
rubocop,lib/rubocop/cop/style/hash_slice.rb,65854e6bbfe4,code formatting,3,3,0,0,0.75,1,0.0,2,4,2,1.0,menos de 3 formas distintas
rubocop,lib/rubocop/cop/style/hash_transform_keys.rb,65854e6bbfe4,code formatting,3.5,4,0,0,0.75,1,0.0,2,4,2,1.0,menos de 3 formas distintas
rubocop,lib/rubocop/cop/style/hash_transform_values.rb,65854e6bbfe4,code formatting,3.5,4,0,0,0.75,1,0.0,2,4,2,1.0,menos de 3 formas distintas
rubocop,lib/rubocop/cop/style/keyword_arguments_merging.rb,65854e6bbfe4,code formatting,14.5,16,0,100,0.25,1,0.0,2,4,2,1.0,menos de 3 formas distintas
rubocop,lib/rubocop/cop/style/map_to_set.rb,65854e6bbfe4,code formatting,7.5,9,0,100,0.5,1,0.0,2,4,2,1.0,menos de 3 formas distintas
rubocop,lib/rubocop/cop/style/method_called_on_do_end_block.rb,65854e6bbfe4,code formatting,9,10,0,100,0.25,1,0.0,2,4,2,1.0,menos de 3 formas distintas
rubocop,lib/rubocop/cop/style/multiline_in_pattern_then.rb,65854e6bbfe4,code formatting,7,8,0,100,0.75,1,0.0,2,4,2,1.0,menos de 3 formas distintas
rubocop,lib/rubocop/cop/style/multiline_when_then.rb,65854e6bbfe4,code formatting,8,8,0,100,0.5,1,0.0,2,4,2,1.0,menos de 3 formas distintas
rubocop,lib/rubocop/cop/style/nil_lambda.rb,65854e6bbfe4,code formatting,10.5,12,0,100,0.5,1,0.0,2,4,2,1.0,menos de 3 formas distintas
rubocop,lib/rubocop/cop/style/open_struct_use.rb,65854e6bbfe4,code formatting,5.5,6,0,50,0.0,1,0.0,2,4,2,1.0,menos de 3 formas distintas
rubocop,lib/rubocop/cop/style/optional_boolean_parameter.rb,65854e6bbfe4,code formatting,7,9,0,100,0.25,1,0.0,2,4,2,1.0,menos de 3 formas distintas
rubocop,lib/rubocop/cop/style/redundant_array_constructor.rb,65854e6bbfe4,code formatting,12,19,0,100,0.25,1,0.0,2,4,2,1.0,menos de 3 formas distintas
rubocop,lib/rubocop/cop/style/redundant_heredoc_delimiter_quotes.rb,65854e6bbfe4,code formatting,10.5,12,0,100,0.5,1,0.0,2,4,2,1.0,menos de 3 formas distintas
rubocop,lib/rubocop/cop/style/redundant_interpolation_unfreeze.rb,65854e6bbfe4,code formatting,7.5,8,0,100,0.75,1,0.0,2,4,2,1.0,menos de 3 formas distintas
rubocop,lib/rubocop/cop/style/single_argument_dig.rb,65854e6bbfe4,code formatting,12.5,21,0,100,0.5,1,0.0,2,4,2,1.0,menos de 3 formas distintas
rubocop,lib/rubocop/cop/style/trailing_comma_in_arguments.rb,65854e6bbfe4,code formatting,5,7,50,50,0.5,1,0.0,2,4,2,1.0,menos de 3 formas distintas
rubocop,lib/rubocop/cop/style/unpack_first.rb,65854e6bbfe4,code formatting,7.5,12,0,100,0.5,1,0.0,2,4,2,1.0,menos de 3 formas distintas
rubocop,lib/rubocop/cop/style/while_until_do.rb,65854e6bbfe4,code formatting,6.5,10,0,100,0.25,1,0.0,2,4,2,1.0,menos de 3 formas distintas
rubocop,lib/rubocop/cop/style/while_until_modifier.rb,65854e6bbfe4,code formatting,5,7,0,100,0.5,1,0.0,2,4,2,1.0,menos de 3 formas distintas
rubocop,lib/rubocop/cop/style/yaml_file_read.rb,65854e6bbfe4,code formatting,9.5,16,0,100,0.25,1,0.0,2,4,2,1.0,menos de 3 formas distintas
rubocop,lib/rubocop/cop/variable_force/branchable.rb,65854e6bbfe4,code formatting,5,5,0,50,0.0,1,0.0,2,4,2,1.0,menos de 3 formas distintas
rubocop,lib/rubocop/cop/variable_force/reference.rb,65854e6bbfe4,code formatting,6.5,10,0,100,0.25,1,0.0,2,4,2,1.0,menos de 3 formas distintas
rubocop,lib/rubocop/ext/comment.rb,65854e6bbfe4,code formatting,3,3,0,100,0.0,0,0.0,2,3,2,1.0,menos de 3 formas distintas
rubocop,lib/rubocop/ext/processed_source.rb,65854e6bbfe4,code formatting,3,3,0,50,0.0,0,0.0,2,3,2,1.0,menos de 3 formas distintas
rubocop,lib/rubocop/formatter/colorizable.rb,65854e6bbfe4,code formatting,7,11,0,100,0.0,0,0.0,2,3,2,1.0,menos de 3 formas distintas
rubocop,lib/rubocop/formatter/emacs_style_formatter.rb,65854e6bbfe4,code formatting,12.5,13,0,100,0.0,1,0.0,2,3,2,1.0,menos de 3 formas distintas
rubocop,lib/rubocop/name_similarity.rb,65854e6bbfe4,code formatting,9,13,0,100,0.0,0,0.0,2,2,2,1.0,menos de 3 formas distintas
rubocop,lib/rubocop/plugin.rb,65854e6bbfe4,code formatting,10.5,14,100,50,0.0,0,0.0,2,2,2,1.0,menos de 3 formas distintas
rubocop,lib/rubocop/plugin/load_error.rb,65854e6bbfe4,code formatting,7.5,10,0,0,0.0,2,0.0,2,3,2,1.0,menos de 3 formas distintas
rubocop,lib/rubocop/plugin/not_supported_error.rb,65854e6bbfe4,code formatting,9,13,0,50,0.0,2,0.0,2,3,2,1.0,menos de 3 formas distintas
rubocop-performance,lib/rubocop/cop/performance/ancestors_include.rb,c07064ddee3f,code formatting,8,10,0,100,0.5,1,0.0,2,4,2,1.0,menos de 3 formas distintas
rubocop-performance,lib/rubocop/cop/performance/array_semi_infinite_range_slice.rb,c07064ddee3f,code formatting,10.5,11,0,100,0.75,1,0.0,2,4,2,1.0,menos de 3 formas distintas
rubocop-performance,lib/rubocop/cop/performance/block_given_with_explicit_block.rb,c07064ddee3f,code formatting,9,15,50,50,0.25,1,0.0,2,4,2,1.0,menos de 3 formas distintas
rubocop-performance,lib/rubocop/cop/performance/caller.rb,c07064ddee3f,code formatting,10.5,18,0,100,0.25,1,0.0,2,4,2,1.0,menos de 3 formas distintas
rubocop-performance,lib/rubocop/cop/performance/chain_array_allocation.rb,c07064ddee3f,code formatting,7.5,10,0,100,0.0,1,0.0,2,4,2,1.0,menos de 3 formas distintas
rubocop-performance,lib/rubocop/cop/performance/map_method_chain.rb,c07064ddee3f,code formatting,14,15,0,100,0.25,1,0.0,2,4,2,1.0,menos de 3 formas distintas
rubocop-performance,lib/rubocop/cop/performance/squeeze.rb,c07064ddee3f,code formatting,12,21,0,100,0.25,1,0.0,2,4,2,1.0,menos de 3 formas distintas
rubocop-performance,lib/rubocop/cop/performance/string_include.rb,c07064ddee3f,code formatting,9.5,16,0,100,0.25,1,0.0,2,4,2,1.0,menos de 3 formas distintas
rubocop-performance,lib/rubocop/cop/performance/unfreeze_string.rb,c07064ddee3f,code formatting,8.5,10,0,100,0.5,1,0.0,2,4,2,1.0,menos de 3 formas distintas
rubocop-rails,lib/rubocop/cop/mixin/target_rails_version.rb,2ccba590ec47,code formatting,7,8,0,50,0.0,0,0.0,2,3,2,1.0,menos de 3 formas distintas
rubocop-rails,lib/rubocop/cop/rails/active_support_on_load.rb,2ccba590ec47,code formatting,7.5,9,0,100,0.25,1,0.0,2,4,2,1.0,menos de 3 formas distintas
rubocop-rails,lib/rubocop/cop/rails/add_column_index.rb,2ccba590ec47,code formatting,10.5,18,0,100,0.75,1,0.0,2,4,2,1.0,menos de 3 formas distintas
rubocop-rails,lib/rubocop/cop/rails/assert_not.rb,2ccba590ec47,code formatting,6,9,0,100,0.25,1,0.0,2,4,2,1.0,menos de 3 formas distintas
rubocop-rails,lib/rubocop/cop/rails/create_table_with_timestamps.rb,2ccba590ec47,code formatting,8,13,0,50,0.25,1,0.0,2,4,2,1.0,menos de 3 formas distintas
rubocop-rails,lib/rubocop/cop/rails/duplicate_scope.rb,2ccba590ec47,code formatting,6,7,0,50,0.25,1,0.0,2,4,2,1.0,menos de 3 formas distintas
rubocop-rails,lib/rubocop/cop/rails/duration_arithmetic.rb,2ccba590ec47,code formatting,7,7,0,100,0.25,1,0.0,2,4,2,1.0,menos de 3 formas distintas
rubocop-rails,lib/rubocop/cop/rails/http_status_name_consistency.rb,2ccba590ec47,code formatting,14.5,16,0,100,0.25,1,0.0,2,4,2,1.0,menos de 3 formas distintas
rubocop-rails,lib/rubocop/cop/rails/multiple_route_paths.rb,2ccba590ec47,code formatting,9,10,0,100,0.5,1,0.0,2,4,2,1.0,menos de 3 formas distintas
rubocop-rails,lib/rubocop/cop/rails/order_by_id.rb,2ccba590ec47,code formatting,3,3,0,50,0.25,1,0.0,2,4,2,1.0,menos de 3 formas distintas
rubocop-rails,lib/rubocop/cop/rails/pick.rb,2ccba590ec47,code formatting,9,15,0,100,0.5,1,0.0,2,4,2,1.0,menos de 3 formas distintas
rubocop-rails,lib/rubocop/cop/rails/pluck_id.rb,2ccba590ec47,code formatting,6.5,10,0,100,0.75,1,0.0,2,4,2,1.0,menos de 3 formas distintas
rubocop-rails,lib/rubocop/cop/rails/pluck_in_where.rb,2ccba590ec47,code formatting,13.5,18,0,100,0.75,1,0.0,2,4,2,1.0,menos de 3 formas distintas
rubocop-rails,lib/rubocop/cop/rails/root_join_chain.rb,2ccba590ec47,code formatting,13.5,17,0,100,0.5,1,0.0,2,4,2,1.0,menos de 3 formas distintas
rubocop-rails,lib/rubocop/cop/rails/root_public_path.rb,2ccba590ec47,code formatting,9,15,0,50,0.25,1,0.0,2,4,2,1.0,menos de 3 formas distintas
rubocop-rails,lib/rubocop/cop/rails/strip_heredoc.rb,2ccba590ec47,code formatting,8,9,0,100,0.5,1,0.0,2,4,2,1.0,menos de 3 formas distintas
rubocop-rails,lib/rubocop/cop/rails/three_state_boolean_column.rb,2ccba590ec47,code formatting,12,13,0,100,0.25,1,0.0,2,4,2,1.0,menos de 3 formas distintas
rubocop-rails,lib/rubocop/cop/rails/to_s_with_argument.rb,2ccba590ec47,code formatting,5,7,0,100,0.5,1,0.0,2,4,2,1.0,menos de 3 formas distintas
rubocop-rails,lib/rubocop/cop/rails/top_level_hash_with_indifferent_access.rb,2ccba590ec47,code formatting,5.5,8,0,100,0.5,1,0.0,2,4,2,1.0,menos de 3 formas distintas
rubocop-rails,lib/rubocop/cop/rails/uniq_before_pluck.rb,2ccba590ec47,code formatting,9,9,0,100,0.75,1,0.0,2,4,2,1.0,menos de 3 formas distintas
rubocop-rails,lib/rubocop/cop/rails/where_not_with_multiple_conditions.rb,2ccba590ec47,code formatting,8,10,0,100,0.0,1,0.0,2,4,2,1.0,menos de 3 formas distintas
rubocop-rspec,lib/rubocop/cop/rspec/base.rb,2488441eb70a,code formatting,3.5,4,50,50,0.25,1,50.0,2,4,2,1.0,menos de 3 formas distintas
rubocop-rspec,lib/rubocop/cop/rspec/context_method.rb,2488441eb70a,code formatting,5,7,0,100,0.25,2,0.0,2,4,2,1.0,menos de 3 formas distintas
rubocop-rspec,lib/rubocop/cop/rspec/describe_method.rb,2488441eb70a,code formatting,4,5,0,50,0.25,2,0.0,2,4,2,1.0,menos de 3 formas distintas
rubocop-rspec,lib/rubocop/cop/rspec/empty_line_after_hook.rb,2488441eb70a,code formatting,7,9,0,100,0.75,2,0.0,2,4,2,1.0,menos de 3 formas distintas
rubocop-rspec,lib/rubocop/cop/rspec/empty_metadata.rb,2488441eb70a,code formatting,9.5,11,0,100,0.75,2,0.0,2,4,2,1.0,menos de 3 formas distintas
rubocop-rspec,lib/rubocop/cop/rspec/eq.rb,2488441eb70a,code formatting,7,8,0,100,0.5,2,0.0,2,4,2,1.0,menos de 3 formas distintas
rubocop-rspec,lib/rubocop/cop/rspec/example_length.rb,2488441eb70a,code formatting,4,5,0,0,0.25,2,0.0,2,4,2,1.0,menos de 3 formas distintas
rubocop-rspec,lib/rubocop/cop/rspec/expect_in_hook.rb,2488441eb70a,code formatting,6,9,0,100,0.0,2,0.0,2,4,2,1.0,menos de 3 formas distintas
rubocop-rspec,lib/rubocop/cop/rspec/expect_in_let.rb,2488441eb70a,code formatting,5.5,8,0,100,0.0,2,0.0,2,4,2,1.0,menos de 3 formas distintas
rubocop-rspec,lib/rubocop/cop/rspec/expect_output.rb,2488441eb70a,code formatting,7.5,8,0,100,0.0,2,0.0,2,4,2,1.0,menos de 3 formas distintas
rubocop-rspec,lib/rubocop/cop/rspec/instance_spy.rb,2488441eb70a,code formatting,11.5,13,0,100,0.25,2,0.0,2,4,2,1.0,menos de 3 formas distintas
rubocop-rspec,lib/rubocop/cop/rspec/it_behaves_like.rb,2488441eb70a,code formatting,5,7,0,50,0.5,2,0.0,2,4,2,1.0,menos de 3 formas distintas
rubocop-rspec,lib/rubocop/cop/rspec/match_array.rb,2488441eb70a,code formatting,8.5,11,0,100,0.25,2,0.0,2,4,2,1.0,menos de 3 formas distintas
rubocop-rspec,lib/rubocop/cop/rspec/message_expectation.rb,2488441eb70a,code formatting,6.5,10,0,100,0.25,2,0.0,2,4,2,1.0,menos de 3 formas distintas
rubocop-rspec,lib/rubocop/cop/rspec/mixin/location_help.rb,2488441eb70a,code formatting,6.5,8,0,100,0.0,0,0.0,2,4,2,1.0,menos de 3 formas distintas
rubocop-rspec,lib/rubocop/cop/rspec/mixin/repeated_items.rb,2488441eb70a,code formatting,5,6,0,100,0.0,0,0.0,2,4,2,1.0,menos de 3 formas distintas
rubocop-rspec,lib/rubocop/cop/rspec/not_to_not.rb,2488441eb70a,code formatting,5,7,0,50,0.5,2,0.0,2,4,2,1.0,menos de 3 formas distintas
rubocop-rspec,lib/rubocop/cop/rspec/output.rb,2488441eb70a,code formatting,6,9,0,50,0.25,2,0.0,2,4,2,1.0,menos de 3 formas distintas
rubocop-rspec,lib/rubocop/cop/rspec/scattered_let.rb,2488441eb70a,code formatting,12.5,20,0,100,0.25,2,0.0,2,4,2,1.0,menos de 3 formas distintas
rubocop-rspec,lib/rubocop/cop/rspec/spec_file_path_suffix.rb,2488441eb70a,code formatting,4,5,0,50,0.5,2,0.0,2,4,2,1.0,menos de 3 formas distintas
rubocop-rspec,lib/rubocop/cop/rspec/undescriptive_literals_description.rb,2488441eb70a,code formatting,4,5,0,50,0.0,2,0.0,2,4,2,1.0,menos de 3 formas distintas
rubocop-rspec,lib/rubocop/cop/rspec/variable_name.rb,2488441eb70a,code formatting,6.5,10,0,50,1.0,2,0.0,2,4,2,1.0,menos de 3 formas distintas
rubocop-rspec,lib/rubocop/cop/rspec/verified_double_reference.rb,2488441eb70a,code formatting,5,7,0,50,0.25,2,0.0,2,4,2,1.0,menos de 3 formas distintas
savon,lib/savon/message.rb,69ab4149642b,http clients and tools,13.5,16,0,50,0.0,0,0.0,2,2,2,1.0,menos de 3 formas distintas
selenium-webdriver,lib/selenium/webdriver/bidi/network/credentials.rb,9175ed94d83e,testing,6.5,9,0,0,0.0,0,0.0,2,4,2,1.0,menos de 3 formas distintas
selenium-webdriver,lib/selenium/webdriver/bidi/network/intercepted_item.rb,9175ed94d83e,testing,3.5,4,0,50,0.0,0,0.0,2,4,2,1.0,menos de 3 formas distintas
selenium-webdriver,lib/selenium/webdriver/bidi/protocol/log.rb,9175ed94d83e,testing,1,1,100,0,0.0,1,0.0,2,6,1,0.5,menos de 3 formas distintas
selenium-webdriver,lib/selenium/webdriver/bidi/protocol/permissions.rb,9175ed94d83e,testing,9,17,0,0,0.0,1,0.0,2,5,2,1.0,menos de 3 formas distintas
selenium-webdriver,lib/selenium/webdriver/bidi/struct.rb,9175ed94d83e,testing,6,9,100,100,0.0,1,100.0,2,4,2,1.0,menos de 3 formas distintas
selenium-webdriver,lib/selenium/webdriver/chrome.rb,9175ed94d83e,testing,3.5,4,100,0,0.0,0,0.0,2,3,2,1.0,menos de 3 formas distintas
selenium-webdriver,lib/selenium/webdriver/chrome/features.rb,9175ed94d83e,testing,3,3,0,50,0.25,0,0.0,2,4,2,1.0,menos de 3 formas distintas
selenium-webdriver,lib/selenium/webdriver/chrome/options.rb,9175ed94d83e,testing,3,3,0,50,0.0,1,0.0,2,4,2,1.0,menos de 3 formas distintas
selenium-webdriver,lib/selenium/webdriver/chrome/service.rb,9175ed94d83e,testing,9,12,0,100,0.0,1,0.0,2,4,2,1.0,menos de 3 formas distintas
selenium-webdriver,lib/selenium/webdriver/chromium/driver.rb,9175ed94d83e,testing,4.5,6,0,100,0.0,1,0.0,2,4,2,1.0,menos de 3 formas distintas
selenium-webdriver,lib/selenium/webdriver/common/driver_extensions/full_page_screenshot.rb,9175ed94d83e,testing,3,3,0,50,0.0,0,0.0,2,4,2,1.0,menos de 3 formas distintas
selenium-webdriver,lib/selenium/webdriver/common/driver_extensions/has_addons.rb,9175ed94d83e,testing,3,3,0,100,0.0,0,0.0,2,4,2,1.0,menos de 3 formas distintas
selenium-webdriver,lib/selenium/webdriver/common/driver_extensions/has_apple_permissions.rb,9175ed94d83e,testing,3,3,0,100,0.0,0,0.0,2,4,2,1.0,menos de 3 formas distintas
selenium-webdriver,lib/selenium/webdriver/common/driver_extensions/has_context.rb,9175ed94d83e,testing,3,3,0,100,0.0,0,0.0,2,4,2,1.0,menos de 3 formas distintas
selenium-webdriver,lib/selenium/webdriver/common/driver_extensions/has_permissions.rb,9175ed94d83e,testing,4,5,0,100,0.0,0,0.0,2,4,2,1.0,menos de 3 formas distintas
selenium-webdriver,lib/selenium/webdriver/common/driver_extensions/prints_page.rb,9175ed94d83e,testing,6,6,0,100,0.0,0,0.0,2,4,2,1.0,menos de 3 formas distintas
selenium-webdriver,lib/selenium/webdriver/common/interactions/interaction.rb,9175ed94d83e,testing,3,3,0,0,0.0,0,0.0,2,4,2,1.0,menos de 3 formas distintas
selenium-webdriver,lib/selenium/webdriver/common/interactions/pointer_event_properties.rb,9175ed94d83e,testing,11.5,12,0,100,0.0,0,0.0,2,4,2,1.0,menos de 3 formas distintas
selenium-webdriver,lib/selenium/webdriver/common/interactions/wheel_input.rb,9175ed94d83e,testing,4,4,0,50,0.0,1,0.0,2,4,2,1.0,menos de 3 formas distintas
selenium-webdriver,lib/selenium/webdriver/common/port_prober.rb,9175ed94d83e,testing,8,12,100,50,0.0,0,0.0,2,3,2,1.0,menos de 3 formas distintas
selenium-webdriver,lib/selenium/webdriver/common/takes_screenshot.rb,9175ed94d83e,testing,12,14,0,100,0.0,0,0.0,2,3,2,1.0,menos de 3 formas distintas
selenium-webdriver,lib/selenium/webdriver/common/virtual_authenticator/virtual_authenticator_options.rb,9175ed94d83e,testing,9,10,0,50,0.0,0,0.0,2,3,2,1.0,menos de 3 formas distintas
selenium-webdriver,lib/selenium/webdriver/edge.rb,9175ed94d83e,testing,3.5,4,100,0,0.0,0,0.0,2,3,2,1.0,menos de 3 formas distintas
selenium-webdriver,lib/selenium/webdriver/edge/features.rb,9175ed94d83e,testing,3,3,0,50,0.25,0,0.0,2,4,2,1.0,menos de 3 formas distintas
selenium-webdriver,lib/selenium/webdriver/edge/service.rb,9175ed94d83e,testing,9,12,0,100,0.0,1,0.0,2,4,2,1.0,menos de 3 formas distintas
selenium-webdriver,lib/selenium/webdriver/firefox.rb,9175ed94d83e,testing,3.5,4,100,0,0.0,0,0.0,2,3,2,1.0,menos de 3 formas distintas
selenium-webdriver,lib/selenium/webdriver/firefox/driver.rb,9175ed94d83e,testing,4,5,0,0,0.25,1,0.0,2,4,2,1.0,menos de 3 formas distintas
selenium-webdriver,lib/selenium/webdriver/firefox/util.rb,9175ed94d83e,testing,7.5,12,0,50,0.0,0,0.0,2,4,2,1.0,menos de 3 formas distintas
selenium-webdriver,lib/selenium/webdriver/ie/driver.rb,9175ed94d83e,testing,4,5,0,0,0.25,1,0.0,2,4,2,1.0,menos de 3 formas distintas
selenium-webdriver,lib/selenium/webdriver/ie/features.rb,9175ed94d83e,testing,3,3,0,50,0.0,0,0.0,2,4,2,1.0,menos de 3 formas distintas
selenium-webdriver,lib/selenium/webdriver/remote/bridge/locator_converter.rb,9175ed94d83e,testing,15,24,0,100,0.0,0,0.0,2,5,2,1.0,menos de 3 formas distintas
selenium-webdriver,lib/selenium/webdriver/safari/driver.rb,9175ed94d83e,testing,4,5,0,0,0.25,1,0.0,2,4,2,1.0,menos de 3 formas distintas
selenium-webdriver,lib/selenium/webdriver/safari/service.rb,9175ed94d83e,testing,4,5,0,0,0.0,1,0.0,2,4,2,1.0,menos de 3 formas distintas
selenium-webdriver,lib/selenium/webdriver/support/guards/guard_condition.rb,9175ed94d83e,testing,6.5,8,0,100,0.0,0,0.0,2,5,2,1.0,menos de 3 formas distintas
selenium-webdriver,lib/selenium/webdriver/support/relative_locator.rb,9175ed94d83e,testing,8,13,0,100,0.0,0,0.0,2,4,2,1.0,menos de 3 formas distintas
sentry-ruby,sentry-opentelemetry/lib/sentry/opentelemetry/otlp_propagator.rb,a940dfdb5a64,error handling,10,16,0,100,0.0,1,0.0,2,3,2,1.0,menos de 3 formas distintas
sentry-ruby,sentry-rails/lib/generators/sentry_generator.rb,a940dfdb5a64,error handling,10,13,0,100,0.0,1,0.0,2,1,2,1.0,menos de 3 formas distintas
sentry-ruby,sentry-rails/lib/sentry/rails/controller_transaction.rb,a940dfdb5a64,error handling,15,27,50,100,0.0,0,0.0,2,3,2,1.0,menos de 3 formas distintas
sentry-ruby,sentry-rails/lib/sentry/rails/error_reporter_context.rb,a940dfdb5a64,error handling,5.5,8,0,50,0.0,0,0.0,2,3,2,1.0,menos de 3 formas distintas
sentry-ruby,sentry-rails/lib/sentry/rails/log_subscribers/action_mailer_subscriber.rb,a940dfdb5a64,error handling,28.5,29,0,100,0.25,2,0.0,2,4,2,1.0,menos de 3 formas distintas
sentry-ruby,sentry-rails/lib/sentry/rails/structured_logging.rb,a940dfdb5a64,error handling,7.5,8,100,100,0.0,0,0.0,2,3,2,1.0,menos de 3 formas distintas
sentry-ruby,sentry-rails/lib/sentry/rails/tracing/active_support_subscriber.rb,a940dfdb5a64,error handling,14,14,100,50,0.0,1,0.0,2,4,2,1.0,menos de 3 formas distintas
sentry-ruby,sentry-ruby/benchmarks/exception_locals_capturing.rb,a940dfdb5a64,error handling,10.5,15,0,100,0.0,0,100.0,2,0,2,1.0,menos de 3 formas distintas
sentry-ruby,sentry-ruby/lib/sentry/check_in_event.rb,a940dfdb5a64,error handling,12.5,16,0,50,0.0,1,0.0,2,2,2,1.0,menos de 3 formas distintas
sentry-ruby,sentry-ruby/lib/sentry/transport/configuration.rb,a940dfdb5a64,error handling,6.5,7,0,50,0.0,0,0.0,2,3,2,1.0,menos de 3 formas distintas
sentry-ruby,sentry-yabeda/lib/sentry/yabeda/collector.rb,a940dfdb5a64,error handling,4.5,5,0,100,0.0,1,0.0,2,3,2,1.0,menos de 3 formas distintas
shoulda-matchers,doc_config/yard/setup.rb,cf3b3685f2c0,testing,3.5,4,0,50,0.0,0,50.0,2,4,2,1.0,menos de 3 formas distintas
shoulda-matchers,lib/shoulda/matchers/active_model/allow_value_matcher/attribute_changed_value_error.rb,cf3b3685f2c0,testing,15,27,0,50,0.0,2,0.0,2,5,2,1.0,menos de 3 formas distintas
shoulda-matchers,lib/shoulda/matchers/active_model/allow_value_matcher/attribute_does_not_exist_error.rb,cf3b3685f2c0,testing,4.5,6,0,50,0.0,2,0.0,2,5,2,1.0,menos de 3 formas distintas
shoulda-matchers,lib/shoulda/matchers/active_model/qualifiers/ignoring_interference_by_writer.rb,cf3b3685f2c0,testing,3.5,4,0,50,0.0,0,0.0,2,5,2,1.0,menos de 3 formas distintas
shoulda-matchers,lib/shoulda/matchers/integrations/libraries/active_model.rb,cf3b3685f2c0,testing,3.5,4,0,50,0.4,0,0.0,2,5,2,1.0,menos de 3 formas distintas
shoulda-matchers,lib/shoulda/matchers/integrations/libraries/active_record.rb,cf3b3685f2c0,testing,3.5,4,0,50,0.4,0,0.0,2,5,2,1.0,menos de 3 formas distintas
shoulda-matchers,lib/shoulda/matchers/integrations/libraries/missing_library.rb,cf3b3685f2c0,testing,2.5,3,0,0,0.0,0,0.0,2,5,2,1.0,menos de 3 formas distintas
shoulda-matchers,lib/shoulda/matchers/integrations/libraries/routing.rb,cf3b3685f2c0,testing,6,9,0,50,0.4,0,0.0,2,5,2,1.0,menos de 3 formas distintas
shoulda-matchers,lib/shoulda/matchers/warn.rb,cf3b3685f2c0,testing,9,12,100,50,0.0,0,0.0,2,2,2,1.0,menos de 3 formas distintas
simplecov,lib/simplecov/cli/run.rb,76a8e4e0f661,code analysis and metrics,9,12,0,100,0.0,0,0.0,2,3,2,1.0,menos de 3 formas distintas
simplecov,lib/simplecov/exit_codes/exit_code_handling.rb,76a8e4e0f661,code analysis and metrics,11,11,0,100,0.0,0,0.0,2,3,2,1.0,menos de 3 formas distintas
simplecov,lib/simplecov/formatter.rb,76a8e4e0f661,code analysis and metrics,3,3,100,50,0.0,0,0.0,2,2,2,1.0,menos de 3 formas distintas
simplecov,lib/simplecov/formatter/multi_formatter.rb,76a8e4e0f661,code analysis and metrics,10.5,13,50,50,0.25,0,50.0,2,4,2,1.0,menos de 3 formas distintas
simplecov,lib/simplecov/formatter/simple_formatter.rb,76a8e4e0f661,code analysis and metrics,6.5,9,0,100,0.0,0,0.0,2,3,2,1.0,menos de 3 formas distintas
simplecov,lib/simplecov/group_names.rb,76a8e4e0f661,code analysis and metrics,7.5,9,0,100,0.0,0,0.0,2,2,2,1.0,menos de 3 formas distintas
simplecov,lib/simplecov/process.rb,76a8e4e0f661,code analysis and metrics,13,22,50,50,0.0,0,0.0,2,2,2,1.0,menos de 3 formas distintas
simplecov,lib/simplecov/report_stamp.rb,76a8e4e0f661,code analysis and metrics,5,7,100,0,0.0,0,0.0,2,2,2,1.0,menos de 3 formas distintas
simplecov,lib/simplecov/source_file/builder_context.rb,76a8e4e0f661,code analysis and metrics,4,5,0,50,0.0,0,0.0,2,3,2,1.0,menos de 3 formas distintas
simplecov,lib/simplecov/static_coverage_extractor/prism_compat.rb,76a8e4e0f661,code analysis and metrics,3,3,0,100,0.0,0,100.0,2,3,2,1.0,menos de 3 formas distintas
simplecov,test_projects/faked_project/lib/faked_project/untested_class.rb,76a8e4e0f661,code analysis and metrics,4,5,0,50,0.0,0,0.0,2,1,2,1.0,menos de 3 formas distintas
simplecov,test_projects/monorepo/base/lib/monorepo/base.rb,76a8e4e0f661,code analysis and metrics,3,3,0,50,0.0,0,0.0,2,2,2,1.0,menos de 3 formas distintas
simplecov,test_projects/monorepo/extra/lib/monorepo/extra.rb,76a8e4e0f661,code analysis and metrics,3,3,0,0,0.0,0,0.0,2,2,2,1.0,menos de 3 formas distintas
simplecov,test_projects/parallel_tests/lib/a.rb,76a8e4e0f661,code analysis and metrics,5,7,0,0,0.0,0,0.0,2,1,2,1.0,menos de 3 formas distintas
simplecov,test_projects/parallel_tests/lib/b.rb,76a8e4e0f661,code analysis and metrics,3,3,0,0,0.0,0,0.0,2,1,1,0.5,menos de 3 formas distintas
simplecov,test_projects/screenshot/support/source_generator.rb,76a8e4e0f661,code analysis and metrics,7.5,12,0,50,0.0,0,0.0,2,2,2,1.0,menos de 3 formas distintas
slack-notifier,lib/slack-notifier/payload_middleware.rb,29e51132ce0e,third-party apis,3,3,100,50,0.0,0,0.0,2,3,2,1.0,menos de 3 formas distintas
slack-notifier,lib/slack-notifier/payload_middleware/format_attachments.rb,29e51132ce0e,third-party apis,13.5,18,0,100,0.0,1,0.0,2,4,2,1.0,menos de 3 formas distintas
spring,lib/spring/client.rb,b7f3fd04b2ed,testing,5.5,8,100,50,0.0,0,0.0,2,2,2,1.0,menos de 3 formas distintas
spring,lib/spring/client/command.rb,b7f3fd04b2ed,testing,3.5,4,50,0,0.0,0,0.0,2,3,2,1.0,menos de 3 formas distintas
spring,lib/spring/client/rails.rb,b7f3fd04b2ed,testing,8.5,14,50,50,0.0,1,0.0,2,3,2,1.0,menos de 3 formas distintas
spring,lib/spring/client/stop.rb,b7f3fd04b2ed,testing,6.5,10,50,50,0.0,1,0.0,2,3,2,1.0,menos de 3 formas distintas
sprockets,lib/sprockets/bower.rb,73c5a5316bd1,assets,18,24,0,100,0.0,0,0.0,2,2,2,1.0,menos de 3 formas distintas
sprockets,lib/sprockets/coffee_script_processor.rb,73c5a5316bd1,assets,10.5,18,100,50,0.0,0,0.0,2,2,2,1.0,menos de 3 formas distintas
sprockets,lib/sprockets/eco_processor.rb,73c5a5316bd1,assets,4.5,6,100,50,0.0,0,0.0,2,2,2,1.0,menos de 3 formas distintas
sprockets,lib/sprockets/ejs_processor.rb,73c5a5316bd1,assets,4.5,6,100,50,0.0,0,0.0,2,2,2,1.0,menos de 3 formas distintas
sprockets,lib/sprockets/exporters/file_exporter.rb,73c5a5316bd1,assets,7,9,0,100,0.0,1,0.0,2,3,2,1.0,menos de 3 formas distintas
sprockets,lib/sprockets/manifest_utils.rb,73c5a5316bd1,assets,6.5,10,0,50,0.5,0,0.0,2,2,2,1.0,menos de 3 formas distintas
sprockets,lib/sprockets/npm.rb,73c5a5316bd1,assets,16,20,0,100,0.0,0,0.0,2,2,2,1.0,menos de 3 formas distintas
sprockets,lib/sprockets/preprocessors/default_source_map.rb,73c5a5316bd1,assets,16.5,24,0,100,0.0,0,0.0,2,3,2,1.0,menos de 3 formas distintas
sprockets,lib/sprockets/source_map_processor.rb,73c5a5316bd1,assets,19,27,100,50,0.0,0,0.0,2,2,2,1.0,menos de 3 formas distintas
state_machines,lib/state_machines/helper_module.rb,219b43ea588f,state machines,4.5,5,0,50,0.0,1,0.0,2,2,2,1.0,menos de 3 formas distintas
state_machines,lib/state_machines/machine/rendering.rb,219b43ea588f,state machines,3,3,0,50,0.0,0,0.0,2,3,2,1.0,menos de 3 formas distintas
state_machines,lib/state_machines/matcher_helpers.rb,219b43ea588f,state machines,3,3,0,0,0.0,0,0.0,2,2,1,0.5,menos de 3 formas distintas
thin,lib/thin/rackup/handler.rb,84a5188612d8,web servers,11,13,100,100,0.0,1,0.0,2,3,2,1.0,menos de 3 formas distintas
thin,lib/thin/version.rb,84a5188612d8,web servers,3,3,100,0,0.0,1,0.0,2,2,1,0.5,menos de 3 formas distintas
tilt,lib/tilt/pipeline.rb,f0d75c60e3a6,template engine,7,11,0,100,0.0,1,0.0,2,2,2,1.0,menos de 3 formas distintas
twilio-ruby,lib/twilio-ruby.rb,c58e213a6f04,third-party apis,3,3,100,0,1.0,0,0.0,2,1,2,1.0,menos de 3 formas distintas
twilio-ruby,lib/twilio-ruby/credential/client_credential_provider.rb,c58e213a6f04,third-party apis,7.5,10,0,100,0.0,1,0.0,2,3,2,1.0,menos de 3 formas distintas
twilio-ruby,lib/twilio-ruby/credential/orgs_credential_provider.rb,c58e213a6f04,third-party apis,7.5,10,0,100,0.0,1,0.0,2,3,2,1.0,menos de 3 formas distintas
twilio-ruby,lib/twilio-ruby/framework/request.rb,c58e213a6f04,third-party apis,19.5,28,0,50,0.0,0,0.0,2,2,2,1.0,menos de 3 formas distintas
twilio-ruby,lib/twilio-ruby/framework/response.rb,c58e213a6f04,third-party apis,4.5,6,0,50,0.0,0,0.0,2,2,2,1.0,menos de 3 formas distintas
twilio-ruby,lib/twilio-ruby/framework/rest/api_v1_version.rb,c58e213a6f04,third-party apis,4,5,0,100,0.0,1,0.0,2,3,2,1.0,menos de 3 formas distintas
twilio-ruby,lib/twilio-ruby/http/client_token_manager.rb,c58e213a6f04,third-party apis,11,13,0,100,0.0,0,0.0,2,3,2,1.0,menos de 3 formas distintas
twilio-ruby,lib/twilio-ruby/http/org_token_manager.rb,c58e213a6f04,third-party apis,11,13,0,100,0.0,0,0.0,2,3,2,1.0,menos de 3 formas distintas
twilio-ruby,lib/twilio-ruby/rest/bulkexports.rb,c58e213a6f04,third-party apis,4,4,0,0,0.0,2,0.0,2,3,2,1.0,menos de 3 formas distintas
twilio-ruby,lib/twilio-ruby/rest/iam_base.rb,c58e213a6f04,third-party apis,4.5,6,0,0,0.0,1,0.0,2,3,2,1.0,menos de 3 formas distintas
twilio-ruby,lib/twilio-ruby/rest/ip_messaging.rb,c58e213a6f04,third-party apis,4,4,0,0,0.0,2,0.0,2,3,2,1.0,menos de 3 formas distintas
twilio-ruby,lib/twilio-ruby/rest/monitor.rb,c58e213a6f04,third-party apis,4,4,0,0,0.0,2,0.0,2,3,2,1.0,menos de 3 formas distintas
twilio-ruby,lib/twilio-ruby/rest/notify.rb,c58e213a6f04,third-party apis,4,4,0,0,0.0,2,0.0,2,3,2,1.0,menos de 3 formas distintas
twilio-ruby,lib/twilio-ruby/rest/studio.rb,c58e213a6f04,third-party apis,4,4,0,0,0.0,2,0.0,2,3,2,1.0,menos de 3 formas distintas
twilio-ruby,lib/twilio-ruby/util.rb,c58e213a6f04,third-party apis,6,8,0,100,0.0,0,0.0,2,2,2,1.0,menos de 3 formas distintas
typhoeus,lib/typhoeus/hydra.rb,d7aba1bbfa8d,http clients and tools,4,5,50,50,4.0,0,0.0,2,2,2,1.0,menos de 3 formas distintas
typhoeus,lib/typhoeus/request/block_connection.rb,d7aba1bbfa8d,http clients and tools,7,7,0,50,0.0,0,0.0,2,3,2,1.0,menos de 3 formas distintas
typhoeus,lib/typhoeus/request/marshal.rb,d7aba1bbfa8d,http clients and tools,4.5,6,0,100,0.0,0,100.0,2,3,2,1.0,menos de 3 formas distintas
typhoeus,lib/typhoeus/request/memoizable.rb,d7aba1bbfa8d,http clients and tools,4,4,0,100,0.0,0,0.0,2,3,2,1.0,menos de 3 formas distintas
typhoeus,lib/typhoeus/request/operations.rb,d7aba1bbfa8d,http clients and tools,7.5,10,0,50,0.0,0,0.0,2,3,2,1.0,menos de 3 formas distintas
typhoeus,lib/typhoeus/request/responseable.rb,d7aba1bbfa8d,http clients and tools,3,3,0,0,0.0,0,0.0,2,3,2,1.0,menos de 3 formas distintas
typhoeus,lib/typhoeus/request/streamable.rb,d7aba1bbfa8d,http clients and tools,4,5,0,100,0.0,0,0.0,2,3,2,1.0,menos de 3 formas distintas
tzinfo,lib/tzinfo/data_sources/country_info.rb,d5893c99bbcd,date and time processing,5.5,8,0,50,0.0,0,0.0,2,3,2,1.0,menos de 3 formas distintas
tzinfo,lib/tzinfo/data_sources/linked_timezone_info.rb,d5893c99bbcd,date and time processing,4,5,0,50,0.0,1,0.0,2,3,2,1.0,menos de 3 formas distintas
tzinfo,lib/tzinfo/format1/timezone_definer.rb,d5893c99bbcd,date and time processing,3.5,4,0,100,0.0,1,0.0,2,3,2,1.0,menos de 3 formas distintas
tzinfo,lib/tzinfo/format1/timezone_definition.rb,d5893c99bbcd,date and time processing,4,5,50,50,0.0,0,0.0,2,4,2,1.0,menos de 3 formas distintas
tzinfo,lib/tzinfo/format2/country_definer.rb,d5893c99bbcd,date and time processing,13,20,0,50,0.0,0,0.0,2,3,2,1.0,menos de 3 formas distintas
tzinfo,lib/tzinfo/format2/country_index_definition.rb,d5893c99bbcd,date and time processing,5,5,50,100,0.0,0,50.0,2,4,2,1.0,menos de 3 formas distintas
tzinfo,lib/tzinfo/format2/timezone_index_definition.rb,d5893c99bbcd,date and time processing,8,10,50,100,0.0,0,50.0,2,4,2,1.0,menos de 3 formas distintas
tzinfo,lib/tzinfo/ruby_core_support.rb,d5893c99bbcd,date and time processing,3,3,100,50,0.0,0,0.0,2,2,2,1.0,menos de 3 formas distintas
tzinfo,lib/tzinfo/with_offset.rb,d5893c99bbcd,date and time processing,11,18,0,50,0.0,0,0.0,2,2,2,1.0,menos de 3 formas distintas
vcr,lib/vcr/library_hooks.rb,5dcacdf69bd6,testing,4.5,6,0,0,0.0,0,0.0,2,2,2,1.0,menos de 3 formas distintas
vcr,lib/vcr/test_frameworks/rspec.rb,5dcacdf69bd6,testing,26,31,0,100,0.33,0,0.0,2,3,2,1.0,menos de 3 formas distintas
vcr,lib/vcr/util/internet_connection.rb,5dcacdf69bd6,testing,8.5,13,0,50,0.33,0,0.0,2,3,2,1.0,menos de 3 formas distintas
virtus,lib/virtus/attribute/default_value/from_callable.rb,9e4f56fe8259,core extensions,3,3,50,100,0.0,1,0.0,2,4,2,1.0,menos de 3 formas distintas
virtus,lib/virtus/attribute/default_value/from_clonable.rb,9e4f56fe8259,core extensions,3,3,50,100,0.0,1,0.0,2,4,2,1.0,menos de 3 formas distintas
virtus,lib/virtus/attribute/default_value/from_symbol.rb,9e4f56fe8259,core extensions,3,3,50,100,0.0,1,50.0,2,4,2,1.0,menos de 3 formas distintas
webmock,lib/webmock/http_lib_adapters/http_rb/client.rb,ee409ac0a5f0,testing,4,5,0,0,0.0,0,0.0,2,2,2,1.0,menos de 3 formas distintas
webmock,lib/webmock/matchers/any_arg_matcher.rb,ee409ac0a5f0,testing,2.5,3,0,0,0.0,0,0.0,2,3,1,0.5,menos de 3 formas distintas
webmock,lib/webmock/matchers/hash_excluding_matcher.rb,ee409ac0a5f0,testing,3,3,0,100,0.0,1,0.0,2,3,2,1.0,menos de 3 formas distintas
webmock,lib/webmock/matchers/hash_including_matcher.rb,ee409ac0a5f0,testing,4,5,0,100,0.0,1,0.0,2,3,2,1.0,menos de 3 formas distintas
webmock,lib/webmock/util/hash_validator.rb,ee409ac0a5f0,testing,5.5,8,0,50,0.0,0,0.0,2,2,2,1.0,menos de 3 formas distintas
will_paginate,lib/will_paginate/view_helpers.rb,50017c3eb071,pagination,41.5,56,0,100,0.5,0,50.0,2,2,2,1.0,menos de 3 formas distintas
wisper,lib/wisper/registration/registration.rb,4569343e353e,business logic,3.5,4,0,100,0.0,0,0.0,2,2,2,1.0,menos de 3 formas distintas
wisper,lib/wisper/value_objects/prefix.rb,4569343e353e,business logic,3.5,4,0,50,0.0,1,0.0,2,3,2,1.0,menos de 3 formas distintas
yajl-ruby,lib/yajl/bzip2/stream_reader.rb,6501652d1135,optimizations,9,11,50,100,0.0,1,0.0,2,3,2,1.0,menos de 3 formas distintas
yajl-ruby,lib/yajl/deflate/stream_writer.rb,6501652d1135,optimizations,3.5,4,50,50,0.0,1,0.0,2,3,2,1.0,menos de 3 formas distintas
yajl-ruby,lib/yajl/gzip/stream_reader.rb,6501652d1135,optimizations,8.5,11,50,100,0.0,1,0.0,2,3,2,1.0,menos de 3 formas distintas
zeitwerk,lib/zeitwerk/gem_inflector.rb,607973fc0bd8,code loaders,4,5,0,50,0.0,1,0.0,2,2,2,1.0,menos de 3 formas distintas
aasm,lib/generators/active_record/templates/migration_existing.rb,88061ec5104a,state machines,3,3,0,0,0.0,1,0.0,1,1,1,1.0,menos de 3 formas distintas
active_model_serializers,lib/active_model/serializer/adapter/attributes.rb,6934c8bd31f4,api builder and discovery,3,3,0,0,0.25,1,0.0,1,4,1,1.0,menos de 3 formas distintas
active_model_serializers,lib/active_model/serializer/adapter/base.rb,6934c8bd31f4,api builder and discovery,3,3,0,0,0.25,1,0.0,1,4,1,1.0,menos de 3 formas distintas
active_model_serializers,lib/active_model/serializer/adapter/json.rb,6934c8bd31f4,api builder and discovery,3,3,0,0,0.25,1,0.0,1,4,1,1.0,menos de 3 formas distintas
active_model_serializers,lib/active_model/serializer/adapter/json_api.rb,6934c8bd31f4,api builder and discovery,3,3,0,0,0.25,1,0.0,1,4,1,1.0,menos de 3 formas distintas
active_model_serializers,lib/active_model/serializer/adapter/null.rb,6934c8bd31f4,api builder and discovery,3,3,0,0,0.25,1,0.0,1,4,1,1.0,menos de 3 formas distintas
active_model_serializers,lib/active_model/serializer/belongs_to_reflection.rb,6934c8bd31f4,api builder and discovery,3,3,0,0,0.0,2,0.0,1,3,1,1.0,menos de 3 formas distintas
active_model_serializers,lib/active_model/serializer/has_many_reflection.rb,6934c8bd31f4,api builder and discovery,3,3,0,0,0.0,2,0.0,1,3,1,1.0,menos de 3 formas distintas
active_model_serializers,lib/active_model_serializers/adapter/null.rb,6934c8bd31f4,api builder and discovery,3,3,0,0,0.0,1,0.0,1,3,1,1.0,menos de 3 formas distintas
active_model_serializers,lib/active_model_serializers/callbacks.rb,6934c8bd31f4,api builder and discovery,3,3,0,0,0.67,0,0.0,1,3,1,1.0,menos de 3 formas distintas
active_model_serializers,lib/active_model_serializers/json_pointer.rb,6934c8bd31f4,api builder and discovery,3,3,0,0,0.0,0,0.0,1,2,1,1.0,menos de 3 formas distintas
active_model_serializers,lib/active_model_serializers/railtie.rb,6934c8bd31f4,api builder and discovery,7,7,0,0,1.5,1,100.0,1,2,1,1.0,menos de 3 formas distintas
active_model_serializers,lib/grape/helpers/active_model_serializers.rb,6934c8bd31f4,api builder and discovery,4,4,0,100,0.0,0,0.0,1,3,1,1.0,menos de 3 formas distintas
activerecord,lib/active_record/connection_adapters/postgresql/explain_pretty_printer.rb,3989ebf3473d,orm/odm,21,21,0,100,0.0,0,0.0,1,4,1,1.0,menos de 3 formas distintas
activerecord,lib/active_record/connection_adapters/postgresql/oid/bit_varying.rb,3989ebf3473d,orm/odm,3,3,0,0,0.0,3,0.0,1,5,1,1.0,menos de 3 formas distintas
activerecord,lib/active_record/connection_adapters/postgresql/oid/bytea.rb,3989ebf3473d,orm/odm,5,5,0,100,0.0,3,0.0,1,5,1,1.0,menos de 3 formas distintas
activerecord,lib/active_record/connection_adapters/postgresql/oid/decimal.rb,3989ebf3473d,orm/odm,3,3,0,100,0.0,1,0.0,1,5,1,1.0,menos de 3 formas distintas
activerecord,lib/active_record/connection_adapters/postgresql/oid/inet.rb,3989ebf3473d,orm/odm,3,3,0,0,0.0,3,0.0,1,5,1,1.0,menos de 3 formas distintas
activerecord,lib/active_record/connection_adapters/postgresql/oid/jsonb.rb,3989ebf3473d,orm/odm,3,3,0,0,0.0,3,0.0,1,5,1,1.0,menos de 3 formas distintas
activerecord,lib/active_record/connection_adapters/postgresql/oid/oid.rb,3989ebf3473d,orm/odm,3,3,0,0,0.0,2,0.0,1,5,1,1.0,menos de 3 formas distintas
activerecord,lib/active_record/connection_adapters/postgresql/oid/specialized_string.rb,3989ebf3473d,orm/odm,4,4,0,0,0.0,1,0.0,1,5,1,1.0,menos de 3 formas distintas
activerecord,lib/active_record/connection_adapters/postgresql/oid/timestamp.rb,3989ebf3473d,orm/odm,3,3,0,0,0.0,1,0.0,1,5,1,1.0,menos de 3 formas distintas
activerecord,lib/active_record/connection_adapters/sqlite3/explain_pretty_printer.rb,3989ebf3473d,orm/odm,5,5,0,100,0.0,0,0.0,1,4,1,1.0,menos de 3 formas distintas
activerecord,lib/active_record/deprecator.rb,3989ebf3473d,orm/odm,3,3,100,0,0.0,0,0.0,1,1,1,1.0,menos de 3 formas distintas
activerecord,lib/active_record/encryption.rb,3989ebf3473d,orm/odm,5,5,100,0,1.33,0,0.0,1,3,1,1.0,menos de 3 formas distintas
activerecord,lib/active_record/encryption/deterministic_key_provider.rb,3989ebf3473d,orm/odm,5,5,0,100,0.0,2,0.0,1,3,1,1.0,menos de 3 formas distintas
activerecord,lib/active_record/encryption/encrypting_only_encryptor.rb,3989ebf3473d,orm/odm,3,3,0,0,0.0,1,0.0,1,3,1,1.0,menos de 3 formas distintas
activerecord,lib/active_record/gem_version.rb,3989ebf3473d,orm/odm,3,3,100,0,0.0,0,0.0,1,2,1,1.0,menos de 3 formas distintas
activerecord,lib/active_record/legacy_yaml_adapter.rb,3989ebf3473d,orm/odm,9,9,100,100,0.0,0,0.0,1,2,1,1.0,menos de 3 formas distintas
activerecord,lib/active_record/migration/execution_strategy.rb,3989ebf3473d,orm/odm,3,3,0,0,0.0,0,0.0,1,3,1,1.0,menos de 3 formas distintas
activerecord,lib/active_record/railties/job_checkpoints.rb,3989ebf3473d,orm/odm,7,7,0,0,0.0,0,0.0,1,3,1,1.0,menos de 3 formas distintas
activerecord,lib/active_record/railties/job_runtime.rb,3989ebf3473d,orm/odm,12,12,0,100,0.0,0,0.0,1,3,1,1.0,menos de 3 formas distintas
activerecord,lib/active_record/relation/predicate_builder/relation_handler.rb,3989ebf3473d,orm/odm,16,16,0,100,0.0,0,100.0,1,3,1,1.0,menos de 3 formas distintas
activerecord,lib/active_record/secure_password.rb,3989ebf3473d,orm/odm,17,17,0,100,0.67,0,100.0,1,3,1,1.0,menos de 3 formas distintas
activerecord,lib/active_record/test_databases.rb,3989ebf3473d,orm/odm,14,14,100,100,0.0,0,0.0,1,2,1,1.0,menos de 3 formas distintas
activerecord,lib/active_record/type/text.rb,3989ebf3473d,orm/odm,3,3,0,0,0.0,1,0.0,1,3,1,1.0,menos de 3 formas distintas
activerecord,lib/active_record/version.rb,3989ebf3473d,orm/odm,3,3,100,0,0.0,0,0.0,1,1,1,1.0,menos de 3 formas distintas
activerecord,lib/arel/alias_predication.rb,3989ebf3473d,orm/odm,5,5,0,100,0.0,0,0.0,1,2,1,1.0,menos de 3 formas distintas
activerecord,lib/arel/errors.rb,3989ebf3473d,orm/odm,7,7,0,100,0.0,2,0.0,1,4,1,1.0,menos de 3 formas distintas
activerecord,lib/arel/filter_predications.rb,3989ebf3473d,orm/odm,3,3,0,0,0.0,0,0.0,1,2,1,1.0,menos de 3 formas distintas
activerecord,lib/arel/nodes/count.rb,3989ebf3473d,orm/odm,4,4,0,0,0.0,3,0.0,1,3,1,1.0,menos de 3 formas distintas
activerecord,lib/arel/nodes/grouping.rb,3989ebf3473d,orm/odm,3,3,0,100,0.0,3,0.0,1,3,1,1.0,menos de 3 formas distintas
activerecord,lib/arel/nodes/matches.rb,3989ebf3473d,orm/odm,5,5,0,0,0.0,4,0.0,1,4,1,1.0,menos de 3 formas distintas
activerecord,lib/arel/nodes/regexp.rb,3989ebf3473d,orm/odm,4,4,0,0,0.0,4,0.0,1,4,1,1.0,menos de 3 formas distintas
activerecord,lib/arel/nodes/string_join.rb,3989ebf3473d,orm/odm,3,3,0,0,0.0,1,0.0,1,3,1,1.0,menos de 3 formas distintas
activerecord,lib/arel/window_predications.rb,3989ebf3473d,orm/odm,3,3,0,0,0.0,0,0.0,1,2,1,1.0,menos de 3 formas distintas
activerecord,lib/rails/generators/active_record.rb,3989ebf3473d,orm/odm,3,3,100,0,0.33,1,0.0,1,3,1,1.0,menos de 3 formas distintas
activerecord,lib/rails/generators/active_record/multi_db/multi_db_generator.rb,3989ebf3473d,orm/odm,4,4,0,0,0.0,1,0.0,1,3,1,1.0,menos de 3 formas distintas
activerecord-import,benchmarks/lib/output_to_csv.rb,8ac907c9bbc5,orm/odm extensions,15,15,100,100,0.0,0,0.0,1,1,1,1.0,menos de 3 formas distintas
activerecord-import,benchmarks/lib/output_to_html.rb,8ac907c9bbc5,orm/odm extensions,22,22,100,100,0.0,0,0.0,1,1,1,1.0,menos de 3 formas distintas
activesupport,lib/active_support/benchmark.rb,3989ebf3473d,core extensions,5,5,100,0,0.0,0,0.0,1,2,1,1.0,menos de 3 formas distintas
activesupport,lib/active_support/benchmarkable.rb,3989ebf3473d,core extensions,15,15,0,100,0.0,0,100.0,1,2,1,1.0,menos de 3 formas distintas
activesupport,lib/active_support/concurrency/null_lock.rb,3989ebf3473d,core extensions,3,3,0,0,0.33,0,0.0,1,3,1,1.0,menos de 3 formas distintas
activesupport,lib/active_support/core_ext/array/extract.rb,3989ebf3473d,core extensions,11,11,0,100,0.0,0,0.0,1,1,1,1.0,menos de 3 formas distintas
activesupport,lib/active_support/core_ext/array/inquiry.rb,3989ebf3473d,core extensions,3,3,0,0,0.0,0,0.0,1,1,1,1.0,menos de 3 formas distintas
activesupport,lib/active_support/core_ext/array/wrap.rb,3989ebf3473d,core extensions,9,9,100,100,0.0,0,0.0,1,1,1,1.0,menos de 3 formas distintas
activesupport,lib/active_support/core_ext/big_decimal/conversions.rb,3989ebf3473d,core extensions,3,3,0,0,0.0,0,0.0,1,2,1,1.0,menos de 3 formas distintas
activesupport,lib/active_support/core_ext/class/attribute.rb,3989ebf3473d,core extensions,51,51,0,100,0.0,0,100.0,1,1,1,1.0,menos de 3 formas distintas
activesupport,lib/active_support/core_ext/class/subclasses.rb,3989ebf3473d,core extensions,3,3,0,100,1.0,0,0.0,1,1,1,1.0,menos de 3 formas distintas
activesupport,lib/active_support/core_ext/date/acts_like.rb,3989ebf3473d,core extensions,3,3,0,0,0.0,0,0.0,1,1,1,1.0,menos de 3 formas distintas
activesupport,lib/active_support/core_ext/date_time/compatibility.rb,3989ebf3473d,core extensions,3,3,0,0,1.0,0,0.0,1,1,1,1.0,menos de 3 formas distintas
activesupport,lib/active_support/core_ext/hash/deep_merge.rb,3989ebf3473d,core extensions,3,3,0,100,1.0,0,0.0,1,1,1,1.0,menos de 3 formas distintas
activesupport,lib/active_support/core_ext/hash/except.rb,3989ebf3473d,core extensions,4,4,0,100,0.0,0,0.0,1,1,1,1.0,menos de 3 formas distintas
activesupport,lib/active_support/core_ext/hash/indifferent_access.rb,3989ebf3473d,core extensions,3,3,0,0,0.0,0,0.0,1,1,1,1.0,menos de 3 formas distintas
activesupport,lib/active_support/core_ext/integer/multiple.rb,3989ebf3473d,core extensions,3,3,0,100,0.0,0,0.0,1,1,1,1.0,menos de 3 formas distintas
activesupport,lib/active_support/core_ext/kernel/concern.rb,3989ebf3473d,core extensions,3,3,0,0,0.0,0,0.0,1,1,1,1.0,menos de 3 formas distintas
activesupport,lib/active_support/core_ext/kernel/singleton_class.rb,3989ebf3473d,core extensions,3,3,0,100,0.0,0,100.0,1,1,1,1.0,menos de 3 formas distintas
activesupport,lib/active_support/core_ext/load_error.rb,3989ebf3473d,core extensions,3,3,0,100,0.0,0,0.0,1,1,1,1.0,menos de 3 formas distintas
activesupport,lib/active_support/core_ext/module/aliasing.rb,3989ebf3473d,core extensions,10,10,0,0,0.0,0,100.0,1,1,1,1.0,menos de 3 formas distintas
activesupport,lib/active_support/core_ext/module/anonymous.rb,3989ebf3473d,core extensions,3,3,0,100,0.0,0,0.0,1,1,1,1.0,menos de 3 formas distintas
activesupport,lib/active_support/core_ext/module/deprecation.rb,3989ebf3473d,core extensions,8,8,0,100,0.0,0,0.0,1,1,1,1.0,menos de 3 formas distintas
activesupport,lib/active_support/core_ext/numeric/conversions.rb,3989ebf3473d,core extensions,26,26,0,100,0.0,0,0.0,1,2,1,1.0,menos de 3 formas distintas
activesupport,lib/active_support/core_ext/object/acts_like.rb,3989ebf3473d,core extensions,12,12,0,0,0.0,0,0.0,1,1,1,1.0,menos de 3 formas distintas
activesupport,lib/active_support/core_ext/object/with.rb,3989ebf3473d,core extensions,14,14,0,100,0.0,0,300.0,1,1,1,1.0,menos de 3 formas distintas
activesupport,lib/active_support/core_ext/object/with_options.rb,3989ebf3473d,core extensions,9,9,0,100,0.0,0,100.0,1,1,1,1.0,menos de 3 formas distintas
activesupport,lib/active_support/core_ext/pathname/existence.rb,3989ebf3473d,core extensions,3,3,0,0,0.0,0,0.0,1,1,1,1.0,menos de 3 formas distintas
activesupport,lib/active_support/core_ext/range/conversions.rb,3989ebf3473d,core extensions,7,7,0,100,0.0,0,0.0,1,2,1,1.0,menos de 3 formas distintas
activesupport,lib/active_support/core_ext/range/sole.rb,3989ebf3473d,core extensions,7,7,0,0,0.0,0,0.0,1,1,1,1.0,menos de 3 formas distintas
activesupport,lib/active_support/core_ext/regexp.rb,3989ebf3473d,core extensions,3,3,0,100,0.0,0,0.0,1,1,1,1.0,menos de 3 formas distintas
activesupport,lib/active_support/core_ext/string/behavior.rb,3989ebf3473d,core extensions,3,3,0,0,0.0,0,0.0,1,1,1,1.0,menos de 3 formas distintas
activesupport,lib/active_support/core_ext/string/exclude.rb,3989ebf3473d,core extensions,3,3,0,0,0.0,0,0.0,1,1,1,1.0,menos de 3 formas distintas
activesupport,lib/active_support/core_ext/string/inquiry.rb,3989ebf3473d,core extensions,3,3,0,0,0.0,0,0.0,1,1,1,1.0,menos de 3 formas distintas
activesupport,lib/active_support/core_ext/string/strip.rb,3989ebf3473d,core extensions,5,5,0,100,0.0,0,0.0,1,1,1,1.0,menos de 3 formas distintas
activesupport,lib/active_support/core_ext/string/zones.rb,3989ebf3473d,core extensions,7,7,0,0,0.0,0,0.0,1,1,1,1.0,menos de 3 formas distintas
activesupport,lib/active_support/core_ext/thread/backtrace/location.rb,3989ebf3473d,core extensions,3,3,0,0,0.0,0,0.0,1,1,1,1.0,menos de 3 formas distintas
activesupport,lib/active_support/core_ext/time/acts_like.rb,3989ebf3473d,core extensions,3,3,0,0,0.0,0,0.0,1,1,1,1.0,menos de 3 formas distintas
activesupport,lib/active_support/core_ext/time/compatibility.rb,3989ebf3473d,core extensions,3,3,0,0,1.0,0,0.0,1,1,1,1.0,menos de 3 formas distintas
activesupport,lib/active_support/dependencies/require_dependency.rb,3989ebf3473d,core extensions,13,13,0,100,0.0,0,0.0,1,1,1,1.0,menos de 3 formas distintas
activesupport,lib/active_support/deprecation/method_wrappers.rb,3989ebf3473d,core extensions,31,31,0,100,0.0,0,300.0,1,3,1,1.0,menos de 3 formas distintas
activesupport,lib/active_support/deprecator.rb,3989ebf3473d,core extensions,3,3,100,0,0.0,0,0.0,1,1,1,1.0,menos de 3 formas distintas
activesupport,lib/active_support/executor/test_helper.rb,3989ebf3473d,core extensions,3,3,0,0,0.0,0,0.0,1,1,1,1.0,menos de 3 formas distintas
activesupport,lib/active_support/gem_version.rb,3989ebf3473d,core extensions,3,3,100,0,0.0,0,0.0,1,2,1,1.0,menos de 3 formas distintas
activesupport,lib/active_support/logger_silence.rb,3989ebf3473d,core extensions,3,3,0,0,1.0,0,0.0,1,2,1,1.0,menos de 3 formas distintas
activesupport,lib/active_support/message_encryptors.rb,3989ebf3473d,core extensions,5,5,0,100,0.0,1,0.0,1,2,1,1.0,menos de 3 formas distintas
activesupport,lib/active_support/message_verifiers.rb,3989ebf3473d,core extensions,3,3,0,100,0.0,1,0.0,1,2,1,1.0,menos de 3 formas distintas
activesupport,lib/active_support/number_helper/number_to_percentage_converter.rb,3989ebf3473d,core extensions,4,4,0,100,0.0,1,0.0,1,3,1,1.0,menos de 3 formas distintas
activesupport,lib/active_support/testing/constant_lookup.rb,3989ebf3473d,core extensions,12,12,0,100,0.25,0,0.0,1,4,1,1.0,menos de 3 formas distintas
activesupport,lib/active_support/testing/constant_stubbing.rb,3989ebf3473d,core extensions,24,24,0,100,0.0,0,700.0,1,3,1,1.0,menos de 3 formas distintas
activesupport,lib/active_support/testing/declarative.rb,3989ebf3473d,core extensions,12,12,0,100,0.0,0,200.0,1,3,1,1.0,menos de 3 formas distintas
activesupport,lib/active_support/testing/file_fixtures.rb,3989ebf3473d,core extensions,10,10,0,100,0.33,0,0.0,1,3,1,1.0,menos de 3 formas distintas
activesupport,lib/active_support/testing/tests_without_assertions.rb,3989ebf3473d,core extensions,8,8,0,100,0.0,0,0.0,1,3,1,1.0,menos de 3 formas distintas
activesupport,lib/active_support/version.rb,3989ebf3473d,core extensions,3,3,100,0,0.0,0,0.0,1,1,1,1.0,menos de 3 formas distintas
awesome_print,lib/awesome_print/colorize.rb,9ae56ba413b9,cli utilities,15,15,0,100,0.0,0,200.0,1,2,1,1.0,menos de 3 formas distintas
awesome_print,lib/awesome_print/core_ext/logger.rb,9ae56ba413b9,cli utilities,5,5,0,100,0.0,0,100.0,1,2,1,1.0,menos de 3 formas distintas
awesome_print,lib/awesome_print/ext/action_view.rb,9ae56ba413b9,cli utilities,8,8,0,100,0.0,0,0.0,1,2,1,1.0,menos de 3 formas distintas
awesome_print,lib/awesome_print/version.rb,9ae56ba413b9,cli utilities,3,3,100,0,0.0,0,0.0,1,1,1,1.0,menos de 3 formas distintas
bootsnap,lib/bootsnap/bundler.rb,e099ec707644,optimizations,10,10,0,0,1.0,0,0.0,1,1,1,1.0,menos de 3 formas distintas
bootsnap,lib/bootsnap/load_path_cache/core_ext/kernel_require.rb,e099ec707644,optimizations,32,32,0,100,0.0,0,0.0,1,1,1,1.0,menos de 3 formas distintas
brakeman,lib/brakeman/checks/check_cookie_serialization.rb,fffc4837becb,code analysis and metrics,15,15,0,100,0.0,2,0.0,1,1,1,1.0,menos de 3 formas distintas
brakeman,lib/brakeman/checks/check_csrf_token_forgery_cve.rb,fffc4837becb,code analysis and metrics,20,20,0,0,0.0,2,0.0,1,1,1,1.0,menos de 3 formas distintas
brakeman,lib/brakeman/checks/check_eol_rails.rb,fffc4837becb,code analysis and metrics,5,5,0,100,0.0,3,0.0,1,1,1,1.0,menos de 3 formas distintas
brakeman,lib/brakeman/checks/check_eol_ruby.rb,fffc4837becb,code analysis and metrics,5,5,0,100,0.0,3,0.0,1,1,1,1.0,menos de 3 formas distintas
brakeman,lib/brakeman/checks/check_escape_function.rb,fffc4837becb,code analysis and metrics,12,12,0,0,0.0,2,0.0,1,1,1,1.0,menos de 3 formas distintas
brakeman,lib/brakeman/checks/check_force_ssl.rb,fffc4837becb,code analysis and metrics,22,22,0,100,0.0,2,0.0,1,1,1,1.0,menos de 3 formas distintas
brakeman,lib/brakeman/checks/check_jruby_xml.rb,fffc4837becb,code analysis and metrics,29,29,0,100,0.0,2,0.0,1,1,1,1.0,menos de 3 formas distintas
brakeman,lib/brakeman/checks/check_response_splitting.rb,fffc4837becb,code analysis and metrics,12,12,0,0,0.0,2,0.0,1,1,1,1.0,menos de 3 formas distintas
brakeman,lib/brakeman/checks/check_safe_buffer_manipulation.rb,fffc4837becb,code analysis and metrics,21,21,0,0,0.0,2,0.0,1,1,1,1.0,menos de 3 formas distintas
brakeman,lib/brakeman/checks/check_send_file.rb,fffc4837becb,code analysis and metrics,9,9,0,100,0.0,3,0.0,1,1,1,1.0,menos de 3 formas distintas
brakeman,lib/brakeman/checks/check_symbol_dos_cve.rb,fffc4837becb,code analysis and metrics,22,22,0,100,0.0,2,0.0,1,1,1,1.0,menos de 3 formas distintas
brakeman,lib/brakeman/parsers/haml_embedded.rb,fffc4837becb,code analysis and metrics,21,21,0,100,1.2,0,100.0,1,5,1,1.0,menos de 3 formas distintas
brakeman,lib/brakeman/processors/config_processor.rb,fffc4837becb,code analysis and metrics,9,9,100,100,0.0,0,0.0,1,1,1,1.0,menos de 3 formas distintas
brakeman,lib/brakeman/processors/lib/rails4_config_processor.rb,fffc4837becb,code analysis and metrics,11,11,0,100,0.0,3,0.0,1,1,1,1.0,menos de 3 formas distintas
brakeman,lib/brakeman/processors/route_processor.rb,fffc4837becb,code analysis and metrics,7,7,100,100,0.0,0,0.0,1,1,1,1.0,menos de 3 formas distintas
brakeman,lib/brakeman/report/report_hash.rb,fffc4837becb,code analysis and metrics,20,20,0,100,0.0,1,100.0,1,1,1,1.0,menos de 3 formas distintas
brakeman,lib/brakeman/report/report_junit.rb,fffc4837becb,code analysis and metrics,45,45,0,100,0.0,1,0.0,1,1,1,1.0,menos de 3 formas distintas
brakeman,lib/brakeman/report/report_tabs.rb,fffc4837becb,code analysis and metrics,12,12,0,100,0.0,2,100.0,1,1,1,1.0,menos de 3 formas distintas
brakeman,lib/brakeman/tracker/library.rb,fffc4837becb,code analysis and metrics,6,6,0,100,1.0,1,0.0,1,2,1,1.0,menos de 3 formas distintas
brakeman,lib/brakeman/warning_codes.rb,fffc4837becb,code analysis and metrics,3,3,100,0,0.0,0,0.0,1,1,1,1.0,menos de 3 formas distintas
bullet,lib/bullet/active_job.rb,bc55c037d27a,profiler and optimization,7,7,100,100,0.0,0,100.0,1,2,1,1.0,menos de 3 formas distintas
bullet,lib/bullet/ext/string.rb,bc55c037d27a,profiler and optimization,4,4,0,0,0.0,0,0.0,1,3,1,1.0,menos de 3 formas distintas
bullet,lib/bullet/registry/call_stack.rb,bc55c037d27a,profiler and optimization,7,7,0,100,0.0,1,0.0,1,3,1,1.0,menos de 3 formas distintas
bundler-audit,lib/bundler/audit/cli/thor_ext/shell/basic/say_error.rb,f8b06ebbefdd,security,9,9,0,100,0.0,0,0.0,1,3,1,1.0,menos de 3 formas distintas
bundler-audit,lib/bundler/audit/results/result.rb,f8b06ebbefdd,security,3,3,0,0,0.0,0,0.0,1,4,1,1.0,menos de 3 formas distintas
byebug,lib/byebug/helpers/reflection.rb,aff644023372,debugging tools,5,5,0,100,0.0,0,100.0,1,3,1,1.0,menos de 3 formas distintas
byebug,lib/byebug/settings/autosave.rb,aff644023372,debugging tools,3,3,0,0,0.0,1,0.0,1,2,1,1.0,menos de 3 formas distintas
byebug,lib/byebug/settings/basename.rb,aff644023372,debugging tools,3,3,0,0,0.0,1,0.0,1,2,1,1.0,menos de 3 formas distintas
byebug,lib/byebug/settings/fullpath.rb,aff644023372,debugging tools,3,3,0,0,0.0,1,0.0,1,2,1,1.0,menos de 3 formas distintas
byebug,lib/byebug/settings/stack_on_error.rb,aff644023372,debugging tools,3,3,0,0,0.0,1,0.0,1,2,1,1.0,menos de 3 formas distintas
capybara,lib/capybara/minitest/spec.rb,a210c6e57872,testing,4,4,0,0,0.5,0,0.0,1,6,1,1.0,menos de 3 formas distintas
capybara,lib/capybara/registrations/patches/puma_ssl.rb,a210c6e57872,testing,21,21,0,100,0.0,0,0.0,1,3,1,1.0,menos de 3 formas distintas
capybara,lib/capybara/selector/definition/label.rb,a210c6e57872,testing,3,3,0,0,0.0,0,0.0,1,0,1,1.0,menos de 3 formas distintas
capybara,lib/capybara/selector/definition/select.rb,a210c6e57872,testing,7,7,0,100,0.0,0,0.0,1,0,1,1.0,menos de 3 formas distintas
capybara,lib/capybara/selenium/nodes/ie_node.rb,a210c6e57872,testing,16,16,0,100,0.0,2,0.0,1,1,1,1.0,menos de 3 formas distintas
capybara,lib/capybara/selenium/patches/atoms.rb,a210c6e57872,testing,10,10,0,100,0.0,0,0.0,1,1,1,1.0,menos de 3 formas distintas
capybara,lib/capybara/selenium/patches/is_displayed.rb,a210c6e57872,testing,8,8,0,0,0.0,0,0.0,1,3,1,1.0,menos de 3 formas distintas
capybara,lib/capybara/selenium/patches/pause_duration_fix.rb,a210c6e57872,testing,3,3,0,0,0.0,0,0.0,1,1,1,1.0,menos de 3 formas distintas
carrierwave,lib/carrierwave/orm/activerecord.rb,5effe4ecaae9,file upload,53,53,0,100,1.5,0,100.0,1,2,1,1.0,menos de 3 formas distintas
carrierwave,lib/carrierwave/uploader/download.rb,5effe4ecaae9,file upload,4,4,0,100,1.33,0,0.0,1,3,1,1.0,menos de 3 formas distintas
carrierwave,lib/carrierwave/uploader/remove.rb,5effe4ecaae9,file upload,7,7,0,100,0.67,0,0.0,1,3,1,1.0,menos de 3 formas distintas
carrierwave,lib/generators/uploader_generator.rb,5effe4ecaae9,file upload,3,3,0,0,0.0,1,0.0,1,1,1,1.0,menos de 3 formas distintas
childprocess,lib/childprocess/unix/io.rb,c756730c4ac4,processes,10,10,0,100,0.0,1,0.0,1,3,1,1.0,menos de 3 formas distintas
cocoapods,lib/cocoapods.rb,5493bfd201a3,package management,3,3,0,0,0.0,1,0.0,1,3,1,1.0,menos de 3 formas distintas
cocoapods,lib/cocoapods/command/ipc.rb,5493bfd201a3,package management,3,3,0,0,0.0,2,0.0,1,3,1,1.0,menos de 3 formas distintas
cocoapods,lib/cocoapods/command/ipc/list.rb,5493bfd201a3,package management,19,19,0,100,0.0,3,0.0,1,4,1,1.0,menos de 3 formas distintas
cocoapods,lib/cocoapods/command/ipc/update_search_index.rb,5493bfd201a3,package management,4,4,0,100,0.0,3,0.0,1,4,1,1.0,menos de 3 formas distintas
cocoapods,lib/cocoapods/command/repo.rb,5493bfd201a3,package management,3,3,0,100,0.33,2,0.0,1,3,1,1.0,menos de 3 formas distintas
cocoapods,lib/cocoapods/command/setup.rb,5493bfd201a3,package management,4,4,0,0,0.0,2,0.0,1,3,1,1.0,menos de 3 formas distintas
cocoapods,lib/cocoapods/installer/analyzer/target_inspection_result.rb,5493bfd201a3,package management,9,9,0,100,0.0,0,0.0,1,4,1,1.0,menos de 3 formas distintas
cocoapods,lib/cocoapods/installer/project_cache/project_cache_analysis_result.rb,5493bfd201a3,package management,8,8,0,0,0.0,0,0.0,1,4,1,1.0,menos de 3 formas distintas
cocoapods,lib/cocoapods/open-uri.rb,5493bfd201a3,package management,4,4,100,100,0.0,0,0.0,1,1,1,1.0,menos de 3 formas distintas
cocoapods,lib/cocoapods/podfile.rb,5493bfd201a3,package management,3,3,0,0,0.0,0,0.0,1,2,1,1.0,menos de 3 formas distintas
cocoapods,lib/cocoapods/xcode/linkage_analyzer.rb,5493bfd201a3,package management,9,9,100,100,0.0,0,0.0,1,3,1,1.0,menos de 3 formas distintas
coderay,lib/coderay/encoders/html/numbering.rb,d30855fe96e3,code highlighting,94,94,100,100,0.0,1,0.0,1,4,1,1.0,menos de 3 formas distintas
coderay,lib/coderay/encoders/null.rb,d30855fe96e3,code highlighting,3,3,0,0,0.0,1,0.0,1,3,1,1.0,menos de 3 formas distintas
coderay,lib/coderay/scanners/c.rb,d30855fe96e3,code highlighting,141,141,0,100,0.0,2,0.0,1,3,1,1.0,menos de 3 formas distintas
coderay,lib/coderay/scanners/clojure.rb,d30855fe96e3,code highlighting,70,70,0,100,0.0,2,0.0,1,3,1,1.0,menos de 3 formas distintas
coderay,lib/coderay/scanners/cpp.rb,d30855fe96e3,code highlighting,157,157,0,100,0.0,2,0.0,1,3,1,1.0,menos de 3 formas distintas
coderay,lib/coderay/scanners/delphi.rb,d30855fe96e3,code highlighting,95,95,0,100,0.0,2,0.0,1,3,1,1.0,menos de 3 formas distintas
coderay,lib/coderay/scanners/go.rb,d30855fe96e3,code highlighting,154,154,0,100,0.0,2,0.0,1,3,1,1.0,menos de 3 formas distintas
coderay,lib/coderay/scanners/java.rb,d30855fe96e3,code highlighting,119,119,0,100,0.0,2,0.0,1,3,1,1.0,menos de 3 formas distintas
coderay,lib/coderay/scanners/python.rb,d30855fe96e3,code highlighting,180,180,0,100,0.0,2,0.0,1,3,1,1.0,menos de 3 formas distintas
coderay,lib/coderay/scanners/sql.rb,d30855fe96e3,code highlighting,99,99,0,100,0.0,2,0.0,1,3,1,1.0,menos de 3 formas distintas
coderay,lib/coderay/scanners/taskpaper.rb,d30855fe96e3,code highlighting,21,21,0,100,0.0,2,0.0,1,3,1,1.0,menos de 3 formas distintas
coderay,lib/coderay/scanners/text.rb,d30855fe96e3,code highlighting,4,4,0,100,0.0,2,0.0,1,3,1,1.0,menos de 3 formas distintas
coderay,lib/coderay/scanners/yaml.rb,d30855fe96e3,code highlighting,120,120,0,100,0.0,2,0.0,1,3,1,1.0,menos de 3 formas distintas
colorize,lib/colorized_string.rb,a252d8af6b76,cli utilities,3,3,100,0,2.0,1,0.0,1,1,1,1.0,menos de 3 formas distintas
commander,lib/commander/blank.rb,b4c6be4b149c,cli builder,5,5,100,100,0.0,0,100.0,1,1,1,1.0,menos de 3 formas distintas
commander,lib/commander/configure.rb,b4c6be4b149c,cli builder,10,10,0,100,0.0,0,0.0,1,1,1,1.0,menos de 3 formas distintas
commander,lib/commander/core_ext/array.rb,b4c6be4b149c,cli builder,5,5,100,100,0.0,0,0.0,1,1,1,1.0,menos de 3 formas distintas
commander,lib/commander/core_ext/object.rb,b4c6be4b149c,cli builder,3,3,0,0,0.0,0,0.0,1,1,1,1.0,menos de 3 formas distintas
commander,lib/commander/delegates.rb,b4c6be4b149c,cli builder,3,3,0,0,0.0,0,0.0,1,2,1,1.0,menos de 3 formas distintas
commander,lib/commander/help_formatters/terminal_compact.rb,b4c6be4b149c,cli builder,3,3,0,0,0.0,2,0.0,1,3,1,1.0,menos de 3 formas distintas
commander,lib/commander/platform.rb,b4c6be4b149c,cli builder,3,3,100,0,0.0,0,0.0,1,2,1,1.0,menos de 3 formas distintas
concurrent-ruby,docs-source/actor/messaging.in.rb,0b88d5ff75f6,concurrency and parallelism,12,12,0,100,1.0,2,0.0,1,1,1,1.0,menos de 3 formas distintas
concurrent-ruby,docs-source/actor/messaging.out.rb,0b88d5ff75f6,concurrency and parallelism,12,12,0,100,1.0,2,0.0,1,1,1,1.0,menos de 3 formas distintas
concurrent-ruby,docs-source/cancellation.init.rb,0b88d5ff75f6,concurrency and parallelism,4,4,0,0,0.0,0,0.0,1,0,1,1.0,menos de 3 formas distintas
concurrent-ruby,docs-source/channel.init.rb,0b88d5ff75f6,concurrency and parallelism,4,4,0,0,0.0,0,0.0,1,0,1,1.0,menos de 3 formas distintas
concurrent-ruby,docs-source/erlang_actor.init.rb,0b88d5ff75f6,concurrency and parallelism,4,4,0,0,0.0,0,0.0,1,0,1,1.0,menos de 3 formas distintas
concurrent-ruby,docs-source/future.rb,0b88d5ff75f6,concurrency and parallelism,15,15,0,100,0.0,0,0.0,1,1,1,1.0,menos de 3 formas distintas
concurrent-ruby,docs-source/promises.init.rb,0b88d5ff75f6,concurrency and parallelism,4,4,0,0,0.0,0,0.0,1,0,1,1.0,menos de 3 formas distintas
concurrent-ruby,docs-source/throttle.init.rb,0b88d5ff75f6,concurrency and parallelism,4,4,0,0,0.0,0,0.0,1,0,1,1.0,menos de 3 formas distintas
concurrent-ruby,examples/a-tour-of-go-channels/channels.rb,0b88d5ff75f6,concurrency and parallelism,4,4,0,100,0.0,0,0.0,1,0,1,1.0,menos de 3 formas distintas
concurrent-ruby,examples/a-tour-of-go-channels/range-and-close.rb,0b88d5ff75f6,concurrency and parallelism,8,8,0,100,0.0,0,0.0,1,0,1,1.0,menos de 3 formas distintas
concurrent-ruby,examples/a-tour-of-go-channels/select.rb,0b88d5ff75f6,concurrency and parallelism,12,12,0,100,0.0,0,0.0,1,0,1,1.0,menos de 3 formas distintas
concurrent-ruby,examples/benchmark_atomic_boolean.rb,0b88d5ff75f6,concurrency and parallelism,20,20,0,100,0.0,0,0.0,1,0,1,1.0,menos de 3 formas distintas
concurrent-ruby,examples/benchmark_atomic_fixnum.rb,0b88d5ff75f6,concurrency and parallelism,20,20,0,100,0.0,0,0.0,1,0,1,1.0,menos de 3 formas distintas
concurrent-ruby,examples/go-by-example-channels/channel-synchronization.rb,0b88d5ff75f6,concurrency and parallelism,7,7,0,100,0.0,0,0.0,1,0,1,1.0,menos de 3 formas distintas
concurrent-ruby,examples/go-by-example-channels/worker-pools.rb,0b88d5ff75f6,concurrency and parallelism,7,7,0,100,0.0,0,0.0,1,0,1,1.0,menos de 3 formas distintas
concurrent-ruby,examples/init.rb,0b88d5ff75f6,concurrency and parallelism,3,3,0,0,0.0,0,0.0,1,0,1,1.0,menos de 3 formas distintas
concurrent-ruby,examples/thread_local_var_bench.rb,0b88d5ff75f6,concurrency and parallelism,12,12,0,100,0.0,0,0.0,1,0,1,1.0,menos de 3 formas distintas
concurrent-ruby,examples/who.rb,0b88d5ff75f6,concurrency and parallelism,4,4,0,0,0.0,0,0.0,1,0,1,1.0,menos de 3 formas distintas
concurrent-ruby,lib/concurrent-ruby-edge/concurrent/actor/behaviour/awaits.rb,0b88d5ff75f6,concurrency and parallelism,7,7,0,100,0.0,1,0.0,1,4,1,1.0,menos de 3 formas distintas
concurrent-ruby,lib/concurrent-ruby-edge/concurrent/actor/behaviour/errors_on_unknown_message.rb,0b88d5ff75f6,concurrency and parallelism,3,3,0,0,0.0,1,0.0,1,4,1,1.0,menos de 3 formas distintas
concurrent-ruby,lib/concurrent-ruby-edge/concurrent/actor/behaviour/removes_child.rb,0b88d5ff75f6,concurrency and parallelism,7,7,0,100,0.0,1,0.0,1,4,1,1.0,menos de 3 formas distintas
concurrent-ruby,lib/concurrent-ruby-edge/concurrent/actor/default_dead_letter_handler.rb,0b88d5ff75f6,concurrency and parallelism,3,3,0,100,0.0,2,0.0,1,3,1,1.0,menos de 3 formas distintas
concurrent-ruby,lib/concurrent-ruby/concurrent/atomic/atomic_boolean.rb,0b88d5ff75f6,concurrency and parallelism,3,3,0,0,0.0,1,0.0,1,2,1,1.0,menos de 3 formas distintas
concurrent-ruby,lib/concurrent-ruby/concurrent/atomic/atomic_fixnum.rb,0b88d5ff75f6,concurrency and parallelism,3,3,0,0,0.0,1,0.0,1,2,1,1.0,menos de 3 formas distintas
concurrent-ruby,lib/concurrent-ruby/concurrent/atomic/atomic_reference.rb,0b88d5ff75f6,concurrency and parallelism,3,3,0,0,1.0,2,0.0,1,6,1,1.0,menos de 3 formas distintas
concurrent-ruby,lib/concurrent-ruby/concurrent/atomic/lock_local_var.rb,0b88d5ff75f6,concurrency and parallelism,11,11,100,100,0.0,0,0.0,1,2,1,1.0,menos de 3 formas distintas
concurrent-ruby,lib/concurrent-ruby/concurrent/atomic_reference/numeric_cas_wrapper.rb,0b88d5ff75f6,concurrency and parallelism,22,22,0,100,0.0,0,0.0,1,2,1,1.0,menos de 3 formas distintas
concurrent-ruby,lib/concurrent-ruby/concurrent/collection/map/truffleruby_map_backend.rb,0b88d5ff75f6,concurrency and parallelism,4,4,0,100,0.0,1,0.0,1,3,1,1.0,menos de 3 formas distintas
concurrent-ruby,lib/concurrent-ruby/concurrent/executor/fixed_thread_pool.rb,0b88d5ff75f6,concurrency and parallelism,8,8,0,100,0.0,2,0.0,1,2,1,1.0,menos de 3 formas distintas
concurrent-ruby,lib/concurrent-ruby/concurrent/executor/ruby_single_thread_executor.rb,0b88d5ff75f6,concurrency and parallelism,9,9,0,100,0.5,5,0.0,1,2,1,1.0,menos de 3 formas distintas
concurrent-ruby,lib/concurrent-ruby/concurrent/executor/serial_executor_service.rb,0b88d5ff75f6,concurrency and parallelism,3,3,0,0,0.5,0,0.0,1,2,1,1.0,menos de 3 formas distintas
concurrent-ruby,lib/concurrent-ruby/concurrent/synchronization/safe_initialization.rb,0b88d5ff75f6,concurrency and parallelism,5,5,0,0,0.0,0,0.0,1,3,1,1.0,menos de 3 formas distintas
concurrent-ruby,lib/concurrent-ruby/concurrent/thread_safe/util/volatile.rb,0b88d5ff75f6,concurrency and parallelism,39,39,0,100,0.25,0,200.0,1,4,1,1.0,menos de 3 formas distintas
concurrent-ruby,lib/concurrent-ruby/concurrent/utility/monotonic_time.rb,0b88d5ff75f6,concurrency and parallelism,3,3,0,0,0.0,0,0.0,1,1,1,1.0,menos de 3 formas distintas
concurrent-ruby,support/generate_docs.rb,0b88d5ff75f6,concurrency and parallelism,7,7,0,100,0.0,0,0.0,1,0,1,1.0,menos de 3 formas distintas
concurrent-ruby,yard-template/default/module/setup.rb,0b88d5ff75f6,concurrency and parallelism,8,8,0,100,0.0,0,0.0,1,0,1,1.0,menos de 3 formas distintas
countries,lib/countries/country/currency_methods.rb,8c026f5b49da,country data,3,3,0,100,0.0,0,0.0,1,2,1,1.0,menos de 3 formas distintas
countries,lib/countries/country/emoji.rb,8c026f5b49da,country data,3,3,0,100,0.0,0,0.0,1,2,1,1.0,menos de 3 formas distintas
countries,lib/countries/timezones.rb,8c026f5b49da,country data,3,3,0,0,0.0,0,0.0,1,2,1,1.0,menos de 3 formas distintas
countries,lib/countries/translations.rb,8c026f5b49da,country data,6,6,0,100,0.0,1,0.0,1,2,1,1.0,menos de 3 formas distintas
danger,danger_plugins/protect_files.rb,c94d38b3ce68,automation,9,9,0,100,0.0,1,0.0,1,2,1,1.0,menos de 3 formas distintas
danger,docs/yard_support.rb,c94d38b3ce68,automation,4,4,0,100,0.0,1,0.0,1,1,1,1.0,menos de 3 formas distintas
danger,lib/danger/ci_source/support/no_pull_request.rb,c94d38b3ce68,automation,3,3,0,0,0.0,0,0.0,1,2,1,1.0,menos de 3 formas distintas
danger,lib/danger/ci_source/support/repo_info.rb,c94d38b3ce68,automation,4,4,0,0,0.0,0,0.0,1,2,1,1.0,menos de 3 formas distintas
danger,lib/danger/clients/rubygems_client.rb,c94d38b3ce68,automation,7,7,100,100,0.0,0,0.0,1,2,1,1.0,menos de 3 formas distintas
danger,lib/danger/commands/systems.rb,c94d38b3ce68,automation,28,28,0,100,0.0,3,0.0,1,3,1,1.0,menos de 3 formas distintas
danger,lib/danger/core_ext/file_list.rb,c94d38b3ce68,automation,8,8,0,100,0.5,0,0.0,1,2,1,1.0,menos de 3 formas distintas
danger,lib/danger/danger_core/dangerfile_generator.rb,c94d38b3ce68,automation,6,6,100,0,0.0,0,0.0,1,2,1,1.0,menos de 3 formas distintas
database_cleaner,lib/database_cleaner/core.rb,23fb7a715317,database tools,3,3,100,0,1.0,0,0.0,1,1,1,1.0,menos de 3 formas distintas
debug,lib/debug/prelude.rb,bad4d38f8330,developer tooling,32,32,0,100,0.0,0,100.0,1,2,1,1.0,menos de 3 formas distintas
devise,lib/devise/models/omniauthable.rb,9ea459de9aec,authentication and oauth,3,3,100,0,0.25,0,0.0,1,4,1,1.0,menos de 3 formas distintas
devise,lib/devise/strategies/database_authenticatable.rb,9ea459de9aec,authentication and oauth,18,18,0,100,0.0,1,0.0,1,3,1,1.0,menos de 3 formas distintas
devise,lib/generators/active_record/templates/migration.rb,9ea459de9aec,authentication and oauth,17,17,0,100,0.0,1,0.0,1,1,1,1.0,menos de 3 formas distintas
devise,lib/generators/devise/devise_generator.rb,9ea459de9aec,authentication and oauth,6,6,0,100,0.33,1,0.0,1,3,1,1.0,menos de 3 formas distintas
docile,lib/docile/chaining_fallback_context_proxy.rb,f0c25f516b8f,core extensions,3,3,0,0,0.0,1,0.0,1,2,1,1.0,menos de 3 formas distintas
docile,lib/docile/execution.rb,f0c25f516b8f,core extensions,30,30,0,100,0.0,0,700.0,1,2,1,1.0,menos de 3 formas distintas
doorkeeper,lib/doorkeeper/models/concerns/accessible.rb,75a84fefe686,authentication and oauth,3,3,0,100,0.0,0,0.0,1,3,1,1.0,menos de 3 formas distintas
doorkeeper,lib/doorkeeper/models/concerns/orderable.rb,75a84fefe686,authentication and oauth,3,3,0,0,0.25,0,0.0,1,4,1,1.0,menos de 3 formas distintas
doorkeeper,lib/doorkeeper/models/concerns/ownership.rb,75a84fefe686,authentication and oauth,3,3,0,0,0.33,0,0.0,1,3,1,1.0,menos de 3 formas distintas
doorkeeper,lib/doorkeeper/models/concerns/reusable.rb,75a84fefe686,authentication and oauth,7,7,0,100,0.0,0,0.0,1,3,1,1.0,menos de 3 formas distintas
doorkeeper,lib/doorkeeper/oauth/authorization/context.rb,75a84fefe686,authentication and oauth,5,5,0,100,0.0,0,100.0,1,4,1,1.0,menos de 3 formas distintas
doorkeeper,lib/doorkeeper/oauth/error.rb,75a84fefe686,authentication and oauth,8,8,0,0,0.0,0,0.0,1,2,1,1.0,menos de 3 formas distintas
doorkeeper,lib/doorkeeper/orm/active_record.rb,75a84fefe686,authentication and oauth,1,1,100,0,0.0,0,0.0,1,5,1,1.0,menos de 3 formas distintas
doorkeeper,lib/doorkeeper/rake.rb,75a84fefe686,authentication and oauth,6,6,100,0,0.0,0,0.0,1,2,1,1.0,menos de 3 formas distintas
doorkeeper,lib/doorkeeper/request/client_credentials.rb,75a84fefe686,authentication and oauth,7,7,0,0,0.0,1,0.0,1,3,1,1.0,menos de 3 formas distintas
doorkeeper,lib/doorkeeper/request/password.rb,75a84fefe686,authentication and oauth,9,9,0,0,0.0,1,0.0,1,3,1,1.0,menos de 3 formas distintas
doorkeeper,lib/generators/doorkeeper/install_generator.rb,75a84fefe686,authentication and oauth,7,7,0,0,0.5,1,0.0,1,2,1,1.0,menos de 3 formas distintas
doorkeeper,lib/generators/doorkeeper/views_generator.rb,75a84fefe686,authentication and oauth,4,4,0,0,0.0,1,0.0,1,3,1,1.0,menos de 3 formas distintas
dotenv,lib/dotenv/missing_keys.rb,34156bf400cd,configuration,4,4,0,100,0.0,2,0.0,1,3,1,1.0,menos de 3 formas distintas
dotenv,lib/dotenv/substitutions/command.rb,34156bf400cd,configuration,15,15,100,100,0.0,0,0.0,1,3,1,1.0,menos de 3 formas distintas
dotenv,lib/dotenv/substitutions/variable.rb,34156bf400cd,configuration,13,13,100,100,0.0,0,0.0,1,3,1,1.0,menos de 3 formas distintas
dry-types,benchmarks/hash_schemas.rb,1a13fb04926f,type signatures and type checking,13,13,100,0,0.0,0,200.0,1,1,1,1.0,menos de 3 formas distintas
dry-types,benchmarks/setup.rb,1a13fb04926f,type signatures and type checking,3,3,0,0,0.0,0,0.0,1,0,1,1.0,menos de 3 formas distintas
dry-types,lib/dry/types/extensions/monads.rb,1a13fb04926f,type signatures and type checking,7,7,0,0,0.33,0,0.0,1,3,1,1.0,menos de 3 formas distintas
dry-types,lib/dry/types/printable.rb,1a13fb04926f,type signatures and type checking,1,1,0,0,0.0,0,0.0,1,3,1,1.0,menos de 3 formas distintas
eventmachine,examples/guides/getting_started/01_eventmachine_echo_server.rb,9cb13a8a6236,concurrency and parallelism,3,3,0,0,0.0,1,0.0,1,1,1,1.0,menos de 3 formas distintas
eventmachine,examples/guides/getting_started/02_eventmachine_echo_server_that_recognizes_exit_command.rb,9cb13a8a6236,concurrency and parallelism,7,7,0,100,0.0,1,0.0,1,1,1,1.0,menos de 3 formas distintas
eventmachine,lib/em/callback.rb,9cb13a8a6236,concurrency and parallelism,11,11,100,100,0.0,0,100.0,1,1,1,1.0,menos de 3 formas distintas
eventmachine,lib/em/future.rb,9cb13a8a6236,concurrency and parallelism,14,14,100,100,0.0,0,0.0,1,2,1,1.0,menos de 3 formas distintas
excon,lib/excon/extensions/uri.rb,ac022b6417d7,http clients and tools,4,4,0,0,0.0,0,0.0,1,2,1,1.0,menos de 3 formas distintas
excon,lib/excon/instrumentors/logging_instrumentor.rb,ac022b6417d7,http clients and tools,41,41,100,100,0.0,0,0.0,1,2,1,1.0,menos de 3 formas distintas
excon,lib/excon/instrumentors/standard_instrumentor.rb,ac022b6417d7,http clients and tools,16,16,100,100,0.0,0,0.0,1,2,1,1.0,menos de 3 formas distintas
excon,lib/excon/middlewares/escape_path.rb,ac022b6417d7,http clients and tools,5,5,0,100,0.0,1,0.0,1,3,1,1.0,menos de 3 formas distintas
excon,lib/excon/middlewares/response_parser.rb,ac022b6417d7,http clients and tools,9,9,0,100,0.0,1,100.0,1,3,1,1.0,menos de 3 formas distintas
excon,lib/excon/pretty_printer.rb,ac022b6417d7,http clients and tools,34,34,100,100,0.0,0,0.0,1,2,1,1.0,menos de 3 formas distintas
excon,lib/excon/resolver_factory.rb,ac022b6417d7,http clients and tools,3,3,100,0,0.0,0,0.0,1,2,1,1.0,menos de 3 formas distintas
excon,lib/excon/unix_socket.rb,ac022b6417d7,http clients and tools,33,33,0,100,0.0,1,0.0,1,2,1,1.0,menos de 3 formas distintas
eye,examples/process_thin.rb,300aa8793112,process management and monitoring,28,28,0,100,0.0,0,0.0,1,0,1,1.0,menos de 3 formas distintas
eye,lib/eye/checker/children_memory.rb,300aa8793112,process management and monitoring,5,5,0,100,0.0,2,0.0,1,1,1,1.0,menos de 3 formas distintas
eye,lib/eye/checker/nop.rb,300aa8793112,process management and monitoring,1,1,0,0,0.0,1,0.0,1,1,1,1.0,menos de 3 formas distintas
eye,lib/eye/dsl/chain.rb,300aa8793112,process management and monitoring,8,8,0,100,0.0,0,0.0,1,1,1,1.0,menos de 3 formas distintas
eye,lib/eye/notify/jabber.rb,300aa8793112,process management and monitoring,14,14,0,100,0.0,1,100.0,1,1,1,1.0,menos de 3 formas distintas
eye,lib/eye/process.rb,300aa8793112,process management and monitoring,21,21,0,100,13.0,0,0.0,1,1,1,1.0,menos de 3 formas distintas
eye,lib/eye/process/validate.rb,300aa8793112,process management and monitoring,24,24,0,100,0.0,1,0.0,1,2,1,1.0,menos de 3 formas distintas
eye,lib/eye/trigger/stop_children.rb,300aa8793112,process management and monitoring,4,4,0,100,0.0,1,0.0,1,1,1,1.0,menos de 3 formas distintas
eye,lib/eye/trigger/transition.rb,300aa8793112,process management and monitoring,3,3,0,0,0.0,1,0.0,1,1,1,1.0,menos de 3 formas distintas
eye,lib/eye/utils/pmap.rb,300aa8793112,process management and monitoring,3,3,0,0,0.0,0,0.0,1,1,1,1.0,menos de 3 formas distintas
factory_bot,lib/factory_bot/aliases.rb,5d399535578d,testing,7,7,100,100,0.0,0,0.0,1,1,1,1.0,menos de 3 formas distintas
factory_bot,lib/factory_bot/decorator/disallows_duplicates_registry.rb,5d399535578d,testing,7,7,0,100,0.0,2,0.0,1,3,1,1.0,menos de 3 formas distintas
factory_bot,lib/factory_bot/decorator/new_constructor.rb,5d399535578d,testing,4,4,0,0,0.0,2,0.0,1,3,1,1.0,menos de 3 formas distintas
factory_bot,lib/factory_bot/find_definitions.rb,5d399535578d,testing,13,13,100,100,0.0,0,0.0,1,1,1,1.0,menos de 3 formas distintas
factory_bot,lib/factory_bot/reload.rb,5d399535578d,testing,5,5,100,0,0.0,0,0.0,1,1,1,1.0,menos de 3 formas distintas
factory_bot,lib/factory_bot/strategy.rb,5d399535578d,testing,5,5,100,100,0.0,0,0.0,1,2,1,1.0,menos de 3 formas distintas
faker,lib/faker/blockchain/ethereum.rb,e48d35f4fa0d,testing,6,6,100,100,0.0,1,0.0,1,3,1,1.0,menos de 3 formas distintas
faker,lib/faker/creature/animal.rb,e48d35f4fa0d,testing,3,3,100,0,0.0,1,0.0,1,3,1,1.0,menos de 3 formas distintas
faker,lib/faker/default/artist.rb,e48d35f4fa0d,testing,3,3,100,0,0.0,1,0.0,1,2,1,1.0,menos de 3 formas distintas
faker,lib/faker/default/avatar.rb,e48d35f4fa0d,testing,8,8,100,100,0.0,1,0.0,1,2,1,1.0,menos de 3 formas distintas
faker,lib/faker/default/boolean.rb,e48d35f4fa0d,testing,3,3,100,100,0.0,1,0.0,1,2,1,1.0,menos de 3 formas distintas
faker,lib/faker/default/chuck_norris.rb,e48d35f4fa0d,testing,3,3,100,0,0.0,1,0.0,1,2,1,1.0,menos de 3 formas distintas
faker,lib/faker/default/hobby.rb,e48d35f4fa0d,testing,3,3,100,0,0.0,1,0.0,1,2,1,1.0,menos de 3 formas distintas
faker,lib/faker/default/marketing.rb,e48d35f4fa0d,testing,3,3,100,0,0.0,1,0.0,1,2,1,1.0,menos de 3 formas distintas
faker,lib/faker/default/nato_phonetic_alphabet.rb,e48d35f4fa0d,testing,3,3,100,0,0.0,1,0.0,1,2,1,1.0,menos de 3 formas distintas
faker,lib/faker/default/vulnerability_identifier.rb,e48d35f4fa0d,testing,4,4,100,0,0.0,1,0.0,1,2,1,1.0,menos de 3 formas distintas
faker,lib/faker/internet/http.rb,e48d35f4fa0d,testing,7,7,100,0,0.0,1,0.0,1,3,1,1.0,menos de 3 formas distintas
faker,lib/faker/music/umphreys_mcgee.rb,e48d35f4fa0d,testing,3,3,100,0,0.0,1,0.0,1,3,1,1.0,menos de 3 formas distintas
faker,lib/faker/quotes/rajnikanth.rb,e48d35f4fa0d,testing,3,3,100,0,0.0,1,0.0,1,3,1,1.0,menos de 3 formas distintas
faker,lib/faker/sports/mountaineering.rb,e48d35f4fa0d,testing,3,3,100,0,0.0,1,0.0,1,3,1,1.0,menos de 3 formas distintas
faker,lib/faker/tv_shows/michael_scott.rb,e48d35f4fa0d,testing,3,3,100,0,0.0,1,0.0,1,3,1,1.0,menos de 3 formas distintas
faker,lib/helpers/base58.rb,e48d35f4fa0d,testing,16,16,100,100,0.0,0,0.0,1,2,1,1.0,menos de 3 formas distintas
faraday,lib/faraday/options/connection_options.rb,f1ace878bae1,http clients and tools,3,3,0,100,0.0,0,0.0,1,1,1,1.0,menos de 3 formas distintas
faraday,lib/faraday/options/proxy_options.rb,f1ace878bae1,http clients and tools,21,21,100,100,1.0,0,0.0,1,1,1,1.0,menos de 3 formas distintas
fastimage,lib/fastimage/fastimage_parsing/bmp.rb,7a0dcf780e6d,image processing,13,13,0,100,0.0,1,0.0,1,2,1,1.0,menos de 3 formas distintas
fastimage,lib/fastimage/fastimage_parsing/heic.rb,7a0dcf780e6d,image processing,4,4,0,100,0.0,1,0.0,1,2,1,1.0,menos de 3 formas distintas
fastimage,lib/fastimage/fastimage_parsing/ico.rb,7a0dcf780e6d,image processing,5,5,0,100,0.0,1,0.0,1,2,1,1.0,menos de 3 formas distintas
fastimage,lib/fastimage/fastimage_parsing/jpeg.rb,7a0dcf780e6d,image processing,44,44,0,100,0.33,1,0.0,1,3,1,1.0,menos de 3 formas distintas
fastimage,lib/fastimage/fastimage_parsing/jxl.rb,7a0dcf780e6d,image processing,9,9,0,100,0.0,1,0.0,1,2,1,1.0,menos de 3 formas distintas
fastimage,lib/fastimage/fastimage_parsing/psd.rb,7a0dcf780e6d,image processing,3,3,0,100,0.0,1,0.0,1,2,1,1.0,menos de 3 formas distintas
fastlane,cert/lib/cert/options.rb,38d0ec404332,mobile development,129,129,100,100,0.0,0,0.0,1,2,1,1.0,menos de 3 formas distintas
fastlane,deliver/lib/deliver/app_clip_header_image.rb,38d0ec404332,mobile development,4,4,0,0,0.0,0,0.0,1,2,1,1.0,menos de 3 formas distintas
fastlane,deliver/lib/deliver/generate_summary.rb,38d0ec404332,mobile development,5,5,0,0,0.0,0,0.0,1,2,1,1.0,menos de 3 formas distintas
fastlane,deliver/lib/deliver/languages.rb,38d0ec404332,mobile development,26,26,100,100,0.0,0,0.0,1,2,1,1.0,menos de 3 formas distintas
fastlane,deliver/lib/deliver/module.rb,38d0ec404332,mobile development,4,4,100,0,0.0,0,0.0,1,1,1,1.0,menos de 3 formas distintas
fastlane,deliver/lib/deliver/options.rb,38d0ec404332,mobile development,510,510,100,100,0.0,0,0.0,1,2,1,1.0,menos de 3 formas distintas
fastlane,deliver/lib/deliver/upload_price_tier.rb,38d0ec404332,mobile development,36,36,0,100,0.0,0,0.0,1,2,1,1.0,menos de 3 formas distintas
fastlane,fastlane/lib/fastlane/actions/appstore.rb,38d0ec404332,mobile development,3,3,100,0,0.0,2,0.0,1,3,1,1.0,menos de 3 formas distintas
fastlane,fastlane/lib/fastlane/actions/build_android_app.rb,38d0ec404332,mobile development,3,3,100,0,0.0,2,0.0,1,3,1,1.0,menos de 3 formas distintas
fastlane,fastlane/lib/fastlane/actions/capture_screenshots.rb,38d0ec404332,mobile development,3,3,100,0,0.0,2,0.0,1,3,1,1.0,menos de 3 formas distintas
fastlane,fastlane/lib/fastlane/actions/cert.rb,38d0ec404332,mobile development,3,3,100,0,0.0,2,0.0,1,3,1,1.0,menos de 3 formas distintas
fastlane,fastlane/lib/fastlane/actions/deliver.rb,38d0ec404332,mobile development,3,3,100,0,0.0,2,0.0,1,3,1,1.0,menos de 3 formas distintas
fastlane,fastlane/lib/fastlane/actions/echo.rb,38d0ec404332,mobile development,3,3,100,0,0.0,2,0.0,1,3,1,1.0,menos de 3 formas distintas
fastlane,fastlane/lib/fastlane/actions/fastlane_version.rb,38d0ec404332,mobile development,3,3,100,0,0.0,2,0.0,1,3,1,1.0,menos de 3 formas distintas
fastlane,fastlane/lib/fastlane/actions/frameit.rb,38d0ec404332,mobile development,3,3,100,0,0.0,2,0.0,1,3,1,1.0,menos de 3 formas distintas
fastlane,fastlane/lib/fastlane/actions/gym.rb,38d0ec404332,mobile development,3,3,100,0,0.0,2,0.0,1,3,1,1.0,menos de 3 formas distintas
fastlane,fastlane/lib/fastlane/actions/match.rb,38d0ec404332,mobile development,3,3,100,0,0.0,2,0.0,1,3,1,1.0,menos de 3 formas distintas
fastlane,fastlane/lib/fastlane/actions/pem.rb,38d0ec404332,mobile development,3,3,100,0,0.0,2,0.0,1,3,1,1.0,menos de 3 formas distintas
fastlane,fastlane/lib/fastlane/actions/pilot.rb,38d0ec404332,mobile development,3,3,100,0,0.0,2,0.0,1,3,1,1.0,menos de 3 formas distintas
fastlane,fastlane/lib/fastlane/actions/precheck.rb,38d0ec404332,mobile development,3,3,100,0,0.0,2,0.0,1,3,1,1.0,menos de 3 formas distintas
fastlane,fastlane/lib/fastlane/actions/println.rb,38d0ec404332,mobile development,3,3,100,0,0.0,2,0.0,1,3,1,1.0,menos de 3 formas distintas
fastlane,fastlane/lib/fastlane/actions/produce.rb,38d0ec404332,mobile development,3,3,100,0,0.0,2,0.0,1,3,1,1.0,menos de 3 formas distintas
fastlane,fastlane/lib/fastlane/actions/scan.rb,38d0ec404332,mobile development,3,3,100,0,0.0,2,0.0,1,3,1,1.0,menos de 3 formas distintas
fastlane,fastlane/lib/fastlane/actions/screengrab.rb,38d0ec404332,mobile development,3,3,100,0,0.0,2,0.0,1,3,1,1.0,menos de 3 formas distintas
fastlane,fastlane/lib/fastlane/actions/sigh.rb,38d0ec404332,mobile development,3,3,100,0,0.0,2,0.0,1,3,1,1.0,menos de 3 formas distintas
fastlane,fastlane/lib/fastlane/actions/snapshot.rb,38d0ec404332,mobile development,3,3,100,0,0.0,2,0.0,1,3,1,1.0,menos de 3 formas distintas
fastlane,fastlane/lib/fastlane/actions/supply.rb,38d0ec404332,mobile development,3,3,100,0,0.0,2,0.0,1,3,1,1.0,menos de 3 formas distintas
fastlane,fastlane/lib/fastlane/actions/testflight.rb,38d0ec404332,mobile development,3,3,100,0,0.0,2,0.0,1,3,1,1.0,menos de 3 formas distintas
fastlane,fastlane/lib/fastlane/configuration_helper.rb,38d0ec404332,mobile development,22,22,100,100,0.0,0,0.0,1,2,1,1.0,menos de 3 formas distintas
fastlane,fastlane/lib/fastlane/console.rb,38d0ec404332,mobile development,17,17,100,100,0.0,0,0.0,1,2,1,1.0,menos de 3 formas distintas
fastlane,fastlane/lib/fastlane/helper/gem_helper.rb,38d0ec404332,mobile development,20,20,100,0,0.0,0,0.0,1,2,1,1.0,menos de 3 formas distintas
fastlane,fastlane/lib/fastlane/helper/xcodebuild_formatter_helper.rb,38d0ec404332,mobile development,3,3,100,0,0.0,0,0.0,1,3,1,1.0,menos de 3 formas distintas
fastlane,fastlane/lib/fastlane/helper/xcversion_helper.rb,38d0ec404332,mobile development,10,10,100,100,0.0,0,0.0,1,3,1,1.0,menos de 3 formas distintas
fastlane,fastlane/lib/fastlane/junit_generator.rb,38d0ec404332,mobile development,23,23,100,100,0.0,0,0.0,1,2,1,1.0,menos de 3 formas distintas
fastlane,fastlane/lib/fastlane/server/action_command_return.rb,38d0ec404332,mobile development,5,5,0,0,0.0,0,0.0,1,2,1,1.0,menos de 3 formas distintas
fastlane,fastlane/lib/fastlane/server/command_executor.rb,38d0ec404332,mobile development,3,3,0,0,0.0,0,0.0,1,2,1,1.0,menos de 3 formas distintas
fastlane,fastlane_core/lib/fastlane_core/env.rb,38d0ec404332,mobile development,5,5,100,0,0.0,0,0.0,1,2,1,1.0,menos de 3 formas distintas
fastlane,fastlane_core/lib/fastlane_core/ui/errors/fastlane_crash.rb,38d0ec404332,mobile development,3,3,0,0,0.0,2,0.0,1,3,1,1.0,menos de 3 formas distintas
fastlane,fastlane_core/lib/fastlane_core/ui/help_formatter.rb,38d0ec404332,mobile development,6,6,0,100,0.0,1,0.0,1,2,1,1.0,menos de 3 formas distintas
fastlane,frameit/lib/frameit/options.rb,38d0ec404332,mobile development,100,100,100,100,0.0,0,0.0,1,2,1,1.0,menos de 3 formas distintas
fastlane,gym/lib/gym/manager.rb,38d0ec404332,mobile development,14,14,0,100,0.0,0,0.0,1,2,1,1.0,menos de 3 formas distintas
fastlane,internal/rubocop/is_string_usage.rb,38d0ec404332,mobile development,13,13,0,100,0.0,1,0.0,1,4,1,1.0,menos de 3 formas distintas
fastlane,pem/lib/pem/options.rb,38d0ec404332,mobile development,102,102,100,100,0.0,0,0.0,1,2,1,1.0,menos de 3 formas distintas
fastlane,pilot/lib/pilot/options.rb,38d0ec404332,mobile development,350,350,100,100,0.0,0,0.0,1,2,1,1.0,menos de 3 formas distintas
fastlane,pilot/lib/pilot/tester_importer.rb,38d0ec404332,mobile development,45,45,0,100,0.0,1,0.0,1,2,1,1.0,menos de 3 formas distintas
fastlane,precheck/lib/precheck/module.rb,38d0ec404332,mobile development,3,3,100,0,0.0,0,0.0,1,1,1,1.0,menos de 3 formas distintas
fastlane,produce/lib/produce/available_default_languages.rb,38d0ec404332,mobile development,54,54,100,0,0.0,0,0.0,1,2,1,1.0,menos de 3 formas distintas
fastlane,produce/lib/produce/manager.rb,38d0ec404332,mobile development,6,6,100,0,0.0,0,0.0,1,2,1,1.0,menos de 3 formas distintas
fastlane,scan/lib/scan/slack_poster.rb,38d0ec404332,mobile development,53,53,0,100,0.0,0,0.0,1,2,1,1.0,menos de 3 formas distintas
fastlane,scan/lib/scan/test_result_parser.rb,38d0ec404332,mobile development,27,27,0,100,0.0,0,0.0,1,2,1,1.0,menos de 3 formas distintas
fastlane,screengrab/lib/screengrab/detect_values.rb,38d0ec404332,mobile development,10,10,100,100,0.0,0,0.0,1,2,1,1.0,menos de 3 formas distintas
fastlane,screengrab/lib/screengrab/options.rb,38d0ec404332,mobile development,137,137,100,0,0.0,0,0.0,1,2,1,1.0,menos de 3 formas distintas
fastlane,screengrab/lib/screengrab/reports_generator.rb,38d0ec404332,mobile development,28,28,0,100,0.0,0,0.0,1,2,1,1.0,menos de 3 formas distintas
fastlane,screengrab/lib/screengrab/setup.rb,38d0ec404332,mobile development,17,17,100,0,0.0,0,0.0,1,2,1,1.0,menos de 3 formas distintas
fastlane,sigh/lib/sigh/options.rb,38d0ec404332,mobile development,242,242,100,100,0.0,0,0.0,1,2,1,1.0,menos de 3 formas distintas
fastlane,sigh/lib/sigh/repair.rb,38d0ec404332,mobile development,26,26,0,100,0.0,0,0.0,1,2,1,1.0,menos de 3 formas distintas
fastlane,snapshot/lib/snapshot/error_handler.rb,38d0ec404332,mobile development,14,14,100,100,0.0,0,0.0,1,2,1,1.0,menos de 3 formas distintas
fastlane,snapshot/lib/snapshot/fixes/hardware_keyboard_fix.rb,38d0ec404332,mobile development,16,16,100,0,0.0,0,0.0,1,3,1,1.0,menos de 3 formas distintas
fastlane,snapshot/lib/snapshot/fixes/simulator_shared_pasteboard.rb,38d0ec404332,mobile development,5,5,100,0,0.0,0,0.0,1,3,1,1.0,menos de 3 formas distintas
fastlane,snapshot/lib/snapshot/simulator_launchers/launcher_configuration.rb,38d0ec404332,mobile development,31,31,0,100,0.0,0,0.0,1,2,1,1.0,menos de 3 formas distintas
fastlane,spaceship/lib/spaceship/connect_api/models/actor.rb,38d0ec404332,mobile development,3,3,100,0,0.33,0,0.0,1,3,1,1.0,menos de 3 formas distintas
fastlane,spaceship/lib/spaceship/connect_api/models/app_availability.rb,38d0ec404332,mobile development,3,3,100,0,0.33,0,0.0,1,3,1,1.0,menos de 3 formas distintas
fastlane,spaceship/lib/spaceship/connect_api/models/app_clip.rb,38d0ec404332,mobile development,3,3,100,0,0.33,0,0.0,1,3,1,1.0,menos de 3 formas distintas
fastlane,spaceship/lib/spaceship/connect_api/models/app_data_usage_data_protection.rb,38d0ec404332,mobile development,3,3,100,0,0.25,0,0.0,1,4,1,1.0,menos de 3 formas distintas
fastlane,spaceship/lib/spaceship/connect_api/models/app_data_usage_grouping.rb,38d0ec404332,mobile development,3,3,100,0,0.33,0,0.0,1,3,1,1.0,menos de 3 formas distintas
fastlane,spaceship/lib/spaceship/connect_api/models/app_price.rb,38d0ec404332,mobile development,3,3,100,0,0.33,0,0.0,1,3,1,1.0,menos de 3 formas distintas
fastlane,spaceship/lib/spaceship/connect_api/models/app_price_point.rb,38d0ec404332,mobile development,3,3,100,0,0.33,0,0.0,1,3,1,1.0,menos de 3 formas distintas
fastlane,spaceship/lib/spaceship/connect_api/models/app_price_tier.rb,38d0ec404332,mobile development,3,3,100,0,0.33,0,0.0,1,3,1,1.0,menos de 3 formas distintas
fastlane,spaceship/lib/spaceship/connect_api/models/app_store_version_release_request.rb,38d0ec404332,mobile development,3,3,100,0,0.33,0,0.0,1,3,1,1.0,menos de 3 formas distintas
fastlane,spaceship/lib/spaceship/connect_api/models/beta_app_localization.rb,38d0ec404332,mobile development,3,3,100,0,0.33,0,0.0,1,3,1,1.0,menos de 3 formas distintas
fastlane,spaceship/lib/spaceship/connect_api/models/beta_app_review_detail.rb,38d0ec404332,mobile development,3,3,100,0,0.33,0,0.0,1,3,1,1.0,menos de 3 formas distintas
fastlane,spaceship/lib/spaceship/connect_api/models/beta_build_localization.rb,38d0ec404332,mobile development,3,3,100,0,0.33,0,0.0,1,3,1,1.0,menos de 3 formas distintas
fastlane,spaceship/lib/spaceship/connect_api/models/beta_build_metric.rb,38d0ec404332,mobile development,3,3,100,0,0.33,0,0.0,1,3,1,1.0,menos de 3 formas distintas
fastlane,spaceship/lib/spaceship/connect_api/models/beta_screenshot.rb,38d0ec404332,mobile development,3,3,100,0,0.33,0,0.0,1,3,1,1.0,menos de 3 formas distintas
fastlane,spaceship/lib/spaceship/connect_api/models/pre_release_version.rb,38d0ec404332,mobile development,3,3,100,0,0.33,0,0.0,1,3,1,1.0,menos de 3 formas distintas
fastlane,spaceship/lib/spaceship/connect_api/models/resolution_center_message.rb,38d0ec404332,mobile development,3,3,100,0,0.33,0,0.0,1,3,1,1.0,menos de 3 formas distintas
fastlane,spaceship/lib/spaceship/connect_api/models/review_rejection.rb,38d0ec404332,mobile development,3,3,100,0,0.33,0,0.0,1,3,1,1.0,menos de 3 formas distintas
fastlane,spaceship/lib/spaceship/connect_api/models/territory_availability.rb,38d0ec404332,mobile development,3,3,100,0,0.25,0,0.0,1,4,1,1.0,menos de 3 formas distintas
fastlane,spaceship/lib/spaceship/hashcash.rb,38d0ec404332,mobile development,16,16,100,100,0.0,0,0.0,1,2,1,1.0,menos de 3 formas distintas
fastlane,spaceship/lib/spaceship/helper/net_http_generic_request.rb,38d0ec404332,mobile development,7,7,0,0,0.0,0,0.0,1,1,1,1.0,menos de 3 formas distintas
fastlane,spaceship/lib/spaceship/portal/invite.rb,38d0ec404332,mobile development,16,16,100,100,0.0,2,0.0,1,3,1,1.0,menos de 3 formas distintas
fastlane,spaceship/lib/spaceship/portal/portal_base.rb,38d0ec404332,mobile development,8,8,100,0,0.0,1,0.0,1,2,1,1.0,menos de 3 formas distintas
fastlane,spaceship/lib/spaceship/provider.rb,38d0ec404332,mobile development,5,5,0,100,0.0,0,0.0,1,2,1,1.0,menos de 3 formas distintas
fastlane,spaceship/lib/spaceship/tunes/app_status.rb,38d0ec404332,mobile development,21,21,100,100,0.0,0,0.0,1,3,1,1.0,menos de 3 formas distintas
fastlane,spaceship/lib/spaceship/tunes/app_version_generated_promocodes.rb,38d0ec404332,mobile development,4,4,0,100,0.0,2,0.0,1,3,1,1.0,menos de 3 formas distintas
fastlane,spaceship/lib/spaceship/tunes/iap_family_list.rb,38d0ec404332,mobile development,5,5,0,100,0.0,2,0.0,1,3,1,1.0,menos de 3 formas distintas
fastlane,spaceship/lib/spaceship/tunes/iap_status.rb,38d0ec404332,mobile development,19,19,100,100,0.0,0,0.0,1,3,1,1.0,menos de 3 formas distintas
fastlane,spaceship/lib/spaceship/tunes/iap_subscription_pricing_tier.rb,38d0ec404332,mobile development,3,3,0,100,0.0,2,0.0,1,3,1,1.0,menos de 3 formas distintas
fastlane,spaceship/lib/spaceship/tunes/iap_type.rb,38d0ec404332,mobile development,18,18,100,100,0.0,0,0.0,1,3,1,1.0,menos de 3 formas distintas
fastlane,spaceship/lib/spaceship/tunes/pricing_tier.rb,38d0ec404332,mobile development,3,3,0,100,0.0,2,0.0,1,3,1,1.0,menos de 3 formas distintas
fastlane,spaceship/lib/spaceship/tunes/territory.rb,38d0ec404332,mobile development,5,5,100,100,0.0,2,0.0,1,3,1,1.0,menos de 3 formas distintas
fastlane,spaceship/lib/spaceship/tunes/tunes_base.rb,38d0ec404332,mobile development,7,7,100,0,0.0,1,0.0,1,3,1,1.0,menos de 3 formas distintas
fastlane,spaceship/lib/spaceship/upgrade_2fa_later_client.rb,38d0ec404332,mobile development,84,84,0,100,0.0,0,0.0,1,2,1,1.0,menos de 3 formas distintas
fastlane,supply/lib/supply/apk_listing.rb,38d0ec404332,mobile development,5,5,0,0,0.0,0,0.0,1,2,1,1.0,menos de 3 formas distintas
fastlane,supply/lib/supply/image_listing.rb,38d0ec404332,mobile development,6,6,0,0,0.0,0,0.0,1,2,1,1.0,menos de 3 formas distintas
fastlane,supply/lib/supply/options.rb,38d0ec404332,mobile development,338,338,100,100,0.0,0,0.0,1,2,1,1.0,menos de 3 formas distintas
fastlane,supply/lib/supply/release_listing.rb,38d0ec404332,mobile development,7,7,0,0,0.0,0,0.0,1,2,1,1.0,menos de 3 formas distintas
fastlane,trainer/lib/trainer/options.rb,38d0ec404332,mobile development,63,63,100,100,0.0,0,0.0,1,2,1,1.0,menos de 3 formas distintas
foreman,lib/foreman/distribution.rb,3530b8e4a1b1,process management and monitoring,5,5,100,0,0.0,0,0.0,1,2,1,1.0,menos de 3 formas distintas
foreman,lib/foreman/export/bluepill.rb,3530b8e4a1b1,process management and monitoring,5,5,0,0,0.0,1,0.0,1,1,1,1.0,menos de 3 formas distintas
foreman,lib/foreman/export/daemon.rb,3530b8e4a1b1,process management and monitoring,22,22,0,100,0.0,1,0.0,1,1,1,1.0,menos de 3 formas distintas
foreman,lib/foreman/export/inittab.rb,3530b8e4a1b1,process management and monitoring,36,36,0,100,0.0,1,0.0,1,1,1,1.0,menos de 3 formas distintas
foreman,lib/foreman/export/launchd.rb,3530b8e4a1b1,process management and monitoring,15,15,0,100,0.0,1,0.0,1,1,1,1.0,menos de 3 formas distintas
foreman,lib/foreman/export/runit.rb,3530b8e4a1b1,process management and monitoring,25,25,0,100,0.0,1,0.0,1,1,1,1.0,menos de 3 formas distintas
foreman,lib/foreman/export/supervisord.rb,3530b8e4a1b1,process management and monitoring,9,9,0,0,0.0,1,0.0,1,1,1,1.0,menos de 3 formas distintas
foreman,lib/foreman/export/systemd.rb,3530b8e4a1b1,process management and monitoring,28,28,0,100,0.0,1,0.0,1,1,1,1.0,menos de 3 formas distintas
geocoder,lib/generators/geocoder/config/config_generator.rb,d3515db46c57,geolocation,3,3,0,0,0.0,1,0.0,1,2,1,1.0,menos de 3 formas distintas
geocoder,lib/geocoder/cli.rb,d3515db46c57,geolocation,113,113,100,100,0.0,0,100.0,1,2,1,1.0,menos de 3 formas distintas
geocoder,lib/geocoder/exceptions.rb,d3515db46c57,geolocation,3,3,0,0,0.0,2,0.0,1,11,1,1.0,menos de 3 formas distintas
geocoder,lib/geocoder/railtie.rb,d3515db46c57,geolocation,5,5,100,0,0.0,1,0.0,1,3,1,1.0,menos de 3 formas distintas
geocoder,lib/geocoder/results/ipinfo_io_lite.rb,d3515db46c57,geolocation,3,3,100,0,0.0,1,0.0,1,2,1,1.0,menos de 3 formas distintas
geocoder,lib/geocoder/stores/mongo_mapper.rb,d3515db46c57,geolocation,3,3,100,0,1.0,0,0.0,1,2,1,1.0,menos de 3 formas distintas
geocoder,lib/geocoder/stores/mongoid.rb,d3515db46c57,geolocation,3,3,100,0,1.0,0,0.0,1,2,1,1.0,menos de 3 formas distintas
geocoder,lib/geocoder/util.rb,d3515db46c57,geolocation,5,5,100,100,0.0,0,0.0,1,2,1,1.0,menos de 3 formas distintas
gitlab,lib/gitlab/api.rb,4818c5712616,third-party apis,8,8,0,100,0.0,1,100.0,1,2,1,1.0,menos de 3 formas distintas
gitlab,lib/gitlab/client/avatar.rb,4818c5712616,third-party apis,3,3,0,0,0.0,2,0.0,1,2,1,1.0,menos de 3 formas distintas
gitlab,lib/gitlab/client/epic_issues.rb,4818c5712616,third-party apis,3,3,0,0,0.0,2,0.0,1,2,1,1.0,menos de 3 formas distintas
gitlab,lib/gitlab/client/lint.rb,4818c5712616,third-party apis,4,4,0,0,0.0,2,0.0,1,2,1,1.0,menos de 3 formas distintas
gitlab,lib/gitlab/client/markdown.rb,4818c5712616,third-party apis,4,4,0,0,0.0,2,0.0,1,2,1,1.0,menos de 3 formas distintas
gitlab,lib/gitlab/client/namespaces.rb,4818c5712616,third-party apis,3,3,0,0,0.0,2,0.0,1,2,1,1.0,menos de 3 formas distintas
gitlab,lib/gitlab/client/repository_submodules.rb,4818c5712616,third-party apis,3,3,0,0,0.0,2,0.0,1,2,1,1.0,menos de 3 formas distintas
gitlab,lib/gitlab/client/versions.rb,4818c5712616,third-party apis,3,3,0,0,0.0,2,0.0,1,2,1,1.0,menos de 3 formas distintas
gli,lib/gli/commands/help_modules/compact_synopsis_formatter.rb,4029b76c888a,cli builder,7,7,0,100,0.0,1,0.0,1,4,1,1.0,menos de 3 formas distintas
guard,lib/guard/cli/environments/bundler.rb,170d63c6ca57,file system listener,12,12,0,0,0.0,0,0.0,1,4,1,1.0,menos de 3 formas distintas
guard,lib/guard/internals/helpers.rb,170d63c6ca57,file system listener,6,6,0,100,0.0,0,0.0,1,3,1,1.0,menos de 3 formas distintas
guard,lib/guard/internals/state.rb,170d63c6ca57,file system listener,8,8,0,100,0.0,0,0.0,1,3,1,1.0,menos de 3 formas distintas
guard,lib/guard/internals/traps.rb,170d63c6ca57,file system listener,4,4,100,0,0.0,0,0.0,1,3,1,1.0,menos de 3 formas distintas
guard,lib/guard/rake_task.rb,170d63c6ca57,file system listener,16,16,0,100,0.0,1,0.0,1,2,1,1.0,menos de 3 formas distintas
guard,lib/guard/terminal.rb,170d63c6ca57,file system listener,5,5,100,100,0.0,0,0.0,1,2,1,1.0,menos de 3 formas distintas
guard,lib/guard/watcher/pattern.rb,170d63c6ca57,file system listener,10,10,100,100,0.0,0,0.0,1,3,1,1.0,menos de 3 formas distintas
guard,lib/guard/watcher/pattern/pathname_path.rb,170d63c6ca57,file system listener,3,3,0,0,0.0,1,0.0,1,4,1,1.0,menos de 3 formas distintas
haml,lib/haml/escape.rb,7f51ae709d96,template engine,6,6,0,100,0.0,1,0.0,1,2,1,1.0,menos de 3 formas distintas
haml,lib/haml/filters/base.rb,7f51ae709d96,template engine,3,3,0,100,0.0,0,0.0,1,3,1,1.0,menos de 3 formas distintas
haml,lib/haml/filters/coffee.rb,7f51ae709d96,template engine,8,8,0,100,0.0,2,0.0,1,3,1,1.0,menos de 3 formas distintas
haml,lib/haml/filters/erb.rb,7f51ae709d96,template engine,3,3,0,0,0.0,2,0.0,1,3,1,1.0,menos de 3 formas distintas
haml,lib/haml/filters/less.rb,7f51ae709d96,template engine,8,8,0,100,0.0,2,0.0,1,3,1,1.0,menos de 3 formas distintas
haml,lib/haml/filters/markdown.rb,7f51ae709d96,template engine,4,4,0,0,0.0,2,0.0,1,3,1,1.0,menos de 3 formas distintas
haml,lib/haml/filters/ruby.rb,7f51ae709d96,template engine,3,3,0,100,0.0,1,0.0,1,3,1,1.0,menos de 3 formas distintas
haml,lib/haml/filters/sass.rb,7f51ae709d96,template engine,8,8,0,100,0.0,2,0.0,1,3,1,1.0,menos de 3 formas distintas
haml,lib/haml/filters/scss.rb,7f51ae709d96,template engine,8,8,0,100,0.0,2,0.0,1,3,1,1.0,menos de 3 formas distintas
haml,lib/haml/filters/text_base.rb,7f51ae709d96,template engine,18,18,0,100,0.0,1,0.0,1,3,1,1.0,menos de 3 formas distintas
haml,lib/haml/template.rb,7f51ae709d96,template engine,3,3,0,0,0.0,0,0.0,1,2,1,1.0,menos de 3 formas distintas
haml,lib/haml/temple_line_counter.rb,7f51ae709d96,template engine,22,22,100,100,0.0,1,0.0,1,3,1,1.0,menos de 3 formas distintas
haml,lib/haml/whitespace.rb,7f51ae709d96,template engine,3,3,0,0,0.0,1,0.0,1,2,1,1.0,menos de 3 formas distintas
hashie,lib/hashie/array.rb,ce2226269688,core extensions,10,10,0,100,1.0,1,0.0,1,2,1,1.0,menos de 3 formas distintas
hashie,lib/hashie/extensions/active_support/core_ext/hash.rb,ce2226269688,core extensions,4,4,0,100,0.0,0,0.0,1,5,1,1.0,menos de 3 formas distintas
hashie,lib/hashie/extensions/deep_fetch.rb,ce2226269688,core extensions,12,12,0,100,0.0,1,0.0,1,4,1,1.0,menos de 3 formas distintas
hashie,lib/hashie/extensions/key_conversion.rb,ce2226269688,core extensions,4,4,100,100,0.0,0,200.0,1,3,1,1.0,menos de 3 formas distintas
hashie,lib/hashie/extensions/merge_initializer.rb,ce2226269688,core extensions,6,6,0,100,0.0,0,0.0,1,3,1,1.0,menos de 3 formas distintas
http,lib/http/base64.rb,942b1b36cea9,http clients and tools,3,3,0,0,0.0,0,0.0,1,2,1,1.0,menos de 3 formas distintas
http,lib/http/errors.rb,942b1b36cea9,http clients and tools,5,5,0,100,0.0,2,0.0,1,15,1,1.0,menos de 3 formas distintas
http,lib/http/form_data/part.rb,942b1b36cea9,http clients and tools,5,5,0,100,0.33,0,0.0,1,3,1,1.0,menos de 3 formas distintas
http,lib/http/retriable/errors.rb,942b1b36cea9,http clients and tools,3,3,0,0,0.0,1,0.0,1,2,1,1.0,menos de 3 formas distintas
httparty,examples/nokogiri_html_parser.rb,9c89e55ce357,http clients and tools,3,3,0,0,0.5,1,0.0,1,2,1,1.0,menos de 3 formas distintas
httparty,examples/rubyurl.rb,9c89e55ce357,http clients and tools,3,3,100,0,1.0,0,0.0,1,1,1,1.0,menos de 3 formas distintas
httparty,lib/httparty/exceptions.rb,9c89e55ce357,http clients and tools,4,4,0,0,0.0,4,0.0,1,10,1,1.0,menos de 3 formas distintas
httparty,lib/httparty/request/multipart_boundary.rb,9c89e55ce357,http clients and tools,3,3,100,0,0.0,0,0.0,1,3,1,1.0,menos de 3 formas distintas
httparty,lib/httparty/utils.rb,9c89e55ce357,http clients and tools,7,7,100,100,0.0,0,0.0,1,2,1,1.0,menos de 3 formas distintas
httpclient,bench/bm.rb,5bc7b0d383c4,http clients and tools,11,11,0,100,1.0,0,0.0,1,1,1,1.0,menos de 3 formas distintas
httpclient,bench/bm_download.rb,5bc7b0d383c4,http clients and tools,11,11,0,100,1.0,0,0.0,1,1,1,1.0,menos de 3 formas distintas
httpclient,bench/bm_upload.rb,5bc7b0d383c4,http clients and tools,11,11,0,100,0.0,0,0.0,1,0,1,1.0,menos de 3 formas distintas
httpclient,lib/httpclient/include_client.rb,5bc7b0d383c4,http clients and tools,39,39,0,100,0.0,0,400.0,1,2,1,1.0,menos de 3 formas distintas
i18n,lib/i18n/backend/cascade.rb,8beba7876163,internationalization,18,18,0,100,0.0,0,0.0,1,3,1,1.0,menos de 3 formas distintas
image_processing,lib/image_processing.rb,1611c00ed4eb,image processing,7,7,100,100,0.0,0,0.0,1,1,1,1.0,menos de 3 formas distintas
jaro_winkler,benchmark/env.rb,9d7b6c110fa8,scientific,3,3,0,0,0.0,0,0.0,1,0,1,1.0,menos de 3 formas distintas
jwt,lib/jwt/claims/decode_verifier.rb,db560b769a07,authentication and oauth,8,8,100,100,0.0,0,0.0,1,3,1,1.0,menos de 3 formas distintas
jwt,lib/jwt/claims/issued_at.rb,db560b769a07,authentication and oauth,7,7,0,100,0.0,0,0.0,1,3,1,1.0,menos de 3 formas distintas
kaminari,kaminari-actionview/lib/kaminari/actionview/action_view_extension.rb,508caf4653b2,pagination,3,3,0,0,0.0,0,0.0,1,3,1,1.0,menos de 3 formas distintas
kaminari,kaminari-activerecord/lib/kaminari/activerecord/active_record_extension.rb,508caf4653b2,pagination,4,4,0,100,0.33,0,100.0,1,3,1,1.0,menos de 3 formas distintas
kaminari,kaminari-core/lib/generators/kaminari/config_generator.rb,508caf4653b2,pagination,3,3,0,0,0.0,1,0.0,1,3,1,1.0,menos de 3 formas distintas
kaminari,misc/bug_report_template.rb,508caf4653b2,pagination,7,7,0,100,0.0,1,0.0,1,3,1,1.0,menos de 3 formas distintas
knapsack,lib/knapsack/runners/cucumber_runner.rb,f394c8470281,testing,16,16,100,100,0.0,0,0.0,1,3,1,1.0,menos de 3 formas distintas
knapsack,lib/knapsack/runners/minitest_runner.rb,f394c8470281,testing,26,26,100,100,0.0,0,0.0,1,3,1,1.0,menos de 3 formas distintas
knapsack,lib/knapsack/runners/rspec_runner.rb,f394c8470281,testing,15,15,100,100,0.0,0,0.0,1,3,1,1.0,menos de 3 formas distintas
knapsack,lib/knapsack/runners/spinach_runner.rb,f394c8470281,testing,16,16,100,100,0.0,0,0.0,1,3,1,1.0,menos de 3 formas distintas
knapsack,lib/knapsack/task_loader.rb,f394c8470281,testing,3,3,0,0,0.5,0,0.0,1,2,1,1.0,menos de 3 formas distintas
kramdown,benchmark/benchmark.rb,12b3d2e75279,markdown processors,2,2,0,0,0.0,0,0.0,1,1,1,1.0,menos de 3 formas distintas
kramdown,benchmark/generate_data.rb,12b3d2e75279,markdown processors,2,2,0,0,0.0,0,0.0,1,1,1,1.0,menos de 3 formas distintas
kramdown,lib/kramdown/converter/hash_ast.rb,12b3d2e75279,markdown processors,11,11,0,100,0.0,1,0.0,1,3,1,1.0,menos de 3 formas distintas
kramdown,lib/kramdown/converter/math_engine/mathjax.rb,12b3d2e75279,markdown processors,11,11,100,100,0.0,0,0.0,1,2,1,1.0,menos de 3 formas distintas
kramdown,lib/kramdown/converter/syntax_highlighter/minted.rb,12b3d2e75279,markdown processors,19,19,100,100,0.0,0,0.0,1,2,1,1.0,menos de 3 formas distintas
kramdown,lib/kramdown/parser/kramdown/autolink.rb,12b3d2e75279,markdown processors,8,8,0,100,0.0,1,0.0,1,3,1,1.0,menos de 3 formas distintas
kramdown,lib/kramdown/parser/kramdown/blank_line.rb,12b3d2e75279,markdown processors,9,9,0,100,0.0,1,0.0,1,3,1,1.0,menos de 3 formas distintas
kramdown,lib/kramdown/parser/kramdown/blockquote.rb,12b3d2e75279,markdown processors,13,13,0,100,0.0,1,0.0,1,3,1,1.0,menos de 3 formas distintas
kramdown,lib/kramdown/parser/kramdown/codespan.rb,12b3d2e75279,markdown processors,37,37,0,100,0.0,1,0.0,1,3,1,1.0,menos de 3 formas distintas
kramdown,lib/kramdown/parser/kramdown/emphasis.rb,12b3d2e75279,markdown processors,45,45,0,100,0.0,1,0.0,1,3,1,1.0,menos de 3 formas distintas
kramdown,lib/kramdown/parser/kramdown/eob.rb,12b3d2e75279,markdown processors,5,5,0,100,0.0,1,0.0,1,3,1,1.0,menos de 3 formas distintas
kramdown,lib/kramdown/parser/kramdown/escaped_chars.rb,12b3d2e75279,markdown processors,4,4,0,100,0.0,1,0.0,1,3,1,1.0,menos de 3 formas distintas
kramdown,lib/kramdown/parser/kramdown/horizontal_rule.rb,12b3d2e75279,markdown processors,6,6,0,100,0.0,1,0.0,1,3,1,1.0,menos de 3 formas distintas
kramdown,lib/kramdown/parser/kramdown/html_entity.rb,12b3d2e75279,markdown processors,13,13,0,100,0.0,1,0.0,1,3,1,1.0,menos de 3 formas distintas
kramdown,lib/kramdown/parser/kramdown/line_break.rb,12b3d2e75279,markdown processors,4,4,0,100,0.0,1,0.0,1,3,1,1.0,menos de 3 formas distintas
kramdown,lib/kramdown/parser/kramdown/smart_quotes.rb,12b3d2e75279,markdown processors,12,12,0,100,0.0,1,0.0,1,3,1,1.0,menos de 3 formas distintas
kramdown,lib/kramdown/parser/kramdown/table.rb,12b3d2e75279,markdown processors,142,142,0,100,0.0,1,0.0,1,3,1,1.0,menos de 3 formas distintas
kramdown,lib/kramdown/parser/kramdown/typographic_symbol.rb,12b3d2e75279,markdown processors,18,18,0,100,0.0,1,0.0,1,3,1,1.0,menos de 3 formas distintas
kramdown,lib/kramdown/parser/markdown.rb,12b3d2e75279,markdown processors,5,5,0,100,0.0,1,0.0,1,3,1,1.0,menos de 3 formas distintas
kramdown,lib/kramdown/utils/configurable.rb,12b3d2e75279,markdown processors,13,13,0,100,0.0,0,300.0,1,3,1,1.0,menos de 3 formas distintas
letter_opener,lib/letter_opener/configuration.rb,f6a925b0232b,email,5,5,0,0,0.0,0,0.0,1,2,1,1.0,menos de 3 formas distintas
liquid,lib/liquid/deprecations.rb,7a5e45fc4784,template engine,8,8,100,100,0.0,0,0.0,1,2,1,1.0,menos de 3 formas distintas
liquid,lib/liquid/interrupts.rb,7a5e45fc4784,template engine,3,3,0,0,0.0,1,0.0,1,4,1,1.0,menos de 3 formas distintas
liquid,lib/liquid/partial_cache.rb,7a5e45fc4784,template engine,27,27,100,100,0.0,0,0.0,1,2,1,1.0,menos de 3 formas distintas
liquid,lib/liquid/tag/disabler.rb,7a5e45fc4784,template engine,5,5,0,100,0.0,0,0.0,1,3,1,1.0,menos de 3 formas distintas
liquid,lib/liquid/tags/break.rb,7a5e45fc4784,template engine,4,4,0,100,0.0,1,0.0,1,2,1,1.0,menos de 3 formas distintas
liquid,lib/liquid/tags/continue.rb,7a5e45fc4784,template engine,4,4,0,100,0.0,1,0.0,1,2,1,1.0,menos de 3 formas distintas
liquid,lib/liquid/tags/ifchanged.rb,7a5e45fc4784,template engine,11,11,0,100,0.0,2,0.0,1,2,1,1.0,menos de 3 formas distintas
liquid,lib/liquid/tags/unless.rb,7a5e45fc4784,template engine,24,24,0,100,0.0,3,0.0,1,2,1,1.0,menos de 3 formas distintas
liquid,lib/liquid/template_factory.rb,7a5e45fc4784,template engine,3,3,0,0,0.0,0,0.0,1,2,1,1.0,menos de 3 formas distintas
liquid,lib/liquid/usage.rb,7a5e45fc4784,template engine,2,2,100,0,0.0,0,0.0,1,2,1,1.0,menos de 3 formas distintas
liquid,performance/shopify/database.rb,7a5e45fc4784,template engine,41,41,100,100,0.0,0,0.0,1,1,1,1.0,menos de 3 formas distintas
liquid,performance/shopify/json_filter.rb,7a5e45fc4784,template engine,3,3,0,100,0.0,0,0.0,1,1,1,1.0,menos de 3 formas distintas
listen,lib/listen/adapter/config.rb,2fa1a742d8c2,file system listener,19,19,0,100,0.0,0,0.0,1,3,1,1.0,menos de 3 formas distintas
listen,lib/listen/backend.rb,2fa1a742d8c2,file system listener,15,15,0,100,0.5,0,0.0,1,2,1,1.0,menos de 3 formas distintas
logging,examples/lazy.rb,aec306300d18,logging,4,4,0,0,0.0,0,0.0,1,0,1,1.0,menos de 3 formas distintas
logging,lib/logging/log_event.rb,aec306300d18,logging,22,22,0,100,0.0,0,0.0,1,2,1,1.0,menos de 3 formas distintas
logging,lib/logging/version.rb,aec306300d18,logging,3,3,100,0,0.0,0,0.0,1,1,1,1.0,menos de 3 formas distintas
logging,lib/rspec/logging_helper.rb,aec306300d18,logging,21,21,0,100,0.33,0,0.0,1,3,1,1.0,menos de 3 formas distintas
lograge,lib/lograge/formatters/cee.rb,e5caed777529,logging,3,3,0,0,0.0,0,0.0,1,3,1,1.0,menos de 3 formas distintas
lograge,lib/lograge/formatters/helpers/method_and_path.rb,e5caed777529,logging,4,4,0,100,0.0,0,0.0,1,4,1,1.0,menos de 3 formas distintas
lograge,lib/lograge/formatters/json.rb,e5caed777529,logging,3,3,0,0,0.0,0,0.0,1,3,1,1.0,menos de 3 formas distintas
lograge,lib/lograge/formatters/raw.rb,e5caed777529,logging,3,3,0,0,0.0,0,0.0,1,3,1,1.0,menos de 3 formas distintas
lograge,lib/lograge/ordered_options.rb,e5caed777529,logging,3,3,0,0,0.0,1,0.0,1,2,1,1.0,menos de 3 formas distintas
mail,lib/mail/elements/content_transfer_encoding_element.rb,d645d7b5b7d0,email,3,3,0,0,0.0,0,0.0,1,2,1,1.0,menos de 3 formas distintas
mail,lib/mail/elements/date_time_element.rb,d645d7b5b7d0,email,5,5,0,100,0.0,0,0.0,1,2,1,1.0,menos de 3 formas distintas
mail,lib/mail/elements/mime_version_element.rb,d645d7b5b7d0,email,5,5,0,100,0.0,0,0.0,1,2,1,1.0,menos de 3 formas distintas
mail,lib/mail/elements/phrase_list.rb,d645d7b5b7d0,email,8,8,0,0,0.0,0,0.0,1,2,1,1.0,menos de 3 formas distintas
mail,lib/mail/encodings/8bit.rb,d645d7b5b7d0,email,3,3,100,100,0.0,3,0.0,1,3,1,1.0,menos de 3 formas distintas
mail,lib/mail/fields/content_description_field.rb,d645d7b5b7d0,email,3,3,100,0,0.0,3,0.0,1,2,1,1.0,menos de 3 formas distintas
mail,lib/mail/fields/named_structured_field.rb,d645d7b5b7d0,email,3,3,0,0,0.0,2,0.0,1,2,1,1.0,menos de 3 formas distintas
mail,lib/mail/fields/named_unstructured_field.rb,d645d7b5b7d0,email,3,3,0,0,0.0,2,0.0,1,2,1,1.0,menos de 3 formas distintas
mail,lib/mail/fields/optional_field.rb,d645d7b5b7d0,email,3,3,0,0,0.0,2,0.0,1,2,1,1.0,menos de 3 formas distintas
mail,lib/mail/fields/subject_field.rb,d645d7b5b7d0,email,3,3,100,0,0.0,3,0.0,1,2,1,1.0,menos de 3 formas distintas
mail,lib/mail/multibyte.rb,d645d7b5b7d0,email,7,7,100,100,0.0,1,0.0,1,3,1,1.0,menos de 3 formas distintas
mail,lib/mail/network/delivery_methods/exim.rb,d645d7b5b7d0,email,3,3,0,0,0.0,1,0.0,1,2,1,1.0,menos de 3 formas distintas
mail,lib/mail/parsers/address_lists_parser.rb,d645d7b5b7d0,email,1283,1283,100,100,0.5,0,0.0,1,2,1,1.0,menos de 3 formas distintas
mail,lib/mail/parsers/content_disposition_parser.rb,d645d7b5b7d0,email,337,337,100,100,0.5,0,0.0,1,2,1,1.0,menos de 3 formas distintas
mail,lib/mail/parsers/content_location_parser.rb,d645d7b5b7d0,email,237,237,100,100,0.5,0,0.0,1,2,1,1.0,menos de 3 formas distintas
mail,lib/mail/parsers/content_transfer_encoding_parser.rb,d645d7b5b7d0,email,186,186,100,100,0.5,0,0.0,1,2,1,1.0,menos de 3 formas distintas
mail,lib/mail/parsers/content_type_parser.rb,d645d7b5b7d0,email,359,359,100,100,0.5,0,0.0,1,2,1,1.0,menos de 3 formas distintas
mail,lib/mail/parsers/date_time_parser.rb,d645d7b5b7d0,email,223,223,100,100,0.5,0,0.0,1,2,1,1.0,menos de 3 formas distintas
mail,lib/mail/parsers/envelope_from_parser.rb,d645d7b5b7d0,email,456,456,100,100,0.5,0,0.0,1,2,1,1.0,menos de 3 formas distintas
mail,lib/mail/parsers/message_ids_parser.rb,d645d7b5b7d0,email,335,335,100,100,0.5,0,0.0,1,2,1,1.0,menos de 3 formas distintas
mail,lib/mail/parsers/mime_version_parser.rb,d645d7b5b7d0,email,213,213,100,100,0.5,0,0.0,1,2,1,1.0,menos de 3 formas distintas
mail,lib/mail/parsers/phrase_lists_parser.rb,d645d7b5b7d0,email,204,204,100,100,0.5,0,0.0,1,2,1,1.0,menos de 3 formas distintas
mail,lib/mail/parsers/received_parser.rb,d645d7b5b7d0,email,1290,1290,100,100,0.5,0,0.0,1,2,1,1.0,menos de 3 formas distintas
mail,lib/mail/version.rb,d645d7b5b7d0,email,3,3,100,0,0.0,0,0.0,1,2,1,1.0,menos de 3 formas distintas
mail,lib/mail/yaml.rb,d645d7b5b7d0,email,24,24,100,0,0.0,0,0.0,1,2,1,1.0,menos de 3 formas distintas
minitest,lib/minitest/compress.rb,f6180b07ea6e,testing,82,82,0,100,0.0,0,0.0,1,2,1,1.0,menos de 3 formas distintas
minitest,lib/minitest/error_on_warning.rb,f6180b07ea6e,testing,4,4,0,0,0.0,0,0.0,1,2,1,1.0,menos de 3 formas distintas
money,lib/money/bank/single_currency.rb,26e2829c34f1,money,3,3,0,100,0.0,2,0.0,1,4,1,1.0,menos de 3 formas distintas
money,lib/money/currency/heuristics.rb,26e2829c34f1,money,3,3,0,0,0.0,0,0.0,1,3,1,1.0,menos de 3 formas distintas
money,lib/money/locale_backend/currency.rb,26e2829c34f1,money,3,3,0,100,0.0,1,100.0,1,3,1,1.0,menos de 3 formas distintas
money,lib/money/money/locale_backend.rb,26e2829c34f1,money,5,5,100,0,0.0,0,0.0,1,2,1,1.0,menos de 3 formas distintas
mongo,gemfiles/standard.rb,049b718a2d47,database drivers,70,70,0,0,0.0,0,0.0,1,0,1,1.0,menos de 3 formas distintas
mongo,lib/mongo/auth/aws.rb,049b718a2d47,database drivers,6,6,0,0,0.0,1,0.0,1,3,1,1.0,menos de 3 formas distintas
mongo,lib/mongo/auth/aws/credentials.rb,049b718a2d47,database drivers,9,9,0,100,0.0,1,0.0,1,3,1,1.0,menos de 3 formas distintas
mongo,lib/mongo/auth/cr.rb,049b718a2d47,database drivers,3,3,0,0,0.0,1,0.0,1,3,1,1.0,menos de 3 formas distintas
mongo,lib/mongo/auth/gssapi.rb,049b718a2d47,database drivers,3,3,0,0,0.0,1,0.0,1,3,1,1.0,menos de 3 formas distintas
mongo,lib/mongo/auth/ldap.rb,049b718a2d47,database drivers,3,3,0,0,0.0,1,0.0,1,3,1,1.0,menos de 3 formas distintas
mongo,lib/mongo/bson.rb,049b718a2d47,database drivers,3,3,0,0,0.0,0,0.0,1,1,1,1.0,menos de 3 formas distintas
mongo,lib/mongo/bulk_write/transformable.rb,049b718a2d47,database drivers,4,4,0,0,0.0,0,0.0,1,3,1,1.0,menos de 3 formas distintas
mongo,lib/mongo/cluster/topology.rb,049b718a2d47,database drivers,45,45,0,100,0.17,0,0.0,1,6,1,1.0,menos de 3 formas distintas
mongo,lib/mongo/cluster/topology/no_replica_set_options.rb,049b718a2d47,database drivers,8,8,0,100,0.0,0,0.0,1,4,1,1.0,menos de 3 formas distintas
mongo,lib/mongo/collection/helpers.rb,049b718a2d47,database drivers,8,8,0,100,0.0,0,0.0,1,3,1,1.0,menos de 3 formas distintas
mongo,lib/mongo/collection/view/change_stream/retryable.rb,049b718a2d47,database drivers,7,7,0,100,0.0,1,0.0,1,5,1,1.0,menos de 3 formas distintas
mongo,lib/mongo/collection/view/immutable.rb,049b718a2d47,database drivers,5,5,0,100,0.0,0,0.0,1,4,1,1.0,menos de 3 formas distintas
mongo,lib/mongo/config.rb,049b718a2d47,database drivers,6,6,0,100,1.5,0,100.0,1,2,1,1.0,menos de 3 formas distintas
mongo,lib/mongo/config/validators/option.rb,049b718a2d47,database drivers,5,5,0,100,0.25,0,0.0,1,4,1,1.0,menos de 3 formas distintas
mongo,lib/mongo/crypt.rb,049b718a2d47,database drivers,9,9,0,100,0.0,0,0.0,1,2,1,1.0,menos de 3 formas distintas
mongo,lib/mongo/crypt/auto_encryption_context.rb,049b718a2d47,database drivers,9,9,0,0,0.0,1,0.0,1,3,1,1.0,menos de 3 formas distintas
mongo,lib/mongo/crypt/explicit_encryption_expression_context.rb,049b718a2d47,database drivers,3,3,0,0,0.0,2,0.0,1,3,1,1.0,menos de 3 formas distintas
mongo,lib/mongo/crypt/rewrap_many_data_key_context.rb,049b718a2d47,database drivers,5,5,0,100,0.0,1,0.0,1,3,1,1.0,menos de 3 formas distintas
mongo,lib/mongo/crypt/rewrap_many_data_key_result.rb,049b718a2d47,database drivers,3,3,0,0,0.0,0,0.0,1,3,1,1.0,menos de 3 formas distintas
mongo,lib/mongo/cursor_host.rb,049b718a2d47,database drivers,45,45,0,100,0.0,0,0.0,1,2,1,1.0,menos de 3 formas distintas
mongo,lib/mongo/error/change_stream_resumable.rb,049b718a2d47,database drivers,3,3,0,0,0.0,1,0.0,1,3,1,1.0,menos de 3 formas distintas
mongo,lib/mongo/error/closed_stream.rb,049b718a2d47,database drivers,3,3,0,0,0.0,2,0.0,1,3,1,1.0,menos de 3 formas distintas
mongo,lib/mongo/error/connection_check_out_timeout.rb,049b718a2d47,database drivers,7,7,0,100,0.0,2,0.0,1,3,1,1.0,menos de 3 formas distintas
mongo,lib/mongo/error/crypt_error.rb,049b718a2d47,database drivers,5,5,0,0,0.0,2,0.0,1,3,1,1.0,menos de 3 formas distintas
mongo,lib/mongo/error/extra_file_chunk.rb,049b718a2d47,database drivers,3,3,0,0,0.0,2,0.0,1,3,1,1.0,menos de 3 formas distintas
mongo,lib/mongo/error/failed_string_prep_validation.rb,049b718a2d47,database drivers,3,3,0,0,0.0,2,0.0,1,3,1,1.0,menos de 3 formas distintas
mongo,lib/mongo/error/file_not_found.rb,049b718a2d47,database drivers,3,3,0,0,0.0,2,0.0,1,3,1,1.0,menos de 3 formas distintas
mongo,lib/mongo/error/invalid_application_name.rb,049b718a2d47,database drivers,3,3,0,0,0.0,2,0.0,1,3,1,1.0,menos de 3 formas distintas
mongo,lib/mongo/error/invalid_bulk_operation.rb,049b718a2d47,database drivers,3,3,0,0,0.0,2,0.0,1,3,1,1.0,menos de 3 formas distintas
mongo,lib/mongo/error/invalid_bulk_operation_type.rb,049b718a2d47,database drivers,3,3,0,0,0.0,2,0.0,1,3,1,1.0,menos de 3 formas distintas
mongo,lib/mongo/error/invalid_collection_name.rb,049b718a2d47,database drivers,3,3,0,0,0.0,2,0.0,1,3,1,1.0,menos de 3 formas distintas
mongo,lib/mongo/error/invalid_config_option.rb,049b718a2d47,database drivers,3,3,0,0,0.0,2,0.0,1,3,1,1.0,menos de 3 formas distintas
mongo,lib/mongo/error/invalid_database_name.rb,049b718a2d47,database drivers,3,3,0,0,0.0,2,0.0,1,3,1,1.0,menos de 3 formas distintas
mongo,lib/mongo/error/invalid_document.rb,049b718a2d47,database drivers,3,3,0,0,0.0,2,0.0,1,3,1,1.0,menos de 3 formas distintas
mongo,lib/mongo/error/invalid_file.rb,049b718a2d47,database drivers,3,3,0,0,0.0,2,0.0,1,3,1,1.0,menos de 3 formas distintas
mongo,lib/mongo/error/invalid_file_revision.rb,049b718a2d47,database drivers,3,3,0,0,0.0,2,0.0,1,3,1,1.0,menos de 3 formas distintas
mongo,lib/mongo/error/invalid_max_connecting.rb,049b718a2d47,database drivers,3,3,0,0,0.0,2,0.0,1,3,1,1.0,menos de 3 formas distintas
mongo,lib/mongo/error/invalid_min_pool_size.rb,049b718a2d47,database drivers,3,3,0,0,0.0,2,0.0,1,3,1,1.0,menos de 3 formas distintas
mongo,lib/mongo/error/invalid_nonce.rb,049b718a2d47,database drivers,5,5,0,0,0.0,2,0.0,1,3,1,1.0,menos de 3 formas distintas
mongo,lib/mongo/error/invalid_read_concern.rb,049b718a2d47,database drivers,5,5,0,0,0.0,2,0.0,1,3,1,1.0,menos de 3 formas distintas
mongo,lib/mongo/error/invalid_read_option.rb,049b718a2d47,database drivers,3,3,0,100,0.0,2,0.0,1,3,1,1.0,menos de 3 formas distintas
mongo,lib/mongo/error/invalid_server_preference.rb,049b718a2d47,database drivers,3,3,0,0,0.0,2,0.0,1,3,1,1.0,menos de 3 formas distintas
mongo,lib/mongo/error/invalid_session.rb,049b718a2d47,database drivers,3,3,0,0,0.0,2,0.0,1,3,1,1.0,menos de 3 formas distintas
mongo,lib/mongo/error/invalid_signature.rb,049b718a2d47,database drivers,5,5,0,0,0.0,2,0.0,1,3,1,1.0,menos de 3 formas distintas
mongo,lib/mongo/error/invalid_uri.rb,049b718a2d47,database drivers,7,7,0,0,0.0,2,0.0,1,3,1,1.0,menos de 3 formas distintas
mongo,lib/mongo/error/invalid_write_concern.rb,049b718a2d47,database drivers,4,4,0,0,0.0,2,0.0,1,3,1,1.0,menos de 3 formas distintas
mongo,lib/mongo/error/max_bson_size.rb,049b718a2d47,database drivers,10,10,0,100,0.0,2,0.0,1,3,1,1.0,menos de 3 formas distintas
mongo,lib/mongo/error/max_message_size.rb,049b718a2d47,database drivers,3,3,0,0,0.0,2,0.0,1,3,1,1.0,menos de 3 formas distintas
mongo,lib/mongo/error/missing_file_chunk.rb,049b718a2d47,database drivers,7,7,0,100,0.0,2,0.0,1,3,1,1.0,menos de 3 formas distintas
mongo,lib/mongo/error/missing_password.rb,049b718a2d47,database drivers,3,3,0,0,0.0,2,0.0,1,3,1,1.0,menos de 3 formas distintas
mongo,lib/mongo/error/missing_resume_token.rb,049b718a2d47,database drivers,3,3,0,0,0.0,2,0.0,1,3,1,1.0,menos de 3 formas distintas
mongo,lib/mongo/error/missing_scram_server_signature.rb,049b718a2d47,database drivers,4,4,0,0,0.0,2,0.0,1,3,1,1.0,menos de 3 formas distintas
mongo,lib/mongo/error/multi_index_drop.rb,049b718a2d47,database drivers,3,3,0,0,0.0,2,0.0,1,3,1,1.0,menos de 3 formas distintas
mongo,lib/mongo/error/no_server_available.rb,049b718a2d47,database drivers,10,10,0,100,0.0,2,0.0,1,3,1,1.0,menos de 3 formas distintas
mongo,lib/mongo/error/pool_cleared_error.rb,049b718a2d47,database drivers,6,6,0,100,0.67,3,0.0,1,3,1,1.0,menos de 3 formas distintas
mongo,lib/mongo/error/pool_closed_error.rb,049b718a2d47,database drivers,5,5,0,100,0.0,3,0.0,1,3,1,1.0,menos de 3 formas distintas
mongo,lib/mongo/error/pool_error.rb,049b718a2d47,database drivers,5,5,0,0,0.0,2,0.0,1,3,1,1.0,menos de 3 formas distintas
mongo,lib/mongo/error/pool_paused_error.rb,049b718a2d47,database drivers,5,5,0,100,0.67,3,0.0,1,3,1,1.0,menos de 3 formas distintas
mongo,lib/mongo/error/server_not_usable.rb,049b718a2d47,database drivers,4,4,0,0,0.67,2,0.0,1,3,1,1.0,menos de 3 formas distintas
mongo,lib/mongo/error/session_ended.rb,049b718a2d47,database drivers,3,3,0,0,0.0,2,0.0,1,3,1,1.0,menos de 3 formas distintas
mongo,lib/mongo/error/session_not_materialized.rb,049b718a2d47,database drivers,3,3,0,0,0.0,3,0.0,1,3,1,1.0,menos de 3 formas distintas
mongo,lib/mongo/error/sessions_not_supported.rb,049b718a2d47,database drivers,3,3,0,0,0.0,3,0.0,1,3,1,1.0,menos de 3 formas distintas
mongo,lib/mongo/error/snapshot_session_invalid_server_version.rb,049b718a2d47,database drivers,3,3,0,0,0.0,2,0.0,1,3,1,1.0,menos de 3 formas distintas
mongo,lib/mongo/error/snapshot_session_transaction_prohibited.rb,049b718a2d47,database drivers,3,3,0,0,0.0,2,0.0,1,3,1,1.0,menos de 3 formas distintas
mongo,lib/mongo/error/transactions_not_supported.rb,049b718a2d47,database drivers,3,3,0,0,0.0,2,0.0,1,3,1,1.0,menos de 3 formas distintas
mongo,lib/mongo/error/unchangeable_collection_option.rb,049b718a2d47,database drivers,4,4,0,0,0.0,2,0.0,1,3,1,1.0,menos de 3 formas distintas
mongo,lib/mongo/error/unexpected_chunk_length.rb,049b718a2d47,database drivers,4,4,0,100,0.0,2,0.0,1,3,1,1.0,menos de 3 formas distintas
mongo,lib/mongo/error/unexpected_response.rb,049b718a2d47,database drivers,4,4,0,0,0.0,2,0.0,1,3,1,1.0,menos de 3 formas distintas
mongo,lib/mongo/error/unknown_payload_type.rb,049b718a2d47,database drivers,3,3,0,100,0.0,2,0.0,1,3,1,1.0,menos de 3 formas distintas
mongo,lib/mongo/error/write_retryable.rb,049b718a2d47,database drivers,3,3,0,0,0.0,1,0.0,1,3,1,1.0,menos de 3 formas distintas
mongo,lib/mongo/event/publisher.rb,049b718a2d47,database drivers,5,5,0,100,0.0,0,0.0,1,3,1,1.0,menos de 3 formas distintas
mongo,lib/mongo/event/subscriber.rb,049b718a2d47,database drivers,3,3,0,100,0.0,0,0.0,1,3,1,1.0,menos de 3 formas distintas
mongo,lib/mongo/grid/stream.rb,049b718a2d47,database drivers,3,3,0,0,0.25,0,0.0,1,4,1,1.0,menos de 3 formas distintas
mongo,lib/mongo/id.rb,049b718a2d47,database drivers,12,12,100,100,0.0,0,100.0,1,2,1,1.0,menos de 3 formas distintas
mongo,lib/mongo/monitoring/server_closed_log_subscriber.rb,049b718a2d47,database drivers,3,3,0,100,0.0,1,0.0,1,3,1,1.0,menos de 3 formas distintas
mongo,lib/mongo/monitoring/server_opening_log_subscriber.rb,049b718a2d47,database drivers,3,3,0,100,0.0,1,0.0,1,3,1,1.0,menos de 3 formas distintas
mongo,lib/mongo/monitoring/topology_changed_log_subscriber.rb,049b718a2d47,database drivers,16,16,0,100,0.0,1,0.0,1,3,1,1.0,menos de 3 formas distintas
mongo,lib/mongo/monitoring/topology_closed_log_subscriber.rb,049b718a2d47,database drivers,3,3,0,100,0.0,1,0.0,1,3,1,1.0,menos de 3 formas distintas
mongo,lib/mongo/monitoring/topology_opening_log_subscriber.rb,049b718a2d47,database drivers,3,3,0,100,0.0,1,0.0,1,3,1,1.0,menos de 3 formas distintas
mongo,lib/mongo/operation/collections_info.rb,049b718a2d47,database drivers,3,3,0,0,0.67,0,0.0,1,3,1,1.0,menos de 3 formas distintas
mongo,lib/mongo/operation/command/op_msg.rb,049b718a2d47,database drivers,5,5,0,100,0.0,1,0.0,1,4,1,1.0,menos de 3 formas distintas
mongo,lib/mongo/operation/count/op_msg.rb,049b718a2d47,database drivers,6,6,0,100,0.25,1,0.0,1,4,1,1.0,menos de 3 formas distintas
mongo,lib/mongo/operation/create.rb,049b718a2d47,database drivers,3,3,0,100,0.67,0,0.0,1,3,1,1.0,menos de 3 formas distintas
mongo,lib/mongo/operation/create/op_msg.rb,049b718a2d47,database drivers,6,6,0,100,0.5,1,0.0,1,4,1,1.0,menos de 3 formas distintas
mongo,lib/mongo/operation/create_index/op_msg.rb,049b718a2d47,database drivers,18,18,0,100,0.5,1,0.0,1,4,1,1.0,menos de 3 formas distintas
mongo,lib/mongo/operation/create_search_indexes/op_msg.rb,049b718a2d47,database drivers,7,7,0,0,0.25,1,0.0,1,4,1,1.0,menos de 3 formas distintas
mongo,lib/mongo/operation/create_user/op_msg.rb,049b718a2d47,database drivers,3,3,0,100,0.25,1,0.0,1,4,1,1.0,menos de 3 formas distintas
mongo,lib/mongo/operation/cursor_command/op_msg.rb,049b718a2d47,database drivers,3,3,0,100,0.25,1,0.0,1,4,1,1.0,menos de 3 formas distintas
mongo,lib/mongo/operation/delete/bulk_result.rb,049b718a2d47,database drivers,11,11,0,100,0.25,1,0.0,1,4,1,1.0,menos de 3 formas distintas
mongo,lib/mongo/operation/distinct/op_msg.rb,049b718a2d47,database drivers,6,6,0,100,0.5,1,0.0,1,4,1,1.0,menos de 3 formas distintas
mongo,lib/mongo/operation/drop_index/op_msg.rb,049b718a2d47,database drivers,7,7,0,100,0.5,1,0.0,1,4,1,1.0,menos de 3 formas distintas
mongo,lib/mongo/operation/drop_search_index/op_msg.rb,049b718a2d47,database drivers,9,9,0,100,0.25,1,0.0,1,4,1,1.0,menos de 3 formas distintas
mongo,lib/mongo/operation/explain/op_msg.rb,049b718a2d47,database drivers,11,11,0,100,0.75,1,0.0,1,4,1,1.0,menos de 3 formas distintas
mongo,lib/mongo/operation/find/builder/flags.rb,049b718a2d47,database drivers,6,6,0,100,0.0,0,0.0,1,5,1,1.0,menos de 3 formas distintas
mongo,lib/mongo/operation/get_more/command_builder.rb,049b718a2d47,database drivers,10,10,0,100,0.0,0,0.0,1,4,1,1.0,menos de 3 formas distintas
mongo,lib/mongo/operation/insert.rb,049b718a2d47,database drivers,1,1,0,0,0.67,0,0.0,1,3,1,1.0,menos de 3 formas distintas
mongo,lib/mongo/operation/kill_cursors/command_builder.rb,049b718a2d47,database drivers,5,5,0,100,0.0,0,0.0,1,4,1,1.0,menos de 3 formas distintas
mongo,lib/mongo/operation/kill_cursors/op_msg.rb,049b718a2d47,database drivers,6,6,0,0,0.5,1,0.0,1,4,1,1.0,menos de 3 formas distintas
mongo,lib/mongo/operation/list_collections/op_msg.rb,049b718a2d47,database drivers,6,6,0,100,0.5,1,0.0,1,4,1,1.0,menos de 3 formas distintas
mongo,lib/mongo/operation/op_msg_base.rb,049b718a2d47,database drivers,4,4,0,0,1.33,0,0.0,1,3,1,1.0,menos de 3 formas distintas
mongo,lib/mongo/operation/parallel_scan/op_msg.rb,049b718a2d47,database drivers,10,10,0,100,0.75,1,0.0,1,4,1,1.0,menos de 3 formas distintas
mongo,lib/mongo/operation/remove_user/op_msg.rb,049b718a2d47,database drivers,3,3,0,0,0.25,1,0.0,1,4,1,1.0,menos de 3 formas distintas
mongo,lib/mongo/operation/shared/causal_consistency_supported.rb,049b718a2d47,database drivers,3,3,0,0,0.0,0,0.0,1,3,1,1.0,menos de 3 formas distintas
mongo,lib/mongo/operation/shared/executable_no_validate.rb,049b718a2d47,database drivers,3,3,0,0,0.0,0,0.0,1,3,1,1.0,menos de 3 formas distintas
mongo,lib/mongo/operation/shared/limited.rb,049b718a2d47,database drivers,3,3,0,0,0.0,0,0.0,1,3,1,1.0,menos de 3 formas distintas
mongo,lib/mongo/operation/shared/object_id_generator.rb,049b718a2d47,database drivers,3,3,0,0,0.0,0,0.0,1,3,1,1.0,menos de 3 formas distintas
mongo,lib/mongo/operation/shared/polymorphic_lookup.rb,049b718a2d47,database drivers,6,6,0,100,0.0,0,100.0,1,3,1,1.0,menos de 3 formas distintas
mongo,lib/mongo/operation/update_search_index/op_msg.rb,049b718a2d47,database drivers,10,10,0,100,0.25,1,0.0,1,4,1,1.0,menos de 3 formas distintas
mongo,lib/mongo/operation/update_user/op_msg.rb,049b718a2d47,database drivers,3,3,0,100,0.25,1,0.0,1,4,1,1.0,menos de 3 formas distintas
mongo,lib/mongo/operation/users_info/op_msg.rb,049b718a2d47,database drivers,3,3,0,0,0.5,1,0.0,1,4,1,1.0,menos de 3 formas distintas
mongo,lib/mongo/operation/write_command/op_msg.rb,049b718a2d47,database drivers,6,6,0,100,0.25,1,0.0,1,4,1,1.0,menos de 3 formas distintas
mongo,lib/mongo/retryable/backpressure.rb,049b718a2d47,database drivers,3,3,100,100,0.0,0,0.0,1,3,1,1.0,menos de 3 formas distintas
mongo,lib/mongo/server/description/load_balancer.rb,049b718a2d47,database drivers,3,3,0,0,0.0,0,0.0,1,4,1,1.0,menos de 3 formas distintas
mongo,lib/mongo/server/monitor/app_metadata.rb,049b718a2d47,database drivers,6,6,0,0,0.0,1,0.0,1,4,1,1.0,menos de 3 formas distintas
mongo,lib/mongo/server/push_monitor/connection.rb,049b718a2d47,database drivers,3,3,0,100,0.0,1,0.0,1,4,1,1.0,menos de 3 formas distintas
mongo,lib/mongo/timeout.rb,049b718a2d47,database drivers,11,11,0,0,0.0,0,0.0,1,2,1,1.0,menos de 3 formas distintas
mongo,lib/mongo/tracing.rb,049b718a2d47,database drivers,7,7,0,0,0.0,0,0.0,1,2,1,1.0,menos de 3 formas distintas
mongo,lib/mongo/write_concern.rb,049b718a2d47,database drivers,11,11,0,100,0.5,0,0.0,1,2,1,1.0,menos de 3 formas distintas
mongo,lib/mongo/write_concern/base.rb,049b718a2d47,database drivers,23,23,0,100,0.0,0,0.0,1,3,1,1.0,menos de 3 formas distintas
mongo,profile/connection_pool_fairness.rb,049b718a2d47,database drivers,3,3,0,0,0.0,0,0.0,1,0,1,1.0,menos de 3 formas distintas
mongo,profile/driver_bench/bson/deep/base.rb,049b718a2d47,database drivers,3,3,0,0,0.0,2,0.0,1,5,1,1.0,menos de 3 formas distintas
mongo,profile/driver_bench/bson/flat/base.rb,049b718a2d47,database drivers,3,3,0,0,0.0,2,0.0,1,5,1,1.0,menos de 3 formas distintas
mongo,profile/driver_bench/bson/full/base.rb,049b718a2d47,database drivers,3,3,0,0,0.0,2,0.0,1,5,1,1.0,menos de 3 formas distintas
mysql2,benchmark/allocations.rb,c79b3c14fd47,database drivers,9,9,0,100,0.0,1,0.0,1,1,1,1.0,menos de 3 formas distintas
mysql2,benchmark/escape.rb,c79b3c14fd47,database drivers,21,21,0,100,0.0,0,0.0,1,0,1,1.0,menos de 3 formas distintas
mysql2,benchmark/query_with_mysql_casting.rb,c79b3c14fd47,database drivers,23,23,0,100,1.0,0,0.0,1,1,1,1.0,menos de 3 formas distintas
mysql2,benchmark/setup_db.rb,c79b3c14fd47,database drivers,20,20,0,100,0.0,0,0.0,1,0,1,1.0,menos de 3 formas distintas
mysql2,lib/mysql2.rb,c79b3c14fd47,database drivers,5,5,100,100,0.0,0,0.0,1,3,1,1.0,menos de 3 formas distintas
mysql2,lib/mysql2/statement.rb,c79b3c14fd47,database drivers,5,5,0,0,0.0,0,0.0,1,2,1,1.0,menos de 3 formas distintas
oauth2,lib/oauth2/strategy/base.rb,63727352546e,authentication and oauth,3,3,0,0,0.0,0,0.0,1,3,1,1.0,menos de 3 formas distintas
omniauth,lib/omniauth/key_store.rb,20ac5e05a39d,authentication and oauth,11,11,100,0,0.0,1,100.0,1,2,1,1.0,menos de 3 formas distintas
omniauth,lib/omniauth/strategies/developer.rb,20ac5e05a39d,authentication and oauth,8,8,0,100,0.33,0,0.0,1,3,1,1.0,menos de 3 formas distintas
paper_trail,lib/paper_trail/compatibility.rb,0c511ed46c08,orm/odm extensions,15,15,100,100,0.0,0,0.0,1,2,1,1.0,menos de 3 formas distintas
paper_trail,lib/paper_trail/errors.rb,0c511ed46c08,orm/odm extensions,10,10,0,0,0.0,3,0.0,1,5,1,1.0,menos de 3 formas distintas
paper_trail,lib/paper_trail/events/create.rb,0c511ed46c08,orm/odm extensions,16,16,0,100,0.0,1,0.0,1,3,1,1.0,menos de 3 formas distintas
paper_trail,lib/paper_trail/frameworks/cucumber.rb,0c511ed46c08,orm/odm extensions,9,9,0,0,0.0,0,0.0,1,3,1,1.0,menos de 3 formas distintas
paper_trail,lib/paper_trail/version_number.rb,0c511ed46c08,orm/odm extensions,3,3,100,0,0.0,0,0.0,1,2,1,1.0,menos de 3 formas distintas
parallel_tests,lib/parallel_tests/cucumber/failures_logger.rb,e4870a1632aa,testing,23,23,0,100,0.33,1,100.0,1,3,1,1.0,menos de 3 formas distintas
parallel_tests,lib/parallel_tests/cucumber/features_with_steps.rb,e4870a1632aa,testing,16,16,100,100,0.0,0,0.0,1,3,1,1.0,menos de 3 formas distintas
parallel_tests,lib/parallel_tests/gherkin/runtime_logger.rb,e4870a1632aa,testing,18,18,0,100,0.33,0,0.0,1,3,1,1.0,menos de 3 formas distintas
parallel_tests,lib/parallel_tests/rspec/failures_logger.rb,e4870a1632aa,testing,10,10,0,100,0.0,2,0.0,1,1,1,1.0,menos de 3 formas distintas
parallel_tests,lib/parallel_tests/rspec/summary_logger.rb,e4870a1632aa,testing,4,4,0,100,0.0,2,0.0,1,1,1,1.0,menos de 3 formas distintas
pastel,lib/pastel.rb,afd82952076e,cli utilities,10,10,0,100,0.0,0,0.0,1,1,1,1.0,menos de 3 formas distintas
pg,ext/errorcodes.rb,d4539c25dcc8,database drivers,3,3,0,100,0.0,0,0.0,1,0,1,1.0,menos de 3 formas distintas
pg,lib/pg/basic_type_map_based_on_result.rb,d4539c25dcc8,database drivers,8,8,0,100,1.0,1,0.0,1,1,1,1.0,menos de 3 formas distintas
pg,lib/pg/exceptions.rb,d4539c25dcc8,database drivers,5,5,0,0,0.0,2,0.0,1,6,1,1.0,menos de 3 formas distintas
pg,lib/pg/text_decoder/date.rb,d4539c25dcc8,database drivers,7,7,0,100,0.0,1,0.0,1,3,1,1.0,menos de 3 formas distintas
pg,lib/pg/text_decoder/json.rb,d4539c25dcc8,database drivers,3,3,0,0,0.0,1,0.0,1,3,1,1.0,menos de 3 formas distintas
pg,lib/pg/text_encoder/date.rb,d4539c25dcc8,database drivers,3,3,0,100,0.0,1,0.0,1,3,1,1.0,menos de 3 formas distintas
pg,lib/pg/text_encoder/inet.rb,d4539c25dcc8,database drivers,17,17,0,100,0.0,1,0.0,1,3,1,1.0,menos de 3 formas distintas
pg,lib/pg/text_encoder/json.rb,d4539c25dcc8,database drivers,3,3,0,0,0.0,1,0.0,1,3,1,1.0,menos de 3 formas distintas
pg,sample/async_api.rb,d4539c25dcc8,database drivers,3,3,0,0,0.0,0,0.0,1,0,1,1.0,menos de 3 formas distintas
pg,sample/async_mixed.rb,d4539c25dcc8,database drivers,3,3,0,0,0.0,0,0.0,1,0,1,1.0,menos de 3 formas distintas
pg,sample/check_conn.rb,d4539c25dcc8,database drivers,8,8,0,100,0.0,0,0.0,1,0,1,1.0,menos de 3 formas distintas
prawn,lib/prawn.rb,f82783b1d020,pdf,9,9,0,100,0.0,0,0.0,1,1,1,1.0,menos de 3 formas distintas
prawn,lib/prawn/document/span.rb,f82783b1d020,pdf,33,33,0,100,0.0,0,0.0,1,2,1,1.0,menos de 3 formas distintas
prawn,lib/prawn/images/image.rb,f82783b1d020,pdf,32,32,0,100,0.0,0,0.0,1,3,1,1.0,menos de 3 formas distintas
prawn,lib/prawn/text/formatted.rb,f82783b1d020,pdf,3,3,0,100,0.0,0,0.0,1,3,1,1.0,menos de 3 formas distintas
prawn,manual/bounding_box/bounds.rb,f82783b1d020,pdf,13,13,0,100,0.0,0,0.0,1,0,1,1.0,menos de 3 formas distintas
prawn,manual/bounding_box/nesting.rb,f82783b1d020,pdf,4,4,0,0,0.0,0,0.0,1,0,1,1.0,menos de 3 formas distintas
prawn,manual/contents.rb,f82783b1d020,pdf,29,29,0,0,0.0,0,0.0,1,0,1,1.0,menos de 3 formas distintas
prawn,manual/text/text_box_extensions.rb,f82783b1d020,pdf,3,3,0,100,0.0,0,0.0,1,1,1,1.0,menos de 3 formas distintas
premailer-rails,examples/rails5/app/mailers/example_mailer.rb,33287e89f7a3,email,3,3,0,0,0.0,1,0.0,1,1,1,1.0,menos de 3 formas distintas
premailer-rails,examples/rails6/app/mailers/example_mailer.rb,33287e89f7a3,email,3,3,0,0,0.0,1,0.0,1,1,1,1.0,menos de 3 formas distintas
premailer-rails,examples/rails7-propshaft/app/mailers/example_mailer.rb,33287e89f7a3,email,3,3,0,0,0.0,1,0.0,1,1,1,1.0,menos de 3 formas distintas
premailer-rails,examples/rails7-sprockets/app/mailers/example_mailer.rb,33287e89f7a3,email,3,3,0,0,0.0,1,0.0,1,1,1,1.0,menos de 3 formas distintas
premailer-rails,lib/premailer/rails.rb,33287e89f7a3,email,7,7,100,0,0.0,0,0.0,1,2,1,1.0,menos de 3 formas distintas
premailer-rails,lib/premailer/rails/customized_premailer.rb,33287e89f7a3,email,14,14,0,100,0.0,1,100.0,1,3,1,1.0,menos de 3 formas distintas
pry,lib/pry/commands/bang.rb,5a267df08ad6,irb,4,4,0,100,0.0,2,0.0,1,3,1,1.0,menos de 3 formas distintas
pry,lib/pry/commands/bang_pry.rb,5a267df08ad6,irb,3,3,0,100,0.0,2,0.0,1,3,1,1.0,menos de 3 formas distintas
pry,lib/pry/commands/cd.rb,5a267df08ad6,irb,17,17,0,100,0.0,2,0.0,1,3,1,1.0,menos de 3 formas distintas
pry,lib/pry/commands/clear_screen.rb,5a267df08ad6,irb,7,7,0,100,0.0,2,0.0,1,3,1,1.0,menos de 3 formas distintas
pry,lib/pry/commands/disable_pry.rb,5a267df08ad6,irb,4,4,0,100,0.0,2,0.0,1,3,1,1.0,menos de 3 formas distintas
pry,lib/pry/commands/exit_all.rb,5a267df08ad6,irb,10,10,0,100,0.0,2,0.0,1,3,1,1.0,menos de 3 formas distintas
pry,lib/pry/commands/exit_program.rb,5a267df08ad6,irb,3,3,0,100,0.0,2,0.0,1,3,1,1.0,menos de 3 formas distintas
pry,lib/pry/commands/fix_indent.rb,5a267df08ad6,irb,4,4,0,100,0.0,2,0.0,1,3,1,1.0,menos de 3 formas distintas
pry,lib/pry/commands/import_set.rb,5a267df08ad6,irb,6,6,0,100,0.0,2,0.0,1,3,1,1.0,menos de 3 formas distintas
pry,lib/pry/commands/jump_to.rb,5a267df08ad6,irb,15,15,0,100,0.0,2,0.0,1,3,1,1.0,menos de 3 formas distintas
pry,lib/pry/commands/nesting.rb,5a267df08ad6,irb,11,11,0,100,0.0,2,0.0,1,3,1,1.0,menos de 3 formas distintas
pry,lib/pry/commands/pry_backtrace.rb,5a267df08ad6,irb,4,4,0,100,0.0,2,0.0,1,3,1,1.0,menos de 3 formas distintas
pry,lib/pry/commands/pry_version.rb,5a267df08ad6,irb,3,3,0,100,0.0,2,0.0,1,3,1,1.0,menos de 3 formas distintas
pry,lib/pry/commands/raise_up.rb,5a267df08ad6,irb,7,7,0,100,0.0,2,0.0,1,3,1,1.0,menos de 3 formas distintas
pry,lib/pry/commands/reset.rb,5a267df08ad6,irb,4,4,0,100,0.0,2,0.0,1,3,1,1.0,menos de 3 formas distintas
pry,lib/pry/commands/shell_mode.rb,5a267df08ad6,irb,10,10,0,100,0.0,2,0.0,1,3,1,1.0,menos de 3 formas distintas
pry,lib/pry/commands/show_input.rb,5a267df08ad6,irb,3,3,0,100,0.0,2,0.0,1,3,1,1.0,menos de 3 formas distintas
pry,lib/pry/commands/switch_to.rb,5a267df08ad6,irb,11,11,0,100,0.0,2,0.0,1,3,1,1.0,menos de 3 formas distintas
pry,lib/pry/config/attributable.rb,5a267df08ad6,irb,8,8,0,100,0.0,0,200.0,1,3,1,1.0,menos de 3 formas distintas
pry,lib/pry/control_d_handler.rb,5a267df08ad6,irb,15,15,100,100,0.0,0,0.0,1,2,1,1.0,menos de 3 formas distintas
pry,lib/pry/env.rb,5a267df08ad6,irb,8,8,100,100,0.0,0,0.0,1,2,1,1.0,menos de 3 formas distintas
pry,lib/pry/forwardable.rb,5a267df08ad6,irb,10,10,0,100,0.5,0,400.0,1,2,1,1.0,menos de 3 formas distintas
pry,lib/pry/input/simple_stdio.rb,5a267df08ad6,irb,4,4,100,0,0.0,0,0.0,1,3,1,1.0,menos de 3 formas distintas
pry,lib/pry/system_command_handler.rb,5a267df08ad6,irb,7,7,100,100,0.0,0,0.0,1,2,1,1.0,menos de 3 formas distintas
pry,lib/pry/warning.rb,5a267df08ad6,irb,7,7,100,100,0.0,0,0.0,1,2,1,1.0,menos de 3 formas distintas
pry-byebug,lib/pry-byebug/commands/backtrace.rb,0b5aea2615fd,debugging tools,5,5,0,0,0.5,1,0.0,1,2,1,1.0,menos de 3 formas distintas
pry-byebug,lib/pry-byebug/commands/continue.rb,0b5aea2615fd,debugging tools,9,9,0,100,1.5,1,0.0,1,2,1,1.0,menos de 3 formas distintas
pry-byebug,lib/pry-byebug/commands/down.rb,0b5aea2615fd,debugging tools,5,5,0,100,0.5,1,0.0,1,2,1,1.0,menos de 3 formas distintas
pry-byebug,lib/pry-byebug/commands/exit_all.rb,0b5aea2615fd,debugging tools,5,5,0,0,0.0,1,0.0,1,2,1,1.0,menos de 3 formas distintas
pry-byebug,lib/pry-byebug/commands/finish.rb,0b5aea2615fd,debugging tools,5,5,0,0,0.5,1,0.0,1,2,1,1.0,menos de 3 formas distintas
pry-byebug,lib/pry-byebug/commands/frame.rb,0b5aea2615fd,debugging tools,5,5,0,100,0.5,1,0.0,1,2,1,1.0,menos de 3 formas distintas
pry-byebug,lib/pry-byebug/commands/next.rb,0b5aea2615fd,debugging tools,7,7,0,100,1.0,1,0.0,1,2,1,1.0,menos de 3 formas distintas
pry-byebug,lib/pry-byebug/commands/step.rb,0b5aea2615fd,debugging tools,5,5,0,100,0.5,1,0.0,1,2,1,1.0,menos de 3 formas distintas
pry-byebug,lib/pry-byebug/commands/up.rb,0b5aea2615fd,debugging tools,5,5,0,100,0.5,1,0.0,1,2,1,1.0,menos de 3 formas distintas
pry-byebug,lib/pry-byebug/helpers/location.rb,0b5aea2615fd,debugging tools,7,7,0,100,0.0,0,0.0,1,3,1,1.0,menos de 3 formas distintas
pry-byebug,lib/pry-byebug/helpers/multiline.rb,0b5aea2615fd,debugging tools,6,6,0,100,0.0,0,0.0,1,3,1,1.0,menos de 3 formas distintas
pry-byebug,lib/pry-byebug/helpers/navigation.rb,0b5aea2615fd,debugging tools,5,5,0,100,0.0,0,0.0,1,3,1,1.0,menos de 3 formas distintas
pry-byebug,lib/pry-byebug/pry_ext.rb,0b5aea2615fd,debugging tools,10,10,0,100,0.0,0,0.0,1,0,1,1.0,menos de 3 formas distintas
pry-rails,lib/pry-rails/railtie.rb,d8d0c6d87a5b,debugging tools,4,4,0,0,0.0,1,0.0,1,2,1,1.0,menos de 3 formas distintas
puma,cops/tests_puma.rb,8085b75e79e3,web servers,7,7,0,100,0.25,1,0.0,1,4,1,1.0,menos de 3 formas distintas
puma,examples/generate_server_test.rb,8085b75e79e3,web servers,29,29,100,100,0.0,0,0.0,1,1,1,1.0,menos de 3 formas distintas
puma,examples/plugins/redis_stop_puma.rb,8085b75e79e3,web servers,20,20,0,100,0.0,0,0.0,1,0,1,1.0,menos de 3 formas distintas
puma,lib/puma/plugin/tmp_restart.rb,8085b75e79e3,web servers,30,30,0,100,0.0,0,0.0,1,0,1,1.0,menos de 3 formas distintas
puma,tools/trickletest.rb,8085b75e79e3,web servers,23,23,0,100,0.0,0,0.0,1,0,1,1.0,menos de 3 formas distintas
pundit,lib/generators/pundit/install/install_generator.rb,2d665d67a26f,authorization,3,3,0,0,0.0,1,0.0,1,3,1,1.0,menos de 3 formas distintas
pundit,lib/generators/pundit/policy/policy_generator.rb,2d665d67a26f,authorization,3,3,0,0,0.0,1,0.0,1,3,1,1.0,menos de 3 formas distintas
pundit,lib/generators/rspec/policy_generator.rb,2d665d67a26f,authorization,3,3,0,0,0.0,1,0.0,1,3,1,1.0,menos de 3 formas distintas
pundit,lib/generators/test_unit/policy_generator.rb,2d665d67a26f,authorization,3,3,0,0,0.0,1,0.0,1,3,1,1.0,menos de 3 formas distintas
pundit,lib/pundit/cache_store/null_store.rb,2d665d67a26f,authorization,3,3,0,0,0.0,0,0.0,1,3,1,1.0,menos de 3 formas distintas
pundit,lib/pundit/error.rb,2d665d67a26f,authorization,16,16,0,100,0.0,3,0.0,1,7,1,1.0,menos de 3 formas distintas
pundit,lib/pundit/helper.rb,2d665d67a26f,authorization,3,3,0,0,0.0,0,0.0,1,2,1,1.0,menos de 3 formas distintas
rack-attack,lib/rack/attack/blocklist.rb,65f1ead3bc64,security,4,4,0,0,0.0,1,0.0,1,3,1,1.0,menos de 3 formas distintas
rack-attack,lib/rack/attack/path_normalizer.rb,65f1ead3bc64,security,3,3,100,0,0.0,0,0.0,1,3,1,1.0,menos de 3 formas distintas
rack-attack,lib/rack/attack/safelist.rb,65f1ead3bc64,security,4,4,0,0,0.0,1,0.0,1,3,1,1.0,menos de 3 formas distintas
rack-cors,examples/rails5/app/controllers/cors_controller.rb,f73bcd39b91c,http clients and tools,3,3,0,0,0.0,2,0.0,1,1,1,1.0,menos de 3 formas distintas
rack-cors,examples/rails5/app/controllers/welcome_controller.rb,f73bcd39b91c,http clients and tools,3,3,0,0,0.0,2,0.0,1,1,1,1.0,menos de 3 formas distintas
rack-cors,examples/rails6/app/controllers/cors_controller.rb,f73bcd39b91c,http clients and tools,3,3,0,0,0.0,2,0.0,1,1,1,1.0,menos de 3 formas distintas
rack-cors,examples/rails6/app/controllers/welcome_controller.rb,f73bcd39b91c,http clients and tools,3,3,0,0,0.0,2,0.0,1,1,1,1.0,menos de 3 formas distintas
rack-cors,lib/rack/cors/resources/cors_misconfiguration_error.rb,f73bcd39b91c,http clients and tools,4,4,0,0,0.0,1,0.0,1,4,1,1.0,menos de 3 formas distintas
rack-protection,lib/rack/protection.rb,599a007a779d,security,31,31,100,100,0.0,0,0.0,1,2,1,1.0,menos de 3 formas distintas
rack-protection,lib/rack/protection/form_token.rb,599a007a779d,security,3,3,0,100,0.0,2,0.0,1,3,1,1.0,menos de 3 formas distintas
rack-protection,lib/rack/protection/ip_spoofing.rb,599a007a779d,security,9,9,0,100,0.0,1,0.0,1,3,1,1.0,menos de 3 formas distintas
rack-protection,lib/rack/protection/referrer_policy.rb,599a007a779d,security,5,5,0,100,0.0,1,0.0,1,3,1,1.0,menos de 3 formas distintas
rack-protection,lib/rack/protection/remote_referrer.rb,599a007a779d,security,3,3,0,0,0.0,1,0.0,1,3,1,1.0,menos de 3 formas distintas
rack-protection,lib/rack/protection/remote_token.rb,599a007a779d,security,3,3,0,0,0.0,2,0.0,1,3,1,1.0,menos de 3 formas distintas
rack-protection,lib/rack/protection/xss_header.rb,599a007a779d,security,6,6,0,100,0.0,1,0.0,1,3,1,1.0,menos de 3 formas distintas
rake,lib/rake/backtrace.rb,503b8ec593c5,cli builder,5,5,100,100,0.0,0,0.0,1,2,1,1.0,menos de 3 formas distintas
rake,lib/rake/cloneable.rb,503b8ec593c5,cli builder,8,8,0,100,0.0,0,200.0,1,2,1,1.0,menos de 3 formas distintas
rake,lib/rake/default_loader.rb,503b8ec593c5,cli builder,3,3,0,0,0.0,0,0.0,1,2,1,1.0,menos de 3 formas distintas
rake,lib/rake/ext/core.rb,503b8ec593c5,cli builder,8,8,0,0,0.0,0,0.0,1,1,1,1.0,menos de 3 formas distintas
rake,lib/rake/multi_task.rb,503b8ec593c5,cli builder,3,3,0,0,0.0,1,0.0,1,2,1,1.0,menos de 3 formas distintas
rake,lib/rake/phony.rb,503b8ec593c5,cli builder,3,3,100,0,0.0,0,0.0,1,0,1,1.0,menos de 3 formas distintas
rake,lib/rake/trace_output.rb,503b8ec593c5,cli builder,12,12,0,100,0.0,0,0.0,1,2,1,1.0,menos de 3 formas distintas
rake,lib/rake/win32.rb,503b8ec593c5,cli builder,3,3,100,0,0.0,0,0.0,1,2,1,1.0,menos de 3 formas distintas
ransack,lib/polyamorous/activerecord/join_association_7_2.rb,383c5dd9aa8f,search,49,49,0,100,0.0,0,0.0,1,2,1,1.0,menos de 3 formas distintas
ransack,lib/polyamorous/activerecord/reflection.rb,383c5dd9aa8f,search,7,7,0,100,0.0,0,0.0,1,2,1,1.0,menos de 3 formas distintas
ransack,lib/polyamorous/swapping_reflection_class.rb,383c5dd9aa8f,search,7,7,0,100,0.0,0,200.0,1,2,1,1.0,menos de 3 formas distintas
ransack,lib/polyamorous/tree_node.rb,383c5dd9aa8f,search,3,3,0,0,0.0,0,0.0,1,2,1,1.0,menos de 3 formas distintas
ransack,lib/ransack/constants.rb,383c5dd9aa8f,search,12,12,0,100,0.0,0,0.0,1,2,1,1.0,menos de 3 formas distintas
rdoc,lib/rdoc/erb_partial.rb,4e303b392092,documentation,5,5,0,100,0.0,1,0.0,1,1,1,1.0,menos de 3 formas distintas
rdoc,lib/rdoc/markup/block_quote.rb,4e303b392092,documentation,3,3,0,100,0.0,1,0.0,1,1,1,1.0,menos de 3 formas distintas
rdoc,lib/rdoc/parser/markdown.rb,4e303b392092,documentation,6,6,0,100,1.0,1,0.0,1,1,1,1.0,menos de 3 formas distintas
rdoc,lib/rdoc/parser/rd.rb,4e303b392092,documentation,6,6,0,100,1.0,1,0.0,1,1,1,1.0,menos de 3 formas distintas
rdoc,lib/rdoc/rd.rb,4e303b392092,documentation,16,16,100,100,0.0,0,0.0,1,1,1,1.0,menos de 3 formas distintas
responders,lib/responders/collection_responder.rb,b20fdd24befe,decorators,11,11,0,100,0.0,0,0.0,1,2,1,1.0,menos de 3 formas distintas
responders,lib/responders/controller_method.rb,b20fdd24befe,decorators,16,16,0,100,0.0,0,200.0,1,2,1,1.0,menos de 3 formas distintas
rest-client,lib/restclient/version.rb,cf3e5a115bcd,http clients and tools,3,3,100,0,0.0,0,0.0,1,1,1,1.0,menos de 3 formas distintas
roo,examples/roo_soap_client.rb,20d424f8bf96,spreadsheets and documents,23,23,0,100,0.0,0,0.0,1,0,1,1.0,menos de 3 formas distintas
roo,examples/roo_soap_server.rb,20d424f8bf96,spreadsheets and documents,13,13,0,0,0.0,1,0.0,1,1,1,1.0,menos de 3 formas distintas
roo,lib/roo.rb,20d424f8bf96,spreadsheets and documents,12,12,100,0,0.0,0,0.0,1,1,1,1.0,menos de 3 formas distintas
roo,lib/roo/formatters/base.rb,20d424f8bf96,spreadsheets and documents,8,8,0,100,0.0,0,0.0,1,3,1,1.0,menos de 3 formas distintas
roo,lib/roo/formatters/matrix.rb,20d424f8bf96,spreadsheets and documents,16,16,0,100,0.0,0,0.0,1,3,1,1.0,menos de 3 formas distintas
roo,lib/roo/formatters/xml.rb,20d424f8bf96,spreadsheets and documents,24,24,0,100,0.0,0,0.0,1,3,1,1.0,menos de 3 formas distintas
roo,lib/roo/formatters/yaml.rb,20d424f8bf96,spreadsheets and documents,31,31,0,100,0.0,0,0.0,1,3,1,1.0,menos de 3 formas distintas
roo,lib/roo/helpers/default_attr_reader.rb,20d424f8bf96,spreadsheets and documents,12,12,0,100,0.0,0,200.0,1,3,1,1.0,menos de 3 formas distintas
rouge,lib/rouge/formatters/html_debug.rb,afc3c52c2af0,code highlighting,8,8,0,100,0.0,1,0.0,1,3,1,1.0,menos de 3 formas distintas
rouge,lib/rouge/lexers/ada.rb,afc3c52c2af0,code highlighting,28,28,100,100,0.0,2,0.0,1,3,1,1.0,menos de 3 formas distintas
rouge,lib/rouge/lexers/apache.rb,afc3c52c2af0,code highlighting,9,9,0,100,0.0,2,0.0,1,3,1,1.0,menos de 3 formas distintas
rouge,lib/rouge/lexers/augeas.rb,afc3c52c2af0,code highlighting,8,8,100,0,0.0,2,0.0,1,3,1,1.0,menos de 3 formas distintas
rouge,lib/rouge/lexers/biml.rb,afc3c52c2af0,code highlighting,3,3,100,100,0.67,3,0.0,1,3,1,1.0,menos de 3 formas distintas
rouge,lib/rouge/lexers/clean.rb,afc3c52c2af0,code highlighting,16,16,100,0,0.0,2,0.0,1,3,1,1.0,menos de 3 formas distintas
rouge,lib/rouge/lexers/cmhg.rb,afc3c52c2af0,code highlighting,5,5,100,0,0.0,2,0.0,1,3,1,1.0,menos de 3 formas distintas
rouge,lib/rouge/lexers/crystal.rb,afc3c52c2af0,code highlighting,3,3,100,100,0.0,2,0.0,1,3,1,1.0,menos de 3 formas distintas
rouge,lib/rouge/lexers/datastudio.rb,afc3c52c2af0,code highlighting,77,77,100,0,0.0,2,0.0,1,3,1,1.0,menos de 3 formas distintas
rouge,lib/rouge/lexers/diff.rb,afc3c52c2af0,code highlighting,5,5,100,100,0.0,2,0.0,1,3,1,1.0,menos de 3 formas distintas
rouge,lib/rouge/lexers/eex.rb,afc3c52c2af0,code highlighting,5,5,0,0,0.0,3,0.0,1,3,1,1.0,menos de 3 formas distintas
rouge,lib/rouge/lexers/elixir.rb,afc3c52c2af0,code highlighting,3,3,100,100,0.0,2,0.0,1,3,1,1.0,menos de 3 formas distintas
rouge,lib/rouge/lexers/epp.rb,afc3c52c2af0,code highlighting,5,5,0,0,0.0,3,0.0,1,3,1,1.0,menos de 3 formas distintas
rouge,lib/rouge/lexers/erb.rb,afc3c52c2af0,code highlighting,5,5,0,0,0.0,3,0.0,1,3,1,1.0,menos de 3 formas distintas
rouge,lib/rouge/lexers/gherkin.rb,afc3c52c2af0,code highlighting,3,3,100,100,0.0,2,0.0,1,3,1,1.0,menos de 3 formas distintas
rouge,lib/rouge/lexers/gjs.rb,afc3c52c2af0,code highlighting,4,4,0,0,0.33,3,0.0,1,3,1,1.0,menos de 3 formas distintas
rouge,lib/rouge/lexers/gts.rb,afc3c52c2af0,code highlighting,4,4,0,0,0.33,4,0.0,1,3,1,1.0,menos de 3 formas distintas
rouge,lib/rouge/lexers/haskell.rb,afc3c52c2af0,code highlighting,3,3,100,100,0.0,2,0.0,1,3,1,1.0,menos de 3 formas distintas
rouge,lib/rouge/lexers/html.rb,afc3c52c2af0,code highlighting,5,5,100,100,0.0,2,0.0,1,3,1,1.0,menos de 3 formas distintas
rouge,lib/rouge/lexers/isbl.rb,afc3c52c2af0,code highlighting,6,6,100,0,0.0,2,0.0,1,3,1,1.0,menos de 3 formas distintas
rouge,lib/rouge/lexers/jsp.rb,afc3c52c2af0,code highlighting,4,4,0,0,0.0,3,0.0,1,3,1,1.0,menos de 3 formas distintas
rouge,lib/rouge/lexers/julia.rb,afc3c52c2af0,code highlighting,3,3,100,100,0.0,2,0.0,1,3,1,1.0,menos de 3 formas distintas
rouge,lib/rouge/lexers/literate_haskell.rb,afc3c52c2af0,code highlighting,3,3,0,0,0.0,2,0.0,1,3,1,1.0,menos de 3 formas distintas
rouge,lib/rouge/lexers/markdown.rb,afc3c52c2af0,code highlighting,3,3,0,0,0.0,2,0.0,1,3,1,1.0,menos de 3 formas distintas
rouge,lib/rouge/lexers/mason.rb,afc3c52c2af0,code highlighting,4,4,0,0,0.0,3,0.0,1,3,1,1.0,menos de 3 formas distintas
rouge,lib/rouge/lexers/mathematica.rb,afc3c52c2af0,code highlighting,5,5,100,0,0.0,2,0.0,1,3,1,1.0,menos de 3 formas distintas
rouge,lib/rouge/lexers/matlab.rb,afc3c52c2af0,code highlighting,7,7,100,0,0.0,2,0.0,1,3,1,1.0,menos de 3 formas distintas
rouge,lib/rouge/lexers/nim.rb,afc3c52c2af0,code highlighting,5,5,100,100,0.0,2,0.0,1,3,1,1.0,menos de 3 formas distintas
rouge,lib/rouge/lexers/ocaml.rb,afc3c52c2af0,code highlighting,5,5,100,0,0.0,3,0.0,1,3,1,1.0,menos de 3 formas distintas
rouge,lib/rouge/lexers/opentype_feature_file.rb,afc3c52c2af0,code highlighting,23,23,100,0,0.0,2,0.0,1,3,1,1.0,menos de 3 formas distintas
rouge,lib/rouge/lexers/pdf.rb,afc3c52c2af0,code highlighting,3,3,100,0,0.0,2,0.0,1,3,1,1.0,menos de 3 formas distintas
rouge,lib/rouge/lexers/postscript.rb,afc3c52c2af0,code highlighting,3,3,100,0,0.0,2,0.0,1,3,1,1.0,menos de 3 formas distintas
rouge,lib/rouge/lexers/prometheus.rb,afc3c52c2af0,code highlighting,11,11,100,0,0.0,2,0.0,1,3,1,1.0,menos de 3 formas distintas
rouge,lib/rouge/lexers/r.rb,afc3c52c2af0,code highlighting,3,3,100,100,0.0,2,0.0,1,3,1,1.0,menos de 3 formas distintas
rouge,lib/rouge/lexers/reasonml.rb,afc3c52c2af0,code highlighting,5,5,100,0,0.0,3,0.0,1,3,1,1.0,menos de 3 formas distintas
rouge,lib/rouge/lexers/ruby.rb,afc3c52c2af0,code highlighting,3,3,100,100,0.0,2,0.0,1,3,1,1.0,menos de 3 formas distintas
rouge,lib/rouge/lexers/shell.rb,afc3c52c2af0,code highlighting,4,4,100,100,0.0,2,0.0,1,3,1,1.0,menos de 3 formas distintas
rouge,lib/rouge/lexers/smarty.rb,afc3c52c2af0,code highlighting,16,16,100,0,0.0,3,0.0,1,3,1,1.0,menos de 3 formas distintas
rouge,lib/rouge/lexers/svelte.rb,afc3c52c2af0,code highlighting,5,5,0,0,1.67,1,0.0,1,3,1,1.0,menos de 3 formas distintas
rouge,lib/rouge/lexers/syzprog.rb,afc3c52c2af0,code highlighting,7,7,100,0,0.0,2,0.0,1,3,1,1.0,menos de 3 formas distintas
rouge,lib/rouge/lexers/tex.rb,afc3c52c2af0,code highlighting,3,3,100,100,0.0,2,0.0,1,3,1,1.0,menos de 3 formas distintas
rouge,lib/rouge/lexers/tulip.rb,afc3c52c2af0,code highlighting,3,3,100,100,0.0,2,0.0,1,3,1,1.0,menos de 3 formas distintas
rouge,lib/rouge/lexers/xml.rb,afc3c52c2af0,code highlighting,5,5,100,100,0.0,2,0.0,1,3,1,1.0,menos de 3 formas distintas
rouge,lib/rouge/lexers/xquery.rb,afc3c52c2af0,code highlighting,22,22,100,0,0.33,3,0.0,1,3,1,1.0,menos de 3 formas distintas
rouge,lib/rouge/template_lexer.rb,afc3c52c2af0,code highlighting,4,4,0,0,0.0,2,0.0,1,2,1,1.0,menos de 3 formas distintas
rouge,lib/rouge/version.rb,afc3c52c2af0,code highlighting,3,3,100,0,0.0,0,0.0,1,1,1,1.0,menos de 3 formas distintas
rqrcode,lib/rqrcode/export/ansi.rb,f0d65004f2b5,qr,55,55,0,100,0.0,0,0.0,1,3,1,1.0,menos de 3 formas distintas
rqrcode,lib/rqrcode/export/html.rb,f0d65004f2b5,qr,19,19,0,100,0.0,0,0.0,1,3,1,1.0,menos de 3 formas distintas
rqrcode,lib/rqrcode/export/png.rb,f0d65004f2b5,qr,81,81,0,100,0.0,0,0.0,1,3,1,1.0,menos de 3 formas distintas
rqrcode,lib/rqrcode/qrcode/qrcode.rb,f0d65004f2b5,qr,3,3,0,0,0.5,0,0.0,1,2,1,1.0,menos de 3 formas distintas
rspec,rspec-core/benchmarks/allocations/helper.rb,79a280d76e10,testing,26,26,0,100,0.0,0,0.0,1,0,1,1.0,menos de 3 formas distintas
rspec,rspec-core/benchmarks/eager_vs_lazy_metadata.rb,79a280d76e10,testing,20,20,0,100,0.0,0,0.0,1,0,1,1.0,menos de 3 formas distintas
rspec,rspec-core/benchmarks/map_then_flatten_vs_flat_map_benchmarks.rb,79a280d76e10,testing,10,10,0,100,0.0,0,0.0,1,0,1,1.0,menos de 3 formas distintas
rspec,rspec-core/benchmarks/several_regexps_v_one_big_one.rb,79a280d76e10,testing,11,11,0,100,0.0,0,0.0,1,0,1,1.0,menos de 3 formas distintas
rspec,rspec-core/lib/rspec/core/minitest_assertions_adapter.rb,79a280d76e10,testing,3,3,0,0,0.67,0,0.0,1,3,1,1.0,menos de 3 formas distintas
rspec,rspec-core/lib/rspec/core/sandbox.rb,79a280d76e10,testing,14,14,100,0,0.0,0,0.0,1,3,1,1.0,menos de 3 formas distintas
rspec,rspec-expectations/benchmarks/caller_vs_raise_for_backtrace.rb,79a280d76e10,testing,4,4,0,100,0.0,0,0.0,1,0,1,1.0,menos de 3 formas distintas
rspec,rspec-expectations/lib/rspec/matchers/built_in/be_kind_of.rb,79a280d76e10,testing,7,7,0,100,0.0,1,0.0,1,4,1,1.0,menos de 3 formas distintas
rspec,rspec-mocks/benchmarks/allocations/helper.rb,79a280d76e10,testing,13,13,0,100,0.0,0,0.0,1,0,1,1.0,menos de 3 formas distintas
rubocop,lib/rubocop/arguments_env.rb,65854e6bbfe4,code formatting,9,9,100,0,0.0,0,0.0,1,2,1,1.0,menos de 3 formas distintas
rubocop,lib/rubocop/arguments_file.rb,65854e6bbfe4,code formatting,9,9,100,0,0.0,0,0.0,1,2,1,1.0,menos de 3 formas distintas
rubocop,lib/rubocop/cli/command/init_dotfile.rb,65854e6bbfe4,code formatting,28,28,0,0,0.0,1,0.0,1,4,1,1.0,menos de 3 formas distintas
rubocop,lib/rubocop/cli/command/lsp.rb,65854e6bbfe4,code formatting,5,5,0,0,0.0,1,0.0,1,4,1,1.0,menos de 3 formas distintas
rubocop,lib/rubocop/cli/command/mcp.rb,65854e6bbfe4,code formatting,5,5,0,0,0.0,1,0.0,1,4,1,1.0,menos de 3 formas distintas
rubocop,lib/rubocop/cli/command/version.rb,65854e6bbfe4,code formatting,4,4,0,100,0.0,1,0.0,1,4,1,1.0,menos de 3 formas distintas
rubocop,lib/rubocop/config_obsoletion/changed_parameter.rb,65854e6bbfe4,code formatting,14,14,0,100,0.0,2,0.0,1,3,1,1.0,menos de 3 formas distintas
rubocop,lib/rubocop/cop/correctors/string_literal_corrector.rb,65854e6bbfe4,code formatting,10,10,100,100,0.33,0,0.0,1,3,1,1.0,menos de 3 formas distintas
rubocop,lib/rubocop/cop/gemspec/add_runtime_dependency.rb,65854e6bbfe4,code formatting,7,7,0,100,0.25,1,0.0,1,4,1,1.0,menos de 3 formas distintas
rubocop,lib/rubocop/cop/internal_affairs/create_empty_file.rb,65854e6bbfe4,code formatting,12,12,0,100,0.25,1,0.0,1,4,1,1.0,menos de 3 formas distintas
rubocop,lib/rubocop/cop/internal_affairs/inherit_deprecated_cop_class.rb,65854e6bbfe4,code formatting,6,6,0,100,0.0,1,0.0,1,4,1,1.0,menos de 3 formas distintas
rubocop,lib/rubocop/cop/internal_affairs/itblock_handler.rb,65854e6bbfe4,code formatting,6,6,0,100,0.0,1,0.0,1,4,1,1.0,menos de 3 formas distintas
rubocop,lib/rubocop/cop/internal_affairs/lambda_or_proc.rb,65854e6bbfe4,code formatting,10,10,0,100,0.25,1,0.0,1,4,1,1.0,menos de 3 formas distintas
rubocop,lib/rubocop/cop/internal_affairs/location_expression.rb,65854e6bbfe4,code formatting,11,11,0,100,0.25,1,0.0,1,4,1,1.0,menos de 3 formas distintas
rubocop,lib/rubocop/cop/internal_affairs/method_name_equal.rb,65854e6bbfe4,code formatting,11,11,0,100,0.25,1,0.0,1,4,1,1.0,menos de 3 formas distintas
rubocop,lib/rubocop/cop/internal_affairs/node_first_or_last_argument.rb,65854e6bbfe4,code formatting,15,15,0,100,0.5,1,0.0,1,4,1,1.0,menos de 3 formas distintas
rubocop,lib/rubocop/cop/internal_affairs/node_type_predicate.rb,65854e6bbfe4,code formatting,12,12,0,100,0.25,1,0.0,1,4,1,1.0,menos de 3 formas distintas
rubocop,lib/rubocop/cop/internal_affairs/numblock_handler.rb,65854e6bbfe4,code formatting,6,6,0,100,0.0,1,0.0,1,4,1,1.0,menos de 3 formas distintas
rubocop,lib/rubocop/cop/internal_affairs/operator_keyword.rb,65854e6bbfe4,code formatting,11,11,0,100,0.25,1,0.0,1,4,1,1.0,menos de 3 formas distintas
rubocop,lib/rubocop/cop/internal_affairs/processed_source_buffer_name.rb,65854e6bbfe4,code formatting,9,9,0,100,0.25,1,0.0,1,4,1,1.0,menos de 3 formas distintas
rubocop,lib/rubocop/cop/internal_affairs/redundant_expect_offense_arguments.rb,65854e6bbfe4,code formatting,9,9,0,100,0.25,1,0.0,1,4,1,1.0,menos de 3 formas distintas
rubocop,lib/rubocop/cop/internal_affairs/redundant_method_dispatch_node.rb,65854e6bbfe4,code formatting,10,10,0,100,0.5,1,0.0,1,4,1,1.0,menos de 3 formas distintas
rubocop,lib/rubocop/cop/internal_affairs/redundant_source_range.rb,65854e6bbfe4,code formatting,11,11,0,100,0.25,1,0.0,1,4,1,1.0,menos de 3 formas distintas
rubocop,lib/rubocop/cop/layout/empty_lines_around_block_body.rb,65854e6bbfe4,code formatting,5,5,0,100,0.5,1,0.0,1,4,1,1.0,menos de 3 formas distintas
rubocop,lib/rubocop/cop/layout/empty_lines_around_module_body.rb,65854e6bbfe4,code formatting,3,3,0,100,0.5,1,0.0,1,4,1,1.0,menos de 3 formas distintas
rubocop,lib/rubocop/cop/layout/leading_empty_lines.rb,65854e6bbfe4,code formatting,10,10,0,100,0.25,1,0.0,1,4,1,1.0,menos de 3 formas distintas
rubocop,lib/rubocop/cop/layout/multiline_array_brace_layout.rb,65854e6bbfe4,code formatting,3,3,0,0,0.5,1,0.0,1,4,1,1.0,menos de 3 formas distintas
rubocop,lib/rubocop/cop/layout/multiline_hash_brace_layout.rb,65854e6bbfe4,code formatting,3,3,0,0,0.5,1,0.0,1,4,1,1.0,menos de 3 formas distintas
rubocop,lib/rubocop/cop/layout/multiline_method_definition_brace_layout.rb,65854e6bbfe4,code formatting,3,3,0,100,0.5,1,0.0,1,4,1,1.0,menos de 3 formas distintas
rubocop,lib/rubocop/cop/layout/space_after_method_name.rb,65854e6bbfe4,code formatting,12,12,0,100,0.5,1,0.0,1,4,1,1.0,menos de 3 formas distintas
rubocop,lib/rubocop/cop/layout/space_before_brackets.rb,65854e6bbfe4,code formatting,13,13,0,100,0.5,1,0.0,1,4,1,1.0,menos de 3 formas distintas
rubocop,lib/rubocop/cop/layout/space_before_comma.rb,65854e6bbfe4,code formatting,3,3,0,100,0.5,1,0.0,1,4,1,1.0,menos de 3 formas distintas
rubocop,lib/rubocop/cop/layout/space_before_comment.rb,65854e6bbfe4,code formatting,11,11,0,100,0.25,1,0.0,1,4,1,1.0,menos de 3 formas distintas
rubocop,lib/rubocop/cop/layout/space_before_semicolon.rb,65854e6bbfe4,code formatting,3,3,0,100,0.5,1,0.0,1,4,1,1.0,menos de 3 formas distintas
rubocop,lib/rubocop/cop/lazy_loader.rb,65854e6bbfe4,code formatting,9,9,0,0,0.0,0,0.0,1,3,1,1.0,menos de 3 formas distintas
rubocop,lib/rubocop/cop/lint/ambiguous_assignment.rb,65854e6bbfe4,code formatting,10,10,0,100,0.5,1,0.0,1,4,1,1.0,menos de 3 formas distintas
rubocop,lib/rubocop/cop/lint/big_decimal_new.rb,65854e6bbfe4,code formatting,9,9,0,100,0.25,1,0.0,1,4,1,1.0,menos de 3 formas distintas
rubocop,lib/rubocop/cop/lint/data_define_override.rb,65854e6bbfe4,code formatting,14,14,0,100,0.0,1,0.0,1,4,1,1.0,menos de 3 formas distintas
rubocop,lib/rubocop/cop/lint/duplicate_case_condition.rb,65854e6bbfe4,code formatting,7,7,0,100,0.0,1,0.0,1,4,1,1.0,menos de 3 formas distintas
rubocop,lib/rubocop/cop/lint/duplicate_elsif_condition.rb,65854e6bbfe4,code formatting,10,10,0,100,0.0,1,0.0,1,4,1,1.0,menos de 3 formas distintas
rubocop,lib/rubocop/cop/lint/duplicate_hash_key.rb,65854e6bbfe4,code formatting,7,7,0,100,0.25,1,0.0,1,4,1,1.0,menos de 3 formas distintas
rubocop,lib/rubocop/cop/lint/duplicate_rescue_exception.rb,65854e6bbfe4,code formatting,11,11,0,100,0.25,1,0.0,1,4,1,1.0,menos de 3 formas distintas
rubocop,lib/rubocop/cop/lint/each_with_object_argument.rb,65854e6bbfe4,code formatting,7,7,0,100,0.0,1,0.0,1,4,1,1.0,menos de 3 formas distintas
rubocop,lib/rubocop/cop/lint/empty_ensure.rb,65854e6bbfe4,code formatting,5,5,0,100,0.25,1,0.0,1,4,1,1.0,menos de 3 formas distintas
rubocop,lib/rubocop/cop/lint/float_out_of_range.rb,65854e6bbfe4,code formatting,5,5,0,100,0.0,1,0.0,1,4,1,1.0,menos de 3 formas distintas
rubocop,lib/rubocop/cop/lint/hash_compare_by_identity.rb,65854e6bbfe4,code formatting,3,3,0,0,0.0,1,0.0,1,4,1,1.0,menos de 3 formas distintas
rubocop,lib/rubocop/cop/lint/hash_new_with_keyword_arguments_as_default.rb,65854e6bbfe4,code formatting,12,12,0,100,0.25,1,0.0,1,4,1,1.0,menos de 3 formas distintas
rubocop,lib/rubocop/cop/lint/identity_comparison.rb,65854e6bbfe4,code formatting,16,16,0,100,0.25,1,0.0,1,4,1,1.0,menos de 3 formas distintas
rubocop,lib/rubocop/cop/lint/lambda_without_literal_block.rb,65854e6bbfe4,code formatting,9,9,0,100,0.25,1,0.0,1,4,1,1.0,menos de 3 formas distintas
rubocop,lib/rubocop/cop/lint/mixed_regexp_capture_types.rb,65854e6bbfe4,code formatting,7,7,0,100,0.0,1,0.0,1,4,1,1.0,menos de 3 formas distintas
rubocop,lib/rubocop/cop/lint/multiple_comparison.rb,65854e6bbfe4,code formatting,12,12,0,100,0.25,1,0.0,1,4,1,1.0,menos de 3 formas distintas
rubocop,lib/rubocop/cop/lint/numbered_parameter_assignment.rb,65854e6bbfe4,code formatting,8,8,0,100,0.0,1,0.0,1,4,1,1.0,menos de 3 formas distintas
rubocop,lib/rubocop/cop/lint/or_assignment_to_constant.rb,65854e6bbfe4,code formatting,9,9,0,100,0.25,1,0.0,1,4,1,1.0,menos de 3 formas distintas
rubocop,lib/rubocop/cop/lint/refinement_import_methods.rb,65854e6bbfe4,code formatting,11,11,0,100,0.5,1,0.0,1,4,1,1.0,menos de 3 formas distintas
rubocop,lib/rubocop/cop/lint/regexp_as_condition.rb,65854e6bbfe4,code formatting,16,16,0,100,0.25,1,0.0,1,4,1,1.0,menos de 3 formas distintas
rubocop,lib/rubocop/cop/lint/require_range_parentheses.rb,65854e6bbfe4,code formatting,9,9,0,100,0.0,1,0.0,1,4,1,1.0,menos de 3 formas distintas
rubocop,lib/rubocop/cop/lint/return_in_void_context.rb,65854e6bbfe4,code formatting,14,14,0,100,0.0,1,0.0,1,4,1,1.0,menos de 3 formas distintas
rubocop,lib/rubocop/cop/lint/safe_navigation_with_empty.rb,65854e6bbfe4,code formatting,11,11,0,100,0.25,1,0.0,1,4,1,1.0,menos de 3 formas distintas
rubocop,lib/rubocop/cop/lint/shared_mutable_default.rb,65854e6bbfe4,code formatting,5,5,0,0,0.0,1,0.0,1,4,1,1.0,menos de 3 formas distintas
rubocop,lib/rubocop/cop/lint/struct_new_override.rb,65854e6bbfe4,code formatting,18,18,0,100,0.0,1,0.0,1,4,1,1.0,menos de 3 formas distintas
rubocop,lib/rubocop/cop/lint/to_json.rb,65854e6bbfe4,code formatting,16,16,0,100,0.25,1,0.0,1,4,1,1.0,menos de 3 formas distintas
rubocop,lib/rubocop/cop/lint/unified_integer.rb,65854e6bbfe4,code formatting,11,11,0,100,0.25,1,0.0,1,4,1,1.0,menos de 3 formas distintas
rubocop,lib/rubocop/cop/lint/uri_escape_unescape.rb,65854e6bbfe4,code formatting,19,19,0,100,0.0,1,0.0,1,4,1,1.0,menos de 3 formas distintas
rubocop,lib/rubocop/cop/lint/uri_regexp.rb,65854e6bbfe4,code formatting,13,13,0,100,0.25,1,0.0,1,4,1,1.0,menos de 3 formas distintas
rubocop,lib/rubocop/cop/lint/useless_defined.rb,65854e6bbfe4,code formatting,6,6,0,100,0.0,1,0.0,1,4,1,1.0,menos de 3 formas distintas
rubocop,lib/rubocop/cop/lint/useless_else_without_rescue.rb,65854e6bbfe4,code formatting,7,7,0,100,0.25,1,0.0,1,4,1,1.0,menos de 3 formas distintas
rubocop,lib/rubocop/cop/metrics/abc_size.rb,65854e6bbfe4,code formatting,6,6,0,100,0.25,1,0.0,1,4,1,1.0,menos de 3 formas distintas
rubocop,lib/rubocop/cop/mixin/array_syntax.rb,65854e6bbfe4,code formatting,5,5,0,100,0.0,0,0.0,1,3,1,1.0,menos de 3 formas distintas
rubocop,lib/rubocop/cop/mixin/auto_corrector.rb,65854e6bbfe4,code formatting,3,3,0,0,0.0,0,0.0,1,3,1,1.0,menos de 3 formas distintas
rubocop,lib/rubocop/cop/mixin/dig_help.rb,65854e6bbfe4,code formatting,3,3,0,100,0.33,0,0.0,1,3,1,1.0,menos de 3 formas distintas
rubocop,lib/rubocop/cop/mixin/empty_parameter.rb,65854e6bbfe4,code formatting,7,7,0,100,0.33,0,0.0,1,3,1,1.0,menos de 3 formas distintas
rubocop,lib/rubocop/cop/mixin/gemspec_help.rb,65854e6bbfe4,code formatting,5,5,0,100,0.33,0,0.0,1,3,1,1.0,menos de 3 formas distintas
rubocop,lib/rubocop/cop/mixin/integer_node.rb,65854e6bbfe4,code formatting,3,3,0,100,0.0,0,0.0,1,3,1,1.0,menos de 3 formas distintas
rubocop,lib/rubocop/cop/mixin/negative_conditional.rb,65854e6bbfe4,code formatting,12,12,0,100,0.33,0,0.0,1,3,1,1.0,menos de 3 formas distintas
rubocop,lib/rubocop/cop/mixin/on_normal_if_unless.rb,65854e6bbfe4,code formatting,5,5,0,100,0.0,0,0.0,1,3,1,1.0,menos de 3 formas distintas
rubocop,lib/rubocop/cop/mixin/parentheses.rb,65854e6bbfe4,code formatting,5,5,0,100,0.0,0,0.0,1,3,1,1.0,menos de 3 formas distintas
rubocop,lib/rubocop/cop/mixin/safe_assignment.rb,65854e6bbfe4,code formatting,3,3,0,100,0.33,0,0.0,1,3,1,1.0,menos de 3 formas distintas
rubocop,lib/rubocop/cop/mixin/symbol_help.rb,65854e6bbfe4,code formatting,3,3,0,100,0.0,0,0.0,1,3,1,1.0,menos de 3 formas distintas
rubocop,lib/rubocop/cop/naming/block_parameter_name.rb,65854e6bbfe4,code formatting,5,5,0,100,0.25,1,0.0,1,4,1,1.0,menos de 3 formas distintas
rubocop,lib/rubocop/cop/naming/class_and_module_camel_case.rb,65854e6bbfe4,code formatting,9,9,0,100,0.0,1,0.0,1,4,1,1.0,menos de 3 formas distintas
rubocop,lib/rubocop/cop/naming/method_parameter_name.rb,65854e6bbfe4,code formatting,5,5,0,100,0.25,1,0.0,1,4,1,1.0,menos de 3 formas distintas
rubocop,lib/rubocop/cop/security/eval.rb,65854e6bbfe4,code formatting,7,7,0,100,0.0,1,0.0,1,4,1,1.0,menos de 3 formas distintas
rubocop,lib/rubocop/cop/security/io_methods.rb,65854e6bbfe4,code formatting,10,10,0,100,0.25,1,0.0,1,4,1,1.0,menos de 3 formas distintas
rubocop,lib/rubocop/cop/security/json_load.rb,65854e6bbfe4,code formatting,7,7,0,100,0.25,1,0.0,1,4,1,1.0,menos de 3 formas distintas
rubocop,lib/rubocop/cop/security/marshal_load.rb,65854e6bbfe4,code formatting,5,5,0,100,0.0,1,0.0,1,4,1,1.0,menos de 3 formas distintas
rubocop,lib/rubocop/cop/security/yaml_load.rb,65854e6bbfe4,code formatting,7,7,0,100,0.5,1,0.0,1,4,1,1.0,menos de 3 formas distintas
rubocop,lib/rubocop/cop/style/array_intersect_with_single_element.rb,65854e6bbfe4,code formatting,17,17,0,100,0.25,1,0.0,1,4,1,1.0,menos de 3 formas distintas
rubocop,lib/rubocop/cop/style/array_join.rb,65854e6bbfe4,code formatting,7,7,0,100,0.25,1,0.0,1,4,1,1.0,menos de 3 formas distintas
rubocop,lib/rubocop/cop/style/begin_block.rb,65854e6bbfe4,code formatting,3,3,0,100,0.0,1,0.0,1,4,1,1.0,menos de 3 formas distintas
rubocop,lib/rubocop/cop/style/colon_method_definition.rb,65854e6bbfe4,code formatting,7,7,0,100,0.25,1,0.0,1,4,1,1.0,menos de 3 formas distintas
rubocop,lib/rubocop/cop/style/double_cop_disable_directive.rb,65854e6bbfe4,code formatting,9,9,0,100,0.25,1,0.0,1,4,1,1.0,menos de 3 formas distintas
rubocop,lib/rubocop/cop/style/empty_heredoc.rb,65854e6bbfe4,code formatting,17,17,0,100,1.0,1,0.0,1,4,1,1.0,menos de 3 formas distintas
rubocop,lib/rubocop/cop/style/end_block.rb,65854e6bbfe4,code formatting,5,5,0,100,0.25,1,0.0,1,4,1,1.0,menos de 3 formas distintas
rubocop,lib/rubocop/cop/style/env_home.rb,65854e6bbfe4,code formatting,12,12,0,100,0.25,1,0.0,1,4,1,1.0,menos de 3 formas distintas
rubocop,lib/rubocop/cop/style/if_unless_modifier_of_if_unless.rb,65854e6bbfe4,code formatting,8,8,0,100,0.5,1,0.0,1,4,1,1.0,menos de 3 formas distintas
rubocop,lib/rubocop/cop/style/implicit_runtime_error.rb,65854e6bbfe4,code formatting,5,5,0,0,0.0,1,0.0,1,4,1,1.0,menos de 3 formas distintas
rubocop,lib/rubocop/cop/style/inline_comment.rb,65854e6bbfe4,code formatting,8,8,0,100,0.0,1,0.0,1,4,1,1.0,menos de 3 formas distintas
rubocop,lib/rubocop/cop/style/it_assignment.rb,65854e6bbfe4,code formatting,5,5,0,100,0.0,1,0.0,1,4,1,1.0,menos de 3 formas distintas
rubocop,lib/rubocop/cop/style/mixin_usage.rb,65854e6bbfe4,code formatting,7,7,0,0,0.0,1,0.0,1,4,1,1.0,menos de 3 formas distintas
rubocop,lib/rubocop/cop/style/multiline_block_chain.rb,65854e6bbfe4,code formatting,15,15,0,100,0.25,1,0.0,1,4,1,1.0,menos de 3 formas distintas
rubocop,lib/rubocop/cop/style/negated_while.rb,65854e6bbfe4,code formatting,7,7,0,100,0.5,1,0.0,1,4,1,1.0,menos de 3 formas distintas
rubocop,lib/rubocop/cop/style/numbered_parameters.rb,65854e6bbfe4,code formatting,7,7,0,100,0.5,1,0.0,1,4,1,1.0,menos de 3 formas distintas
rubocop,lib/rubocop/cop/style/proc.rb,65854e6bbfe4,code formatting,7,7,0,100,0.25,1,0.0,1,4,1,1.0,menos de 3 formas distintas
rubocop,lib/rubocop/cop/style/redundant_array_flatten.rb,65854e6bbfe4,code formatting,8,8,0,100,0.25,1,0.0,1,4,1,1.0,menos de 3 formas distintas
rubocop,lib/rubocop/cop/style/redundant_regexp_constructor.rb,65854e6bbfe4,code formatting,10,10,0,100,0.25,1,0.0,1,4,1,1.0,menos de 3 formas distintas
rubocop,lib/rubocop/cop/style/reverse_find.rb,65854e6bbfe4,code formatting,9,9,0,100,0.5,1,0.0,1,4,1,1.0,menos de 3 formas distintas
rubocop,lib/rubocop/cop/style/send.rb,65854e6bbfe4,code formatting,5,5,0,100,0.0,1,0.0,1,4,1,1.0,menos de 3 formas distintas
rubocop,lib/rubocop/cop/style/string_chars.rb,65854e6bbfe4,code formatting,9,9,0,100,0.5,1,0.0,1,4,1,1.0,menos de 3 formas distintas
rubocop,lib/rubocop/cop/style/string_hash_keys.rb,65854e6bbfe4,code formatting,14,14,0,100,0.25,1,0.0,1,4,1,1.0,menos de 3 formas distintas
rubocop,lib/rubocop/cop/style/string_methods.rb,65854e6bbfe4,code formatting,9,9,0,100,0.5,1,0.0,1,4,1,1.0,menos de 3 formas distintas
rubocop,lib/rubocop/cop/style/strip.rb,65854e6bbfe4,code formatting,10,10,0,100,0.5,1,0.0,1,4,1,1.0,menos de 3 formas distintas
rubocop,lib/rubocop/cop/style/super_with_args_parentheses.rb,65854e6bbfe4,code formatting,9,9,0,100,0.25,1,0.0,1,4,1,1.0,menos de 3 formas distintas
rubocop,lib/rubocop/cop/style/symbol_literal.rb,65854e6bbfe4,code formatting,5,5,0,100,0.25,1,0.0,1,4,1,1.0,menos de 3 formas distintas
rubocop,lib/rubocop/cop/style/trailing_body_on_class.rb,65854e6bbfe4,code formatting,12,12,0,100,0.75,1,0.0,1,4,1,1.0,menos de 3 formas distintas
rubocop,lib/rubocop/cop/style/trailing_body_on_method_definition.rb,65854e6bbfe4,code formatting,13,13,0,100,0.75,1,0.0,1,4,1,1.0,menos de 3 formas distintas
rubocop,lib/rubocop/cop/style/trailing_body_on_module.rb,65854e6bbfe4,code formatting,12,12,0,100,0.75,1,0.0,1,4,1,1.0,menos de 3 formas distintas
rubocop,lib/rubocop/cop/style/trailing_comma_in_array_literal.rb,65854e6bbfe4,code formatting,5,5,0,100,0.5,1,0.0,1,4,1,1.0,menos de 3 formas distintas
rubocop,lib/rubocop/cop/style/trailing_comma_in_hash_literal.rb,65854e6bbfe4,code formatting,3,3,0,0,0.5,1,0.0,1,4,1,1.0,menos de 3 formas distintas
rubocop,lib/rubocop/cop/style/when_then.rb,65854e6bbfe4,code formatting,9,9,0,100,0.25,1,0.0,1,4,1,1.0,menos de 3 formas distintas
rubocop,lib/rubocop/core_ext/string.rb,65854e6bbfe4,code formatting,3,3,0,100,0.0,0,0.0,1,1,1,1.0,menos de 3 formas distintas
rubocop,lib/rubocop/ext/range.rb,65854e6bbfe4,code formatting,3,3,0,100,0.0,0,0.0,1,3,1,1.0,menos de 3 formas distintas
rubocop,lib/rubocop/formatter/auto_gen_config_formatter.rb,65854e6bbfe4,code formatting,8,8,0,100,0.0,4,0.0,1,3,1,1.0,menos de 3 formas distintas
rubocop,lib/rubocop/formatter/file_list_formatter.rb,65854e6bbfe4,code formatting,5,5,0,100,0.0,1,0.0,1,3,1,1.0,menos de 3 formas distintas
rubocop,lib/rubocop/formatter/quiet_formatter.rb,65854e6bbfe4,code formatting,3,3,0,100,0.0,2,0.0,1,3,1,1.0,menos de 3 formas distintas
rubocop,lib/rubocop/formatter/text_util.rb,65854e6bbfe4,code formatting,9,9,0,100,0.0,0,0.0,1,3,1,1.0,menos de 3 formas distintas
rubocop,lib/rubocop/lsp/logger.rb,65854e6bbfe4,code formatting,3,3,100,0,0.0,0,0.0,1,3,1,1.0,menos de 3 formas distintas
rubocop,lib/rubocop/lsp/severity.rb,65854e6bbfe4,code formatting,8,8,100,100,0.0,0,0.0,1,3,1,1.0,menos de 3 formas distintas
rubocop,lib/rubocop/platform.rb,65854e6bbfe4,code formatting,3,3,100,0,0.0,0,0.0,1,2,1,1.0,menos de 3 formas distintas
rubocop,lib/rubocop/server/client_command/restart.rb,65854e6bbfe4,code formatting,4,4,0,0,0.0,1,0.0,1,4,1,1.0,menos de 3 formas distintas
rubocop,lib/rubocop/server/client_command/status.rb,65854e6bbfe4,code formatting,7,7,0,0,0.0,1,0.0,1,4,1,1.0,menos de 3 formas distintas
rubocop,lib/rubocop/server/client_command/stop.rb,65854e6bbfe4,code formatting,10,10,0,0,0.0,1,0.0,1,4,1,1.0,menos de 3 formas distintas
rubocop,lib/rubocop/server/helper.rb,65854e6bbfe4,code formatting,15,15,100,0,0.0,0,0.0,1,3,1,1.0,menos de 3 formas distintas
rubocop,lib/rubocop/server/server_command/exec.rb,65854e6bbfe4,code formatting,12,12,0,100,0.0,1,0.0,1,4,1,1.0,menos de 3 formas distintas
rubocop,lib/rubocop/server/server_command/stop.rb,65854e6bbfe4,code formatting,3,3,0,0,0.0,1,0.0,1,4,1,1.0,menos de 3 formas distintas
rubocop,lib/rubocop/util.rb,65854e6bbfe4,code formatting,9,9,100,0,0.0,0,0.0,1,2,1,1.0,menos de 3 formas distintas
rubocop-performance,lib/rubocop-performance.rb,c07064ddee3f,code formatting,3,3,0,0,0.0,0,0.0,1,0,1,1.0,menos de 3 formas distintas
rubocop-performance,lib/rubocop/cop/mixin/sort_block.rb,c07064ddee3f,code formatting,3,3,0,100,0.67,0,0.0,1,3,1,1.0,menos de 3 formas distintas
rubocop-performance,lib/rubocop/cop/performance/big_decimal_with_numeric_argument.rb,c07064ddee3f,code formatting,25,25,0,100,0.5,1,0.0,1,4,1,1.0,menos de 3 formas distintas
rubocop-performance,lib/rubocop/cop/performance/concurrent_monotonic_time.rb,c07064ddee3f,code formatting,11,11,0,100,0.25,1,0.0,1,4,1,1.0,menos de 3 formas distintas
rubocop-performance,lib/rubocop/cop/performance/delete_prefix.rb,c07064ddee3f,code formatting,18,18,0,100,0.75,1,0.0,1,4,1,1.0,menos de 3 formas distintas
rubocop-performance,lib/rubocop/cop/performance/delete_suffix.rb,c07064ddee3f,code formatting,18,18,0,100,0.75,1,0.0,1,4,1,1.0,menos de 3 formas distintas
rubocop-performance,lib/rubocop/cop/performance/end_with.rb,c07064ddee3f,code formatting,14,14,0,100,0.5,1,0.0,1,4,1,1.0,menos de 3 formas distintas
rubocop-performance,lib/rubocop/cop/performance/method_object_as_block.rb,c07064ddee3f,code formatting,3,3,0,0,0.0,1,0.0,1,4,1,1.0,menos de 3 formas distintas
rubocop-performance,lib/rubocop/cop/performance/open_struct.rb,c07064ddee3f,code formatting,5,5,0,100,0.0,1,0.0,1,4,1,1.0,menos de 3 formas distintas
rubocop-performance,lib/rubocop/cop/performance/range_include.rb,c07064ddee3f,code formatting,9,9,0,100,0.25,1,0.0,1,4,1,1.0,menos de 3 formas distintas
rubocop-performance,lib/rubocop/cop/performance/size.rb,c07064ddee3f,code formatting,7,7,0,100,0.25,1,0.0,1,4,1,1.0,menos de 3 formas distintas
rubocop-performance,lib/rubocop/cop/performance/start_with.rb,c07064ddee3f,code formatting,14,14,0,100,0.5,1,0.0,1,4,1,1.0,menos de 3 formas distintas
rubocop-performance,lib/rubocop/cop/performance/string_bytesize.rb,c07064ddee3f,code formatting,9,9,0,100,0.25,1,0.0,1,4,1,1.0,menos de 3 formas distintas
rubocop-performance,lib/rubocop/cop/performance/uri_default_parser.rb,c07064ddee3f,code formatting,10,10,0,100,0.25,1,0.0,1,4,1,1.0,menos de 3 formas distintas
rubocop-performance,lib/rubocop/performance/version.rb,c07064ddee3f,code formatting,3,3,100,0,0.0,0,0.0,1,3,1,1.0,menos de 3 formas distintas
rubocop-rails,lib/rubocop/cop/mixin/class_send_node_helper.rb,2ccba590ec47,code formatting,11,11,0,100,0.0,0,0.0,1,3,1,1.0,menos de 3 formas distintas
rubocop-rails,lib/rubocop/cop/mixin/migrations_helper.rb,2ccba590ec47,code formatting,5,5,0,100,0.33,0,0.0,1,3,1,1.0,menos de 3 formas distintas
rubocop-rails,lib/rubocop/cop/mixin/routes_helper.rb,2ccba590ec47,code formatting,3,3,0,100,0.33,0,0.0,1,3,1,1.0,menos de 3 formas distintas
rubocop-rails,lib/rubocop/cop/rails/action_controller_test_case.rb,2ccba590ec47,code formatting,7,7,0,100,0.5,1,0.0,1,4,1,1.0,menos de 3 formas distintas
rubocop-rails,lib/rubocop/cop/rails/active_record_aliases.rb,2ccba590ec47,code formatting,14,14,0,100,0.25,1,0.0,1,4,1,1.0,menos de 3 formas distintas
rubocop-rails,lib/rubocop/cop/rails/active_support_aliases.rb,2ccba590ec47,code formatting,14,14,0,100,0.25,1,100.0,1,4,1,1.0,menos de 3 formas distintas
rubocop-rails,lib/rubocop/cop/rails/application_job.rb,2ccba590ec47,code formatting,5,5,0,100,0.75,1,0.0,1,4,1,1.0,menos de 3 formas distintas
rubocop-rails,lib/rubocop/cop/rails/arel_star.rb,2ccba590ec47,code formatting,7,7,0,100,0.25,1,0.0,1,4,1,1.0,menos de 3 formas distintas
rubocop-rails,lib/rubocop/cop/rails/attribute_default_block_value.rb,2ccba590ec47,code formatting,13,13,0,100,0.25,1,0.0,1,4,1,1.0,menos de 3 formas distintas
rubocop-rails,lib/rubocop/cop/rails/belongs_to.rb,2ccba590ec47,code formatting,14,14,0,100,0.5,1,0.0,1,4,1,1.0,menos de 3 formas distintas
rubocop-rails,lib/rubocop/cop/rails/delegate_allow_blank.rb,2ccba590ec47,code formatting,7,7,0,100,0.25,1,0.0,1,4,1,1.0,menos de 3 formas distintas
rubocop-rails,lib/rubocop/cop/rails/env.rb,2ccba590ec47,code formatting,10,10,0,100,0.0,1,0.0,1,4,1,1.0,menos de 3 formas distintas
rubocop-rails,lib/rubocop/cop/rails/has_and_belongs_to_many.rb,2ccba590ec47,code formatting,5,5,0,100,0.0,1,0.0,1,4,1,1.0,menos de 3 formas distintas
rubocop-rails,lib/rubocop/cop/rails/i18n_locale_assignment.rb,2ccba590ec47,code formatting,5,5,0,0,0.0,1,0.0,1,4,1,1.0,menos de 3 formas distintas
rubocop-rails,lib/rubocop/cop/rails/i18n_locale_texts.rb,2ccba590ec47,code formatting,17,17,0,100,0.0,1,0.0,1,4,1,1.0,menos de 3 formas distintas
rubocop-rails,lib/rubocop/cop/rails/ignored_columns_assignment.rb,2ccba590ec47,code formatting,5,5,0,100,0.25,1,0.0,1,4,1,1.0,menos de 3 formas distintas
rubocop-rails,lib/rubocop/cop/rails/index_by.rb,2ccba590ec47,code formatting,3,3,0,0,0.5,1,0.0,1,4,1,1.0,menos de 3 formas distintas
rubocop-rails,lib/rubocop/cop/rails/index_with.rb,2ccba590ec47,code formatting,3,3,0,0,0.75,1,0.0,1,4,1,1.0,menos de 3 formas distintas
rubocop-rails,lib/rubocop/cop/rails/inquiry.rb,2ccba590ec47,code formatting,7,7,0,100,0.0,1,0.0,1,4,1,1.0,menos de 3 formas distintas
rubocop-rails,lib/rubocop/cop/rails/negate_include.rb,2ccba590ec47,code formatting,7,7,0,100,0.25,1,0.0,1,4,1,1.0,menos de 3 formas distintas
rubocop-rails,lib/rubocop/cop/rails/redundant_travel_back.rb,2ccba590ec47,code formatting,11,11,0,100,0.75,1,0.0,1,4,1,1.0,menos de 3 formas distintas
rubocop-rails,lib/rubocop/cop/rails/render_inline.rb,2ccba590ec47,code formatting,3,3,0,0,0.0,1,0.0,1,4,1,1.0,menos de 3 formas distintas
rubocop-rails,lib/rubocop/cop/rails/require_dependency.rb,2ccba590ec47,code formatting,3,3,0,0,0.25,1,0.0,1,4,1,1.0,menos de 3 formas distintas
rubocop-rails,lib/rubocop/cop/rails/reversible_migration_method_definition.rb,2ccba590ec47,code formatting,5,5,0,0,0.25,1,0.0,1,4,1,1.0,menos de 3 formas distintas
rubocop-rails,lib/rubocop/cop/rails/safe_navigation_with_blank.rb,2ccba590ec47,code formatting,7,7,0,100,0.25,1,0.0,1,4,1,1.0,menos de 3 formas distintas
rubocop-rails,lib/rubocop/cop/rails/scope_args.rb,2ccba590ec47,code formatting,7,7,0,100,0.25,1,0.0,1,4,1,1.0,menos de 3 formas distintas
rubocop-rails,lib/rubocop/cop/rails/short_i18n.rb,2ccba590ec47,code formatting,13,13,0,100,0.5,1,0.0,1,4,1,1.0,menos de 3 formas distintas
rubocop-rails,lib/rubocop/cop/rails/table_name_assignment.rb,2ccba590ec47,code formatting,5,5,0,0,0.25,1,0.0,1,4,1,1.0,menos de 3 formas distintas
rubocop-rails,lib/rubocop/cop/rails/time_zone_assignment.rb,2ccba590ec47,code formatting,5,5,0,0,0.0,1,0.0,1,4,1,1.0,menos de 3 formas distintas
rubocop-rails,lib/rubocop/cop/rails/to_formatted_s.rb,2ccba590ec47,code formatting,7,7,0,100,0.75,1,0.0,1,4,1,1.0,menos de 3 formas distintas
rubocop-rails,lib/rubocop/cop/rails/unused_render_content.rb,2ccba590ec47,code formatting,5,5,0,0,0.25,1,0.0,1,4,1,1.0,menos de 3 formas distintas
rubocop-rails,lib/rubocop/rails/version.rb,2ccba590ec47,code formatting,3,3,100,0,0.0,0,0.0,1,3,1,1.0,menos de 3 formas distintas
rubocop-rspec,lib/rubocop-rspec.rb,2488441eb70a,code formatting,4,4,0,0,0.0,0,0.0,1,0,1,1.0,menos de 3 formas distintas
rubocop-rspec,lib/rubocop/cop/rspec/any_instance.rb,2488441eb70a,code formatting,3,3,0,100,0.0,2,0.0,1,4,1,1.0,menos de 3 formas distintas
rubocop-rspec,lib/rubocop/cop/rspec/be.rb,2488441eb70a,code formatting,5,5,0,100,0.0,2,0.0,1,4,1,1.0,menos de 3 formas distintas
rubocop-rspec,lib/rubocop/cop/rspec/be_empty.rb,2488441eb70a,code formatting,7,7,0,100,0.25,2,0.0,1,4,1,1.0,menos de 3 formas distintas
rubocop-rspec,lib/rubocop/cop/rspec/be_eq.rb,2488441eb70a,code formatting,7,7,0,100,0.25,2,0.0,1,4,1,1.0,menos de 3 formas distintas
rubocop-rspec,lib/rubocop/cop/rspec/be_eql.rb,2488441eb70a,code formatting,7,7,0,100,0.25,2,0.0,1,4,1,1.0,menos de 3 formas distintas
rubocop-rspec,lib/rubocop/cop/rspec/before_after_all.rb,2488441eb70a,code formatting,8,8,0,100,0.0,2,0.0,1,4,1,1.0,menos de 3 formas distintas
rubocop-rspec,lib/rubocop/cop/rspec/contain_exactly.rb,2488441eb70a,code formatting,8,8,0,100,0.25,2,0.0,1,4,1,1.0,menos de 3 formas distintas
rubocop-rspec,lib/rubocop/cop/rspec/describe_symbol.rb,2488441eb70a,code formatting,5,5,0,0,0.0,2,0.0,1,4,1,1.0,menos de 3 formas distintas
rubocop-rspec,lib/rubocop/cop/rspec/described_class_module_wrapping.rb,2488441eb70a,code formatting,5,5,0,0,0.0,2,0.0,1,4,1,1.0,menos de 3 formas distintas
rubocop-rspec,lib/rubocop/cop/rspec/dialect.rb,2488441eb70a,code formatting,14,14,0,100,0.5,2,0.0,1,4,1,1.0,menos de 3 formas distintas
rubocop-rspec,lib/rubocop/cop/rspec/empty_hook.rb,2488441eb70a,code formatting,9,9,0,100,0.5,2,0.0,1,4,1,1.0,menos de 3 formas distintas
rubocop-rspec,lib/rubocop/cop/rspec/empty_line_after_example_group.rb,2488441eb70a,code formatting,7,7,0,0,0.5,2,0.0,1,4,1,1.0,menos de 3 formas distintas
rubocop-rspec,lib/rubocop/cop/rspec/empty_line_after_final_let.rb,2488441eb70a,code formatting,11,11,0,100,0.5,2,0.0,1,4,1,1.0,menos de 3 formas distintas
rubocop-rspec,lib/rubocop/cop/rspec/empty_line_after_subject.rb,2488441eb70a,code formatting,8,8,0,0,0.75,2,0.0,1,4,1,1.0,menos de 3 formas distintas
rubocop-rspec,lib/rubocop/cop/rspec/empty_output.rb,2488441eb70a,code formatting,10,10,0,100,0.25,2,0.0,1,4,1,1.0,menos de 3 formas distintas
rubocop-rspec,lib/rubocop/cop/rspec/identical_equality_assertion.rb,2488441eb70a,code formatting,5,5,0,100,0.0,2,0.0,1,4,1,1.0,menos de 3 formas distintas
rubocop-rspec,lib/rubocop/cop/rspec/include_examples.rb,2488441eb70a,code formatting,7,7,0,100,0.25,2,0.0,1,4,1,1.0,menos de 3 formas distintas
rubocop-rspec,lib/rubocop/cop/rspec/is_expected_specify.rb,2488441eb70a,code formatting,9,9,0,100,0.25,2,0.0,1,4,1,1.0,menos de 3 formas distintas
rubocop-rspec,lib/rubocop/cop/rspec/message_chain.rb,2488441eb70a,code formatting,5,5,0,100,0.0,2,0.0,1,4,1,1.0,menos de 3 formas distintas
rubocop-rspec,lib/rubocop/cop/rspec/missing_example_group_argument.rb,2488441eb70a,code formatting,6,6,0,100,0.0,2,0.0,1,4,1,1.0,menos de 3 formas distintas
rubocop-rspec,lib/rubocop/cop/rspec/missing_expectation_target_method.rb,2488441eb70a,code formatting,7,7,0,100,0.0,2,0.0,1,4,1,1.0,menos de 3 formas distintas
rubocop-rspec,lib/rubocop/cop/rspec/mixin/file_help.rb,2488441eb70a,code formatting,3,3,0,100,0.0,0,0.0,1,4,1,1.0,menos de 3 formas distintas
rubocop-rspec,lib/rubocop/cop/rspec/mixin/final_end_location.rb,2488441eb70a,code formatting,8,8,0,100,0.0,0,0.0,1,4,1,1.0,menos de 3 formas distintas
rubocop-rspec,lib/rubocop/cop/rspec/mixin/inside_example.rb,2488441eb70a,code formatting,3,3,0,100,0.0,0,0.0,1,4,1,1.0,menos de 3 formas distintas
rubocop-rspec,lib/rubocop/cop/rspec/mixin/namespace.rb,2488441eb70a,code formatting,6,6,0,100,0.0,0,0.0,1,4,1,1.0,menos de 3 formas distintas
rubocop-rspec,lib/rubocop/cop/rspec/multiple_describes.rb,2488441eb70a,code formatting,9,9,0,100,0.25,2,0.0,1,4,1,1.0,menos de 3 formas distintas
rubocop-rspec,lib/rubocop/cop/rspec/no_expectation_example.rb,2488441eb70a,code formatting,8,8,0,100,0.5,2,0.0,1,4,1,1.0,menos de 3 formas distintas
rubocop-rspec,lib/rubocop/cop/rspec/remove_const.rb,2488441eb70a,code formatting,5,5,0,0,0.25,2,0.0,1,4,1,1.0,menos de 3 formas distintas
rubocop-rspec,lib/rubocop/cop/rspec/skip_block_inside_example.rb,2488441eb70a,code formatting,6,6,0,100,0.25,2,0.0,1,4,1,1.0,menos de 3 formas distintas
rubocop-rspec,lib/rubocop/rspec/cop/generator.rb,2488441eb70a,code formatting,10,10,0,0,0.0,1,0.0,1,4,1,1.0,menos de 3 formas distintas
rubocop-rspec,lib/rubocop/rspec/node.rb,2488441eb70a,code formatting,8,8,0,100,0.0,0,0.0,1,3,1,1.0,menos de 3 formas distintas
rubocop-rspec,lib/rubocop/rspec/shared_contexts/default_rspec_language_config_context.rb,2488441eb70a,code formatting,10,10,0,100,0.0,0,0.0,1,0,1,1.0,menos de 3 formas distintas
rufus-scheduler,misc/six_field_cronline_test.rb,ec048146d12d,scheduling,10,10,0,100,0.0,0,0.0,1,0,1,1.0,menos de 3 formas distintas
savon,lib/savon/string_utils.rb,69ab4149642b,http clients and tools,10,10,100,100,0.0,0,0.0,1,2,1,1.0,menos de 3 formas distintas
sawyer,example/server.rb,7a60719e675f,http clients and tools,3,3,0,0,0.0,0,0.0,1,0,1,1.0,menos de 3 formas distintas
sawyer,lib/sawyer/link_parsers/hal.rb,7a60719e675f,http clients and tools,5,5,0,100,0.0,0,0.0,1,3,1,1.0,menos de 3 formas distintas
sawyer,lib/sawyer/link_parsers/simple.rb,7a60719e675f,http clients and tools,11,11,0,100,0.0,0,0.0,1,3,1,1.0,menos de 3 formas distintas
selenium-webdriver,lib/selenium/webdriver/bidi/error.rb,9175ed94d83e,testing,4,4,100,0,0.0,0,100.0,1,6,1,1.0,menos de 3 formas distintas
selenium-webdriver,lib/selenium/webdriver/bidi/network/cookies.rb,9175ed94d83e,testing,11,11,0,100,0.0,1,0.0,1,4,1,1.0,menos de 3 formas distintas
selenium-webdriver,lib/selenium/webdriver/bidi/network/headers.rb,9175ed94d83e,testing,11,11,0,100,0.0,1,0.0,1,4,1,1.0,menos de 3 formas distintas
selenium-webdriver,lib/selenium/webdriver/common/driver_extensions/downloads_files.rb,9175ed94d83e,testing,10,10,0,100,0.0,0,0.0,1,4,1,1.0,menos de 3 formas distintas
selenium-webdriver,lib/selenium/webdriver/common/driver_extensions/has_cdp.rb,9175ed94d83e,testing,3,3,0,100,0.0,0,0.0,1,4,1,1.0,menos de 3 formas distintas
selenium-webdriver,lib/selenium/webdriver/common/driver_extensions/has_debugger.rb,9175ed94d83e,testing,3,3,0,100,0.0,0,0.0,1,4,1,1.0,menos de 3 formas distintas
selenium-webdriver,lib/selenium/webdriver/common/driver_extensions/has_devtools.rb,9175ed94d83e,testing,9,9,0,0,0.0,0,0.0,1,4,1,1.0,menos de 3 formas distintas
selenium-webdriver,lib/selenium/webdriver/common/driver_extensions/has_launching.rb,9175ed94d83e,testing,3,3,0,100,0.0,0,0.0,1,4,1,1.0,menos de 3 formas distintas
selenium-webdriver,lib/selenium/webdriver/common/driver_extensions/has_logs.rb,9175ed94d83e,testing,3,3,0,0,0.0,0,0.0,1,4,1,1.0,menos de 3 formas distintas
selenium-webdriver,lib/selenium/webdriver/common/driver_extensions/has_network_interception.rb,9175ed94d83e,testing,4,4,0,100,0.0,0,0.0,1,4,1,1.0,menos de 3 formas distintas
selenium-webdriver,lib/selenium/webdriver/common/driver_extensions/has_session_events.rb,9175ed94d83e,testing,3,3,0,100,0.0,0,0.0,1,4,1,1.0,menos de 3 formas distintas
selenium-webdriver,lib/selenium/webdriver/common/driver_extensions/has_session_id.rb,9175ed94d83e,testing,3,3,0,100,0.0,0,0.0,1,4,1,1.0,menos de 3 formas distintas
selenium-webdriver,lib/selenium/webdriver/common/driver_extensions/uploads_files.rb,9175ed94d83e,testing,5,5,0,100,0.0,0,0.0,1,4,1,1.0,menos de 3 formas distintas
selenium-webdriver,lib/selenium/webdriver/common/fedcm/account.rb,9175ed94d83e,testing,11,11,0,100,0.0,0,0.0,1,4,1,1.0,menos de 3 formas distintas
selenium-webdriver,lib/selenium/webdriver/common/interactions/none_input.rb,9175ed94d83e,testing,4,4,0,0,0.0,1,0.0,1,4,1,1.0,menos de 3 formas distintas
selenium-webdriver,lib/selenium/webdriver/devtools/console_event.rb,9175ed94d83e,testing,7,7,0,100,0.0,0,0.0,1,4,1,1.0,menos de 3 formas distintas
selenium-webdriver,lib/selenium/webdriver/devtools/exception_event.rb,9175ed94d83e,testing,5,5,0,100,0.0,0,0.0,1,4,1,1.0,menos de 3 formas distintas
selenium-webdriver,lib/selenium/webdriver/devtools/mutation_event.rb,9175ed94d83e,testing,6,6,0,0,0.0,0,0.0,1,4,1,1.0,menos de 3 formas distintas
selenium-webdriver,lib/selenium/webdriver/ie/service.rb,9175ed94d83e,testing,9,9,0,100,0.0,1,0.0,1,4,1,1.0,menos de 3 formas distintas
selenium-webdriver,lib/selenium/webdriver/remote/server_error.rb,9175ed94d83e,testing,7,7,0,100,0.0,1,0.0,1,4,1,1.0,menos de 3 formas distintas
selenium-webdriver,lib/selenium/webdriver/support/escaper.rb,9175ed94d83e,testing,16,16,100,100,0.0,0,0.0,1,4,1,1.0,menos de 3 formas distintas
sentry-ruby,sentry-delayed_job/lib/sentry/delayed_job/configuration.rb,a940dfdb5a64,error handling,3,3,0,0,0.0,0,0.0,1,4,1,1.0,menos de 3 formas distintas
sentry-ruby,sentry-opentelemetry/lib/sentry/opentelemetry/configuration.rb,a940dfdb5a64,error handling,6,6,0,0,0.0,0,0.0,1,4,1,1.0,menos de 3 formas distintas
sentry-ruby,sentry-rails/app/jobs/sentry/send_event_job.rb,a940dfdb5a64,error handling,3,3,0,0,0.0,1,0.0,1,4,1,1.0,menos de 3 formas distintas
sentry-ruby,sentry-rails/benchmarks/application.rb,a940dfdb5a64,error handling,8,8,0,100,0.0,0,0.0,1,0,1,1.0,menos de 3 formas distintas
sentry-ruby,sentry-rails/lib/sentry/rails/background_worker.rb,a940dfdb5a64,error handling,9,9,0,0,0.0,0,0.0,1,3,1,1.0,menos de 3 formas distintas
sentry-ruby,sentry-rails/lib/sentry/rails/backtrace_cleaner.rb,a940dfdb5a64,error handling,15,15,0,100,0.0,1,0.0,1,3,1,1.0,menos de 3 formas distintas
sentry-ruby,sentry-rails/lib/sentry/rails/error_subscriber.rb,a940dfdb5a64,error handling,23,23,0,100,0.0,0,0.0,1,3,1,1.0,menos de 3 formas distintas
sentry-ruby,sentry-rails/lib/sentry/rails/overrides/streaming_reporter.rb,a940dfdb5a64,error handling,4,4,0,0,0.0,0,0.0,1,4,1,1.0,menos de 3 formas distintas
sentry-ruby,sentry-rails/lib/sentry/rails/tracing/action_view_subscriber.rb,a940dfdb5a64,error handling,11,11,100,100,0.0,1,0.0,1,4,1,1.0,menos de 3 formas distintas
sentry-ruby,sentry-rails/lib/sentry/rails/tracing/active_record_subscriber.rb,a940dfdb5a64,error handling,60,60,100,100,0.0,1,0.0,1,4,1,1.0,menos de 3 formas distintas
sentry-ruby,sentry-rails/lib/sentry/rails/tracing/active_storage_subscriber.rb,a940dfdb5a64,error handling,18,18,100,100,0.0,1,0.0,1,4,1,1.0,menos de 3 formas distintas
sentry-ruby,sentry-resque/lib/sentry/resque/configuration.rb,a940dfdb5a64,error handling,3,3,0,0,0.0,0,0.0,1,4,1,1.0,menos de 3 formas distintas
sentry-ruby,sentry-ruby/lib/sentry/interface.rb,a940dfdb5a64,error handling,3,3,0,100,0.0,0,100.0,1,2,1,1.0,menos de 3 formas distintas
sentry-ruby,sentry-ruby/lib/sentry/interfaces/mechanism.rb,a940dfdb5a64,error handling,4,4,0,0,0.0,1,0.0,1,2,1,1.0,menos de 3 formas distintas
sentry-ruby,sentry-ruby/lib/sentry/log_event_buffer.rb,a940dfdb5a64,error handling,12,12,0,100,0.0,2,0.0,1,2,1,1.0,menos de 3 formas distintas
sentry-ruby,sentry-ruby/lib/sentry/logger.rb,a940dfdb5a64,error handling,9,9,0,100,0.0,1,0.0,1,2,1,1.0,menos de 3 formas distintas
sentry-ruby,sentry-ruby/lib/sentry/metric_event_buffer.rb,a940dfdb5a64,error handling,12,12,0,100,0.0,2,0.0,1,2,1,1.0,menos de 3 formas distintas
sentry-ruby,sentry-ruby/lib/sentry/puma.rb,a940dfdb5a64,error handling,18,18,0,100,0.0,0,0.0,1,3,1,1.0,menos de 3 formas distintas
sentry-ruby,sentry-ruby/lib/sentry/rake.rb,a940dfdb5a64,error handling,11,11,0,100,0.2,0,0.0,1,5,1,1.0,menos de 3 formas distintas
sentry-ruby,sentry-ruby/lib/sentry/sequel.rb,a940dfdb5a64,error handling,17,17,0,100,0.0,0,0.0,1,3,1,1.0,menos de 3 formas distintas
sentry-ruby,sentry-ruby/lib/sentry/std_lib_logger.rb,a940dfdb5a64,error handling,33,33,0,100,0.0,0,100.0,1,2,1,1.0,menos de 3 formas distintas
sentry-ruby,sentry-ruby/lib/sentry/utils/custom_inspection.rb,a940dfdb5a64,error handling,8,8,0,100,0.0,0,100.0,1,2,1,1.0,menos de 3 formas distintas
sentry-ruby,sentry-ruby/lib/sentry/utils/env_helper.rb,a940dfdb5a64,error handling,10,10,100,100,0.0,0,0.0,1,3,1,1.0,menos de 3 formas distintas
sentry-ruby,sentry-ruby/lib/sentry/utils/exception_cause_chain.rb,a940dfdb5a64,error handling,12,12,100,100,0.0,0,0.0,1,3,1,1.0,menos de 3 formas distintas
sentry-ruby,sentry-ruby/lib/sentry/utils/request_id.rb,a940dfdb5a64,error handling,7,7,100,100,0.0,0,0.0,1,3,1,1.0,menos de 3 formas distintas
sentry-ruby,sentry-ruby/lib/sentry/utils/telemetry_attributes.rb,a940dfdb5a64,error handling,30,30,0,100,0.0,0,0.0,1,3,1,1.0,menos de 3 formas distintas
sentry-ruby,sentry-ruby/lib/sentry/utils/uuid.rb,a940dfdb5a64,error handling,3,3,100,0,0.0,0,0.0,1,2,1,1.0,menos de 3 formas distintas
sentry-ruby,sentry-sidekiq/lib/sentry/sidekiq-scheduler/scheduler.rb,a940dfdb5a64,error handling,47,47,0,100,0.0,0,500.0,1,3,1,1.0,menos de 3 formas distintas
sentry-ruby,sentry-sidekiq/lib/sentry/sidekiq/configuration.rb,a940dfdb5a64,error handling,5,5,0,0,0.0,0,0.0,1,4,1,1.0,menos de 3 formas distintas
sentry-ruby,sentry-sidekiq/lib/sentry/sidekiq/cron/helpers.rb,a940dfdb5a64,error handling,12,12,100,100,0.0,0,0.0,1,4,1,1.0,menos de 3 formas distintas
shoulda-matchers,lib/shoulda/matchers/active_model/allow_value_matcher/successful_check.rb,cf3b3685f2c0,testing,3,3,0,0,0.0,0,0.0,1,5,1,1.0,menos de 3 formas distintas
shoulda-matchers,lib/shoulda/matchers/active_model/allow_value_matcher/successful_setting.rb,cf3b3685f2c0,testing,3,3,0,0,0.0,0,0.0,1,5,1,1.0,menos de 3 formas distintas
shoulda-matchers,lib/shoulda/matchers/independent/delegate_method_matcher/target_not_defined_error.rb,cf3b3685f2c0,testing,4,4,0,0,0.0,1,0.0,1,5,1,1.0,menos de 3 formas distintas
shoulda-matchers,lib/shoulda/matchers/integrations/inclusion.rb,cf3b3685f2c0,testing,11,11,0,100,0.0,0,100.0,1,4,1,1.0,menos de 3 formas distintas
shoulda-matchers,lib/shoulda/matchers/integrations/libraries/rails.rb,cf3b3685f2c0,testing,9,9,0,100,0.2,0,0.0,1,5,1,1.0,menos de 3 formas distintas
shoulda-matchers,lib/shoulda/matchers/integrations/rails.rb,cf3b3685f2c0,testing,3,3,0,0,0.0,0,0.0,1,4,1,1.0,menos de 3 formas distintas
shoulda-matchers,lib/shoulda/matchers/routing.rb,cf3b3685f2c0,testing,3,3,0,0,0.0,0,0.0,1,3,1,1.0,menos de 3 formas distintas
simplecov,benchmarks/result.rb,76a8e4e0f661,code analysis and metrics,6,6,0,100,0.0,0,0.0,1,1,1,1.0,menos de 3 formas distintas
simplecov,lib/minitest/simplecov_plugin.rb,76a8e4e0f661,code analysis and metrics,10,10,100,0,0.0,0,0.0,1,1,1,1.0,menos de 3 formas distintas
simplecov,lib/simplecov/cli/serve/report_preparer.rb,76a8e4e0f661,code analysis and metrics,14,14,100,100,0.0,0,0.0,1,4,1,1.0,menos de 3 formas distintas
simplecov,lib/simplecov/combine/identity_interner.rb,76a8e4e0f661,code analysis and metrics,7,7,0,100,0.0,0,0.0,1,3,1,1.0,menos de 3 formas distintas
simplecov,lib/simplecov/combine/interned_counts.rb,76a8e4e0f661,code analysis and metrics,12,12,0,100,0.0,0,0.0,1,3,1,1.0,menos de 3 formas distintas
simplecov,lib/simplecov/combine/results_combiner.rb,76a8e4e0f661,code analysis and metrics,5,5,0,100,0.0,0,0.0,1,3,1,1.0,menos de 3 formas distintas
simplecov,lib/simplecov/coverage_json.rb,76a8e4e0f661,code analysis and metrics,11,11,100,100,0.0,1,0.0,1,3,1,1.0,menos de 3 formas distintas
simplecov,lib/simplecov/exit_codes.rb,76a8e4e0f661,code analysis and metrics,7,7,100,0,0.0,0,0.0,1,2,1,1.0,menos de 3 formas distintas
simplecov,test_projects/encodings/lib/euc_jp_not_declared.rb,76a8e4e0f661,code analysis and metrics,3,3,0,0,0.0,0,0.0,1,1,1,1.0,menos de 3 formas distintas
simplecov,test_projects/encodings/lib/euc_jp_not_declared_tracked.rb,76a8e4e0f661,code analysis and metrics,3,3,0,0,0.0,0,0.0,1,1,1,1.0,menos de 3 formas distintas
simplecov,test_projects/encodings/lib/utf8.rb,76a8e4e0f661,code analysis and metrics,3,3,0,0,0.0,0,0.0,1,1,1,1.0,menos de 3 formas distintas
simplecov,test_projects/faked_project/lib/faked_project.rb,76a8e4e0f661,code analysis and metrics,3,3,100,0,0.0,0,0.0,1,1,1,1.0,menos de 3 formas distintas
simplecov,test_projects/old_coverage_json/lib/code.rb,76a8e4e0f661,code analysis and metrics,7,7,0,100,0.0,0,0.0,1,1,1,1.0,menos de 3 formas distintas
simplecov,test_projects/parallel_tests/lib/c.rb,76a8e4e0f661,code analysis and metrics,5,5,0,100,0.0,0,0.0,1,1,1,1.0,menos de 3 formas distintas
simplecov,test_projects/parallel_tests/lib/d.rb,76a8e4e0f661,code analysis and metrics,12,12,0,0,0.0,0,0.0,1,1,1,1.0,menos de 3 formas distintas
simplecov,test_projects/rails/minitest_rails/app/models/order.rb,76a8e4e0f661,code analysis and metrics,3,3,0,100,0.0,0,0.0,1,1,1,1.0,menos de 3 formas distintas
simplecov,test_projects/rails/minitest_rails/app/models/receipt.rb,76a8e4e0f661,code analysis and metrics,3,3,0,0,0.0,0,0.0,1,1,1,1.0,menos de 3 formas distintas
simplecov,test_projects/rails/rspec_rails/app/models/foo.rb,76a8e4e0f661,code analysis and metrics,3,3,0,0,0.0,0,0.0,1,1,1,1.0,menos de 3 formas distintas
slack-notifier,lib/slack-notifier/payload_middleware/channels.rb,29e51132ce0e,third-party apis,9,9,0,100,0.0,1,0.0,1,4,1,1.0,menos de 3 formas distintas
slack-notifier,lib/slack-notifier/payload_middleware/format_message.rb,29e51132ce0e,third-party apis,6,6,0,100,0.0,1,0.0,1,4,1,1.0,menos de 3 formas distintas
slack-notifier,lib/slack-notifier/util/escape.rb,29e51132ce0e,third-party apis,3,3,100,100,0.0,0,0.0,1,4,1,1.0,menos de 3 formas distintas
spring,lib/spring/client/version.rb,b7f3fd04b2ed,testing,3,3,0,0,0.0,1,0.0,1,3,1,1.0,menos de 3 formas distintas
spring,lib/spring/commands/rake.rb,b7f3fd04b2ed,testing,13,13,0,100,0.0,0,0.0,1,3,1,1.0,menos de 3 formas distintas
spring,lib/spring/failsafe_thread.rb,b7f3fd04b2ed,testing,8,8,100,0,0.0,0,0.0,1,1,1,1.0,menos de 3 formas distintas
sprockets,lib/sprockets/add_source_map_comment_to_asset_processor.rb,73c5a5316bd1,assets,30,30,100,100,0.0,0,0.0,1,2,1,1.0,menos de 3 formas distintas
sprockets,lib/sprockets/exporters/zopfli_exporter.rb,73c5a5316bd1,assets,4,4,0,0,0.0,2,0.0,1,3,1,1.0,menos de 3 formas distintas
sprockets,lib/sprockets/file_reader.rb,73c5a5316bd1,assets,7,7,100,100,0.0,0,0.0,1,2,1,1.0,menos de 3 formas distintas
state_machines,lib/state_machines/async_mode/async_event_extensions.rb,219b43ea588f,state machines,39,39,0,100,0.0,0,0.0,1,3,1,1.0,menos de 3 formas distintas
state_machines,lib/state_machines/machine/validation.rb,219b43ea588f,state machines,13,13,0,100,0.0,0,0.0,1,3,1,1.0,menos de 3 formas distintas
state_machines,lib/state_machines/macro_methods.rb,219b43ea588f,state machines,3,3,0,0,0.0,0,0.0,1,2,1,1.0,menos de 3 formas distintas
terminal-table,lib/terminal-table/table_helper.rb,ba051e6f8aae,cli utilities,3,3,0,100,0.0,0,0.0,1,3,1,1.0,menos de 3 formas distintas
terminal-table,lib/terminal-table/util.rb,ba051e6f8aae,cli utilities,5,5,0,100,0.0,0,0.0,1,3,1,1.0,menos de 3 formas distintas
thin,example/adapter.rb,84a5188612d8,web servers,8,8,0,0,0.0,0,0.0,1,1,1,1.0,menos de 3 formas distintas
tilt,lib/tilt/cli.rb,f0d75c60e3a6,template engine,94,94,100,100,0.0,0,0.0,1,1,1,1.0,menos de 3 formas distintas
twilio-ruby,lib/twilio-ruby/credential/auth_type.rb,c58e213a6f04,third-party apis,3,3,0,0,0.0,0,0.0,1,3,1,1.0,menos de 3 formas distintas
twilio-ruby,lib/twilio-ruby/credential/credential_provider.rb,c58e213a6f04,third-party apis,3,3,0,0,0.0,0,0.0,1,3,1,1.0,menos de 3 formas distintas
twilio-ruby,lib/twilio-ruby/framework/rest/helper.rb,c58e213a6f04,third-party apis,5,5,0,100,0.0,0,0.0,1,2,1,1.0,menos de 3 formas distintas
twilio-ruby,lib/twilio-ruby/framework/rest/obsolete_client.rb,c58e213a6f04,third-party apis,4,4,0,0,0.0,0,0.0,1,3,1,1.0,menos de 3 formas distintas
twilio-ruby,lib/twilio-ruby/framework/values.rb,c58e213a6f04,third-party apis,3,3,100,100,0.0,0,0.0,1,2,1,1.0,menos de 3 formas distintas
twilio-ruby,lib/twilio-ruby/rest/content.rb,c58e213a6f04,third-party apis,4,4,0,0,0.0,2,0.0,1,3,1,1.0,menos de 3 formas distintas
twilio-ruby,lib/twilio-ruby/rest/frontline_api.rb,c58e213a6f04,third-party apis,4,4,0,0,0.0,2,0.0,1,3,1,1.0,menos de 3 formas distintas
twilio-ruby,lib/twilio-ruby/rest/lookups.rb,c58e213a6f04,third-party apis,4,4,0,0,0.0,2,0.0,1,3,1,1.0,menos de 3 formas distintas
twilio-ruby,lib/twilio-ruby/rest/numbers.rb,c58e213a6f04,third-party apis,4,4,0,0,0.0,2,0.0,1,3,1,1.0,menos de 3 formas distintas
twilio-ruby,lib/twilio-ruby/rest/preview_iam.rb,c58e213a6f04,third-party apis,3,3,0,0,0.0,2,0.0,1,3,1,1.0,menos de 3 formas distintas
twilio-ruby,lib/twilio-ruby/rest/proxy.rb,c58e213a6f04,third-party apis,4,4,0,0,0.0,2,0.0,1,3,1,1.0,menos de 3 formas distintas
twilio-ruby,lib/twilio-ruby/rest/serverless.rb,c58e213a6f04,third-party apis,4,4,0,0,0.0,2,0.0,1,3,1,1.0,menos de 3 formas distintas
twilio-ruby,lib/twilio-ruby/rest/sync.rb,c58e213a6f04,third-party apis,4,4,0,0,0.0,2,0.0,1,3,1,1.0,menos de 3 formas distintas
twilio-ruby,lib/twilio-ruby/rest/taskrouter.rb,c58e213a6f04,third-party apis,4,4,0,0,0.0,2,0.0,1,3,1,1.0,menos de 3 formas distintas
twilio-ruby,lib/twilio-ruby/rest/trunking.rb,c58e213a6f04,third-party apis,4,4,0,0,0.0,2,0.0,1,3,1,1.0,menos de 3 formas distintas
typhoeus,lib/typhoeus/errors/no_stub.rb,d7aba1bbfa8d,http clients and tools,3,3,0,100,0.0,2,0.0,1,3,1,1.0,menos de 3 formas distintas
typhoeus,lib/typhoeus/hydra/addable.rb,d7aba1bbfa8d,http clients and tools,3,3,0,100,0.0,0,0.0,1,3,1,1.0,menos de 3 formas distintas
typhoeus,lib/typhoeus/hydra/before.rb,d7aba1bbfa8d,http clients and tools,10,10,0,100,0.0,0,0.0,1,3,1,1.0,menos de 3 formas distintas
typhoeus,lib/typhoeus/hydra/block_connection.rb,d7aba1bbfa8d,http clients and tools,7,7,0,100,0.0,0,0.0,1,3,1,1.0,menos de 3 formas distintas
typhoeus,lib/typhoeus/hydra/cacheable.rb,d7aba1bbfa8d,http clients and tools,9,9,0,100,0.0,0,0.0,1,3,1,1.0,menos de 3 formas distintas
typhoeus,lib/typhoeus/hydra/runnable.rb,d7aba1bbfa8d,http clients and tools,4,4,0,100,0.0,0,0.0,1,3,1,1.0,menos de 3 formas distintas
typhoeus,lib/typhoeus/hydra/stubbable.rb,d7aba1bbfa8d,http clients and tools,9,9,0,100,0.0,0,0.0,1,3,1,1.0,menos de 3 formas distintas
typhoeus,lib/typhoeus/request/before.rb,d7aba1bbfa8d,http clients and tools,9,9,0,100,0.0,0,0.0,1,3,1,1.0,menos de 3 formas distintas
typhoeus,lib/typhoeus/request/stubbable.rb,d7aba1bbfa8d,http clients and tools,9,9,0,100,0.0,0,0.0,1,3,1,1.0,menos de 3 formas distintas
typhoeus,lib/typhoeus/response/cacheable.rb,d7aba1bbfa8d,http clients and tools,3,3,0,100,0.0,0,0.0,1,3,1,1.0,menos de 3 formas distintas
typhoeus,perf/vs_nethttp.rb,d7aba1bbfa8d,http clients and tools,3,3,0,100,0.0,0,0.0,1,0,1,1.0,menos de 3 formas distintas
tzinfo,lib/tzinfo.rb,d5893c99bbcd,date and time processing,3,3,100,0,0.0,0,0.0,1,1,1,1.0,menos de 3 formas distintas
tzinfo,lib/tzinfo/format1/country_definer.rb,d5893c99bbcd,date and time processing,3,3,0,0,0.0,1,0.0,1,3,1,1.0,menos de 3 formas distintas
vcr,lib/vcr/library_hooks/excon.rb,5dcacdf69bd6,testing,7,7,100,100,0.0,0,0.0,1,3,1,1.0,menos de 3 formas distintas
vcr,lib/vcr/middleware/excon/legacy_methods.rb,5dcacdf69bd6,testing,20,20,0,100,0.0,0,0.0,1,4,1,1.0,menos de 3 formas distintas
vcr,lib/vcr/util/variable_args_block_caller.rb,5dcacdf69bd6,testing,7,7,0,100,0.0,0,0.0,1,2,1,1.0,menos de 3 formas distintas
virtus,lib/virtus/attribute/coercible.rb,9e4f56fe8259,core extensions,3,3,0,0,0.0,0,0.0,1,3,1,1.0,menos de 3 formas distintas
virtus,lib/virtus/attribute/lazy_default.rb,9e4f56fe8259,core extensions,7,7,0,100,0.0,0,0.0,1,3,1,1.0,menos de 3 formas distintas
virtus,lib/virtus/attribute/nullify_blank.rb,9e4f56fe8259,core extensions,9,9,0,100,0.0,0,0.0,1,3,1,1.0,menos de 3 formas distintas
virtus,lib/virtus/attribute/strict.rb,9e4f56fe8259,core extensions,9,9,0,100,0.0,0,0.0,1,3,1,1.0,menos de 3 formas distintas
virtus,lib/virtus/const_missing_extensions.rb,9e4f56fe8259,core extensions,5,5,0,0,0.0,0,100.0,1,2,1,1.0,menos de 3 formas distintas
warden,lib/warden.rb,3f197cee0511,authentication and oauth,13,13,100,100,0.0,1,0.0,1,3,1,1.0,menos de 3 formas distintas
webmock,lib/webmock/assertion_failure.rb,ee409ac0a5f0,testing,3,3,100,100,0.0,0,0.0,1,2,1,1.0,menos de 3 formas distintas
webmock,lib/webmock/config.rb,ee409ac0a5f0,testing,4,4,0,0,0.5,0,0.0,1,2,1,1.0,menos de 3 formas distintas
webmock,lib/webmock/deprecation.rb,ee409ac0a5f0,testing,3,3,100,0,0.0,0,0.0,1,2,1,1.0,menos de 3 formas distintas
webmock,lib/webmock/errors.rb,ee409ac0a5f0,testing,10,10,0,100,0.0,1,0.0,1,2,1,1.0,menos de 3 formas distintas
webmock,lib/webmock/http_lib_adapters/http_lib_adapter.rb,ee409ac0a5f0,testing,3,3,100,0,0.0,0,0.0,1,2,1,1.0,menos de 3 formas distintas
webmock,lib/webmock/http_lib_adapters/http_rb/request.rb,ee409ac0a5f0,testing,22,22,0,100,0.0,0,0.0,1,2,1,1.0,menos de 3 formas distintas
webmock,lib/webmock/http_lib_adapters/net_http_response.rb,ee409ac0a5f0,testing,15,15,0,100,0.0,0,0.0,1,2,1,1.0,menos de 3 formas distintas
webmock,lib/webmock/minitest.rb,ee409ac0a5f0,testing,4,4,0,0,0.0,0,0.0,1,0,1,1.0,menos de 3 formas distintas
webmock,lib/webmock/test_unit.rb,ee409ac0a5f0,testing,3,3,0,0,0.33,0,0.0,1,3,1,1.0,menos de 3 formas distintas
webmock,lib/webmock/util/hash_keys_stringifier.rb,ee409ac0a5f0,testing,17,17,100,100,0.0,0,0.0,1,3,1,1.0,menos de 3 formas distintas
webmock,lib/webmock/util/parsers/xml.rb,ee409ac0a5f0,testing,5,5,100,100,0.0,0,0.0,1,4,1,1.0,menos de 3 formas distintas
webmock,lib/webmock/util/values_stringifier.rb,ee409ac0a5f0,testing,18,18,100,100,0.0,0,0.0,1,1,1,1.0,menos de 3 formas distintas
will_paginate,lib/will_paginate/array.rb,50017c3eb071,pagination,9,9,0,100,0.0,0,0.0,1,1,1,1.0,menos de 3 formas distintas
wisper,lib/wisper/broadcasters/send_broadcaster.rb,4569343e353e,business logic,3,3,0,100,0.0,0,100.0,1,3,1,1.0,menos de 3 formas distintas
wisper,lib/wisper/registration/block.rb,4569343e353e,business logic,5,5,0,100,0.0,1,0.0,1,2,1,1.0,menos de 3 formas distintas
yajl-ruby,lib/yajl/bzip2/stream_writer.rb,6501652d1135,optimizations,3,3,100,0,0.0,1,0.0,1,3,1,1.0,menos de 3 formas distintas
yajl-ruby,lib/yajl/gzip/stream_writer.rb,6501652d1135,optimizations,3,3,100,0,0.0,1,0.0,1,3,1,1.0,menos de 3 formas distintas
yajl-ruby,lib/yajl/json_gem.rb,6501652d1135,optimizations,7,7,0,100,0.0,0,0.0,1,1,1,1.0,menos de 3 formas distintas
zeitwerk,lib/zeitwerk.rb,607973fc0bd8,code loaders,6,6,100,100,0.0,0,0.0,1,1,1,1.0,menos de 3 formas distintas
zeitwerk,lib/zeitwerk/core_ext/kernel.rb,607973fc0bd8,code loaders,21,21,0,100,0.0,0,0.0,1,1,1,1.0,menos de 3 formas distintas
zeitwerk,lib/zeitwerk/core_ext/module.rb,607973fc0bd8,code loaders,13,13,0,100,0.0,0,100.0,1,1,1,1.0,menos de 3 formas distintas
zeitwerk,lib/zeitwerk/internal.rb,607973fc0bd8,code loaders,7,7,0,0,0.0,0,0.0,1,1,1,1.0,menos de 3 formas distintas
zeitwerk,lib/zeitwerk/loader/constant_path_validator.rb,607973fc0bd8,code loaders,7,7,0,100,0.0,0,0.0,1,1,1,1.0,menos de 3 formas distintas
zeitwerk,lib/zeitwerk/loader/helpers.rb,607973fc0bd8,code loaders,38,38,0,100,0.0,0,0.0,1,1,1,1.0,menos de 3 formas distintas
zeitwerk,lib/zeitwerk/null_inflector.rb,607973fc0bd8,code loaders,3,3,0,0,0.0,0,0.0,1,1,1,1.0,menos de 3 formas distintas
zeitwerk,lib/zeitwerk/real_mod_name.rb,607973fc0bd8,code loaders,3,3,0,0,0.0,0,0.0,1,1,1,1.0,menos de 3 formas distintas
