gem,ficheiro,commit,categoria,loc_medio,loc_max,pct_singleton,pct_duck,mixins_por_classe,profundidade_heranca,metaprog_por_100,metodos,classes,formas,razao_formas,copia_de,semelhanca
twilio-ruby,lib/twilio-ruby/rest/chat/v2/service/channel.rb,c58e213a6f04,third-party apis,9.0,40,0,78,0.0,2,0.0,65,13,36,0.554,twilio-ruby/lib/twilio-ruby/rest/ip_messaging/v2/service/channel.rb,1.0
twilio-ruby,lib/twilio-ruby/rest/api/v2010/account/call/siprec.rb,c58e213a6f04,third-party apis,28.5,432,0,66,0.0,2,0.0,38,14,19,0.5,twilio-ruby/lib/twilio-ruby/rest/api/v2010/account/call/stream.rb,1.0
twilio-ruby,lib/twilio-ruby/rest/api/v2010/account/usage/record/all_time.rb,c58e213a6f04,third-party apis,6.1,23,0,72,0.0,2,0.0,36,12,15,0.417,twilio-ruby/lib/twilio-ruby/rest/api/v2010/account/usage/record/daily.rb,1.0
twilio-ruby,lib/twilio-ruby/rest/api/v2010/account/usage/record/monthly.rb,c58e213a6f04,third-party apis,6.1,23,0,72,0.0,2,0.0,36,12,15,0.417,twilio-ruby/lib/twilio-ruby/rest/api/v2010/account/usage/record/daily.rb,1.0
twilio-ruby,lib/twilio-ruby/rest/api/v2010/account/usage/record/yearly.rb,c58e213a6f04,third-party apis,6.1,23,0,72,0.0,2,0.0,36,12,15,0.417,twilio-ruby/lib/twilio-ruby/rest/api/v2010/account/usage/record/daily.rb,1.0
twilio-ruby,lib/twilio-ruby/rest/api/v2010/account/usage/record/yesterday.rb,c58e213a6f04,third-party apis,6.1,23,0,72,0.0,2,0.0,36,12,15,0.417,twilio-ruby/lib/twilio-ruby/rest/api/v2010/account/usage/record/daily.rb,1.0
twilio-ruby,lib/twilio-ruby/rest/api/v2010/account/usage/record/this_month.rb,c58e213a6f04,third-party apis,6.1,23,0,72,0.0,2,0.0,36,12,15,0.417,twilio-ruby/lib/twilio-ruby/rest/api/v2010/account/usage/record/daily.rb,1.0
twilio-ruby,lib/twilio-ruby/rest/api/v2010/account/usage/record/today.rb,c58e213a6f04,third-party apis,6.1,23,0,72,0.0,2,0.0,36,12,15,0.417,twilio-ruby/lib/twilio-ruby/rest/api/v2010/account/usage/record/daily.rb,1.0
twilio-ruby,lib/twilio-ruby/rest/api/v2010/account/usage/record/last_month.rb,c58e213a6f04,third-party apis,6.1,23,0,72,0.0,2,0.0,36,12,15,0.417,twilio-ruby/lib/twilio-ruby/rest/api/v2010/account/usage/record/daily.rb,1.0
twilio-ruby,lib/twilio-ruby/rest/api/v2010/account/available_phone_number_country/national.rb,c58e213a6f04,third-party apis,7.9,32,0,71,0.0,2,0.0,34,11,15,0.441,twilio-ruby/lib/twilio-ruby/rest/api/v2010/account/available_phone_number_country/voip.rb,1.0
twilio-ruby,lib/twilio-ruby/rest/api/v2010/account/available_phone_number_country/local.rb,c58e213a6f04,third-party apis,7.9,32,0,71,0.0,2,0.0,34,11,15,0.441,twilio-ruby/lib/twilio-ruby/rest/api/v2010/account/available_phone_number_country/voip.rb,1.0
twilio-ruby,lib/twilio-ruby/rest/api/v2010/account/available_phone_number_country/mobile.rb,c58e213a6f04,third-party apis,7.9,32,0,71,0.0,2,0.0,34,11,15,0.441,twilio-ruby/lib/twilio-ruby/rest/api/v2010/account/available_phone_number_country/voip.rb,1.0
twilio-ruby,lib/twilio-ruby/rest/api/v2010/account/available_phone_number_country/toll_free.rb,c58e213a6f04,third-party apis,7.9,32,0,71,0.0,2,0.0,34,11,15,0.441,twilio-ruby/lib/twilio-ruby/rest/api/v2010/account/available_phone_number_country/voip.rb,1.0
twilio-ruby,lib/twilio-ruby/rest/api/v2010/account/available_phone_number_country/shared_cost.rb,c58e213a6f04,third-party apis,7.9,32,0,71,0.0,2,0.0,34,11,15,0.441,twilio-ruby/lib/twilio-ruby/rest/api/v2010/account/available_phone_number_country/voip.rb,1.0
twilio-ruby,lib/twilio-ruby/rest/api/v2010/account/available_phone_number_country/machine_to_machine.rb,c58e213a6f04,third-party apis,7.9,32,0,71,0.0,2,0.0,34,11,15,0.441,twilio-ruby/lib/twilio-ruby/rest/api/v2010/account/available_phone_number_country/voip.rb,1.0
bullet,lib/bullet/active_record72.rb,bc55c037d27a,profiler and optimization,28.6,303,5,89,0.0,0,10.5,19,3,18,0.947,bullet/lib/bullet/active_record80.rb,1.0
twilio-ruby,lib/twilio-ruby/rest/voice/v1.rb,c58e213a6f04,third-party apis,10.2,16,0,67,0.0,2,0.0,9,4,5,0.556,twilio-ruby/lib/twilio-ruby/rest/lookups/v2.rb,1.0
concurrent-ruby,docs-source/medium-example.in.rb,0b88d5ff75f6,concurrency and parallelism,10.2,33,50,83,0.0,0,0.0,6,2,6,1.0,concurrent-ruby/docs-source/medium-example.out.rb,1.0
fastlane,fastlane/lib/fastlane/actions/team_name.rb,38d0ec404332,mobile development,4.7,11,100,33,0.0,1,0.0,6,4,4,0.667,fastlane/fastlane/lib/fastlane/actions/team_id.rb,1.0
bullet,lib/bullet/mongoid5x.rb,bc55c037d27a,profiler and optimization,14.3,53,17,50,0.0,0,33.3,6,2,6,1.0,bullet/lib/bullet/mongoid4x.rb,1.0
gitlab,lib/gitlab/client/labels.rb,4818c5712616,third-party apis,3,3,0,33,0.0,2,0.0,6,2,5,0.833,gitlab/lib/gitlab/client/group_labels.rb,1.0
concurrent-ruby,docs-source/actor/supervision_tree.in.rb,0b88d5ff75f6,concurrency and parallelism,7.4,11,0,60,0.0,2,0.0,5,2,5,1.0,concurrent-ruby/docs-source/actor/supervision_tree.out.rb,1.0
concurrent-ruby,lib/concurrent-ruby/concurrent/atomic/fiber_local_var.rb,0b88d5ff75f6,concurrency and parallelism,7.8,15,0,20,0.0,0,0.0,5,2,5,1.0,concurrent-ruby/lib/concurrent-ruby/concurrent/atomic/thread_local_var.rb,1.0
shoulda-matchers,lib/shoulda/matchers/active_model/numericality_matchers/odd_number_matcher.rb,cf3b3685f2c0,testing,5.2,10,0,60,0.0,1,0.0,5,5,4,0.8,shoulda-matchers/lib/shoulda/matchers/active_model/numericality_matchers/even_number_matcher.rb,1.0
shoulda-matchers,lib/shoulda/matchers/active_model/numericality_matchers/only_integer_matcher.rb,cf3b3685f2c0,testing,5,9,0,60,0.0,1,0.0,5,5,4,0.8,shoulda-matchers/lib/shoulda/matchers/active_model/numericality_matchers/even_number_matcher.rb,1.0
bullet,lib/bullet/notification/unused_eager_loading.rb,bc55c037d27a,profiler and optimization,3.4,5,0,0,0.0,1,0.0,5,3,5,1.0,bullet/lib/bullet/notification/n_plus_one_query.rb,1.0
geocoder,lib/geocoder/lookups/ipinfo_io.rb,d3515db46c57,geolocation,5.8,10,0,60,0.0,1,0.0,5,2,5,1.0,geocoder/lib/geocoder/lookups/ipinfo_io_lite.rb,1.0
mongo,lib/mongo/operation/find/result.rb,049b718a2d47,database drivers,3,3,0,100,0.0,1,0.0,5,4,4,0.8,mongo/lib/mongo/operation/get_more/result.rb,1.0
concurrent-ruby,docs-source/actor/io.in.rb,0b88d5ff75f6,concurrency and parallelism,3.5,5,0,0,0.0,2,0.0,4,2,3,0.75,concurrent-ruby/docs-source/actor/io.out.rb,1.0
byebug,lib/byebug/settings/autolist.rb,aff644023372,debugging tools,3,3,0,0,0.0,1,0.0,4,2,4,1.0,byebug/lib/byebug/settings/autopry.rb,1.0
byebug,lib/byebug/settings/autoirb.rb,aff644023372,debugging tools,3,3,0,0,0.0,1,0.0,4,2,4,1.0,byebug/lib/byebug/settings/autopry.rb,1.0
byebug,lib/byebug/commands/disable/breakpoints.rb,aff644023372,debugging tools,4.8,10,75,25,0.33,1,0.0,4,3,3,0.75,byebug/lib/byebug/commands/enable/breakpoints.rb,1.0
byebug,lib/byebug/commands/disable/display.rb,aff644023372,debugging tools,5,11,75,25,0.33,1,0.0,4,3,3,0.75,byebug/lib/byebug/commands/enable/display.rb,1.0
rouge,lib/rouge/lexers/jinja.rb,afc3c52c2af0,code highlighting,4.5,7,100,0,0.0,3,0.0,4,3,3,0.75,rouge/lib/rouge/lexers/twig.rb,1.0
fastlane,fastlane/lib/fastlane/actions/build_mac_app.rb,38d0ec404332,mobile development,6.2,11,100,50,0.0,2,0.0,4,3,4,1.0,fastlane/fastlane/lib/fastlane/actions/build_ios_app.rb,1.0
bullet,lib/bullet/mongoid9x.rb,bc55c037d27a,profiler and optimization,27,68,25,75,0.0,0,100.0,4,2,4,1.0,bullet/lib/bullet/mongoid7x.rb,1.0
twilio-ruby,lib/twilio-ruby/rest/ip_messaging/v1.rb,c58e213a6f04,third-party apis,7.8,11,0,50,0.0,2,0.0,4,4,3,0.75,twilio-ruby/lib/twilio-ruby/rest/ip_messaging/v2.rb,1.0
twilio-ruby,lib/twilio-ruby/rest/notify/v1.rb,c58e213a6f04,third-party apis,7.8,11,0,50,0.0,2,0.0,4,4,3,0.75,twilio-ruby/lib/twilio-ruby/rest/ip_messaging/v2.rb,1.0
twilio-ruby,lib/twilio-ruby/rest/monitor/v1.rb,c58e213a6f04,third-party apis,7.8,11,0,50,0.0,2,0.0,4,4,3,0.75,twilio-ruby/lib/twilio-ruby/rest/ip_messaging/v2.rb,1.0
twilio-ruby,lib/twilio-ruby/rest/chat/v2.rb,c58e213a6f04,third-party apis,7.8,11,0,50,0.0,2,0.0,4,4,3,0.75,twilio-ruby/lib/twilio-ruby/rest/ip_messaging/v2.rb,1.0
twilio-ruby,lib/twilio-ruby/rest/chat/v1.rb,c58e213a6f04,third-party apis,7.8,11,0,50,0.0,2,0.0,4,4,3,0.75,twilio-ruby/lib/twilio-ruby/rest/ip_messaging/v2.rb,1.0
twilio-ruby,lib/twilio-ruby/rest/bulkexports/v1.rb,c58e213a6f04,third-party apis,7.8,11,0,50,0.0,2,0.0,4,4,3,0.75,twilio-ruby/lib/twilio-ruby/rest/ip_messaging/v2.rb,1.0
twilio-ruby,lib/twilio-ruby/rest/preview/marketplace.rb,c58e213a6f04,third-party apis,7.8,11,0,50,0.0,2,0.0,4,4,3,0.75,twilio-ruby/lib/twilio-ruby/rest/ip_messaging/v2.rb,1.0
twilio-ruby,lib/twilio-ruby/rest/preview/hosted_numbers.rb,c58e213a6f04,third-party apis,7.8,11,0,50,0.0,2,0.0,4,4,3,0.75,twilio-ruby/lib/twilio-ruby/rest/ip_messaging/v2.rb,1.0
aasm,lib/generators/nobrainer/aasm_generator.rb,88061ec5104a,state machines,3,3,0,0,0.33,1,0.0,4,3,4,1.0,aasm/lib/generators/mongoid/aasm_generator.rb,1.0
concurrent-ruby,docs-source/actor/define.in.rb,0b88d5ff75f6,concurrency and parallelism,6.7,12,0,67,0.0,2,0.0,3,1,3,1.0,concurrent-ruby/docs-source/actor/define.out.rb,1.0
simplecov,test_projects/faked_project/minitest/some_test.rb,76a8e4e0f661,code analysis and metrics,3,3,0,67,0.0,1,0.0,3,1,3,1.0,simplecov/test_projects/faked_project/minitest/other_test.rb,1.0
selenium-webdriver,lib/selenium/webdriver/chrome/driver.rb,9175ed94d83e,testing,3.7,5,0,33,0.25,1,0.0,3,4,3,1.0,selenium-webdriver/lib/selenium/webdriver/edge/driver.rb,1.0
rouge,lib/rouge/lexers/idris.rb,afc3c52c2af0,code highlighting,9.3,15,100,0,0.0,2,0.0,3,3,3,1.0,rouge/lib/rouge/lexers/batchfile.rb,1.0
rouge,lib/rouge/lexers/bicep.rb,afc3c52c2af0,code highlighting,7.3,13,100,0,0.0,2,0.0,3,3,3,1.0,rouge/lib/rouge/lexers/fsharp.rb,1.0
rouge,lib/rouge/lexers/ttcn3.rb,afc3c52c2af0,code highlighting,10.7,17,100,0,0.0,2,0.0,3,3,3,1.0,rouge/lib/rouge/lexers/batchfile.rb,1.0
rubocop-rspec,lib/rubocop/rspec/plugin.rb,2488441eb70a,code formatting,7.3,11,0,67,0.0,1,0.0,3,3,3,1.0,rubocop-performance/lib/rubocop/performance/plugin.rb,1.0
shoulda-matchers,lib/shoulda/matchers/active_model/qualifiers/allow_nil.rb,cf3b3685f2c0,testing,3.7,4,0,0,0.0,0,0.0,3,5,3,1.0,shoulda-matchers/lib/shoulda/matchers/active_model/qualifiers/allow_blank.rb,1.0
fastlane,spaceship/lib/spaceship/tunes/app_review_attachment.rb,38d0ec404332,mobile development,6.3,10,0,33,0.0,2,33.3,3,3,3,1.0,fastlane/spaceship/lib/spaceship/tunes/app_image.rb,1.0
chronic,lib/chronic/grabber.rb,7d3d82d38c99,date and time processing,5.3,8,67,67,0.0,1,0.0,3,2,3,1.0,chronic/lib/chronic/pointer.rb,1.0
twilio-ruby,lib/twilio-ruby/rest/preview_iam/versionless.rb,c58e213a6f04,third-party apis,6.3,11,0,33,0.0,2,0.0,3,4,3,1.0,twilio-ruby/lib/twilio-ruby/rest/ip_messaging/v2.rb,1.0
twilio-ruby,lib/twilio-ruby/rest/studio/v1.rb,c58e213a6f04,third-party apis,6.3,11,0,33,0.0,2,0.0,3,4,3,1.0,twilio-ruby/lib/twilio-ruby/rest/ip_messaging/v2.rb,1.0
twilio-ruby,lib/twilio-ruby/rest/lookups/v1.rb,c58e213a6f04,third-party apis,6.3,11,0,33,0.0,2,0.0,3,4,3,1.0,twilio-ruby/lib/twilio-ruby/rest/ip_messaging/v2.rb,1.0
twilio-ruby,lib/twilio-ruby/rest/proxy/v1.rb,c58e213a6f04,third-party apis,6.3,11,0,33,0.0,2,0.0,3,4,3,1.0,twilio-ruby/lib/twilio-ruby/rest/ip_messaging/v2.rb,1.0
twilio-ruby,lib/twilio-ruby/rest/taskrouter/v1.rb,c58e213a6f04,third-party apis,6.3,11,0,33,0.0,2,0.0,3,4,3,1.0,twilio-ruby/lib/twilio-ruby/rest/ip_messaging/v2.rb,1.0
twilio-ruby,lib/twilio-ruby/rest/serverless/v1.rb,c58e213a6f04,third-party apis,6.3,11,0,33,0.0,2,0.0,3,4,3,1.0,twilio-ruby/lib/twilio-ruby/rest/ip_messaging/v2.rb,1.0
twilio-ruby,lib/twilio-ruby/rest/trunking/v1.rb,c58e213a6f04,third-party apis,6.3,11,0,33,0.0,2,0.0,3,4,3,1.0,twilio-ruby/lib/twilio-ruby/rest/ip_messaging/v2.rb,1.0
twilio-ruby,lib/twilio-ruby/rest/voice/v3.rb,c58e213a6f04,third-party apis,6.3,11,0,33,0.0,2,0.0,3,4,3,1.0,twilio-ruby/lib/twilio-ruby/rest/ip_messaging/v2.rb,1.0
twilio-ruby,lib/twilio-ruby/rest/knowledge/v1.rb,c58e213a6f04,third-party apis,6.3,11,0,33,0.0,2,0.0,3,4,3,1.0,twilio-ruby/lib/twilio-ruby/rest/ip_messaging/v2.rb,1.0
twilio-ruby,lib/twilio-ruby/rest/frontline_api/v1.rb,c58e213a6f04,third-party apis,6.3,11,0,33,0.0,2,0.0,3,4,3,1.0,twilio-ruby/lib/twilio-ruby/rest/ip_messaging/v2.rb,1.0
twilio-ruby,lib/twilio-ruby/rest/sync/v1.rb,c58e213a6f04,third-party apis,6.3,11,0,33,0.0,2,0.0,3,4,3,1.0,twilio-ruby/lib/twilio-ruby/rest/ip_messaging/v2.rb,1.0
doorkeeper,lib/generators/doorkeeper/pkce_generator.rb,75a84fefe686,authentication and oauth,4.3,7,33,0,0.5,1,0.0,3,2,3,1.0,doorkeeper/lib/generators/doorkeeper/confidential_applications_generator.rb,1.0
doorkeeper,lib/generators/doorkeeper/remove_applications_secret_not_null_constraint_generator.rb,75a84fefe686,authentication and oauth,4.3,7,33,0,0.5,1,0.0,3,2,3,1.0,doorkeeper/lib/generators/doorkeeper/confidential_applications_generator.rb,1.0
doorkeeper,lib/generators/doorkeeper/application_owner_generator.rb,75a84fefe686,authentication and oauth,4.3,7,33,0,0.5,1,0.0,3,2,3,1.0,doorkeeper/lib/generators/doorkeeper/confidential_applications_generator.rb,1.0
doorkeeper,lib/generators/doorkeeper/migration_generator.rb,75a84fefe686,authentication and oauth,4.3,7,33,0,0.5,1,0.0,3,2,3,1.0,doorkeeper/lib/generators/doorkeeper/confidential_applications_generator.rb,1.0
mongo,lib/mongo/error/invalid_replacement_document.rb,049b718a2d47,database drivers,4.7,6,67,33,0.0,2,0.0,3,3,3,1.0,mongo/lib/mongo/error/invalid_update_document.rb,1.0
twilio-ruby,lib/twilio-ruby/rest/insights/v2/inbound.rb,c58e213a6f04,third-party apis,6.2,22,0,64,0.0,2,0.0,53,16,27,0.509,twilio-ruby/lib/twilio-ruby/rest/insights/v2/outbound.rb,0.897
bullet,lib/bullet/active_record71.rb,bc55c037d27a,profiler and optimization,28.6,303,5,89,0.0,0,10.5,19,3,18,0.947,bullet/lib/bullet/active_record80.rb,0.895
bullet,lib/bullet/active_record70.rb,bc55c037d27a,profiler and optimization,28.6,303,5,89,0.0,0,10.5,19,3,18,0.947,bullet/lib/bullet/active_record80.rb,0.895
twilio-ruby,lib/twilio-ruby/rest/api/v2010/account/conference/recording.rb,c58e213a6f04,third-party apis,7.2,31,0,76,0.0,2,0.0,58,14,29,0.5,twilio-ruby/lib/twilio-ruby/rest/api/v2010/account/call/recording.rb,0.875
twilio-ruby,lib/twilio-ruby/rest/assistants/v1/session/message.rb,c58e213a6f04,third-party apis,6.0,18,0,68,0.0,2,0.0,31,10,15,0.484,twilio-ruby/lib/twilio-ruby/rest/wireless/v1/sim/data_session.rb,0.875
twilio-ruby,lib/twilio-ruby/rest/content/v2/content_and_approvals.rb,c58e213a6f04,third-party apis,7.4,26,0,60,0.0,2,0.0,30,9,15,0.5,twilio-ruby/lib/twilio-ruby/rest/content/v2/content.rb,0.875
twilio-ruby,lib/twilio-ruby/rest/supersim/v1/sim/billing_period.rb,c58e213a6f04,third-party apis,6.1,16,0,66,0.0,2,0.0,29,10,15,0.517,twilio-ruby/lib/twilio-ruby/rest/wireless/v1/sim/data_session.rb,0.875
twilio-ruby,lib/twilio-ruby/rest/iam/v1/role_permission.rb,c58e213a6f04,third-party apis,6.3,15,0,63,0.0,2,0.0,27,9,15,0.556,twilio-ruby/lib/twilio-ruby/rest/wireless/v1/sim/data_session.rb,0.875
twilio-ruby,lib/twilio-ruby/rest/assistants/v1/knowledge/chunk.rb,c58e213a6f04,third-party apis,6.3,15,0,62,0.0,2,0.0,26,10,15,0.577,twilio-ruby/lib/twilio-ruby/rest/wireless/v1/sim/data_session.rb,0.875
twilio-ruby,lib/twilio-ruby/rest/knowledge/v1/knowledge/chunk.rb,c58e213a6f04,third-party apis,6.3,15,0,62,0.0,2,0.0,26,10,15,0.577,twilio-ruby/lib/twilio-ruby/rest/wireless/v1/sim/data_session.rb,0.875
twilio-ruby,lib/twilio-ruby/rest/supersim/v1/sim/sim_ip_address.rb,c58e213a6f04,third-party apis,6.7,15,0,57,0.0,2,0.0,23,10,15,0.652,twilio-ruby/lib/twilio-ruby/rest/wireless/v1/sim/data_session.rb,0.875
twilio-ruby,lib/twilio-ruby/rest/voice/v1/dialing_permissions/country/highrisk_special_prefix.rb,c58e213a6f04,third-party apis,6.8,15,0,55,0.0,2,0.0,22,11,15,0.682,twilio-ruby/lib/twilio-ruby/rest/wireless/v1/sim/data_session.rb,0.875
eventmachine,examples/guides/getting_started/08_simple_chat_server_step_five.rb,9cb13a8a6236,concurrency and parallelism,5.4,13,0,53,0.0,1,0.0,15,1,13,0.867,eventmachine/examples/guides/getting_started/03_simple_chat_server.rb,0.867
twilio-ruby,lib/twilio-ruby/rest/marketplace/v1/installed_add_on/installed_add_on_usage.rb,c58e213a6f04,third-party apis,6.5,22,0,52,0.0,2,0.0,21,11,13,0.619,twilio-ruby/lib/twilio-ruby/rest/content/v1/content/approval_create.rb,0.857
mongo,lib/mongo/cluster/topology/load_balanced.rb,049b718a2d47,database drivers,3.6,8,0,20,0.0,1,0.0,10,4,6,0.6,mongo/lib/mongo/cluster/topology/single.rb,0.857
geocoder,lib/geocoder/lookups/ipstack.rb,d3515db46c57,geolocation,5.8,14,0,67,0.0,1,0.0,6,2,6,1.0,geocoder/lib/geocoder/lookups/ipregistry.rb,0.857
twilio-ruby,lib/twilio-ruby/rest/conversations/v1/service/conversation/message/delivery_receipt.rb,c58e213a6f04,third-party apis,6.3,24,0,70,0.0,2,0.0,47,15,23,0.489,twilio-ruby/lib/twilio-ruby/rest/proxy/v1/service/session/participant/message_interaction.rb,0.846
twilio-ruby,lib/twilio-ruby/rest/api/v2010/account/incoming_phone_number/assigned_add_on/assigned_add_on_extension.rb,c58e213a6f04,third-party apis,6.4,24,0,68,0.0,2,0.0,44,15,23,0.523,twilio-ruby/lib/twilio-ruby/rest/proxy/v1/service/session/participant/message_interaction.rb,0.846
twilio-ruby,lib/twilio-ruby/rest/api/v2010/account/token.rb,c58e213a6f04,third-party apis,6.5,27,0,62,0.0,2,0.0,24,10,11,0.458,twilio-ruby/lib/twilio-ruby/rest/numbers/v2/regulatory_compliance/bundle/replace_items.rb,0.833
twilio-ruby,lib/twilio-ruby/rest/api/v2010/account/new_signing_key.rb,c58e213a6f04,third-party apis,6.8,27,0,59,0.0,2,0.0,22,10,11,0.5,twilio-ruby/lib/twilio-ruby/rest/numbers/v2/regulatory_compliance/bundle/replace_items.rb,0.833
twilio-ruby,lib/twilio-ruby/rest/api/v2010/account/new_key.rb,c58e213a6f04,third-party apis,6.8,27,0,59,0.0,2,0.0,22,10,11,0.5,twilio-ruby/lib/twilio-ruby/rest/numbers/v2/regulatory_compliance/bundle/replace_items.rb,0.833
twilio-ruby,lib/twilio-ruby/rest/events/v1/sink/sink_validate.rb,c58e213a6f04,third-party apis,7.4,27,0,50,0.0,2,0.0,18,10,11,0.611,twilio-ruby/lib/twilio-ruby/rest/numbers/v2/regulatory_compliance/bundle/replace_items.rb,0.833
activerecord,lib/arel/delete_manager.rb,3989ebf3473d,orm/odm,5,10,0,80,0.5,1,0.0,5,2,5,1.0,activerecord/lib/arel/update_manager.rb,0.833
twilio-ruby,lib/twilio-ruby/rest/lookups/v2/bucket.rb,c58e213a6f04,third-party apis,6.5,23,0,65,0.0,2,0.0,46,13,25,0.543,twilio-ruby/lib/twilio-ruby/rest/lookups/v2/lookup_override.rb,0.828
rubocop-performance,tasks/changelog.rb,c07064ddee3f,code formatting,5.4,12,12,62,0.0,0,0.0,24,1,24,1.0,rubocop/tasks/changelog.rb,0.815
rubocop-rails,tasks/changelog.rb,2ccba590ec47,code formatting,5.4,12,12,62,0.0,0,0.0,24,1,24,1.0,rubocop/tasks/changelog.rb,0.815
twilio-ruby,lib/twilio-ruby/rest/api/v2010/account/call/transcription.rb,c58e213a6f04,third-party apis,9.0,62,0,66,0.0,2,0.0,38,14,19,0.5,twilio-ruby/lib/twilio-ruby/rest/api/v2010/account/call/stream.rb,0.81
twilio-ruby,lib/twilio-ruby/rest/accounts/v1/credential.rb,c58e213a6f04,third-party apis,5.8,15,0,29,0.0,2,0.0,17,9,9,0.529,twilio-ruby/lib/twilio-ruby/rest/numbers/v2/regulatory_compliance.rb,0.8
twilio-ruby,lib/twilio-ruby/rest/pricing/v1/voice.rb,c58e213a6f04,third-party apis,5.8,15,0,29,0.0,2,0.0,17,9,9,0.529,twilio-ruby/lib/twilio-ruby/rest/numbers/v2/regulatory_compliance.rb,0.8
twilio-ruby,lib/twilio-ruby/rest/pricing/v2/voice.rb,c58e213a6f04,third-party apis,5.8,15,0,29,0.0,2,0.0,17,9,9,0.529,twilio-ruby/lib/twilio-ruby/rest/numbers/v2/regulatory_compliance.rb,0.8
twilio-ruby,lib/twilio-ruby/rest/pricing/v1/messaging.rb,c58e213a6f04,third-party apis,5.5,15,0,25,0.0,2,0.0,16,9,9,0.562,twilio-ruby/lib/twilio-ruby/rest/numbers/v2/regulatory_compliance.rb,0.8
twilio-ruby,lib/twilio-ruby/rest/pricing/v1/phone_number.rb,c58e213a6f04,third-party apis,5.5,15,0,25,0.0,2,0.0,16,9,9,0.562,twilio-ruby/lib/twilio-ruby/rest/numbers/v2/regulatory_compliance.rb,0.8
fastlane,fastlane/lib/fastlane/actions/import.rb,38d0ec404332,mobile development,3.4,6,100,0,0.0,1,0.0,9,3,4,0.444,fastlane/fastlane/lib/fastlane/actions/lane_context.rb,0.8
twilio-ruby,lib/twilio-ruby/rest/accounts/v1.rb,c58e213a6f04,third-party apis,4.8,11,0,11,0.0,2,0.0,9,4,4,0.444,twilio-ruby/lib/twilio-ruby/rest/lookups/v2.rb,0.8
fastlane,fastlane/lib/fastlane/actions/import_certificate.rb,38d0ec404332,mobile development,8.8,33,100,12,0.0,1,0.0,8,3,5,0.625,fastlane/fastlane/lib/fastlane/actions/import_from_git.rb,0.8
twilio-ruby,lib/twilio-ruby/rest/video/v1.rb,c58e213a6f04,third-party apis,7.9,11,0,50,0.0,2,0.0,8,4,4,0.5,twilio-ruby/lib/twilio-ruby/rest/lookups/v2.rb,0.8
twilio-ruby,lib/twilio-ruby/rest/numbers/v2.rb,c58e213a6f04,third-party apis,8.9,11,0,62,0.0,2,0.0,8,4,4,0.5,twilio-ruby/lib/twilio-ruby/rest/lookups/v2.rb,0.8
twilio-ruby,lib/twilio-ruby/rest/verify/v2.rb,c58e213a6f04,third-party apis,7.9,11,0,50,0.0,2,0.0,8,4,4,0.5,twilio-ruby/lib/twilio-ruby/rest/lookups/v2.rb,0.8
twilio-ruby,lib/twilio-ruby/rest/iam/v1.rb,c58e213a6f04,third-party apis,6.9,11,0,38,0.0,2,0.0,8,4,4,0.5,twilio-ruby/lib/twilio-ruby/rest/lookups/v2.rb,0.8
twilio-ruby,lib/twilio-ruby/rest/knowledge/v2.rb,c58e213a6f04,third-party apis,11.6,16,0,75,0.0,2,0.0,8,4,4,0.5,twilio-ruby/lib/twilio-ruby/rest/lookups/v2.rb,0.8
twilio-ruby,lib/twilio-ruby/rest/conversations/v2.rb,c58e213a6f04,third-party apis,11.1,16,0,75,0.0,2,0.0,8,4,4,0.5,twilio-ruby/lib/twilio-ruby/rest/lookups/v2.rb,0.8
twilio-ruby,lib/twilio-ruby/rest/insights/v1.rb,c58e213a6f04,third-party apis,7.3,11,0,43,0.0,2,0.0,7,4,4,0.571,twilio-ruby/lib/twilio-ruby/rest/lookups/v2.rb,0.8
twilio-ruby,lib/twilio-ruby/rest/assistants/v1.rb,c58e213a6f04,third-party apis,8.4,11,0,57,0.0,2,0.0,7,4,4,0.571,twilio-ruby/lib/twilio-ruby/rest/lookups/v2.rb,0.8
twilio-ruby,lib/twilio-ruby/rest/intelligence/v3.rb,c58e213a6f04,third-party apis,10.3,16,0,71,0.0,2,0.0,7,4,4,0.571,twilio-ruby/lib/twilio-ruby/rest/lookups/v2.rb,0.8
twilio-ruby,lib/twilio-ruby/rest/marketplace/v1.rb,c58e213a6f04,third-party apis,7.3,11,0,43,0.0,2,0.0,7,4,4,0.571,twilio-ruby/lib/twilio-ruby/rest/lookups/v2.rb,0.8
twilio-ruby,lib/twilio-ruby/rest/wireless/v1.rb,c58e213a6f04,third-party apis,7.8,11,0,50,0.0,2,0.0,6,4,4,0.667,twilio-ruby/lib/twilio-ruby/rest/lookups/v2.rb,0.8
gitlab,lib/gitlab/client/group_milestones.rb,4818c5712616,third-party apis,3.2,4,0,0,0.0,2,0.0,6,2,4,0.667,gitlab/lib/gitlab/client/milestones.rb,0.8
twilio-ruby,lib/twilio-ruby/rest/content/v1.rb,c58e213a6f04,third-party apis,5.4,11,0,20,0.0,2,0.0,5,4,4,0.8,twilio-ruby/lib/twilio-ruby/rest/lookups/v2.rb,0.8
twilio-ruby,lib/twilio-ruby/rest/messaging/v2.rb,c58e213a6f04,third-party apis,7,11,0,40,0.0,2,0.0,5,4,4,0.8,twilio-ruby/lib/twilio-ruby/rest/lookups/v2.rb,0.8
twilio-ruby,lib/twilio-ruby/rest/pricing/v1.rb,c58e213a6f04,third-party apis,7,11,0,40,0.0,2,0.0,5,4,4,0.8,twilio-ruby/lib/twilio-ruby/rest/lookups/v2.rb,0.8
activerecord,lib/arel/nodes/comment.rb,3989ebf3473d,orm/odm,3.8,4,0,50,0.0,1,0.0,4,3,4,1.0,activerecord/lib/arel/nodes/fragments.rb,0.8
twilio-ruby,lib/twilio-ruby/rest/ip_messaging/v2/service/channel/message.rb,c58e213a6f04,third-party apis,8.8,41,0,76,0.0,2,0.0,59,14,31,0.525,twilio-ruby/lib/twilio-ruby/rest/conversations/v1/service/conversation/message.rb,0.778
twilio-ruby,lib/twilio-ruby/rest/chat/v2/service/channel/message.rb,c58e213a6f04,third-party apis,8.8,41,0,76,0.0,2,0.0,59,14,31,0.525,twilio-ruby/lib/twilio-ruby/rest/conversations/v1/service/conversation/message.rb,0.778
twilio-ruby,lib/twilio-ruby/rest/bulkexports/v1/export/export_custom_job.rb,c58e213a6f04,third-party apis,7.6,37,0,71,0.0,2,0.0,34,10,17,0.5,twilio-ruby/lib/twilio-ruby/rest/wireless/v1/sim/data_session.rb,0.778
twilio-ruby,lib/twilio-ruby/rest/numbers/v2/regulatory_compliance/bundle/bundle_copy.rb,c58e213a6f04,third-party apis,7.1,27,0,70,0.0,2,0.0,33,11,17,0.515,twilio-ruby/lib/twilio-ruby/rest/wireless/v1/sim/data_session.rb,0.778
twilio-ruby,lib/twilio-ruby/rest/assistants/v1/policy.rb,c58e213a6f04,third-party apis,6.3,17,0,60,0.0,2,0.0,30,9,15,0.5,twilio-ruby/lib/twilio-ruby/rest/numbers/v1/signing_request_configuration.rb,0.778
twilio-ruby,lib/twilio-ruby/rest/supersim/v1/settings_update.rb,c58e213a6f04,third-party apis,6.4,16,0,59,0.0,2,0.0,29,9,15,0.517,twilio-ruby/lib/twilio-ruby/rest/numbers/v1/signing_request_configuration.rb,0.778
twilio-ruby,lib/twilio-ruby/rest/flex_api/v1/insights_conversations.rb,c58e213a6f04,third-party apis,6.8,16,0,52,0.0,2,0.0,25,9,15,0.6,twilio-ruby/lib/twilio-ruby/rest/numbers/v1/signing_request_configuration.rb,0.778
twilio-ruby,lib/twilio-ruby/rest/assistants/v1/tool.rb,c58e213a6f04,third-party apis,7.7,24,0,67,0.0,2,0.0,67,18,34,0.507,twilio-ruby/lib/twilio-ruby/rest/messaging/v2/channels_sender.rb,0.756
twilio-ruby,lib/twilio-ruby/rest/memory/v1/observation.rb,c58e213a6f04,third-party apis,8.1,26,0,71,0.0,2,0.0,59,16,35,0.593,twilio-ruby/lib/twilio-ruby/rest/memory/v1/conversation_summary.rb,0.75
twilio-ruby,lib/twilio-ruby/rest/studio/v1/flow/execution.rb,c58e213a6f04,third-party apis,8.1,31,0,76,0.0,2,0.0,58,13,35,0.603,twilio-ruby/lib/twilio-ruby/rest/studio/v2/flow/execution.rb,0.75
twilio-ruby,lib/twilio-ruby/rest/conversations/v1/service/configuration/webhook.rb,c58e213a6f04,third-party apis,7.2,33,0,64,0.0,2,0.0,39,14,20,0.513,twilio-ruby/lib/twilio-ruby/rest/conversations/v1/service/configuration.rb,0.75
twilio-ruby,lib/twilio-ruby/rest/frontline_api/v1/user.rb,c58e213a6f04,third-party apis,7.2,33,0,62,0.0,2,0.0,39,12,20,0.513,twilio-ruby/lib/twilio-ruby/rest/conversations/v1/service/configuration.rb,0.75
sprockets,lib/sprockets/sass_processor.rb,73c5a5316bd1,assets,5.1,36,19,41,0.5,1,3.7,27,4,14,0.519,sprockets/lib/sprockets/sassc_processor.rb,0.75
concurrent-ruby,lib/concurrent-ruby/concurrent/mutable_struct.rb,0b88d5ff75f6,concurrency and parallelism,5.4,15,7,21,0.5,0,28.6,14,2,14,1.0,concurrent-ruby/lib/concurrent-ruby/concurrent/settable_struct.rb,0.75
geocoder,lib/geocoder/results/freegeoip.rb,d3515db46c57,geolocation,3,3,14,86,0.0,1,0.0,7,2,3,0.429,geocoder/lib/geocoder/results/postcodes_io.rb,0.75
rouge,lib/rouge/lexers/rocq.rb,afc3c52c2af0,code highlighting,9.5,15,100,0,0.0,2,0.0,6,3,4,0.667,rouge/lib/rouge/lexers/ecl.rb,0.75
gitlab,lib/gitlab/client/packages.rb,4818c5712616,third-party apis,3,3,0,0,0.0,2,0.0,6,2,3,0.5,gitlab/lib/gitlab/client/container_registry.rb,0.75
rdoc,lib/rdoc/ri/task.rb,4e303b392092,documentation,3.4,5,0,0,0.0,2,0.0,5,1,3,0.6,fastlane/fastlane/lib/fastlane/actions/git_branch.rb,0.75
rouge,lib/rouge/lexers/freefem.rb,afc3c52c2af0,code highlighting,33.4,113,100,0,0.0,4,0.0,5,3,4,0.8,rouge/lib/rouge/lexers/idlang.rb,0.75
activerecord,lib/active_record/encryption/null_encryptor.rb,3989ebf3473d,orm/odm,3,3,0,0,0.0,0,0.0,4,3,3,0.75,activerecord/lib/active_record/encryption/read_only_null_encryptor.rb,0.75
rouge,lib/rouge/lexers/plsql.rb,afc3c52c2af0,code highlighting,108.2,358,100,0,0.0,2,0.0,4,3,3,0.75,rouge/lib/rouge/lexers/css.rb,0.75
rouge,lib/rouge/lexers/m68k.rb,afc3c52c2af0,code highlighting,14.8,32,100,0,0.0,2,0.0,4,3,4,1.0,rouge/lib/rouge/lexers/brightscript.rb,0.75
twilio-ruby,lib/twilio-ruby/rest/preview_iam/v1.rb,c58e213a6f04,third-party apis,3.8,6,0,0,0.0,2,0.0,4,4,3,0.75,twilio-ruby/lib/twilio-ruby/rest/flex_api/v2.rb,0.75
twilio-ruby,lib/twilio-ruby/rest/insights/v3.rb,c58e213a6f04,third-party apis,3.8,6,0,0,0.0,2,0.0,4,4,3,0.75,twilio-ruby/lib/twilio-ruby/rest/flex_api/v2.rb,0.75
twilio-ruby,lib/twilio-ruby/rest/studio/v2.rb,c58e213a6f04,third-party apis,5.8,11,0,25,0.0,2,0.0,4,4,4,1.0,twilio-ruby/lib/twilio-ruby/rest/ip_messaging/v2.rb,0.75
twilio-ruby,lib/twilio-ruby/rest/oauth/v2.rb,c58e213a6f04,third-party apis,3.8,6,0,0,0.0,2,0.0,4,4,3,0.75,twilio-ruby/lib/twilio-ruby/rest/flex_api/v2.rb,0.75
twilio-ruby,lib/twilio-ruby/rest/oauth/v1.rb,c58e213a6f04,third-party apis,3.8,6,0,0,0.0,2,0.0,4,4,3,0.75,twilio-ruby/lib/twilio-ruby/rest/flex_api/v2.rb,0.75
twilio-ruby,lib/twilio-ruby/rest/chat/v3.rb,c58e213a6f04,third-party apis,10,16,0,50,0.0,2,0.0,4,4,3,0.75,twilio-ruby/lib/twilio-ruby/rest/flex_api/v2.rb,0.75
twilio-ruby,lib/twilio-ruby/rest/content/v2.rb,c58e213a6f04,third-party apis,3.8,6,0,0,0.0,2,0.0,4,4,3,0.75,twilio-ruby/lib/twilio-ruby/rest/flex_api/v2.rb,0.75
rouge,lib/rouge/lexers/io.rb,afc3c52c2af0,code highlighting,4,6,100,33,0.0,2,0.0,3,3,3,1.0,rouge/lib/rouge/lexers/awk.rb,0.75
twilio-ruby,lib/twilio-ruby/rest/numbers/v3.rb,c58e213a6f04,third-party apis,3.7,5,0,0,0.0,2,0.0,3,4,3,1.0,twilio-ruby/lib/twilio-ruby/rest/flex_api/v2.rb,0.75
twilio-ruby,lib/twilio-ruby/rest/messaging/v3.rb,c58e213a6f04,third-party apis,3.7,5,0,0,0.0,2,0.0,3,4,3,1.0,twilio-ruby/lib/twilio-ruby/rest/flex_api/v2.rb,0.75
twilio-ruby,lib/twilio-ruby/rest/numbers/v1/embedded_session.rb,c58e213a6f04,third-party apis,6.3,22,0,55,0.0,2,0.0,22,10,13,0.591,twilio-ruby/lib/twilio-ruby/rest/content/v1/content/approval_create.rb,0.733
twilio-ruby,lib/twilio-ruby/rest/messaging/v3/typing_indicator.rb,c58e213a6f04,third-party apis,6.8,21,0,40,0.0,2,0.0,20,10,13,0.65,twilio-ruby/lib/twilio-ruby/rest/numbers/v1/sender_id_registration.rb,0.733
twilio-ruby,lib/twilio-ruby/rest/voice/v1/dialing_permissions.rb,c58e213a6f04,third-party apis,5.3,15,0,22,0.0,2,0.0,18,9,10,0.556,twilio-ruby/lib/twilio-ruby/rest/numbers/v2/regulatory_compliance.rb,0.727
twilio-ruby,lib/twilio-ruby/rest/chat/v2/service/user/user_channel.rb,c58e213a6f04,third-party apis,7.6,33,0,73,0.0,2,0.0,52,14,29,0.558,twilio-ruby/lib/twilio-ruby/rest/conversations/v1/service/conversation/participant.rb,0.714
twilio-ruby,lib/twilio-ruby/rest/flex_api/v1/provisioning_status.rb,c58e213a6f04,third-party apis,5.9,20,0,45,0.0,2,0.0,31,12,16,0.516,twilio-ruby/lib/twilio-ruby/rest/conversations/v1/configuration.rb,0.714
twilio-ruby,lib/twilio-ruby/rest/numbers/v1/webhook.rb,c58e213a6f04,third-party apis,6.0,20,0,52,0.0,2,0.0,23,9,11,0.478,twilio-ruby/lib/twilio-ruby/rest/marketplace/v1/module_data.rb,0.714
twilio-ruby,lib/twilio-ruby/rest/taskrouter/v1/workspace/task_queue/task_queue_bulk_real_time_statistics.rb,c58e213a6f04,third-party apis,6.3,22,0,59,0.0,2,0.0,22,11,11,0.5,twilio-ruby/lib/twilio-ruby/rest/content/v1/content/approval_create.rb,0.714
twilio-ruby,lib/twilio-ruby/rest/numbers/v1/porting_webhook_configuration.rb,c58e213a6f04,third-party apis,6.3,21,0,48,0.0,2,0.0,21,9,11,0.524,twilio-ruby/lib/twilio-ruby/rest/numbers/v1/sender_id_registration.rb,0.714
twilio-ruby,lib/twilio-ruby/rest/api/v2010/account/balance.rb,c58e213a6f04,third-party apis,6.5,21,0,55,0.0,2,0.0,20,10,11,0.55,twilio-ruby/lib/twilio-ruby/rest/video/v1/room/recording_rules.rb,0.714
bullet,lib/bullet/active_record81.rb,bc55c037d27a,profiler and optimization,28.8,305,5,89,0.0,0,10.5,19,3,18,0.947,bullet/lib/bullet/active_record80.rb,0.714
twilio-ruby,lib/twilio-ruby/rest/numbers/v1/eligibility.rb,c58e213a6f04,third-party apis,6.7,21,0,39,0.0,2,0.0,18,9,11,0.611,twilio-ruby/lib/twilio-ruby/rest/numbers/v1/sender_id_registration.rb,0.714
twilio-ruby,lib/twilio-ruby/rest/messaging/v1/usecase.rb,c58e213a6f04,third-party apis,6.6,20,0,39,0.0,2,0.0,18,9,11,0.611,twilio-ruby/lib/twilio-ruby/rest/marketplace/v1/module_data.rb,0.714
twilio-ruby,lib/twilio-ruby/rest/messaging/v2/typing_indicator.rb,c58e213a6f04,third-party apis,7.5,28,0,39,0.0,2,0.0,18,9,11,0.611,twilio-ruby/lib/twilio-ruby/rest/marketplace/v1/module_data.rb,0.714
fastlane,fastlane/lib/fastlane/actions/update_app_group_identifiers.rb,38d0ec404332,mobile development,7.6,25,100,33,0.0,1,0.0,9,4,6,0.667,fastlane/fastlane/lib/fastlane/actions/update_keychain_access_groups.rb,0.714
fastlane,fastlane/lib/fastlane/actions/update_icloud_container_identifiers.rb,38d0ec404332,mobile development,8.4,33,100,33,0.0,1,0.0,9,4,6,0.667,fastlane/fastlane/lib/fastlane/actions/update_keychain_access_groups.rb,0.714
mongo,lib/mongo/cluster/topology/unknown.rb,049b718a2d47,database drivers,3.1,4,0,11,0.25,1,0.0,9,4,5,0.556,mongo/lib/mongo/cluster/topology/single.rb,0.714
fastlane,fastlane/lib/fastlane/actions/hg_push.rb,38d0ec404332,mobile development,6.2,14,100,12,0.0,1,0.0,8,3,6,0.75,fastlane/fastlane/lib/fastlane/actions/make_changelog_from_jenkins.rb,0.714
danger,lib/danger/ci_source/appcircle.rb,c94d38b3ce68,automation,6.8,15,33,83,0.0,1,0.0,6,2,6,1.0,danger/lib/danger/ci_source/bitrise.rb,0.714
geocoder,lib/geocoder/lookups/nationaal_georegister_nl.rb,d3515db46c57,geolocation,3.8,6,0,50,0.0,1,0.0,6,2,6,1.0,geocoder/lib/geocoder/lookups/pdok_nl.rb,0.714
twilio-ruby,lib/twilio-ruby/rest/intelligence/v2/custom_operator.rb,c58e213a6f04,third-party apis,8.1,30,0,71,0.0,2,0.0,55,12,31,0.564,twilio-ruby/lib/twilio-ruby/rest/events/v1/sink.rb,0.711
twilio-ruby,lib/twilio-ruby/rest/api/v2010/account/recording/add_on_result/payload.rb,c58e213a6f04,third-party apis,6.5,24,0,73,0.0,2,0.0,51,15,28,0.549,twilio-ruby/lib/twilio-ruby/rest/proxy/v1/service/session/participant/message_interaction.rb,0.71
twilio-ruby,lib/twilio-ruby/rest/knowledge/v1/knowledge.rb,c58e213a6f04,third-party apis,7.5,23,0,67,0.0,2,0.0,70,18,37,0.529,twilio-ruby/lib/twilio-ruby/rest/messaging/v2/channels_sender.rb,0.705
twilio-ruby,lib/twilio-ruby/rest/assistants/v1/assistant/feedback.rb,c58e213a6f04,third-party apis,6.8,22,0,69,0.0,2,0.0,35,11,19,0.543,twilio-ruby/lib/twilio-ruby/rest/wireless/v1/sim/data_session.rb,0.7
bullet,lib/bullet/active_record60.rb,bc55c037d27a,profiler and optimization,29.5,294,6,89,0.0,0,11.1,18,3,17,0.944,bullet/lib/bullet/active_record61.rb,0.7
twilio-ruby,lib/twilio-ruby/rest/conversations/v1/configuration/webhook.rb,c58e213a6f04,third-party apis,7.2,34,0,56,0.0,2,0.0,39,13,19,0.487,twilio-ruby/lib/twilio-ruby/rest/conversations/v1/configuration.rb,0.696
twilio-ruby,lib/twilio-ruby/rest/assistants/v1/knowledge/knowledge_status.rb,c58e213a6f04,third-party apis,5.8,21,0,58,0.0,2,0.0,33,13,17,0.515,twilio-ruby/lib/twilio-ruby/rest/conversations/v1/service/configuration.rb,0.696
twilio-ruby,lib/twilio-ruby/rest/content/v1/content/approval_fetch.rb,c58e213a6f04,third-party apis,5.8,21,0,58,0.0,2,0.0,33,13,17,0.515,twilio-ruby/lib/twilio-ruby/rest/conversations/v1/service/configuration.rb,0.696
twilio-ruby,lib/twilio-ruby/rest/knowledge/v1/knowledge/knowledge_status.rb,c58e213a6f04,third-party apis,5.8,21,0,58,0.0,2,0.0,33,13,17,0.515,twilio-ruby/lib/twilio-ruby/rest/conversations/v1/service/configuration.rb,0.696
twilio-ruby,lib/twilio-ruby/rest/intelligence/v2/operator_attachments.rb,c58e213a6f04,third-party apis,5.9,21,0,53,0.0,2,0.0,32,12,17,0.531,twilio-ruby/lib/twilio-ruby/rest/insights/v1/call.rb,0.696
twilio-ruby,lib/twilio-ruby/rest/messaging/v1/linkshortening_messaging_service_domain_association.rb,c58e213a6f04,third-party apis,5.9,21,0,53,0.0,2,0.0,32,12,17,0.531,twilio-ruby/lib/twilio-ruby/rest/insights/v1/call.rb,0.696
twilio-ruby,lib/twilio-ruby/rest/assistants/v1/knowledge.rb,c58e213a6f04,third-party apis,7.5,23,0,67,0.0,2,0.0,70,18,38,0.543,twilio-ruby/lib/twilio-ruby/rest/messaging/v2/channels_sender.rb,0.689
twilio-ruby,lib/twilio-ruby/rest/intelligence/v3/version.rb,c58e213a6f04,third-party apis,6.1,29,0,75,0.0,2,0.0,51,12,23,0.451,twilio-ruby/lib/twilio-ruby/rest/conversations/v2/participant.rb,0.688
twilio-ruby,lib/twilio-ruby/rest/flex_api/v1/plugin_configuration/configured_plugin.rb,c58e213a6f04,third-party apis,6.3,28,0,73,0.0,2,0.0,51,13,23,0.451,twilio-ruby/lib/twilio-ruby/rest/messaging/v1/service/us_app_to_person.rb,0.688
twilio-ruby,lib/twilio-ruby/rest/trusthub/v1/trust_products/trust_products_channel_endpoint_assignment.rb,c58e213a6f04,third-party apis,7.6,29,0,70,0.0,2,0.0,47,13,28,0.596,twilio-ruby/lib/twilio-ruby/rest/api/v2010/account/short_code.rb,0.688
twilio-ruby,lib/twilio-ruby/rest/trusthub/v1/customer_profiles/customer_profiles_channel_endpoint_assignment.rb,c58e213a6f04,third-party apis,7.6,29,0,70,0.0,2,0.0,47,13,28,0.596,twilio-ruby/lib/twilio-ruby/rest/api/v2010/account/short_code.rb,0.688
twilio-ruby,lib/twilio-ruby/rest/conversations/v1/conversation/message/delivery_receipt.rb,c58e213a6f04,third-party apis,6.3,23,0,70,0.0,2,0.0,46,14,23,0.5,twilio-ruby/lib/twilio-ruby/rest/conversations/v1/service/conversation/participant.rb,0.688
twilio-ruby,lib/twilio-ruby/rest/video/v1/room/participant/subscribed_track.rb,c58e213a6f04,third-party apis,6.3,23,0,69,0.0,2,0.0,45,14,23,0.511,twilio-ruby/lib/twilio-ruby/rest/conversations/v1/service/conversation/participant.rb,0.688
twilio-ruby,lib/twilio-ruby/rest/video/v1/room/participant/published_track.rb,c58e213a6f04,third-party apis,6.4,23,0,68,0.0,2,0.0,44,14,23,0.523,twilio-ruby/lib/twilio-ruby/rest/conversations/v1/service/conversation/participant.rb,0.688
twilio-ruby,lib/twilio-ruby/rest/serverless/v1/service/asset/asset_version.rb,c58e213a6f04,third-party apis,6.4,23,0,67,0.0,2,0.0,43,14,23,0.535,twilio-ruby/lib/twilio-ruby/rest/conversations/v1/service/conversation/participant.rb,0.688
twilio-ruby,lib/twilio-ruby/rest/supersim/v1/network.rb,c58e213a6f04,third-party apis,6.8,21,0,60,0.0,2,0.0,40,12,23,0.575,twilio-ruby/lib/twilio-ruby/rest/supersim/v1/sim.rb,0.688
twilio-ruby,lib/twilio-ruby/rest/numbers/v2/authorization_document.rb,c58e213a6f04,third-party apis,7.6,36,0,69,0.0,2,0.0,51,12,30,0.588,twilio-ruby/lib/twilio-ruby/rest/events/v1/sink.rb,0.684
twilio-ruby,lib/twilio-ruby/rest/messaging/v1/domain_config.rb,c58e213a6f04,third-party apis,7,33,0,63,0.0,2,0.0,41,12,20,0.488,twilio-ruby/lib/twilio-ruby/rest/conversations/v1/service/configuration.rb,0.68
twilio-ruby,lib/twilio-ruby/rest/conversations/v1/service/configuration/notification.rb,c58e213a6f04,third-party apis,8.5,51,0,64,0.0,2,0.0,39,14,20,0.513,twilio-ruby/lib/twilio-ruby/rest/conversations/v1/service/configuration.rb,0.68
twilio-ruby,lib/twilio-ruby/rest/flex_api/v1/plugin_configuration.rb,c58e213a6f04,third-party apis,7.7,31,0,66,0.0,2,0.0,47,12,27,0.574,twilio-ruby/lib/twilio-ruby/rest/flex_api/v1/plugin.rb,0.676
twilio-ruby,lib/twilio-ruby/rest/api/v2010/account/message/media.rb,c58e213a6f04,third-party apis,7.0,23,0,69,0.0,2,0.0,45,14,26,0.578,twilio-ruby/lib/twilio-ruby/rest/api/v2010/account/call/recording.rb,0.676
twilio-ruby,lib/twilio-ruby/rest/memory/v1/data_mapping.rb,c58e213a6f04,third-party apis,7.8,25,0,71,0.0,2,0.0,66,18,34,0.515,twilio-ruby/lib/twilio-ruby/rest/memory/v1/trait_group.rb,0.667
twilio-ruby,lib/twilio-ruby/rest/api/v2010/account/outgoing_caller_id.rb,c58e213a6f04,third-party apis,7.6,28,0,71,0.0,2,0.0,48,13,29,0.604,twilio-ruby/lib/twilio-ruby/rest/api/v2010/account/short_code.rb,0.667
twilio-ruby,lib/twilio-ruby/rest/flex_api/v1/plugin_release.rb,c58e213a6f04,third-party apis,7.6,27,0,62,0.0,2,0.0,42,12,25,0.595,twilio-ruby/lib/twilio-ruby/rest/flex_api/v1/plugin.rb,0.667
twilio-ruby,lib/twilio-ruby/rest/memory/v1/operation.rb,c58e213a6f04,third-party apis,5.8,21,0,65,0.0,2,0.0,37,12,17,0.459,twilio-ruby/lib/twilio-ruby/rest/intelligence/v3/conversation.rb,0.667
twilio-ruby,lib/twilio-ruby/rest/knowledge/v2/operation.rb,c58e213a6f04,third-party apis,5.8,21,0,65,0.0,2,0.0,37,12,17,0.459,twilio-ruby/lib/twilio-ruby/rest/intelligence/v3/conversation.rb,0.667
twilio-ruby,lib/twilio-ruby/rest/conversations/v2/operation.rb,c58e213a6f04,third-party apis,5.8,21,0,64,0.0,2,0.0,36,12,17,0.472,twilio-ruby/lib/twilio-ruby/rest/intelligence/v3/conversation.rb,0.667
twilio-ruby,lib/twilio-ruby/rest/content/v1/legacy_content.rb,c58e213a6f04,third-party apis,5.9,19,0,62,0.0,2,0.0,32,9,15,0.469,twilio-ruby/lib/twilio-ruby/rest/wireless/v1/sim/data_session.rb,0.667
twilio-ruby,lib/twilio-ruby/rest/content/v1/content_and_approvals.rb,c58e213a6f04,third-party apis,6.0,17,0,60,0.0,2,0.0,30,9,15,0.5,twilio-ruby/lib/twilio-ruby/rest/wireless/v1/sim/data_session.rb,0.667
twilio-ruby,lib/twilio-ruby/rest/ip_messaging/v1/service/user/user_channel.rb,c58e213a6f04,third-party apis,6.1,16,0,66,0.0,2,0.0,29,11,15,0.517,twilio-ruby/lib/twilio-ruby/rest/wireless/v1/sim/data_session.rb,0.667
twilio-ruby,lib/twilio-ruby/rest/chat/v1/service/user/user_channel.rb,c58e213a6f04,third-party apis,6.1,16,0,66,0.0,2,0.0,29,11,15,0.517,twilio-ruby/lib/twilio-ruby/rest/wireless/v1/sim/data_session.rb,0.667
twilio-ruby,lib/twilio-ruby/rest/verify/v2/template.rb,c58e213a6f04,third-party apis,6.5,15,0,54,0.0,2,0.0,26,9,15,0.577,twilio-ruby/lib/twilio-ruby/rest/insights/v1/call/event.rb,0.667
twilio-ruby,lib/twilio-ruby/rest/iam/v1/get_api_keys.rb,c58e213a6f04,third-party apis,6.5,15,0,54,0.0,2,0.0,26,9,15,0.577,twilio-ruby/lib/twilio-ruby/rest/insights/v1/call/event.rb,0.667
twilio-ruby,lib/twilio-ruby/rest/api/v2010/account/call/event.rb,c58e213a6f04,third-party apis,6.7,15,0,57,0.0,2,0.0,23,11,15,0.652,twilio-ruby/lib/twilio-ruby/rest/wireless/v1/sim/data_session.rb,0.667
fastlane,fastlane/lib/fastlane/actions/google_play_track_version_codes.rb,38d0ec404332,mobile development,4.6,13,100,30,0.0,1,0.0,10,3,5,0.5,fastlane/fastlane/lib/fastlane/actions/google_play_track_release_names.rb,0.667
fastlane,fastlane/lib/fastlane/actions/sh.rb,38d0ec404332,mobile development,5,17,100,0,0.0,1,0.0,10,3,5,0.5,fastlane/fastlane/lib/fastlane/actions/lane_context.rb,0.667
fastlane,fastlane/lib/fastlane/actions/ensure_bundle_exec.rb,38d0ec404332,mobile development,4.1,8,100,0,0.0,1,0.0,9,4,5,0.556,fastlane/fastlane/lib/fastlane/actions/lane_context.rb,0.667
fastlane,fastlane/lib/fastlane/actions/ruby_version.rb,38d0ec404332,mobile development,5,14,100,12,0.0,1,0.0,8,4,5,0.625,fastlane/fastlane/lib/fastlane/actions/lane_context.rb,0.667
fastlane,fastlane/lib/fastlane/actions/min_fastlane_version.rb,38d0ec404332,mobile development,5.1,15,100,12,0.0,1,0.0,8,4,5,0.625,fastlane/fastlane/lib/fastlane/actions/lane_context.rb,0.667
liquid,lib/liquid/forloop_drop.rb,7a5e45fc4784,template engine,3.4,6,0,62,0.0,1,0.0,8,2,7,0.875,liquid/lib/liquid/tablerowloop_drop.rb,0.667
fastlane,fastlane/lib/fastlane/actions/hg_add_tag.rb,38d0ec404332,mobile development,5,10,100,14,0.0,1,0.0,7,3,5,0.714,fastlane/fastlane/lib/fastlane/actions/git_remote_branch.rb,0.667
fastlane,fastlane/lib/fastlane/actions/restore_file.rb,38d0ec404332,mobile development,4.6,8,100,14,0.0,1,0.0,7,3,5,0.714,fastlane/fastlane/lib/fastlane/actions/git_remote_branch.rb,0.667
fastlane,fastlane/lib/fastlane/actions/backup_file.rb,38d0ec404332,mobile development,4.1,7,100,14,0.0,1,0.0,7,3,5,0.714,fastlane/fastlane/lib/fastlane/actions/git_remote_branch.rb,0.667
geocoder,lib/geocoder/lookups/ip2location.rb,d3515db46c57,geolocation,7.7,24,0,29,0.0,1,0.0,7,2,5,0.714,geocoder/lib/geocoder/lookups/ip2location_io.rb,0.667
gitlab,lib/gitlab/client/environments.rb,4818c5712616,third-party apis,3.2,4,0,0,0.0,2,0.0,6,2,5,0.833,gitlab/lib/gitlab/client/milestones.rb,0.667
gitlab,lib/gitlab/client/snippets.rb,4818c5712616,third-party apis,3.5,6,0,0,0.0,2,0.0,6,2,5,0.833,gitlab/lib/gitlab/client/pipelines.rb,0.667
mongo,lib/mongo/operation/indexes/result.rb,049b718a2d47,database drivers,3,3,0,83,0.0,1,0.0,6,4,5,0.833,mongo/lib/mongo/operation/list_collections/result.rb,0.667
sprockets,lib/sprockets/uglifier_compressor.rb,73c5a5316bd1,assets,6.8,19,60,60,0.0,0,0.0,5,2,5,1.0,sprockets/lib/sprockets/closure_compressor.rb,0.667
sprockets,lib/sprockets/yui_compressor.rb,73c5a5316bd1,assets,5,12,60,60,0.0,0,0.0,5,2,5,1.0,sprockets/lib/sprockets/closure_compressor.rb,0.667
sprockets,lib/sprockets/jsminc_compressor.rb,73c5a5316bd1,assets,3.2,4,60,60,0.0,0,0.0,5,2,5,1.0,sprockets/lib/sprockets/closure_compressor.rb,0.667
selenium-webdriver,lib/selenium/webdriver/safari/features.rb,9175ed94d83e,testing,3,3,0,20,0.0,0,0.0,5,4,5,1.0,selenium-webdriver/lib/selenium/webdriver/firefox/features.rb,0.667
rouge,lib/rouge/lexers/groovy.rb,afc3c52c2af0,code highlighting,5,7,100,20,0.0,2,0.0,5,3,4,0.8,rouge/lib/rouge/lexers/javascript.rb,0.667
liquid,lib/liquid/tags/increment.rb,7a5e45fc4784,template engine,4.6,8,0,60,0.5,1,0.0,5,2,5,1.0,liquid/lib/liquid/tags/decrement.rb,0.667
gitlab,lib/gitlab/client/project_clusters.rb,4818c5712616,third-party apis,3.2,4,0,0,0.0,2,0.0,5,2,5,1.0,gitlab/lib/gitlab/client/milestones.rb,0.667
mongo,profile/driver_bench/multi_doc/base.rb,049b718a2d47,database drivers,4.6,8,0,40,0.0,1,0.0,5,4,5,1.0,mongo/profile/driver_bench/single_doc/base.rb,0.667
twilio-ruby,lib/twilio-ruby/rest/knowledge/v2/knowledge_basis.rb,c58e213a6f04,third-party apis,7.5,24,0,70,0.0,2,0.0,60,16,33,0.55,twilio-ruby/lib/twilio-ruby/rest/intelligence/v3/operator.rb,0.659
twilio-ruby,lib/twilio-ruby/rest/numbers/v2/hosted_number_order.rb,c58e213a6f04,third-party apis,8.3,56,0,76,0.0,2,0.0,68,12,31,0.456,twilio-ruby/lib/twilio-ruby/rest/wireless/v1/sim.rb,0.658
twilio-ruby,lib/twilio-ruby/rest/preview/hosted_numbers/hosted_number_order.rb,c58e213a6f04,third-party apis,9.1,58,0,76,0.0,2,0.0,66,12,31,0.47,twilio-ruby/lib/twilio-ruby/rest/wireless/v1/sim.rb,0.658
twilio-ruby,lib/twilio-ruby/rest/numbers/v1/porting_port_in_phone_number.rb,c58e213a6f04,third-party apis,5.6,30,0,70,0.0,2,0.0,50,12,20,0.4,twilio-ruby/lib/twilio-ruby/rest/lookups/v2/lookup_override.rb,0.655
twilio-ruby,lib/twilio-ruby/rest/intelligence/v2/prebuilt_operator.rb,c58e213a6f04,third-party apis,6.3,24,0,66,0.0,2,0.0,47,12,23,0.489,twilio-ruby/lib/twilio-ruby/rest/flex_api/v1/assessments.rb,0.655
twilio-ruby,lib/twilio-ruby/rest/intelligence/v2/operator.rb,c58e213a6f04,third-party apis,6.3,24,0,66,0.0,2,0.0,47,12,23,0.489,twilio-ruby/lib/twilio-ruby/rest/flex_api/v1/assessments.rb,0.655
twilio-ruby,lib/twilio-ruby/rest/marketplace/v1/installed_add_on/installed_add_on_extension.rb,c58e213a6f04,third-party apis,7.3,28,0,69,0.0,2,0.0,45,13,26,0.578,twilio-ruby/lib/twilio-ruby/rest/verify/v2/service/verification.rb,0.655
twilio-ruby,lib/twilio-ruby/rest/preview/marketplace/installed_add_on/installed_add_on_extension.rb,c58e213a6f04,third-party apis,7.3,28,0,69,0.0,2,0.0,45,13,26,0.578,twilio-ruby/lib/twilio-ruby/rest/verify/v2/service/verification.rb,0.655
twilio-ruby,lib/twilio-ruby/rest/insights/v1/room/participant.rb,c58e213a6f04,third-party apis,6.0,29,0,73,0.0,2,0.0,52,13,23,0.442,twilio-ruby/lib/twilio-ruby/rest/conversations/v1/service/user.rb,0.647
twilio-ruby,lib/twilio-ruby/rest/studio/v1/flow/engagement/step.rb,c58e213a6f04,third-party apis,6.1,26,0,73,0.0,2,0.0,51,14,25,0.49,twilio-ruby/lib/twilio-ruby/rest/conversations/v1/service/conversation/participant.rb,0.647
twilio-ruby,lib/twilio-ruby/rest/studio/v1/flow/execution/execution_step.rb,c58e213a6f04,third-party apis,6.1,26,0,73,0.0,2,0.0,51,14,25,0.49,twilio-ruby/lib/twilio-ruby/rest/conversations/v1/service/conversation/participant.rb,0.647
twilio-ruby,lib/twilio-ruby/rest/studio/v2/flow/execution/execution_step.rb,c58e213a6f04,third-party apis,6.1,26,0,73,0.0,2,0.0,51,14,25,0.49,twilio-ruby/lib/twilio-ruby/rest/conversations/v1/service/conversation/participant.rb,0.647
twilio-ruby,lib/twilio-ruby/rest/supersim/v1/esim_profile.rb,c58e213a6f04,third-party apis,7.2,32,0,69,0.0,2,0.0,51,12,25,0.49,twilio-ruby/lib/twilio-ruby/rest/supersim/v1/sim.rb,0.647
twilio-ruby,lib/twilio-ruby/rest/studio/v2/flow/flow_revision.rb,c58e213a6f04,third-party apis,6.1,25,0,71,0.0,2,0.0,48,13,23,0.479,twilio-ruby/lib/twilio-ruby/rest/conversations/v1/service/user.rb,0.647
twilio-ruby,lib/twilio-ruby/rest/flex_api/v1/plugin/plugin_versions.rb,c58e213a6f04,third-party apis,7.7,38,0,71,0.0,2,0.0,48,13,25,0.521,twilio-ruby/lib/twilio-ruby/rest/messaging/v1/service/us_app_to_person.rb,0.647
twilio-ruby,lib/twilio-ruby/rest/serverless/v1/service/function/function_version.rb,c58e213a6f04,third-party apis,6.4,23,0,70,0.0,2,0.0,46,14,25,0.543,twilio-ruby/lib/twilio-ruby/rest/conversations/v1/service/conversation/participant.rb,0.647
twilio-ruby,lib/twilio-ruby/rest/supersim/v1/sms_command.rb,c58e213a6f04,third-party apis,7.5,32,0,65,0.0,2,0.0,46,12,25,0.543,twilio-ruby/lib/twilio-ruby/rest/supersim/v1/sim.rb,0.647
twilio-ruby,lib/twilio-ruby/rest/serverless/v1/service/environment/deployment.rb,c58e213a6f04,third-party apis,7.4,30,0,69,0.0,2,0.0,45,14,25,0.556,twilio-ruby/lib/twilio-ruby/rest/conversations/v1/service/conversation/participant.rb,0.647
twilio-ruby,lib/twilio-ruby/rest/api/v2010/account/authorized_connect_app.rb,c58e213a6f04,third-party apis,6.4,22,0,67,0.0,2,0.0,43,13,23,0.535,twilio-ruby/lib/twilio-ruby/rest/conversations/v1/service/user.rb,0.647
twilio-ruby,lib/twilio-ruby/rest/marketplace/v1/available_add_on/available_add_on_extension.rb,c58e213a6f04,third-party apis,6.5,22,0,66,0.0,2,0.0,41,13,23,0.561,twilio-ruby/lib/twilio-ruby/rest/conversations/v1/service/user.rb,0.647
twilio-ruby,lib/twilio-ruby/rest/bulkexports/v1/export/day.rb,c58e213a6f04,third-party apis,6.5,22,0,66,0.0,2,0.0,41,13,23,0.561,twilio-ruby/lib/twilio-ruby/rest/conversations/v1/service/user.rb,0.647
twilio-ruby,lib/twilio-ruby/rest/preview/marketplace/available_add_on/available_add_on_extension.rb,c58e213a6f04,third-party apis,6.5,22,0,66,0.0,2,0.0,41,13,23,0.561,twilio-ruby/lib/twilio-ruby/rest/conversations/v1/service/user.rb,0.647
twilio-ruby,lib/twilio-ruby/rest/preview_iam/versionless/organization/account.rb,c58e213a6f04,third-party apis,6.6,22,0,65,0.0,2,0.0,40,13,23,0.575,twilio-ruby/lib/twilio-ruby/rest/conversations/v1/service/user.rb,0.647
twilio-ruby,lib/twilio-ruby/rest/events/v1/schema/schema_version.rb,c58e213a6f04,third-party apis,6.6,22,0,65,0.0,2,0.0,40,13,23,0.575,twilio-ruby/lib/twilio-ruby/rest/conversations/v1/service/user.rb,0.647
twilio-ruby,lib/twilio-ruby/rest/verify/v2/service/entity.rb,c58e213a6f04,third-party apis,7.4,27,0,74,0.0,2,0.0,54,13,33,0.611,twilio-ruby/lib/twilio-ruby/rest/api/v2010/account/sip/domain.rb,0.643
twilio-ruby,lib/twilio-ruby/rest/serverless/v1/service/environment/log.rb,c58e213a6f04,third-party apis,6.5,24,0,70,0.0,2,0.0,47,14,23,0.489,twilio-ruby/lib/twilio-ruby/rest/api/v2010/account/call/notification.rb,0.643
twilio-ruby,lib/twilio-ruby/rest/conversations/v1/conversation/participant.rb,c58e213a6f04,third-party apis,9.4,45,0,75,0.0,2,0.0,55,13,31,0.564,twilio-ruby/lib/twilio-ruby/rest/conversations/v1/service/user.rb,0.641
twilio-ruby,lib/twilio-ruby/rest/verify/v2/service/access_token.rb,c58e213a6f04,third-party apis,6.8,33,0,68,0.0,2,0.0,41,13,19,0.463,twilio-ruby/lib/twilio-ruby/rest/verify/v2/service/verification.rb,0.64
twilio-ruby,lib/twilio-ruby/rest/conversations/v2/communication.rb,c58e213a6f04,third-party apis,6.8,24,0,68,0.0,2,0.0,60,18,28,0.467,twilio-ruby/lib/twilio-ruby/rest/conversations/v2/participant.rb,0.639
twilio-ruby,lib/twilio-ruby/rest/wireless/v1/command.rb,c58e213a6f04,third-party apis,7.8,38,0,69,0.0,2,0.0,52,12,28,0.538,twilio-ruby/lib/twilio-ruby/rest/video/v1/composition_hook.rb,0.639
twilio-ruby,lib/twilio-ruby/rest/studio/v1/flow/engagement.rb,c58e213a6f04,third-party apis,7.3,31,0,75,0.0,2,0.0,55,13,32,0.582,twilio-ruby/lib/twilio-ruby/rest/studio/v2/flow/execution.rb,0.634
twilio-ruby,lib/twilio-ruby/rest/ip_messaging/v1/service/channel/message.rb,c58e213a6f04,third-party apis,8.1,32,0,75,0.0,2,0.0,56,14,31,0.554,twilio-ruby/lib/twilio-ruby/rest/api/v2010/account/call/recording.rb,0.632
twilio-ruby,lib/twilio-ruby/rest/chat/v1/service/channel/message.rb,c58e213a6f04,third-party apis,8.1,32,0,75,0.0,2,0.0,56,14,31,0.554,twilio-ruby/lib/twilio-ruby/rest/api/v2010/account/call/recording.rb,0.632
twilio-ruby,lib/twilio-ruby/rest/ip_messaging/v1/service/channel/member.rb,c58e213a6f04,third-party apis,8.2,31,0,74,0.0,2,0.0,54,14,31,0.574,twilio-ruby/lib/twilio-ruby/rest/api/v2010/account/call/recording.rb,0.632
twilio-ruby,lib/twilio-ruby/rest/chat/v1/service/channel/member.rb,c58e213a6f04,third-party apis,8.2,31,0,74,0.0,2,0.0,54,14,31,0.574,twilio-ruby/lib/twilio-ruby/rest/api/v2010/account/call/recording.rb,0.632
twilio-ruby,lib/twilio-ruby/rest/verify/v2/service/rate_limit/bucket.rb,c58e213a6f04,third-party apis,8.2,31,0,73,0.0,2,0.0,52,14,31,0.596,twilio-ruby/lib/twilio-ruby/rest/api/v2010/account/call/recording.rb,0.632
twilio-ruby,lib/twilio-ruby/rest/serverless/v1/service/environment/variable.rb,c58e213a6f04,third-party apis,8.2,31,0,73,0.0,2,0.0,52,14,31,0.596,twilio-ruby/lib/twilio-ruby/rest/api/v2010/account/call/recording.rb,0.632
twilio-ruby,lib/twilio-ruby/rest/api/v2010/account/transcription.rb,c58e213a6f04,third-party apis,6.3,25,0,73,0.0,2,0.0,51,13,26,0.51,twilio-ruby/lib/twilio-ruby/rest/api/v2010/account/sip/domain.rb,0.632
twilio-ruby,lib/twilio-ruby/rest/bulkexports/v1/export.rb,c58e213a6f04,third-party apis,6.2,21,0,59,0.0,2,0.0,37,12,22,0.595,twilio-ruby/lib/twilio-ruby/rest/insights/v1/call.rb,0.63
twilio-ruby,lib/twilio-ruby/rest/events/v1/schema.rb,c58e213a6f04,third-party apis,6,21,0,58,0.0,2,0.0,36,12,19,0.528,twilio-ruby/lib/twilio-ruby/rest/insights/v1/conference.rb,0.63
twilio-ruby,lib/twilio-ruby/rest/taskrouter/v1/workspace/worker/worker_channel.rb,c58e213a6f04,third-party apis,7.1,31,0,73,0.0,2,0.0,51,14,26,0.51,twilio-ruby/lib/twilio-ruby/rest/conversations/v1/service/conversation/participant.rb,0.629
twilio-ruby,lib/twilio-ruby/rest/api/v2010/account/recording/transcription.rb,c58e213a6f04,third-party apis,6.4,25,0,73,0.0,2,0.0,51,14,26,0.51,twilio-ruby/lib/twilio-ruby/rest/conversations/v1/service/conversation/participant.rb,0.629
twilio-ruby,lib/twilio-ruby/rest/api/v2010/account/queue/member.rb,c58e213a6f04,third-party apis,7.6,31,0,68,0.0,2,0.0,44,14,26,0.591,twilio-ruby/lib/twilio-ruby/rest/conversations/v1/service/conversation/participant.rb,0.629
twilio-ruby,lib/twilio-ruby/rest/messaging/v1/domain_certs.rb,c58e213a6f04,third-party apis,6.8,27,0,65,0.0,2,0.0,43,12,23,0.535,twilio-ruby/lib/twilio-ruby/rest/events/v1/sink.rb,0.629
twilio-ruby,lib/twilio-ruby/rest/conversations/v1/service/binding.rb,c58e213a6f04,third-party apis,6.7,23,0,71,0.0,2,0.0,49,13,26,0.531,twilio-ruby/lib/twilio-ruby/rest/api/v2010/account/short_code.rb,0.625
twilio-ruby,lib/twilio-ruby/rest/video/v1/composition_settings.rb,c58e213a6f04,third-party apis,7.3,36,0,58,0.0,2,0.0,40,12,19,0.475,twilio-ruby/lib/twilio-ruby/rest/conversations/v1/configuration.rb,0.625
twilio-ruby,lib/twilio-ruby/rest/video/v1/recording_settings.rb,c58e213a6f04,third-party apis,7.3,36,0,58,0.0,2,0.0,40,12,19,0.475,twilio-ruby/lib/twilio-ruby/rest/conversations/v1/configuration.rb,0.625
twilio-ruby,lib/twilio-ruby/rest/messaging/v2/domain_certs.rb,c58e213a6f04,third-party apis,5.6,22,0,62,0.0,2,0.0,39,12,17,0.436,twilio-ruby/lib/twilio-ruby/rest/insights/v1/call.rb,0.625
twilio-ruby,lib/twilio-ruby/rest/messaging/v1/domain_config_messaging_service.rb,c58e213a6f04,third-party apis,5.6,21,0,61,0.0,2,0.0,38,12,17,0.447,twilio-ruby/lib/twilio-ruby/rest/insights/v1/call.rb,0.625
twilio-ruby,lib/twilio-ruby/rest/pricing/v1/voice/number.rb,c58e213a6f04,third-party apis,5.7,21,0,58,0.0,2,0.0,36,13,17,0.472,twilio-ruby/lib/twilio-ruby/rest/insights/v1/call.rb,0.625
twilio-ruby,lib/twilio-ruby/rest/intelligence/v2/operator_attachment.rb,c58e213a6f04,third-party apis,6.3,22,0,57,0.0,2,0.0,35,12,20,0.571,twilio-ruby/lib/twilio-ruby/rest/accounts/v1/secondary_auth_token.rb,0.625
twilio-ruby,lib/twilio-ruby/rest/messaging/v1/linkshortening_messaging_service.rb,c58e213a6f04,third-party apis,6.3,22,0,57,0.0,2,0.0,35,12,20,0.571,twilio-ruby/lib/twilio-ruby/rest/accounts/v1/secondary_auth_token.rb,0.625
twilio-ruby,lib/twilio-ruby/rest/voice/v1/dialing_permissions/settings.rb,c58e213a6f04,third-party apis,7.0,26,0,50,0.0,2,0.0,34,13,19,0.559,twilio-ruby/lib/twilio-ruby/rest/conversations/v1/configuration.rb,0.625
twilio-ruby,lib/twilio-ruby/rest/verify/v2/form.rb,c58e213a6f04,third-party apis,5.8,21,0,55,0.0,2,0.0,33,12,17,0.515,twilio-ruby/lib/twilio-ruby/rest/insights/v1/call.rb,0.625
twilio-ruby,lib/twilio-ruby/rest/messaging/v1/domain_validate_dn.rb,c58e213a6f04,third-party apis,5.8,21,0,55,0.0,2,0.0,33,12,17,0.515,twilio-ruby/lib/twilio-ruby/rest/insights/v1/call.rb,0.625
twilio-ruby,lib/twilio-ruby/rest/memory/v1/lookup.rb,c58e213a6f04,third-party apis,6.7,22,0,57,0.0,2,0.0,21,10,13,0.619,twilio-ruby/lib/twilio-ruby/rest/content/v1/content/approval_create.rb,0.625
twilio-ruby,lib/twilio-ruby/rest/marketplace/v1/referral_conversion.rb,c58e213a6f04,third-party apis,6.5,21,0,40,0.0,2,0.0,20,10,13,0.65,twilio-ruby/lib/twilio-ruby/rest/numbers/v1/sender_id_registration.rb,0.625
twilio-ruby,lib/twilio-ruby/rest/voice/v1/dialing_permissions/bulk_country_update.rb,c58e213a6f04,third-party apis,7.1,26,0,42,0.0,2,0.0,19,10,11,0.579,twilio-ruby/lib/twilio-ruby/rest/accounts/v1/safelist.rb,0.625
mongo,lib/mongo/cluster/topology/sharded.rb,049b718a2d47,database drivers,3.1,4,0,22,0.25,1,0.0,9,4,6,0.667,mongo/lib/mongo/cluster/topology/single.rb,0.625
fastlane,fastlane/lib/fastlane/actions/capture_android_screenshots.rb,38d0ec404332,mobile development,5.8,13,100,25,0.0,1,0.0,8,4,6,0.75,fastlane/fastlane/lib/fastlane/actions/get_certificates.rb,0.625
twilio-ruby,lib/twilio-ruby/rest/video/v1/room/room_recording.rb,c58e213a6f04,third-party apis,6.5,29,0,75,0.0,2,0.0,55,13,26,0.473,twilio-ruby/lib/twilio-ruby/rest/api/v2010/account/incoming_phone_number.rb,0.622
twilio-ruby,lib/twilio-ruby/rest/memory/v1/identity_resolution_setting.rb,c58e213a6f04,third-party apis,6.7,24,0,64,0.0,2,0.0,39,13,22,0.564,twilio-ruby/lib/twilio-ruby/rest/voice/v3/transcription.rb,0.621
twilio-ruby,lib/twilio-ruby/rest/serverless/v1/service/environment.rb,c58e213a6f04,third-party apis,7.4,29,0,75,0.0,2,0.0,57,13,32,0.561,twilio-ruby/lib/twilio-ruby/rest/api/v2010/account/sip/domain.rb,0.619
twilio-ruby,lib/twilio-ruby/rest/taskrouter/v1/workspace/workspace_real_time_statistics.rb,c58e213a6f04,third-party apis,5.9,26,0,64,0.0,2,0.0,39,13,17,0.436,twilio-ruby/lib/twilio-ruby/rest/taskrouter/v1/workspace/worker/workers_cumulative_statistics.rb,0.619
twilio-ruby,lib/twilio-ruby/rest/flex_api/v1/plugin_archive.rb,c58e213a6f04,third-party apis,5.8,23,0,61,0.0,2,0.0,38,12,17,0.447,twilio-ruby/lib/twilio-ruby/rest/numbers/v2/bundle_clone.rb,0.619
twilio-ruby,lib/twilio-ruby/rest/preview/wireless/sim/usage.rb,c58e213a6f04,third-party apis,6.1,28,0,63,0.0,2,0.0,38,13,17,0.447,twilio-ruby/lib/twilio-ruby/rest/taskrouter/v1/workspace/worker/workers_cumulative_statistics.rb,0.619
twilio-ruby,lib/twilio-ruby/rest/messaging/v1/request_managed_cert.rb,c58e213a6f04,third-party apis,5.6,21,0,61,0.0,2,0.0,38,12,17,0.447,twilio-ruby/lib/twilio-ruby/rest/numbers/v2/bundle_clone.rb,0.619
twilio-ruby,lib/twilio-ruby/rest/lookups/v1/phone_number.rb,c58e213a6f04,third-party apis,6.6,32,0,58,0.0,2,0.0,36,12,17,0.472,twilio-ruby/lib/twilio-ruby/rest/numbers/v2/bundle_clone.rb,0.619
twilio-ruby,lib/twilio-ruby/rest/flex_api/v1/plugin_configuration_archive.rb,c58e213a6f04,third-party apis,5.9,23,0,58,0.0,2,0.0,36,12,17,0.472,twilio-ruby/lib/twilio-ruby/rest/numbers/v2/bundle_clone.rb,0.619
twilio-ruby,lib/twilio-ruby/rest/intelligence/v2/transcript/media.rb,c58e213a6f04,third-party apis,6.2,26,0,59,0.0,2,0.0,34,13,17,0.5,twilio-ruby/lib/twilio-ruby/rest/taskrouter/v1/workspace/worker/workers_cumulative_statistics.rb,0.619
twilio-ruby,lib/twilio-ruby/rest/taskrouter/v1/workspace/workspace_statistics.rb,c58e213a6f04,third-party apis,6.9,34,0,59,0.0,2,0.0,34,13,17,0.5,twilio-ruby/lib/twilio-ruby/rest/taskrouter/v1/workspace/worker/workers_cumulative_statistics.rb,0.619
twilio-ruby,lib/twilio-ruby/rest/taskrouter/v1/workspace/worker/workers_statistics.rb,c58e213a6f04,third-party apis,7.3,38,0,59,0.0,2,0.0,34,14,17,0.5,twilio-ruby/lib/twilio-ruby/rest/taskrouter/v1/workspace/worker/workers_cumulative_statistics.rb,0.619
twilio-ruby,lib/twilio-ruby/rest/taskrouter/v1/workspace/worker/workers_real_time_statistics.rb,c58e213a6f04,third-party apis,6.2,26,0,59,0.0,2,0.0,34,14,17,0.5,twilio-ruby/lib/twilio-ruby/rest/taskrouter/v1/workspace/worker/workers_cumulative_statistics.rb,0.619
twilio-ruby,lib/twilio-ruby/rest/intelligence/v2/transcript/encrypted_operator_results.rb,c58e213a6f04,third-party apis,6.3,26,0,56,0.0,2,0.0,32,13,17,0.531,twilio-ruby/lib/twilio-ruby/rest/taskrouter/v1/workspace/worker/workers_cumulative_statistics.rb,0.619
twilio-ruby,lib/twilio-ruby/rest/intelligence/v2/transcript/encrypted_sentences.rb,c58e213a6f04,third-party apis,6.3,26,0,56,0.0,2,0.0,32,13,17,0.531,twilio-ruby/lib/twilio-ruby/rest/taskrouter/v1/workspace/worker/workers_cumulative_statistics.rb,0.619
twilio-ruby,lib/twilio-ruby/rest/numbers/v1/porting_webhook_configuration_delete.rb,c58e213a6f04,third-party apis,5.6,15,0,48,0.0,2,0.0,29,12,15,0.517,twilio-ruby/lib/twilio-ruby/rest/accounts/v1/secondary_auth_token.rb,0.619
twilio-ruby,lib/twilio-ruby/rest/voice/v1/archived_call.rb,c58e213a6f04,third-party apis,5.6,15,0,48,0.0,2,0.0,29,12,15,0.517,twilio-ruby/lib/twilio-ruby/rest/accounts/v1/secondary_auth_token.rb,0.619
twilio-ruby,lib/twilio-ruby/rest/conversations/v2/action.rb,c58e213a6f04,third-party apis,6.4,22,0,66,0.0,2,0.0,47,16,24,0.511,twilio-ruby/lib/twilio-ruby/rest/conversations/v2/participant.rb,0.618
twilio-ruby,lib/twilio-ruby/rest/messaging/v1/service/destination_alpha_sender.rb,c58e213a6f04,third-party apis,7.4,29,0,71,0.0,2,0.0,49,13,28,0.571,twilio-ruby/lib/twilio-ruby/rest/taskrouter/v1/workspace/workflow.rb,0.615
twilio-ruby,lib/twilio-ruby/rest/trusthub/v1/trust_products/trust_products_entity_assignments.rb,c58e213a6f04,third-party apis,7.5,27,0,70,0.0,2,0.0,46,13,28,0.609,twilio-ruby/lib/twilio-ruby/rest/taskrouter/v1/workspace/workflow.rb,0.615
twilio-ruby,lib/twilio-ruby/rest/trusthub/v1/customer_profiles/customer_profiles_entity_assignments.rb,c58e213a6f04,third-party apis,7.5,27,0,70,0.0,2,0.0,46,13,28,0.609,twilio-ruby/lib/twilio-ruby/rest/taskrouter/v1/workspace/workflow.rb,0.615
twilio-ruby,lib/twilio-ruby/rest/insights/v1/call/annotation.rb,c58e213a6f04,third-party apis,7.4,39,0,67,0.0,2,0.0,42,13,20,0.476,twilio-ruby/lib/twilio-ruby/rest/conversations/v1/service/configuration.rb,0.615
twilio-ruby,lib/twilio-ruby/rest/numbers/v2/bulk_hosted_number_order.rb,c58e213a6f04,third-party apis,6.6,26,0,62,0.0,2,0.0,40,12,19,0.475,twilio-ruby/lib/twilio-ruby/rest/numbers/v2/regulatory_compliance/regulation.rb,0.615
twilio-ruby,lib/twilio-ruby/rest/studio/v2/flow/flow_test_user.rb,c58e213a6f04,third-party apis,7,27,0,60,0.0,2,0.0,35,13,20,0.571,twilio-ruby/lib/twilio-ruby/rest/conversations/v1/service/configuration.rb,0.615
twilio-ruby,lib/twilio-ruby/rest/trunking/v1/trunk/recording.rb,c58e213a6f04,third-party apis,7.3,29,0,59,0.0,2,0.0,34,13,20,0.588,twilio-ruby/lib/twilio-ruby/rest/conversations/v1/service/configuration.rb,0.615
twilio-ruby,lib/twilio-ruby/rest/ip_messaging/v1/service/channel.rb,c58e213a6f04,third-party apis,8.3,33,0,78,0.0,2,0.0,63,13,35,0.556,twilio-ruby/lib/twilio-ruby/rest/ip_messaging/v2/service/channel.rb,0.614
twilio-ruby,lib/twilio-ruby/rest/chat/v1/service/channel.rb,c58e213a6f04,third-party apis,8.3,33,0,78,0.0,2,0.0,63,13,35,0.556,twilio-ruby/lib/twilio-ruby/rest/ip_messaging/v2/service/channel.rb,0.614
twilio-ruby,lib/twilio-ruby/rest/marketplace/v1/available_add_on.rb,c58e213a6f04,third-party apis,6.5,21,0,64,0.0,2,0.0,44,12,25,0.568,twilio-ruby/lib/twilio-ruby/rest/insights/v1/conference.rb,0.613
twilio-ruby,lib/twilio-ruby/rest/preview/marketplace/available_add_on.rb,c58e213a6f04,third-party apis,6.5,21,0,64,0.0,2,0.0,44,12,25,0.568,twilio-ruby/lib/twilio-ruby/rest/insights/v1/conference.rb,0.613
twilio-ruby,lib/twilio-ruby/rest/memory/v1/import.rb,c58e213a6f04,third-party apis,6.8,23,0,71,0.0,2,0.0,49,13,27,0.551,twilio-ruby/lib/twilio-ruby/rest/conversations/v2/participant.rb,0.611
twilio-ruby,lib/twilio-ruby/rest/trusthub/v1/trust_products/trust_products_evaluations.rb,c58e213a6f04,third-party apis,7.2,27,0,69,0.0,2,0.0,45,13,25,0.556,twilio-ruby/lib/twilio-ruby/rest/conversations/v1/service/user.rb,0.611
twilio-ruby,lib/twilio-ruby/rest/trusthub/v1/customer_profiles/customer_profiles_evaluations.rb,c58e213a6f04,third-party apis,7.2,27,0,69,0.0,2,0.0,45,13,25,0.556,twilio-ruby/lib/twilio-ruby/rest/conversations/v1/service/user.rb,0.611
twilio-ruby,lib/twilio-ruby/rest/numbers/v2/regulatory_compliance/bundle/evaluation.rb,c58e213a6f04,third-party apis,6.9,22,0,69,0.0,2,0.0,45,14,25,0.556,twilio-ruby/lib/twilio-ruby/rest/conversations/v1/service/user.rb,0.611
twilio-ruby,lib/twilio-ruby/rest/numbers/v1/porting_port_in.rb,c58e213a6f04,third-party apis,6.4,30,0,69,0.0,2,0.0,58,15,28,0.483,twilio-ruby/lib/twilio-ruby/rest/messaging/v2/channels_sender.rb,0.61
twilio-ruby,lib/twilio-ruby/rest/serverless/v1/service/build.rb,c58e213a6f04,third-party apis,7.2,33,0,74,0.0,2,0.0,54,13,30,0.556,twilio-ruby/lib/twilio-ruby/rest/api/v2010/account/sip/domain.rb,0.61
twilio-ruby,lib/twilio-ruby/rest/conversations/v1/conversation/message.rb,c58e213a6f04,third-party apis,8.9,44,0,77,0.0,2,0.0,60,13,33,0.55,twilio-ruby/lib/twilio-ruby/rest/ip_messaging/v2/service/channel.rb,0.605
twilio-ruby,lib/twilio-ruby/rest/trunking/v1/trunk/phone_number.rb,c58e213a6f04,third-party apis,6.4,38,0,79,0.0,2,0.0,66,13,28,0.424,twilio-ruby/lib/twilio-ruby/rest/api/v2010/account/sip/domain.rb,0.6
twilio-ruby,lib/twilio-ruby/rest/ip_messaging/v2/service/channel/member.rb,c58e213a6f04,third-party apis,9.2,41,0,75,0.0,2,0.0,55,14,31,0.564,twilio-ruby/lib/twilio-ruby/rest/conversations/v1/service/conversation/message.rb,0.6
twilio-ruby,lib/twilio-ruby/rest/chat/v2/service/channel/member.rb,c58e213a6f04,third-party apis,9.2,41,0,75,0.0,2,0.0,55,14,31,0.564,twilio-ruby/lib/twilio-ruby/rest/conversations/v1/service/conversation/message.rb,0.6
twilio-ruby,lib/twilio-ruby/rest/monitor/v1/alert.rb,c58e213a6f04,third-party apis,6.1,31,0,70,0.0,2,0.0,54,12,23,0.426,twilio-ruby/lib/twilio-ruby/rest/insights/v1/conference.rb,0.6
twilio-ruby,lib/twilio-ruby/rest/trunking/v1/trunk/origination_url.rb,c58e213a6f04,third-party apis,8.5,36,0,74,0.0,2,0.0,54,13,31,0.574,twilio-ruby/lib/twilio-ruby/rest/conversations/v1/service/user.rb,0.6
twilio-ruby,lib/twilio-ruby/rest/voice/v1/connection_policy/connection_policy_target.rb,c58e213a6f04,third-party apis,8.5,36,0,74,0.0,2,0.0,54,13,31,0.574,twilio-ruby/lib/twilio-ruby/rest/conversations/v1/service/user.rb,0.6
twilio-ruby,lib/twilio-ruby/rest/monitor/v1/event.rb,c58e213a6f04,third-party apis,6.6,26,0,67,0.0,2,0.0,49,12,23,0.469,twilio-ruby/lib/twilio-ruby/rest/insights/v1/conference.rb,0.6
twilio-ruby,lib/twilio-ruby/rest/intelligence/v2/operator_type.rb,c58e213a6f04,third-party apis,6.1,26,0,67,0.0,2,0.0,49,12,23,0.469,twilio-ruby/lib/twilio-ruby/rest/insights/v1/conference.rb,0.6
twilio-ruby,lib/twilio-ruby/rest/messaging/v1/service/short_code.rb,c58e213a6f04,third-party apis,7.2,27,0,71,0.0,2,0.0,49,13,28,0.571,twilio-ruby/lib/twilio-ruby/rest/api/v2010/account/sip/domain.rb,0.6
twilio-ruby,lib/twilio-ruby/rest/messaging/v1/service/channel_sender.rb,c58e213a6f04,third-party apis,7.2,27,0,71,0.0,2,0.0,49,13,28,0.571,twilio-ruby/lib/twilio-ruby/rest/api/v2010/account/sip/domain.rb,0.6
twilio-ruby,lib/twilio-ruby/rest/messaging/v1/service/phone_number.rb,c58e213a6f04,third-party apis,7.2,27,0,71,0.0,2,0.0,49,13,28,0.571,twilio-ruby/lib/twilio-ruby/rest/api/v2010/account/sip/domain.rb,0.6
twilio-ruby,lib/twilio-ruby/rest/messaging/v1/service/alpha_sender.rb,c58e213a6f04,third-party apis,7.3,27,0,71,0.0,2,0.0,48,13,28,0.583,twilio-ruby/lib/twilio-ruby/rest/api/v2010/account/sip/domain.rb,0.6
twilio-ruby,lib/twilio-ruby/rest/trunking/v1/trunk/ip_access_control_list.rb,c58e213a6f04,third-party apis,7.4,27,0,70,0.0,2,0.0,47,13,28,0.596,twilio-ruby/lib/twilio-ruby/rest/api/v2010/account/sip/domain.rb,0.6
twilio-ruby,lib/twilio-ruby/rest/trunking/v1/trunk/credential_list.rb,c58e213a6f04,third-party apis,7.4,27,0,70,0.0,2,0.0,47,13,28,0.596,twilio-ruby/lib/twilio-ruby/rest/api/v2010/account/sip/domain.rb,0.6
twilio-ruby,lib/twilio-ruby/rest/numbers/v2/regulatory_compliance/bundle/item_assignment.rb,c58e213a6f04,third-party apis,7.5,27,0,70,0.0,2,0.0,46,14,28,0.609,twilio-ruby/lib/twilio-ruby/rest/api/v2010/account/sip/domain.rb,0.6
twilio-ruby,lib/twilio-ruby/rest/verify/v2/verification_attempt.rb,c58e213a6f04,third-party apis,6.9,23,0,65,0.0,2,0.0,46,12,23,0.5,twilio-ruby/lib/twilio-ruby/rest/insights/v1/conference.rb,0.6
twilio-ruby,lib/twilio-ruby/rest/supersim/v1/network_access_profile/network_access_profile_network.rb,c58e213a6f04,third-party apis,7.5,27,0,70,0.0,2,0.0,46,13,28,0.609,twilio-ruby/lib/twilio-ruby/rest/api/v2010/account/sip/domain.rb,0.6
twilio-ruby,lib/twilio-ruby/rest/api/v2010/account/signing_key.rb,c58e213a6f04,third-party apis,7.7,28,0,69,0.0,2,0.0,45,13,29,0.644,twilio-ruby/lib/twilio-ruby/rest/studio/v2/flow/execution.rb,0.6
twilio-ruby,lib/twilio-ruby/rest/api/v2010/account/key.rb,c58e213a6f04,third-party apis,7.7,28,0,69,0.0,2,0.0,45,13,29,0.644,twilio-ruby/lib/twilio-ruby/rest/studio/v2/flow/execution.rb,0.6
twilio-ruby,lib/twilio-ruby/rest/events/v1/event_type.rb,c58e213a6f04,third-party apis,6.4,21,0,64,0.0,2,0.0,44,12,23,0.523,twilio-ruby/lib/twilio-ruby/rest/insights/v1/conference.rb,0.6
twilio-ruby,lib/twilio-ruby/rest/pricing/v1/voice/country.rb,c58e213a6f04,third-party apis,6.5,21,0,61,0.0,2,0.0,41,13,23,0.561,twilio-ruby/lib/twilio-ruby/rest/messaging/v1/brand_registration.rb,0.6
twilio-ruby,lib/twilio-ruby/rest/pricing/v1/messaging/country.rb,c58e213a6f04,third-party apis,6.5,21,0,61,0.0,2,0.0,41,13,23,0.561,twilio-ruby/lib/twilio-ruby/rest/messaging/v1/brand_registration.rb,0.6
twilio-ruby,lib/twilio-ruby/rest/pricing/v2/country.rb,c58e213a6f04,third-party apis,6.5,21,0,61,0.0,2,0.0,41,12,23,0.561,twilio-ruby/lib/twilio-ruby/rest/messaging/v1/brand_registration.rb,0.6
twilio-ruby,lib/twilio-ruby/rest/pricing/v2/voice/country.rb,c58e213a6f04,third-party apis,6.5,21,0,61,0.0,2,0.0,41,13,23,0.561,twilio-ruby/lib/twilio-ruby/rest/messaging/v1/brand_registration.rb,0.6
twilio-ruby,lib/twilio-ruby/rest/trusthub/v1/end_user_type.rb,c58e213a6f04,third-party apis,6.5,21,0,60,0.0,2,0.0,40,12,23,0.575,twilio-ruby/lib/twilio-ruby/rest/messaging/v1/brand_registration.rb,0.6
twilio-ruby,lib/twilio-ruby/rest/trusthub/v1/supporting_document_type.rb,c58e213a6f04,third-party apis,6.5,21,0,60,0.0,2,0.0,40,12,23,0.575,twilio-ruby/lib/twilio-ruby/rest/messaging/v1/brand_registration.rb,0.6
twilio-ruby,lib/twilio-ruby/rest/numbers/v2/regulatory_compliance/end_user_type.rb,c58e213a6f04,third-party apis,6.5,21,0,60,0.0,2,0.0,40,13,23,0.575,twilio-ruby/lib/twilio-ruby/rest/messaging/v1/brand_registration.rb,0.6
twilio-ruby,lib/twilio-ruby/rest/numbers/v2/regulatory_compliance/supporting_document_type.rb,c58e213a6f04,third-party apis,6.5,21,0,60,0.0,2,0.0,40,13,23,0.575,twilio-ruby/lib/twilio-ruby/rest/messaging/v1/brand_registration.rb,0.6
twilio-ruby,lib/twilio-ruby/rest/pricing/v1/phone_number/country.rb,c58e213a6f04,third-party apis,6.5,21,0,60,0.0,2,0.0,40,13,23,0.575,twilio-ruby/lib/twilio-ruby/rest/messaging/v1/brand_registration.rb,0.6
twilio-ruby,lib/twilio-ruby/rest/trusthub/v1/policies.rb,c58e213a6f04,third-party apis,6.6,21,0,59,0.0,2,0.0,39,12,23,0.59,twilio-ruby/lib/twilio-ruby/rest/messaging/v1/brand_registration.rb,0.6
twilio-ruby,lib/twilio-ruby/rest/taskrouter/v1/workspace/workflow/workflow_real_time_statistics.rb,c58e213a6f04,third-party apis,6.0,27,0,63,0.0,2,0.0,38,14,16,0.421,twilio-ruby/lib/twilio-ruby/rest/video/v1/room/participant/anonymize.rb,0.6
twilio-ruby,lib/twilio-ruby/rest/pricing/v2/number.rb,c58e213a6f04,third-party apis,6.0,26,0,59,0.0,2,0.0,37,12,17,0.459,twilio-ruby/lib/twilio-ruby/rest/numbers/v2/regulatory_compliance/regulation.rb,0.6
twilio-ruby,lib/twilio-ruby/rest/pricing/v2/voice/number.rb,c58e213a6f04,third-party apis,6.0,26,0,59,0.0,2,0.0,37,13,17,0.459,twilio-ruby/lib/twilio-ruby/rest/numbers/v2/regulatory_compliance/regulation.rb,0.6
twilio-ruby,lib/twilio-ruby/rest/taskrouter/v1/workspace/task_queue/task_queue_statistics.rb,c58e213a6f04,third-party apis,6.9,35,0,60,0.0,2,0.0,35,14,16,0.457,twilio-ruby/lib/twilio-ruby/rest/video/v1/room/participant/anonymize.rb,0.6
twilio-ruby,lib/twilio-ruby/rest/taskrouter/v1/workspace/workflow/workflow_statistics.rb,c58e213a6f04,third-party apis,6.9,35,0,60,0.0,2,0.0,35,14,16,0.457,twilio-ruby/lib/twilio-ruby/rest/video/v1/room/participant/anonymize.rb,0.6
twilio-ruby,lib/twilio-ruby/rest/studio/v1/flow/engagement/engagement_context.rb,c58e213a6f04,third-party apis,5.9,22,0,59,0.0,2,0.0,34,14,16,0.471,twilio-ruby/lib/twilio-ruby/rest/video/v1/room/participant/anonymize.rb,0.6
twilio-ruby,lib/twilio-ruby/rest/studio/v1/flow/execution/execution_context.rb,c58e213a6f04,third-party apis,5.9,22,0,59,0.0,2,0.0,34,14,16,0.471,twilio-ruby/lib/twilio-ruby/rest/video/v1/room/participant/anonymize.rb,0.6
twilio-ruby,lib/twilio-ruby/rest/studio/v2/flow/execution/execution_context.rb,c58e213a6f04,third-party apis,5.9,22,0,59,0.0,2,0.0,34,14,16,0.471,twilio-ruby/lib/twilio-ruby/rest/video/v1/room/participant/anonymize.rb,0.6
twilio-ruby,lib/twilio-ruby/rest/taskrouter/v1/workspace/worker/worker_statistics.rb,c58e213a6f04,third-party apis,6.8,33,0,59,0.0,2,0.0,34,14,16,0.471,twilio-ruby/lib/twilio-ruby/rest/video/v1/room/participant/anonymize.rb,0.6
twilio-ruby,lib/twilio-ruby/rest/serverless/v1/service/build/build_status.rb,c58e213a6f04,third-party apis,5.9,22,0,59,0.0,2,0.0,34,14,16,0.471,twilio-ruby/lib/twilio-ruby/rest/video/v1/room/participant/anonymize.rb,0.6
twilio-ruby,lib/twilio-ruby/rest/insights/v1/call/metric.rb,c58e213a6f04,third-party apis,6.3,17,0,67,0.0,2,0.0,30,10,15,0.5,twilio-ruby/lib/twilio-ruby/rest/numbers/v1/signing_request_configuration.rb,0.6
twilio-ruby,lib/twilio-ruby/rest/intelligence/v2/transcript/sentence.rb,c58e213a6f04,third-party apis,6.4,16,0,66,0.0,2,0.0,29,10,15,0.517,twilio-ruby/lib/twilio-ruby/rest/numbers/v1/signing_request_configuration.rb,0.6
twilio-ruby,lib/twilio-ruby/rest/flex_api/v1/interaction/interaction_channel/interaction_channel_invite.rb,c58e213a6f04,third-party apis,7.7,28,0,64,0.0,2,0.0,28,11,17,0.607,twilio-ruby/lib/twilio-ruby/rest/wireless/v1/sim/data_session.rb,0.6
twilio-ruby,lib/twilio-ruby/rest/wireless/v1/usage_record.rb,c58e213a6f04,third-party apis,6.9,17,0,52,0.0,2,0.0,25,9,15,0.6,twilio-ruby/lib/twilio-ruby/rest/flex_api/v1/insights_assessments_comment.rb,0.6
bullet,lib/bullet/active_record52.rb,bc55c037d27a,profiler and optimization,29.6,262,6,88,0.0,0,0.0,16,3,16,1.0,bullet/lib/bullet/active_record5.rb,0.6
fastlane,fastlane/lib/fastlane/actions/rocket.rb,38d0ec404332,mobile development,7.2,38,100,0,0.0,1,0.0,9,3,4,0.444,fastlane/fastlane/lib/fastlane/actions/git_branch.rb,0.6
fastlane,fastlane/lib/fastlane/actions/last_git_commit.rb,38d0ec404332,mobile development,4.4,10,100,0,0.0,1,0.0,9,3,4,0.444,fastlane/fastlane/lib/fastlane/actions/is_ci.rb,0.6
fastlane,fastlane/lib/fastlane/actions/hg_ensure_clean_status.rb,38d0ec404332,mobile development,4.5,10,100,0,0.0,1,0.0,8,4,4,0.5,fastlane/fastlane/lib/fastlane/actions/git_branch.rb,0.6
geocoder,lib/geocoder/results/ip2location_lite.rb,d3515db46c57,geolocation,3.4,6,12,75,0.0,1,0.0,8,2,4,0.5,geocoder/lib/geocoder/results/postcodes_io.rb,0.6
fastlane,fastlane/lib/fastlane/actions/default_platform.rb,38d0ec404332,mobile development,4.4,9,100,14,0.0,1,0.0,7,4,4,0.571,fastlane/fastlane/lib/fastlane/actions/git_branch.rb,0.6
geocoder,lib/geocoder/lookups/tencent.rb,d3515db46c57,geolocation,6,20,0,29,0.0,1,0.0,7,2,4,0.571,geocoder/lib/geocoder/lookups/baidu.rb,0.6
geocoder,lib/geocoder/results/postcode_anywhere_uk.rb,d3515db46c57,geolocation,3.4,6,0,57,0.0,1,0.0,7,2,4,0.571,geocoder/lib/geocoder/results/postcodes_io.rb,0.6
rouge,lib/rouge/lexers/stan.rb,afc3c52c2af0,code highlighting,47.3,172,100,17,0.0,2,0.0,6,3,5,0.833,rouge/lib/rouge/lexers/brightscript.rb,0.6
rouge,lib/rouge/lexers/nial.rb,afc3c52c2af0,code highlighting,15.8,64,100,0,0.0,2,0.0,6,3,5,0.833,rouge/lib/rouge/lexers/idlang.rb,0.6
fastlane,fastlane/lib/fastlane/actions/debug.rb,38d0ec404332,mobile development,3.5,5,100,0,0.0,1,0.0,6,3,4,0.667,fastlane/fastlane/lib/fastlane/actions/git_branch.rb,0.6
twilio-ruby,lib/twilio-ruby/rest/events/v1.rb,c58e213a6f04,third-party apis,9.2,11,0,67,0.0,2,0.0,6,4,3,0.5,twilio-ruby/lib/twilio-ruby/rest/lookups/v2.rb,0.6
rouge,lib/rouge/lexers/actionscript.rb,afc3c52c2af0,code highlighting,5.6,8,100,0,0.0,2,0.0,5,3,3,0.6,rouge/lib/rouge/lexers/haxe.rb,0.6
rouge,lib/rouge/lexers/coffeescript.rb,afc3c52c2af0,code highlighting,6,8,100,20,0.0,2,0.0,5,3,3,0.6,rouge/lib/rouge/lexers/haxe.rb,0.6
rouge,lib/rouge/lexers/apex.rb,afc3c52c2af0,code highlighting,5.8,7,100,0,0.0,2,0.0,5,3,3,0.6,rouge/lib/rouge/lexers/haxe.rb,0.6
twilio-ruby,lib/twilio-ruby/rest/insights_base.rb,c58e213a6f04,third-party apis,4.2,9,0,0,0.0,1,0.0,5,3,3,0.6,twilio-ruby/lib/twilio-ruby/rest/lookups/v2.rb,0.6
twilio-ruby,lib/twilio-ruby/rest/messaging_base.rb,c58e213a6f04,third-party apis,4.2,9,0,0,0.0,1,0.0,5,3,3,0.6,twilio-ruby/lib/twilio-ruby/rest/lookups/v2.rb,0.6
twilio-ruby,lib/twilio-ruby/rest/numbers_base.rb,c58e213a6f04,third-party apis,4.2,9,0,0,0.0,1,0.0,5,3,3,0.6,twilio-ruby/lib/twilio-ruby/rest/lookups/v2.rb,0.6
twilio-ruby,lib/twilio-ruby/rest/chat_base.rb,c58e213a6f04,third-party apis,4.2,9,0,0,0.0,1,0.0,5,3,3,0.6,twilio-ruby/lib/twilio-ruby/rest/lookups/v2.rb,0.6
twilio-ruby,lib/twilio-ruby/rest/preview_base.rb,c58e213a6f04,third-party apis,4.2,9,0,0,0.0,1,0.0,5,3,3,0.6,twilio-ruby/lib/twilio-ruby/rest/lookups/v2.rb,0.6
twilio-ruby,lib/twilio-ruby/rest/insights/v2.rb,c58e213a6f04,third-party apis,8.6,11,0,60,0.0,2,0.0,5,4,3,0.6,twilio-ruby/lib/twilio-ruby/rest/lookups/v2.rb,0.6
twilio-ruby,lib/twilio-ruby/rest/preview/wireless.rb,c58e213a6f04,third-party apis,8.6,11,0,60,0.0,2,0.0,5,4,3,0.6,twilio-ruby/lib/twilio-ruby/rest/lookups/v2.rb,0.6
twilio-ruby,lib/twilio-ruby/rest/pricing/v2.rb,c58e213a6f04,third-party apis,8.6,11,0,60,0.0,2,0.0,5,4,3,0.6,twilio-ruby/lib/twilio-ruby/rest/lookups/v2.rb,0.6
twilio-ruby,lib/twilio-ruby/rest/routes/v2.rb,c58e213a6f04,third-party apis,8.6,11,0,60,0.0,2,0.0,5,4,3,0.6,twilio-ruby/lib/twilio-ruby/rest/lookups/v2.rb,0.6
activerecord,lib/active_record/connection_adapters/postgresql/oid/xml.rb,3989ebf3473d,orm/odm,3.2,4,0,0,0.0,1,0.0,4,6,3,0.75,listen/lib/listen/event/queue.rb,0.6
knapsack,test_examples/fast/unit_test.rb,f394c8470281,testing,3.8,4,0,0,0.0,1,0.0,4,1,4,1.0,knapsack/test_examples/fast/shared_examples_test.rb,0.6
rouge,lib/rouge/lexers/hlsl.rb,afc3c52c2af0,code highlighting,30.2,65,100,0,0.0,3,0.0,4,3,3,0.75,rouge/lib/rouge/lexers/sas.rb,0.6
rouge,lib/rouge/lexers/irb.rb,afc3c52c2af0,code highlighting,4.5,9,0,0,0.25,3,0.0,4,4,3,0.75,ransack/lib/ransack/naming.rb,0.6
oauth2,lib/oauth2/strategy/auth_code.rb,63727352546e,authentication and oauth,4.8,9,0,100,0.0,1,0.0,4,3,4,1.0,oauth2/lib/oauth2/strategy/implicit.rb,0.6
shoulda-matchers,lib/shoulda/matchers/doublespeak/double_implementation_registry.rb,cf3b3685f2c0,testing,3.8,6,100,50,0.0,0,0.0,4,4,4,1.0,shoulda-matchers/lib/shoulda/matchers/integrations/registry.rb,0.6
twilio-ruby,lib/twilio-ruby/rest/studio_base.rb,c58e213a6f04,third-party apis,4.2,8,0,0,0.0,1,0.0,4,3,3,0.75,twilio-ruby/lib/twilio-ruby/rest/lookups/v2.rb,0.6
twilio-ruby,lib/twilio-ruby/rest/intelligence_base.rb,c58e213a6f04,third-party apis,4.2,8,0,0,0.0,1,0.0,4,3,3,0.75,twilio-ruby/lib/twilio-ruby/rest/lookups/v2.rb,0.6
twilio-ruby,lib/twilio-ruby/rest/ip_messaging_base.rb,c58e213a6f04,third-party apis,4.2,8,0,0,0.0,1,0.0,4,3,3,0.75,twilio-ruby/lib/twilio-ruby/rest/lookups/v2.rb,0.6
twilio-ruby,lib/twilio-ruby/rest/content_base.rb,c58e213a6f04,third-party apis,4.2,8,0,0,0.0,1,0.0,4,3,3,0.75,twilio-ruby/lib/twilio-ruby/rest/lookups/v2.rb,0.6
twilio-ruby,lib/twilio-ruby/rest/voice_base.rb,c58e213a6f04,third-party apis,4.2,8,0,0,0.0,1,0.0,4,3,3,0.75,twilio-ruby/lib/twilio-ruby/rest/lookups/v2.rb,0.6
twilio-ruby,lib/twilio-ruby/rest/lookups_base.rb,c58e213a6f04,third-party apis,4.2,8,0,0,0.0,1,0.0,4,3,3,0.75,twilio-ruby/lib/twilio-ruby/rest/lookups/v2.rb,0.6
twilio-ruby,lib/twilio-ruby/rest/conversations_base.rb,c58e213a6f04,third-party apis,4.2,8,0,0,0.0,1,0.0,4,3,3,0.75,twilio-ruby/lib/twilio-ruby/rest/lookups/v2.rb,0.6
twilio-ruby,lib/twilio-ruby/rest/knowledge_base.rb,c58e213a6f04,third-party apis,4.2,8,0,0,0.0,1,0.0,4,3,3,0.75,twilio-ruby/lib/twilio-ruby/rest/lookups/v2.rb,0.6
twilio-ruby,lib/twilio-ruby/rest/oauth_base.rb,c58e213a6f04,third-party apis,4.2,8,0,0,0.0,1,0.0,4,3,3,0.75,twilio-ruby/lib/twilio-ruby/rest/lookups/v2.rb,0.6
twilio-ruby,lib/twilio-ruby/rest/pricing_base.rb,c58e213a6f04,third-party apis,4.2,8,0,0,0.0,1,0.0,4,3,3,0.75,twilio-ruby/lib/twilio-ruby/rest/lookups/v2.rb,0.6
twilio-ruby,lib/twilio-ruby/rest/flex_api_base.rb,c58e213a6f04,third-party apis,4.2,8,0,0,0.0,1,0.0,4,3,3,0.75,twilio-ruby/lib/twilio-ruby/rest/lookups/v2.rb,0.6
danger,lib/danger/ci_source/cirrus.rb,c94d38b3ce68,automation,4.2,7,50,75,0.0,1,0.0,4,2,4,1.0,danger/lib/danger/ci_source/screwdriver.rb,0.6
danger,lib/danger/ci_source/custom_ci_with_github.rb,c94d38b3ce68,automation,5.8,13,50,75,0.0,1,0.0,4,2,4,1.0,danger/lib/danger/ci_source/github_actions.rb,0.6
danger,lib/danger/ci_source/travis.rb,c94d38b3ce68,automation,4.2,7,50,75,0.0,1,0.0,4,2,4,1.0,danger/lib/danger/ci_source/concourse.rb,0.6
danger,lib/danger/commands/dry_run.rb,c94d38b3ce68,automation,10.2,17,25,50,0.0,2,0.0,4,2,4,1.0,danger/lib/danger/commands/staging.rb,0.6
gitlab,lib/gitlab/client/merge_trains.rb,4818c5712616,third-party apis,3,3,0,0,0.0,2,0.0,4,2,3,0.75,gitlab/lib/gitlab/client/project_release_links.rb,0.6
gitlab,lib/gitlab/client/protected_tags.rb,4818c5712616,third-party apis,3.2,4,0,0,0.0,2,0.0,4,2,3,0.75,gitlab/lib/gitlab/client/milestones.rb,0.6
doorkeeper,lib/doorkeeper/oauth/token_response.rb,75a84fefe686,authentication and oauth,5.8,10,0,25,0.0,0,0.0,4,3,4,1.0,fastlane/fastlane/lib/fastlane/actions/is_ci.rb,0.6
mongo,profile/driver_bench/parallel/ldjson/import.rb,049b718a2d47,database drivers,4.8,7,0,50,0.0,3,0.0,4,6,4,1.0,mongo/profile/driver_bench/parallel/gridfs/upload.rb,0.6
concurrent-ruby,lib/concurrent-ruby/concurrent/synchronization/abstract_object.rb,0b88d5ff75f6,concurrency and parallelism,3,3,33,0,0.0,0,0.0,3,3,3,1.0,shoulda-matchers/lib/shoulda/matchers/active_model/numericality_matchers/numeric_type_matcher.rb,0.6
rouge,lib/rouge/lexers/lustre.rb,afc3c52c2af0,code highlighting,5,7,100,0,0.0,2,0.0,3,3,3,1.0,rouge/lib/rouge/lexers/haxe.rb,0.6
rouge,lib/rouge/lexers/fortran.rb,afc3c52c2af0,code highlighting,21.3,36,100,0,0.0,2,0.0,3,3,3,1.0,rouge/lib/rouge/lexers/sas.rb,0.6
rouge,lib/rouge/lexers/rescript.rb,afc3c52c2af0,code highlighting,5.3,7,100,0,0.0,3,0.0,3,3,3,1.0,rouge/lib/rouge/lexers/haxe.rb,0.6
fastimage,lib/fastimage/fastimage_parsing/image_base.rb,7a0dcf780e6d,image processing,3,3,0,0,0.0,0,0.0,3,2,3,1.0,sprockets/lib/sprockets/exporters/base.rb,0.6
twilio-ruby,lib/twilio-ruby/rest/sync_base.rb,c58e213a6f04,third-party apis,4.3,7,0,0,0.0,1,0.0,3,3,3,1.0,twilio-ruby/lib/twilio-ruby/rest/lookups/v2.rb,0.6
twilio-ruby,lib/twilio-ruby/rest/routes_base.rb,c58e213a6f04,third-party apis,4.3,7,0,0,0.0,1,0.0,3,3,3,1.0,twilio-ruby/lib/twilio-ruby/rest/lookups/v2.rb,0.6
twilio-ruby,lib/twilio-ruby/rest/wireless_base.rb,c58e213a6f04,third-party apis,4.3,7,0,0,0.0,1,0.0,3,3,3,1.0,twilio-ruby/lib/twilio-ruby/rest/lookups/v2.rb,0.6
twilio-ruby,lib/twilio-ruby/rest/accounts_base.rb,c58e213a6f04,third-party apis,4.3,7,0,0,0.0,1,0.0,3,3,3,1.0,twilio-ruby/lib/twilio-ruby/rest/lookups/v2.rb,0.6
twilio-ruby,lib/twilio-ruby/rest/frontline_api_base.rb,c58e213a6f04,third-party apis,4.3,7,0,0,0.0,1,0.0,3,3,3,1.0,twilio-ruby/lib/twilio-ruby/rest/lookups/v2.rb,0.6
twilio-ruby,lib/twilio-ruby/rest/trunking_base.rb,c58e213a6f04,third-party apis,4.3,7,0,0,0.0,1,0.0,3,3,3,1.0,twilio-ruby/lib/twilio-ruby/rest/lookups/v2.rb,0.6
twilio-ruby,lib/twilio-ruby/rest/notify_base.rb,c58e213a6f04,third-party apis,4.3,7,0,0,0.0,1,0.0,3,3,3,1.0,twilio-ruby/lib/twilio-ruby/rest/lookups/v2.rb,0.6
twilio-ruby,lib/twilio-ruby/rest/taskrouter_base.rb,c58e213a6f04,third-party apis,4.3,7,0,0,0.0,1,0.0,3,3,3,1.0,twilio-ruby/lib/twilio-ruby/rest/lookups/v2.rb,0.6
twilio-ruby,lib/twilio-ruby/rest/video_base.rb,c58e213a6f04,third-party apis,4.3,7,0,0,0.0,1,0.0,3,3,3,1.0,twilio-ruby/lib/twilio-ruby/rest/lookups/v2.rb,0.6
twilio-ruby,lib/twilio-ruby/rest/assistants_base.rb,c58e213a6f04,third-party apis,4.3,7,0,0,0.0,1,0.0,3,3,3,1.0,twilio-ruby/lib/twilio-ruby/rest/lookups/v2.rb,0.6
twilio-ruby,lib/twilio-ruby/rest/events_base.rb,c58e213a6f04,third-party apis,4.3,7,0,0,0.0,1,0.0,3,3,3,1.0,twilio-ruby/lib/twilio-ruby/rest/lookups/v2.rb,0.6
twilio-ruby,lib/twilio-ruby/rest/trusthub_base.rb,c58e213a6f04,third-party apis,4.3,7,0,0,0.0,1,0.0,3,3,3,1.0,twilio-ruby/lib/twilio-ruby/rest/lookups/v2.rb,0.6
twilio-ruby,lib/twilio-ruby/rest/memory_base.rb,c58e213a6f04,third-party apis,4.3,7,0,0,0.0,1,0.0,3,3,3,1.0,twilio-ruby/lib/twilio-ruby/rest/lookups/v2.rb,0.6
twilio-ruby,lib/twilio-ruby/rest/supersim_base.rb,c58e213a6f04,third-party apis,4.3,7,0,0,0.0,1,0.0,3,3,3,1.0,twilio-ruby/lib/twilio-ruby/rest/lookups/v2.rb,0.6
twilio-ruby,lib/twilio-ruby/rest/bulkexports_base.rb,c58e213a6f04,third-party apis,4.3,7,0,0,0.0,1,0.0,3,3,3,1.0,twilio-ruby/lib/twilio-ruby/rest/lookups/v2.rb,0.6
twilio-ruby,lib/twilio-ruby/rest/serverless_base.rb,c58e213a6f04,third-party apis,4.3,7,0,0,0.0,1,0.0,3,3,3,1.0,twilio-ruby/lib/twilio-ruby/rest/lookups/v2.rb,0.6
twilio-ruby,lib/twilio-ruby/rest/preview_iam_base.rb,c58e213a6f04,third-party apis,4.3,7,0,0,0.0,1,0.0,3,3,3,1.0,twilio-ruby/lib/twilio-ruby/rest/lookups/v2.rb,0.6
twilio-ruby,lib/twilio-ruby/rest/api_base.rb,c58e213a6f04,third-party apis,4.3,7,0,0,0.0,1,0.0,3,3,3,1.0,twilio-ruby/lib/twilio-ruby/rest/lookups/v2.rb,0.6
twilio-ruby,lib/twilio-ruby/rest/monitor_base.rb,c58e213a6f04,third-party apis,4.3,7,0,0,0.0,1,0.0,3,3,3,1.0,twilio-ruby/lib/twilio-ruby/rest/lookups/v2.rb,0.6
twilio-ruby,lib/twilio-ruby/rest/marketplace_base.rb,c58e213a6f04,third-party apis,4.3,7,0,0,0.0,1,0.0,3,3,3,1.0,twilio-ruby/lib/twilio-ruby/rest/lookups/v2.rb,0.6
twilio-ruby,lib/twilio-ruby/rest/proxy_base.rb,c58e213a6f04,third-party apis,4.3,7,0,0,0.0,1,0.0,3,3,3,1.0,twilio-ruby/lib/twilio-ruby/rest/lookups/v2.rb,0.6
twilio-ruby,lib/twilio-ruby/rest/verify_base.rb,c58e213a6f04,third-party apis,4.3,7,0,0,0.0,1,0.0,3,3,3,1.0,twilio-ruby/lib/twilio-ruby/rest/lookups/v2.rb,0.6
twilio-ruby,lib/twilio-ruby/rest/preview/wireless/sim.rb,c58e213a6f04,third-party apis,8.1,57,0,74,0.0,2,0.0,62,12,27,0.435,twilio-ruby/lib/twilio-ruby/rest/wireless/v1/sim.rb,0.595
twilio-ruby,lib/twilio-ruby/rest/api/v2010/account/address.rb,c58e213a6f04,third-party apis,9.0,45,0,77,0.0,2,0.0,61,13,33,0.541,twilio-ruby/lib/twilio-ruby/rest/api/v2010/account/incoming_phone_number.rb,0.595
twilio-ruby,lib/twilio-ruby/rest/api/v2010/account/recording/add_on_result.rb,c58e213a6f04,third-party apis,6.6,23,0,72,0.0,2,0.0,50,14,28,0.56,twilio-ruby/lib/twilio-ruby/rest/conversations/v1/service/conversation/participant.rb,0.595
twilio-ruby,lib/twilio-ruby/rest/taskrouter/v1/workspace/worker/reservation.rb,c58e213a6f04,third-party apis,13.5,132,0,71,0.0,2,0.0,49,14,26,0.531,twilio-ruby/lib/twilio-ruby/rest/conversations/v1/service/conversation/message.rb,0.595
twilio-ruby,lib/twilio-ruby/rest/api/v2010/account/sip/domain/ip_access_control_list_mapping.rb,c58e213a6f04,third-party apis,7.5,28,0,70,0.0,2,0.0,47,15,28,0.596,twilio-ruby/lib/twilio-ruby/rest/conversations/v1/service/conversation/participant.rb,0.595
twilio-ruby,lib/twilio-ruby/rest/api/v2010/account/sip/domain/credential_list_mapping.rb,c58e213a6f04,third-party apis,7.5,28,0,70,0.0,2,0.0,47,15,28,0.596,twilio-ruby/lib/twilio-ruby/rest/conversations/v1/service/conversation/participant.rb,0.595
twilio-ruby,lib/twilio-ruby/rest/api/v2010/account/sip/domain/auth_types/auth_type_calls/auth_calls_ip_access_control_list_mapping.rb,c58e213a6f04,third-party apis,7.6,28,0,69,0.0,2,0.0,45,17,28,0.622,twilio-ruby/lib/twilio-ruby/rest/conversations/v1/service/conversation/participant.rb,0.595
twilio-ruby,lib/twilio-ruby/rest/api/v2010/account/sip/domain/auth_types/auth_type_calls/auth_calls_credential_list_mapping.rb,c58e213a6f04,third-party apis,7.6,28,0,69,0.0,2,0.0,45,17,28,0.622,twilio-ruby/lib/twilio-ruby/rest/conversations/v1/service/conversation/participant.rb,0.595
twilio-ruby,lib/twilio-ruby/rest/api/v2010/account/sip/domain/auth_types/auth_type_registrations/auth_registrations_credential_list_mapping.rb,c58e213a6f04,third-party apis,7.6,28,0,69,0.0,2,0.0,45,17,28,0.622,twilio-ruby/lib/twilio-ruby/rest/conversations/v1/service/conversation/participant.rb,0.595
twilio-ruby,lib/twilio-ruby/rest/bulkexports/v1/export/job.rb,c58e213a6f04,third-party apis,5.8,24,0,66,0.0,2,0.0,44,13,20,0.455,twilio-ruby/lib/twilio-ruby/rest/video/v1/composition_hook.rb,0.594
twilio-ruby,lib/twilio-ruby/rest/flex_api/v1/insights_user_roles.rb,c58e213a6f04,third-party apis,6.2,22,0,45,0.0,2,0.0,31,12,16,0.516,twilio-ruby/lib/twilio-ruby/rest/insights/v1/setting.rb,0.591
twilio-ruby,lib/twilio-ruby/rest/messaging/v1/deactivations.rb,c58e213a6f04,third-party apis,6.4,25,0,43,0.0,2,0.0,30,12,16,0.533,twilio-ruby/lib/twilio-ruby/rest/insights/v1/setting.rb,0.591
twilio-ruby,lib/twilio-ruby/rest/api/v2010/account/conference/participant.rb,c58e213a6f04,third-party apis,12.4,128,0,76,0.0,2,0.0,58,14,31,0.534,twilio-ruby/lib/twilio-ruby/rest/api/v2010/account/call/recording.rb,0.59
twilio-ruby,lib/twilio-ruby/rest/notify/v1/service/binding.rb,c58e213a6f04,third-party apis,7.8,39,0,74,0.0,2,0.0,54,13,28,0.519,twilio-ruby/lib/twilio-ruby/rest/api/v2010/account/incoming_phone_number.rb,0.59
twilio-ruby,lib/twilio-ruby/rest/intelligence/v2/transcript/operator_result.rb,c58e213a6f04,third-party apis,6.4,28,0,73,0.0,2,0.0,51,13,23,0.451,twilio-ruby/lib/twilio-ruby/rest/messaging/v1/service/us_app_to_person.rb,0.588
twilio-ruby,lib/twilio-ruby/rest/assistants/v1/assistant/message.rb,c58e213a6f04,third-party apis,6.3,22,0,62,0.0,2,0.0,26,11,13,0.5,twilio-ruby/lib/twilio-ruby/rest/verify/v2/service/new_verify_factor.rb,0.588
eventmachine,examples/guides/getting_started/07_simple_chat_server_step_four.rb,9cb13a8a6236,concurrency and parallelism,5,13,0,42,0.0,1,0.0,12,1,12,1.0,eventmachine/examples/guides/getting_started/03_simple_chat_server.rb,0.588
twilio-ruby,lib/twilio-ruby/rest/iam/v1/o_auth_app.rb,c58e213a6f04,third-party apis,6.6,25,0,64,0.0,2,0.0,59,18,27,0.458,twilio-ruby/lib/twilio-ruby/rest/messaging/v2/channels_sender.rb,0.585
twilio-ruby,lib/twilio-ruby/rest/conversations/v1/user/user_conversation.rb,c58e213a6f04,third-party apis,7,32,0,76,0.0,2,0.0,59,13,29,0.492,twilio-ruby/lib/twilio-ruby/rest/api/v2010/account/sip/domain.rb,0.585
twilio-ruby,lib/twilio-ruby/rest/api/v2010/account/connect_app.rb,c58e213a6f04,third-party apis,8.0,42,0,73,0.0,2,0.0,52,13,29,0.558,twilio-ruby/lib/twilio-ruby/rest/api/v2010/account/sip/domain.rb,0.585
twilio-ruby,lib/twilio-ruby/rest/voice/v1/ip_record.rb,c58e213a6f04,third-party apis,8.1,30,0,69,0.0,2,0.0,51,12,31,0.608,twilio-ruby/lib/twilio-ruby/rest/events/v1/sink.rb,0.585
twilio-ruby,lib/twilio-ruby/rest/accounts/v1/credential/public_key.rb,c58e213a6f04,third-party apis,8.2,30,0,67,0.0,2,0.0,49,13,31,0.633,twilio-ruby/lib/twilio-ruby/rest/events/v1/sink.rb,0.585
twilio-ruby,lib/twilio-ruby/rest/accounts/v1/credential/aws.rb,c58e213a6f04,third-party apis,8.2,30,0,67,0.0,2,0.0,49,13,31,0.633,twilio-ruby/lib/twilio-ruby/rest/events/v1/sink.rb,0.585
twilio-ruby,lib/twilio-ruby/rest/voice/v1/source_ip_mapping.rb,c58e213a6f04,third-party apis,8.1,28,0,67,0.0,2,0.0,49,12,31,0.633,twilio-ruby/lib/twilio-ruby/rest/events/v1/sink.rb,0.585
twilio-ruby,lib/twilio-ruby/rest/proxy/v1/service/session/interaction.rb,c58e213a6f04,third-party apis,6.1,31,0,75,0.0,2,0.0,57,14,26,0.456,twilio-ruby/lib/twilio-ruby/rest/api/v2010/account/call/recording.rb,0.583
twilio-ruby,lib/twilio-ruby/rest/video/v1/recording.rb,c58e213a6f04,third-party apis,6.6,30,0,71,0.0,2,0.0,56,12,26,0.464,twilio-ruby/lib/twilio-ruby/rest/video/v1/composition_hook.rb,0.583
twilio-ruby,lib/twilio-ruby/rest/ip_messaging/v2/service/user/user_binding.rb,c58e213a6f04,third-party apis,6.5,24,0,72,0.0,2,0.0,50,14,26,0.52,twilio-ruby/lib/twilio-ruby/rest/api/v2010/account/call/recording.rb,0.583
twilio-ruby,lib/twilio-ruby/rest/chat/v2/service/user/user_binding.rb,c58e213a6f04,third-party apis,6.5,24,0,72,0.0,2,0.0,50,14,26,0.52,twilio-ruby/lib/twilio-ruby/rest/api/v2010/account/call/recording.rb,0.583
twilio-ruby,lib/twilio-ruby/rest/knowledge/v2/search.rb,c58e213a6f04,third-party apis,6.3,22,0,56,0.0,2,0.0,32,13,19,0.594,twilio-ruby/lib/twilio-ruby/rest/memory/v1/bulk.rb,0.583
twilio-ruby,lib/twilio-ruby/rest/sync/v1/service/sync_stream.rb,c58e213a6f04,third-party apis,7.9,29,0,75,0.0,2,0.0,55,13,33,0.6,twilio-ruby/lib/twilio-ruby/rest/studio/v2/flow/execution.rb,0.581
twilio-ruby,lib/twilio-ruby/rest/verify/v2/service/rate_limit.rb,c58e213a6f04,third-party apis,8.1,29,0,74,0.0,2,0.0,54,13,33,0.611,twilio-ruby/lib/twilio-ruby/rest/studio/v2/flow/execution.rb,0.581
twilio-ruby,lib/twilio-ruby/rest/api/v2010/account/queue.rb,c58e213a6f04,third-party apis,8.2,30,0,74,0.0,2,0.0,54,13,33,0.611,twilio-ruby/lib/twilio-ruby/rest/api/v2010/account/message.rb,0.581
twilio-ruby,lib/twilio-ruby/rest/serverless/v1/service/function.rb,c58e213a6f04,third-party apis,8.1,28,0,74,0.0,2,0.0,53,13,33,0.623,twilio-ruby/lib/twilio-ruby/rest/studio/v2/flow/execution.rb,0.581
twilio-ruby,lib/twilio-ruby/rest/serverless/v1/service/asset.rb,c58e213a6f04,third-party apis,8.1,28,0,74,0.0,2,0.0,53,13,33,0.623,twilio-ruby/lib/twilio-ruby/rest/studio/v2/flow/execution.rb,0.581
twilio-ruby,lib/twilio-ruby/rest/api/v2010/account/sip/ip_access_control_list.rb,c58e213a6f04,third-party apis,8.2,28,0,73,0.0,2,0.0,52,14,33,0.635,twilio-ruby/lib/twilio-ruby/rest/studio/v2/flow/execution.rb,0.581
twilio-ruby,lib/twilio-ruby/rest/api/v2010/account/sip/credential_list.rb,c58e213a6f04,third-party apis,8.2,28,0,73,0.0,2,0.0,52,14,33,0.635,twilio-ruby/lib/twilio-ruby/rest/studio/v2/flow/execution.rb,0.581
twilio-ruby,lib/twilio-ruby/rest/taskrouter/v1/workspace/task/reservation.rb,c58e213a6f04,third-party apis,13.9,136,0,71,0.0,2,0.0,49,14,26,0.531,twilio-ruby/lib/twilio-ruby/rest/api/v2010/account/call/notification.rb,0.581
twilio-ruby,lib/twilio-ruby/rest/verify/v2/service/entity/factor.rb,c58e213a6f04,third-party apis,8.0,45,0,74,0.0,2,0.0,54,14,29,0.537,twilio-ruby/lib/twilio-ruby/rest/conversations/v1/service/conversation/participant.rb,0.579
twilio-ruby,lib/twilio-ruby/rest/ip_messaging/v2/service/user/user_channel.rb,c58e213a6f04,third-party apis,7.5,33,0,73,0.0,2,0.0,52,14,29,0.558,twilio-ruby/lib/twilio-ruby/rest/conversations/v1/service/conversation/participant.rb,0.579
twilio-ruby,lib/twilio-ruby/rest/sync/v1/service/sync_list/sync_list_permission.rb,c58e213a6f04,third-party apis,7.7,33,0,71,0.0,2,0.0,49,14,29,0.592,twilio-ruby/lib/twilio-ruby/rest/conversations/v1/service/conversation/participant.rb,0.579
twilio-ruby,lib/twilio-ruby/rest/sync/v1/service/document/document_permission.rb,c58e213a6f04,third-party apis,7.7,33,0,71,0.0,2,0.0,49,14,29,0.592,twilio-ruby/lib/twilio-ruby/rest/conversations/v1/service/conversation/participant.rb,0.579
twilio-ruby,lib/twilio-ruby/rest/sync/v1/service/sync_map/sync_map_permission.rb,c58e213a6f04,third-party apis,7.7,33,0,71,0.0,2,0.0,49,14,29,0.592,twilio-ruby/lib/twilio-ruby/rest/conversations/v1/service/conversation/participant.rb,0.579
twilio-ruby,lib/twilio-ruby/rest/wireless/v1/sim/usage_record.rb,c58e213a6f04,third-party apis,6.8,17,0,62,0.0,2,0.0,26,10,15,0.577,twilio-ruby/lib/twilio-ruby/rest/taskrouter/v1/workspace/task_queue/task_queues_statistics.rb,0.579
twilio-ruby,lib/twilio-ruby/rest/events/v1/subscription.rb,c58e213a6f04,third-party apis,8.2,30,0,70,0.0,2,0.0,53,12,33,0.623,twilio-ruby/lib/twilio-ruby/rest/messaging/v2/channels_sender.rb,0.578
twilio-ruby,lib/twilio-ruby/rest/numbers/v1/bulk_eligibility.rb,c58e213a6f04,third-party apis,6.3,21,0,61,0.0,2,0.0,38,12,19,0.5,twilio-ruby/lib/twilio-ruby/rest/insights/v1/call.rb,0.577
twilio-ruby,lib/twilio-ruby/rest/conversations/v1/user.rb,c58e213a6f04,third-party apis,8.3,33,0,72,0.0,2,0.0,58,12,33,0.569,twilio-ruby/lib/twilio-ruby/rest/messaging/v1/brand_registration.rb,0.571
twilio-ruby,lib/twilio-ruby/rest/proxy/v1/service/phone_number.rb,c58e213a6f04,third-party apis,7.9,31,0,75,0.0,2,0.0,55,13,31,0.564,twilio-ruby/lib/twilio-ruby/rest/studio/v2/flow/execution.rb,0.571
twilio-ruby,lib/twilio-ruby/rest/knowledge/v2/knowledge.rb,c58e213a6f04,third-party apis,7.9,28,0,75,0.0,2,0.0,55,13,33,0.6,twilio-ruby/lib/twilio-ruby/rest/memory/v1/profile.rb,0.571
twilio-ruby,lib/twilio-ruby/rest/taskrouter/v1/workspace/task_channel.rb,c58e213a6f04,third-party apis,8.1,31,0,74,0.0,2,0.0,53,13,31,0.585,twilio-ruby/lib/twilio-ruby/rest/api/v2010/account/message.rb,0.571
twilio-ruby,lib/twilio-ruby/rest/taskrouter/v1/workspace/activity.rb,c58e213a6f04,third-party apis,8.2,29,0,73,0.0,2,0.0,52,13,31,0.596,twilio-ruby/lib/twilio-ruby/rest/studio/v2/flow/execution.rb,0.571
twilio-ruby,lib/twilio-ruby/rest/verify/v2/service/messaging_configuration.rb,c58e213a6f04,third-party apis,8.2,29,0,72,0.0,2,0.0,50,13,31,0.62,twilio-ruby/lib/twilio-ruby/rest/studio/v2/flow/execution.rb,0.571
twilio-ruby,lib/twilio-ruby/rest/events/v1/subscription/subscribed_event.rb,c58e213a6f04,third-party apis,8.4,29,0,71,0.0,2,0.0,48,13,31,0.646,twilio-ruby/lib/twilio-ruby/rest/studio/v2/flow/execution.rb,0.571
twilio-ruby,lib/twilio-ruby/rest/verify/v2/safelist.rb,c58e213a6f04,third-party apis,7.1,26,0,59,0.0,2,0.0,37,12,22,0.595,twilio-ruby/lib/twilio-ruby/rest/insights/v1/call.rb,0.571
twilio-ruby,lib/twilio-ruby/rest/preview_iam/v1/token.rb,c58e213a6f04,third-party apis,8.0,40,0,50,0.0,2,0.0,22,9,11,0.5,twilio-ruby/lib/twilio-ruby/rest/iam/v1/new_api_key.rb,0.571
twilio-ruby,lib/twilio-ruby/rest/oauth/v1/token.rb,c58e213a6f04,third-party apis,8.0,40,0,50,0.0,2,0.0,22,9,11,0.5,twilio-ruby/lib/twilio-ruby/rest/iam/v1/new_api_key.rb,0.571
twilio-ruby,lib/twilio-ruby/rest/oauth/v2/token.rb,c58e213a6f04,third-party apis,8.3,44,0,50,0.0,2,0.0,22,9,11,0.5,twilio-ruby/lib/twilio-ruby/rest/iam/v1/new_api_key.rb,0.571
twilio-ruby,lib/twilio-ruby/rest/flex_api/v1/insights_settings_answer_sets.rb,c58e213a6f04,third-party apis,6.3,22,0,50,0.0,2,0.0,22,9,11,0.5,twilio-ruby/lib/twilio-ruby/rest/iam/v1/new_api_key.rb,0.571
twilio-ruby,lib/twilio-ruby/rest/iam/v1/token.rb,c58e213a6f04,third-party apis,8.0,40,0,50,0.0,2,0.0,22,9,11,0.5,twilio-ruby/lib/twilio-ruby/rest/iam/v1/new_api_key.rb,0.571
twilio-ruby,lib/twilio-ruby/rest/api/v2010/account/validation_request.rb,c58e213a6f04,third-party apis,7.7,37,0,59,0.0,2,0.0,22,10,11,0.5,twilio-ruby/lib/twilio-ruby/rest/numbers/v2/regulatory_compliance/bundle/replace_items.rb,0.571
twilio-ruby,lib/twilio-ruby/rest/messaging/v1/external_campaign.rb,c58e213a6f04,third-party apis,7.0,30,0,50,0.0,2,0.0,22,9,11,0.5,twilio-ruby/lib/twilio-ruby/rest/iam/v1/new_api_key.rb,0.571
twilio-ruby,lib/twilio-ruby/rest/trusthub/v1/compliance_tollfree_inquiries.rb,c58e213a6f04,third-party apis,13.9,100,0,48,0.0,2,0.0,21,9,11,0.524,twilio-ruby/lib/twilio-ruby/rest/iam/v1/new_api_key.rb,0.571
twilio-ruby,lib/twilio-ruby/rest/api/v2010/account/call/user_defined_message.rb,c58e213a6f04,third-party apis,7.2,30,0,57,0.0,2,0.0,21,11,11,0.524,twilio-ruby/lib/twilio-ruby/rest/api/v2010/account/message/feedback.rb,0.571
twilio-ruby,lib/twilio-ruby/rest/flex_api/v1/insights_settings_comment.rb,c58e213a6f04,third-party apis,6.5,22,0,45,0.0,2,0.0,20,9,11,0.55,twilio-ruby/lib/twilio-ruby/rest/iam/v1/new_api_key.rb,0.571
twilio-ruby,lib/twilio-ruby/rest/flex_api/v2/web_channels.rb,c58e213a6f04,third-party apis,8.1,35,0,42,0.0,2,0.0,19,9,11,0.579,twilio-ruby/lib/twilio-ruby/rest/iam/v1/new_api_key.rb,0.571
twilio-ruby,lib/twilio-ruby/rest/sync/v1/service/sync_stream/stream_message.rb,c58e213a6f04,third-party apis,7.3,28,0,53,0.0,2,0.0,19,11,11,0.579,twilio-ruby/lib/twilio-ruby/rest/api/v2010/account/message/feedback.rb,0.571
twilio-ruby,lib/twilio-ruby/rest/messaging/v1/brand_registration/brand_registration_otp.rb,c58e213a6f04,third-party apis,6.6,21,0,53,0.0,2,0.0,19,10,11,0.579,twilio-ruby/lib/twilio-ruby/rest/numbers/v2/regulatory_compliance/bundle/replace_items.rb,0.571
twilio-ruby,lib/twilio-ruby/rest/preview_iam/v1/authorize.rb,c58e213a6f04,third-party apis,8.1,33,0,39,0.0,2,0.0,18,9,11,0.611,twilio-ruby/lib/twilio-ruby/rest/iam/v1/new_api_key.rb,0.571
twilio-ruby,lib/twilio-ruby/rest/studio/v2/flow_validate.rb,c58e213a6f04,third-party apis,7.9,32,0,39,0.0,2,0.0,18,9,11,0.611,twilio-ruby/lib/twilio-ruby/rest/iam/v1/new_api_key.rb,0.571
twilio-ruby,lib/twilio-ruby/rest/oauth/v1/authorize.rb,c58e213a6f04,third-party apis,8.1,33,0,39,0.0,2,0.0,18,9,11,0.611,twilio-ruby/lib/twilio-ruby/rest/iam/v1/new_api_key.rb,0.571
twilio-ruby,lib/twilio-ruby/rest/oauth/v2/authorize.rb,c58e213a6f04,third-party apis,8.1,33,0,39,0.0,2,0.0,18,9,11,0.611,twilio-ruby/lib/twilio-ruby/rest/iam/v1/new_api_key.rb,0.571
twilio-ruby,lib/twilio-ruby/rest/lookups/v2/rate_limit.rb,c58e213a6f04,third-party apis,7.2,25,0,39,0.0,2,0.0,18,9,11,0.611,twilio-ruby/lib/twilio-ruby/rest/iam/v1/new_api_key.rb,0.571
twilio-ruby,lib/twilio-ruby/rest/accounts/v1/bulk_consents.rb,c58e213a6f04,third-party apis,7.3,26,0,39,0.0,2,0.0,18,9,11,0.611,twilio-ruby/lib/twilio-ruby/rest/iam/v1/new_api_key.rb,0.571
twilio-ruby,lib/twilio-ruby/rest/accounts/v1/bulk_contacts.rb,c58e213a6f04,third-party apis,7.3,26,0,39,0.0,2,0.0,18,9,11,0.611,twilio-ruby/lib/twilio-ruby/rest/iam/v1/new_api_key.rb,0.571
twilio-ruby,lib/twilio-ruby/rest/events/v1/sink/sink_test.rb,c58e213a6f04,third-party apis,6.7,21,0,50,0.0,2,0.0,18,10,11,0.611,twilio-ruby/lib/twilio-ruby/rest/numbers/v2/regulatory_compliance/bundle/replace_items.rb,0.571
twilio-ruby,lib/twilio-ruby/rest/messaging/v1/service/us_app_to_person_usecase.rb,c58e213a6f04,third-party apis,7.3,26,0,50,0.0,2,0.0,18,10,11,0.611,twilio-ruby/lib/twilio-ruby/rest/numbers/v2/regulatory_compliance/bundle/replace_items.rb,0.571
fastlane,fastlane/lib/fastlane/actions/last_git_tag.rb,38d0ec404332,mobile development,4.1,8,100,10,0.0,1,0.0,10,3,6,0.6,fastlane/fastlane/lib/fastlane/actions/lane_context.rb,0.571
fastlane,fastlane/lib/fastlane/actions/puts.rb,38d0ec404332,mobile development,4.7,11,100,20,0.0,1,0.0,10,3,6,0.6,fastlane/fastlane/lib/fastlane/actions/git_remote_branch.rb,0.571
fastlane,fastlane/lib/fastlane/actions/git_commit.rb,38d0ec404332,mobile development,6.9,19,100,11,0.0,1,0.0,9,3,5,0.556,fastlane/fastlane/lib/fastlane/actions/git_add.rb,0.571
fastlane,fastlane/lib/fastlane/actions/delete_keychain.rb,38d0ec404332,mobile development,6.6,18,100,12,0.0,1,0.0,8,3,5,0.625,fastlane/fastlane/lib/fastlane/actions/make_changelog_from_jenkins.rb,0.571
fastlane,fastlane/lib/fastlane/actions/spaceship_stats.rb,38d0ec404332,mobile development,7.5,32,100,12,0.0,1,0.0,8,3,6,0.75,fastlane/fastlane/lib/fastlane/actions/git_remote_branch.rb,0.571
fastlane,fastlane/lib/fastlane/actions/setup_travis.rb,38d0ec404332,mobile development,5,11,100,12,0.0,1,0.0,8,3,6,0.75,fastlane/fastlane/lib/fastlane/actions/git_remote_branch.rb,0.571
fastlane,fastlane/lib/fastlane/actions/push_git_tags.rb,38d0ec404332,mobile development,7.4,20,100,12,0.0,1,0.0,8,3,5,0.625,fastlane/fastlane/lib/fastlane/actions/git_tag_exists.rb,0.571
fastlane,fastlane/lib/fastlane/actions/setup_circle_ci.rb,38d0ec404332,mobile development,5.1,12,100,12,0.0,1,0.0,8,3,6,0.75,fastlane/fastlane/lib/fastlane/actions/git_remote_branch.rb,0.571
fastlane,fastlane/lib/fastlane/actions/rsync.rb,38d0ec404332,mobile development,6.2,20,100,12,0.0,1,0.0,8,4,5,0.625,fastlane/fastlane/lib/fastlane/actions/git_tag_exists.rb,0.571
fastlane,fastlane/lib/fastlane/actions/opt_out_usage.rb,38d0ec404332,mobile development,4,7,100,0,0.0,1,0.0,7,3,5,0.714,fastlane/fastlane/lib/fastlane/actions/download.rb,0.571
fastlane,fastlane/lib/fastlane/actions/git_pull.rb,38d0ec404332,mobile development,6.6,14,100,14,0.0,1,0.0,7,3,5,0.714,fastlane/fastlane/lib/fastlane/actions/make_changelog_from_jenkins.rb,0.571
fastlane,fastlane/lib/fastlane/actions/add_extra_platforms.rb,38d0ec404332,mobile development,4.7,9,100,14,0.0,1,0.0,7,3,5,0.714,fastlane/fastlane/lib/fastlane/actions/ensure_git_branch.rb,0.571
fastlane,fastlane/lib/fastlane/actions/xcode_select.rb,38d0ec404332,mobile development,5.6,14,100,14,0.0,1,0.0,7,3,5,0.714,fastlane/fastlane/lib/fastlane/actions/version_bump_podspec.rb,0.571
fastlane,fastlane/lib/fastlane/actions/say.rb,38d0ec404332,mobile development,6.1,14,100,14,0.0,1,0.0,7,3,5,0.714,fastlane/fastlane/lib/fastlane/actions/make_changelog_from_jenkins.rb,0.571
gitlab,lib/gitlab/client/pipeline_triggers.rb,4818c5712616,third-party apis,3.6,7,0,0,0.0,2,0.0,7,2,6,0.857,gitlab/lib/gitlab/client/pipelines.rb,0.571
gitlab,lib/gitlab/client/project_badges.rb,4818c5712616,third-party apis,3.2,4,0,0,0.0,2,0.0,6,2,6,1.0,gitlab/lib/gitlab/client/pipelines.rb,0.571
gitlab,lib/gitlab/client/remote_mirrors.rb,4818c5712616,third-party apis,3,3,0,17,0.0,2,0.0,6,2,6,1.0,gitlab/lib/gitlab/client/pipelines.rb,0.571
gitlab,lib/gitlab/client/group_badges.rb,4818c5712616,third-party apis,3.3,4,0,0,0.0,2,0.0,6,2,6,1.0,gitlab/lib/gitlab/client/pipelines.rb,0.571
gitlab,lib/gitlab/client/broadcast_messages.rb,4818c5712616,third-party apis,3.2,4,0,0,0.0,2,0.0,5,2,5,1.0,gitlab/lib/gitlab/client/user_snippets.rb,0.571
twilio-ruby,lib/twilio-ruby/rest/assistants/v1/assistant.rb,c58e213a6f04,third-party apis,7.2,24,0,70,0.0,2,0.0,79,20,42,0.532,twilio-ruby/lib/twilio-ruby/rest/messaging/v2/channels_sender.rb,0.569
twilio-ruby,lib/twilio-ruby/rest/ip_messaging/v1/service/user.rb,c58e213a6f04,third-party apis,7.9,33,0,76,0.0,2,0.0,59,13,33,0.559,twilio-ruby/lib/twilio-ruby/rest/api/v2010/account/sip/domain.rb,0.568
twilio-ruby,lib/twilio-ruby/rest/chat/v1/service/user.rb,c58e213a6f04,third-party apis,7.9,33,0,76,0.0,2,0.0,59,13,33,0.559,twilio-ruby/lib/twilio-ruby/rest/api/v2010/account/sip/domain.rb,0.568
twilio-ruby,lib/twilio-ruby/rest/sync/v1/service/sync_map.rb,c58e213a6f04,third-party apis,8.2,31,0,76,0.0,2,0.0,58,13,34,0.586,twilio-ruby/lib/twilio-ruby/rest/api/v2010/account/message.rb,0.568
twilio-ruby,lib/twilio-ruby/rest/sync/v1/service/sync_list.rb,c58e213a6f04,third-party apis,8.2,31,0,76,0.0,2,0.0,58,13,34,0.586,twilio-ruby/lib/twilio-ruby/rest/api/v2010/account/message.rb,0.568
twilio-ruby,lib/twilio-ruby/rest/flex_api/v1/flex_flow.rb,c58e213a6f04,third-party apis,10.4,59,0,72,0.0,2,0.0,57,12,31,0.544,twilio-ruby/lib/twilio-ruby/rest/messaging/v2/channels_sender.rb,0.568
twilio-ruby,lib/twilio-ruby/rest/sync/v1/service/document.rb,c58e213a6f04,third-party apis,8.1,31,0,75,0.0,2,0.0,57,13,33,0.579,twilio-ruby/lib/twilio-ruby/rest/api/v2010/account/sip/domain.rb,0.568
twilio-ruby,lib/twilio-ruby/rest/conversations/v1/address_configuration.rb,c58e213a6f04,third-party apis,9.6,48,0,70,0.0,2,0.0,53,12,31,0.585,twilio-ruby/lib/twilio-ruby/rest/messaging/v2/channels_sender.rb,0.568
twilio-ruby,lib/twilio-ruby/rest/studio/v1/flow.rb,c58e213a6f04,third-party apis,6.7,21,0,69,0.0,2,0.0,51,12,29,0.569,twilio-ruby/lib/twilio-ruby/rest/messaging/v1/service.rb,0.568
twilio-ruby,lib/twilio-ruby/rest/assistants/v1/session.rb,c58e213a6f04,third-party apis,6.4,21,0,61,0.0,2,0.0,44,12,25,0.568,twilio-ruby/lib/twilio-ruby/rest/messaging/v1/brand_registration.rb,0.568
twilio-ruby,lib/twilio-ruby/rest/trusthub/v1/compliance_inquiries.rb,c58e213a6f04,third-party apis,7.7,30,0,57,0.0,2,0.0,35,12,19,0.543,twilio-ruby/lib/twilio-ruby/rest/flex_api/v1/insights_questionnaires_category.rb,0.567
twilio-ruby,lib/twilio-ruby/rest/trusthub/v1/compliance_registration_inquiries.rb,c58e213a6f04,third-party apis,11.8,102,0,57,0.0,2,0.0,35,12,19,0.543,twilio-ruby/lib/twilio-ruby/rest/flex_api/v1/insights_questionnaires_category.rb,0.567
twilio-ruby,lib/twilio-ruby/rest/numbers/v2/application.rb,c58e213a6f04,third-party apis,6.4,33,0,70,0.0,2,0.0,64,15,29,0.453,twilio-ruby/lib/twilio-ruby/rest/wireless/v1/sim.rb,0.564
twilio-ruby,lib/twilio-ruby/rest/proxy/v1/service/session/participant.rb,c58e213a6f04,third-party apis,7.4,34,0,75,0.0,2,0.0,55,14,30,0.545,twilio-ruby/lib/twilio-ruby/rest/conversations/v1/service/conversation/participant.rb,0.564
twilio-ruby,lib/twilio-ruby/rest/api/v2010/account/incoming_phone_number/assigned_add_on.rb,c58e213a6f04,third-party apis,7.3,28,0,74,0.0,2,0.0,53,14,30,0.566,twilio-ruby/lib/twilio-ruby/rest/conversations/v1/service/conversation/participant.rb,0.564
twilio-ruby,lib/twilio-ruby/rest/video/v1/room/transcriptions.rb,c58e213a6f04,third-party apis,7.8,30,0,73,0.0,2,0.0,52,13,28,0.538,twilio-ruby/lib/twilio-ruby/rest/conversations/v1/service/user.rb,0.564
twilio-ruby,lib/twilio-ruby/rest/supersim/v1/ip_command.rb,c58e213a6f04,third-party apis,7.5,36,0,68,0.0,2,0.0,50,12,25,0.5,twilio-ruby/lib/twilio-ruby/rest/insights/v1/conference.rb,0.562
twilio-ruby,lib/twilio-ruby/rest/preview/wireless/command.rb,c58e213a6f04,third-party apis,7.7,38,0,67,0.0,2,0.0,48,12,25,0.521,twilio-ruby/lib/twilio-ruby/rest/insights/v1/conference.rb,0.562
twilio-ruby,lib/twilio-ruby/rest/voice/v1/dialing_permissions/country.rb,c58e213a6f04,third-party apis,6.8,21,0,65,0.0,2,0.0,46,13,25,0.543,twilio-ruby/lib/twilio-ruby/rest/insights/v1/conference.rb,0.562
twilio-ruby,lib/twilio-ruby/rest/preview/hosted_numbers/authorization_document.rb,c58e213a6f04,third-party apis,8.9,39,0,69,0.0,2,0.0,51,12,30,0.588,twilio-ruby/lib/twilio-ruby/rest/events/v1/sink.rb,0.561
twilio-ruby,lib/twilio-ruby/rest/verify/v2/service/webhook.rb,c58e213a6f04,third-party apis,8.5,36,0,75,0.0,2,0.0,55,13,31,0.564,twilio-ruby/lib/twilio-ruby/rest/api/v2010/account/sip/domain.rb,0.558
twilio-ruby,lib/twilio-ruby/rest/ip_messaging/v1/service/role.rb,c58e213a6f04,third-party apis,8.1,31,0,73,0.0,2,0.0,52,13,31,0.596,twilio-ruby/lib/twilio-ruby/rest/api/v2010/account/sip/domain.rb,0.558
twilio-ruby,lib/twilio-ruby/rest/ip_messaging/v2/service/role.rb,c58e213a6f04,third-party apis,8.1,31,0,73,0.0,2,0.0,52,13,31,0.596,twilio-ruby/lib/twilio-ruby/rest/api/v2010/account/sip/domain.rb,0.558
twilio-ruby,lib/twilio-ruby/rest/chat/v1/service/role.rb,c58e213a6f04,third-party apis,8.1,31,0,73,0.0,2,0.0,52,13,31,0.596,twilio-ruby/lib/twilio-ruby/rest/api/v2010/account/sip/domain.rb,0.558
twilio-ruby,lib/twilio-ruby/rest/chat/v2/service/role.rb,c58e213a6f04,third-party apis,8.1,31,0,73,0.0,2,0.0,52,13,31,0.596,twilio-ruby/lib/twilio-ruby/rest/api/v2010/account/sip/domain.rb,0.558
twilio-ruby,lib/twilio-ruby/rest/flex_api/v1/interaction/interaction_channel.rb,c58e213a6f04,third-party apis,7.5,30,0,73,0.0,2,0.0,52,13,31,0.596,twilio-ruby/lib/twilio-ruby/rest/api/v2010/account/sip/domain.rb,0.558
twilio-ruby,lib/twilio-ruby/rest/voice/v1/connection_policy.rb,c58e213a6f04,third-party apis,8.0,27,0,69,0.0,2,0.0,52,12,33,0.635,twilio-ruby/lib/twilio-ruby/rest/events/v1/sink.rb,0.558
twilio-ruby,lib/twilio-ruby/rest/conversations/v1/service/role.rb,c58e213a6f04,third-party apis,8.1,31,0,73,0.0,2,0.0,52,13,31,0.596,twilio-ruby/lib/twilio-ruby/rest/api/v2010/account/sip/domain.rb,0.558
twilio-ruby,lib/twilio-ruby/rest/conversations/v1/conversation/webhook.rb,c58e213a6f04,third-party apis,9.0,39,0,73,0.0,2,0.0,51,13,31,0.608,twilio-ruby/lib/twilio-ruby/rest/api/v2010/account/sip/domain.rb,0.558
twilio-ruby,lib/twilio-ruby/rest/taskrouter/v1/workspace/task_queue.rb,c58e213a6f04,third-party apis,8.2,38,0,79,0.0,2,0.0,66,13,36,0.545,twilio-ruby/lib/twilio-ruby/rest/api/v2010/account/incoming_phone_number.rb,0.556
twilio-ruby,lib/twilio-ruby/rest/proxy/v1/service/session.rb,c58e213a6f04,third-party apis,8.1,37,0,78,0.0,2,0.0,63,13,34,0.54,twilio-ruby/lib/twilio-ruby/rest/api/v2010/account/sip/domain.rb,0.556
twilio-ruby,lib/twilio-ruby/rest/ip_messaging/v2/service/user.rb,c58e213a6f04,third-party apis,8.2,34,0,77,0.0,2,0.0,61,13,34,0.557,twilio-ruby/lib/twilio-ruby/rest/api/v2010/account/sip/domain.rb,0.556
twilio-ruby,lib/twilio-ruby/rest/chat/v2/service/user.rb,c58e213a6f04,third-party apis,8.2,34,0,77,0.0,2,0.0,61,13,34,0.557,twilio-ruby/lib/twilio-ruby/rest/api/v2010/account/sip/domain.rb,0.556
twilio-ruby,lib/twilio-ruby/rest/routes/v2/trunk.rb,c58e213a6f04,third-party apis,6.8,29,0,62,0.0,2,0.0,40,12,20,0.5,twilio-ruby/lib/twilio-ruby/rest/insights/v1/call.rb,0.556
twilio-ruby,lib/twilio-ruby/rest/routes/v2/phone_number.rb,c58e213a6f04,third-party apis,6.8,29,0,62,0.0,2,0.0,40,12,20,0.5,twilio-ruby/lib/twilio-ruby/rest/insights/v1/call.rb,0.556
twilio-ruby,lib/twilio-ruby/rest/routes/v2/sip_domain.rb,c58e213a6f04,third-party apis,6.8,29,0,62,0.0,2,0.0,40,12,20,0.5,twilio-ruby/lib/twilio-ruby/rest/insights/v1/call.rb,0.556
twilio-ruby,lib/twilio-ruby/rest/bulkexports/v1/export_configuration.rb,c58e213a6f04,third-party apis,7.2,31,0,59,0.0,2,0.0,37,12,20,0.541,twilio-ruby/lib/twilio-ruby/rest/insights/v1/call.rb,0.556
twilio-ruby,lib/twilio-ruby/rest/accounts/v1/messaging_geopermissions.rb,c58e213a6f04,third-party apis,8.8,26,0,45,0.0,2,0.0,20,9,13,0.65,twilio-ruby/lib/twilio-ruby/rest/accounts/v1/safelist.rb,0.556
fastlane,fastlane/lib/fastlane/actions/clean_build_artifacts.rb,38d0ec404332,mobile development,7.2,26,100,12,0.0,1,0.0,8,3,6,0.75,fastlane/fastlane/lib/fastlane/actions/get_build_number_repository.rb,0.556
twilio-ruby,lib/twilio-ruby/rest/ip_messaging/v1/service/channel/invite.rb,c58e213a6f04,third-party apis,7.5,30,0,72,0.0,2,0.0,50,14,28,0.56,twilio-ruby/lib/twilio-ruby/rest/api/v2010/account/call/recording.rb,0.553
twilio-ruby,lib/twilio-ruby/rest/ip_messaging/v2/service/channel/invite.rb,c58e213a6f04,third-party apis,7.5,30,0,72,0.0,2,0.0,50,14,28,0.56,twilio-ruby/lib/twilio-ruby/rest/api/v2010/account/call/recording.rb,0.553
twilio-ruby,lib/twilio-ruby/rest/chat/v1/service/channel/invite.rb,c58e213a6f04,third-party apis,7.5,30,0,72,0.0,2,0.0,50,14,28,0.56,twilio-ruby/lib/twilio-ruby/rest/api/v2010/account/call/recording.rb,0.553
twilio-ruby,lib/twilio-ruby/rest/chat/v2/service/channel/invite.rb,c58e213a6f04,third-party apis,7.5,30,0,72,0.0,2,0.0,50,14,28,0.56,twilio-ruby/lib/twilio-ruby/rest/api/v2010/account/call/recording.rb,0.553
twilio-ruby,lib/twilio-ruby/rest/flex_api/v1/channel.rb,c58e213a6f04,third-party apis,8.0,44,0,67,0.0,2,0.0,48,12,28,0.583,twilio-ruby/lib/twilio-ruby/rest/video/v1/composition_hook.rb,0.553
twilio-ruby,lib/twilio-ruby/rest/flex_api/v1/interaction/interaction_channel/interaction_transfer.rb,c58e213a6f04,third-party apis,6.7,27,0,73,0.0,2,0.0,49,14,22,0.449,twilio-ruby/lib/twilio-ruby/rest/api/v2010/account/call/notification.rb,0.552
twilio-ruby,lib/twilio-ruby/rest/marketplace/v1/module_data_management.rb,c58e213a6f04,third-party apis,7.4,39,0,64,0.0,2,0.0,42,12,20,0.476,twilio-ruby/lib/twilio-ruby/rest/insights/v1/conference.rb,0.552
twilio-ruby,lib/twilio-ruby/rest/api/v2010/account/application.rb,c58e213a6f04,third-party apis,9.6,58,0,78,0.0,2,0.0,64,13,31,0.484,twilio-ruby/lib/twilio-ruby/rest/messaging/v1/service/us_app_to_person.rb,0.55
twilio-ruby,lib/twilio-ruby/rest/voice/v1/byoc_trunk.rb,c58e213a6f04,third-party apis,9.0,45,0,72,0.0,2,0.0,58,12,31,0.534,twilio-ruby/lib/twilio-ruby/rest/video/v1/composition_hook.rb,0.55
twilio-ruby,lib/twilio-ruby/rest/ip_messaging/v2/service/channel/webhook.rb,c58e213a6f04,third-party apis,9.1,40,0,73,0.0,2,0.0,52,14,31,0.596,twilio-ruby/lib/twilio-ruby/rest/conversations/v1/service/conversation/participant.rb,0.55
twilio-ruby,lib/twilio-ruby/rest/chat/v2/service/channel/webhook.rb,c58e213a6f04,third-party apis,9.1,40,0,73,0.0,2,0.0,52,14,31,0.596,twilio-ruby/lib/twilio-ruby/rest/conversations/v1/service/conversation/participant.rb,0.55
twilio-ruby,lib/twilio-ruby/rest/conversations/v1/service/conversation/webhook.rb,c58e213a6f04,third-party apis,9.0,40,0,73,0.0,2,0.0,52,14,31,0.596,twilio-ruby/lib/twilio-ruby/rest/conversations/v1/service/conversation/participant.rb,0.55
twilio-ruby,lib/twilio-ruby/rest/api/v2010/account/sip/ip_access_control_list/ip_address.rb,c58e213a6f04,third-party apis,8.4,33,0,73,0.0,2,0.0,52,15,31,0.596,twilio-ruby/lib/twilio-ruby/rest/conversations/v1/service/conversation/participant.rb,0.55
twilio-ruby,lib/twilio-ruby/rest/api/v2010/account/sip/credential_list/credential.rb,c58e213a6f04,third-party apis,8.3,30,0,72,0.0,2,0.0,50,15,31,0.62,twilio-ruby/lib/twilio-ruby/rest/conversations/v1/service/conversation/participant.rb,0.55
twilio-ruby,lib/twilio-ruby/rest/lookups/v2/query.rb,c58e213a6f04,third-party apis,6.8,21,0,43,0.0,2,0.0,30,15,18,0.6,twilio-ruby/lib/twilio-ruby/rest/numbers/v1/sender_id_registration.rb,0.55
bullet,lib/bullet/active_record41.rb,bc55c037d27a,profiler and optimization,22.3,185,14,86,0.0,0,71.4,14,2,14,1.0,bullet/lib/bullet/active_record42.rb,0.55
twilio-ruby,lib/twilio-ruby/rest/numbers/v2/regulatory_compliance/supporting_document.rb,c58e213a6f04,third-party apis,7.9,30,0,71,0.0,2,0.0,55,13,31,0.564,twilio-ruby/lib/twilio-ruby/rest/events/v1/sink.rb,0.548
twilio-ruby,lib/twilio-ruby/rest/trusthub/v1/supporting_document.rb,c58e213a6f04,third-party apis,8.0,30,0,70,0.0,2,0.0,53,12,31,0.585,twilio-ruby/lib/twilio-ruby/rest/events/v1/sink.rb,0.548
twilio-ruby,lib/twilio-ruby/rest/trusthub/v1/end_user.rb,c58e213a6f04,third-party apis,8.2,30,0,69,0.0,2,0.0,51,12,31,0.608,twilio-ruby/lib/twilio-ruby/rest/events/v1/sink.rb,0.548
twilio-ruby,lib/twilio-ruby/rest/numbers/v2/regulatory_compliance/end_user.rb,c58e213a6f04,third-party apis,8.2,30,0,69,0.0,2,0.0,51,13,31,0.608,twilio-ruby/lib/twilio-ruby/rest/events/v1/sink.rb,0.548
twilio-ruby,lib/twilio-ruby/rest/memory/v1/store.rb,c58e213a6f04,third-party apis,7.4,24,0,70,0.0,2,0.0,61,16,33,0.541,twilio-ruby/lib/twilio-ruby/rest/intelligence/v3/operator.rb,0.545
twilio-ruby,lib/twilio-ruby/rest/messaging/v1/brand_registration/brand_vetting.rb,c58e213a6f04,third-party apis,7.2,29,0,70,0.0,2,0.0,47,13,25,0.532,twilio-ruby/lib/twilio-ruby/rest/api/v2010/account/short_code.rb,0.545
twilio-ruby,lib/twilio-ruby/rest/numbers/v1/porting_portability.rb,c58e213a6f04,third-party apis,6.1,28,0,61,0.0,2,0.0,38,12,17,0.447,twilio-ruby/lib/twilio-ruby/rest/numbers/v2/bundle_clone.rb,0.545
gitlab,lib/gitlab/client/boards.rb,4818c5712616,third-party apis,3.1,4,0,0,0.0,2,0.0,10,2,8,0.8,gitlab/lib/gitlab/client/merge_request_approvals.rb,0.545
twilio-ruby,lib/twilio-ruby/rest/iam/v1/api_key.rb,c58e213a6f04,third-party apis,7.2,29,0,62,0.0,2,0.0,40,12,23,0.575,twilio-ruby/lib/twilio-ruby/rest/video/v1/composition_hook.rb,0.543
twilio-ruby,lib/twilio-ruby/rest/proxy/v1/service.rb,c58e213a6f04,third-party apis,8.8,41,0,74,0.0,2,0.0,61,12,34,0.557,twilio-ruby/lib/twilio-ruby/rest/messaging/v1/service.rb,0.542
twilio-ruby,lib/twilio-ruby/rest/api/v2010/account/notification.rb,c58e213a6f04,third-party apis,6.3,29,0,73,0.0,2,0.0,52,13,23,0.442,twilio-ruby/lib/twilio-ruby/rest/api/v2010/account/incoming_phone_number.rb,0.541
twilio-ruby,lib/twilio-ruby/rest/trunking/v1/trunk.rb,c58e213a6f04,third-party apis,8.4,41,0,77,0.0,2,0.0,71,12,37,0.521,twilio-ruby/lib/twilio-ruby/rest/messaging/v1/service.rb,0.54
twilio-ruby,lib/twilio-ruby/rest/conversations/v1/service.rb,c58e213a6f04,third-party apis,7.4,26,0,74,0.0,2,0.0,61,12,37,0.607,twilio-ruby/lib/twilio-ruby/rest/messaging/v1/service.rb,0.54
twilio-ruby,lib/twilio-ruby/rest/video/v1/composition.rb,c58e213a6f04,third-party apis,7.3,42,0,74,0.0,2,0.0,61,12,28,0.459,twilio-ruby/lib/twilio-ruby/rest/wireless/v1/sim.rb,0.538
twilio-ruby,lib/twilio-ruby/rest/conversations/v1/service/user/user_conversation.rb,c58e213a6f04,third-party apis,7.1,33,0,76,0.0,2,0.0,59,14,29,0.492,twilio-ruby/lib/twilio-ruby/rest/api/v2010/account/call/recording.rb,0.538
twilio-ruby,lib/twilio-ruby/rest/ip_messaging/v2/service/binding.rb,c58e213a6f04,third-party apis,6.6,24,0,72,0.0,2,0.0,50,13,26,0.52,twilio-ruby/lib/twilio-ruby/rest/api/v2010/account/incoming_phone_number.rb,0.538
twilio-ruby,lib/twilio-ruby/rest/chat/v2/service/binding.rb,c58e213a6f04,third-party apis,6.6,24,0,72,0.0,2,0.0,50,13,26,0.52,twilio-ruby/lib/twilio-ruby/rest/api/v2010/account/incoming_phone_number.rb,0.538
twilio-ruby,lib/twilio-ruby/rest/conversations/v1/participant_conversation.rb,c58e213a6f04,third-party apis,5.9,24,0,68,0.0,2,0.0,37,9,15,0.405,twilio-ruby/lib/twilio-ruby/rest/flex_api/v1/assessments.rb,0.538
twilio-ruby,lib/twilio-ruby/rest/studio/v1/flow/engagement/step/step_context.rb,c58e213a6f04,third-party apis,5.9,23,0,60,0.0,2,0.0,35,15,17,0.486,twilio-ruby/lib/twilio-ruby/rest/api/v2010/account/call/notification.rb,0.538
twilio-ruby,lib/twilio-ruby/rest/studio/v1/flow/execution/execution_step/execution_step_context.rb,c58e213a6f04,third-party apis,5.9,23,0,60,0.0,2,0.0,35,15,17,0.486,twilio-ruby/lib/twilio-ruby/rest/api/v2010/account/call/notification.rb,0.538
twilio-ruby,lib/twilio-ruby/rest/studio/v2/flow/execution/execution_step/execution_step_context.rb,c58e213a6f04,third-party apis,5.9,23,0,60,0.0,2,0.0,35,15,17,0.486,twilio-ruby/lib/twilio-ruby/rest/api/v2010/account/call/notification.rb,0.538
twilio-ruby,lib/twilio-ruby/rest/serverless/v1/service/function/function_version/function_version_content.rb,c58e213a6f04,third-party apis,5.9,23,0,60,0.0,2,0.0,35,15,17,0.486,twilio-ruby/lib/twilio-ruby/rest/api/v2010/account/call/notification.rb,0.538
twilio-ruby,lib/twilio-ruby/rest/api/v2010/account/sip.rb,c58e213a6f04,third-party apis,6,15,0,44,0.0,2,0.0,18,10,9,0.5,twilio-ruby/lib/twilio-ruby/rest/numbers/v2/regulatory_compliance/bundle/replace_items.rb,0.538
twilio-ruby,lib/twilio-ruby/rest/api/v2010/account/sip/domain/auth_types.rb,c58e213a6f04,third-party apis,5.1,15,0,41,0.0,2,0.0,17,12,9,0.529,twilio-ruby/lib/twilio-ruby/rest/api/v2010/account/message/feedback.rb,0.538
twilio-ruby,lib/twilio-ruby/rest/api/v2010/account/sip/domain/auth_types/auth_type_calls.rb,c58e213a6f04,third-party apis,5.8,15,0,41,0.0,2,0.0,17,13,9,0.529,twilio-ruby/lib/twilio-ruby/rest/api/v2010/account/message/feedback.rb,0.538
twilio-ruby,lib/twilio-ruby/rest/api/v2010/account/sip/domain/auth_types/auth_type_registrations.rb,c58e213a6f04,third-party apis,5.5,15,0,38,0.0,2,0.0,16,13,9,0.562,twilio-ruby/lib/twilio-ruby/rest/api/v2010/account/message/feedback.rb,0.538
rubocop,lib/rubocop/cop/bundler/gem_version.rb,65854e6bbfe4,code formatting,4.6,11,0,50,0.5,1,0.0,10,4,9,0.9,rubocop/lib/rubocop/cop/gemspec/dependency_version.rb,0.538
twilio-ruby,lib/twilio-ruby/rest/supersim/v1/network_access_profile.rb,c58e213a6f04,third-party apis,8.0,28,0,67,0.0,2,0.0,49,12,30,0.612,twilio-ruby/lib/twilio-ruby/rest/messaging/v1/brand_registration.rb,0.537
twilio-ruby,lib/twilio-ruby/rest/api/v2010/account/usage/trigger.rb,c58e213a6f04,third-party apis,8.3,39,0,76,0.0,2,0.0,59,14,31,0.525,twilio-ruby/lib/twilio-ruby/rest/studio/v2/flow/execution.rb,0.535
twilio-ruby,lib/twilio-ruby/rest/trusthub/v1/trust_products.rb,c58e213a6f04,third-party apis,8.4,33,0,74,0.0,2,0.0,62,12,35,0.565,twilio-ruby/lib/twilio-ruby/rest/numbers/v2/regulatory_compliance/bundle.rb,0.532
twilio-ruby,lib/twilio-ruby/rest/trusthub/v1/customer_profiles.rb,c58e213a6f04,third-party apis,8.4,33,0,74,0.0,2,0.0,62,12,35,0.565,twilio-ruby/lib/twilio-ruby/rest/numbers/v2/regulatory_compliance/bundle.rb,0.532
twilio-ruby,lib/twilio-ruby/rest/ip_messaging/v1/service.rb,c58e213a6f04,third-party apis,11.9,133,0,77,0.0,2,0.0,70,12,35,0.5,twilio-ruby/lib/twilio-ruby/rest/messaging/v1/service.rb,0.531
twilio-ruby,lib/twilio-ruby/rest/chat/v1/service.rb,c58e213a6f04,third-party apis,11.9,133,0,77,0.0,2,0.0,70,12,35,0.5,twilio-ruby/lib/twilio-ruby/rest/messaging/v1/service.rb,0.531
twilio-ruby,lib/twilio-ruby/rest/studio/v2/flow.rb,c58e213a6f04,third-party apis,8.0,35,0,75,0.0,2,0.0,65,12,35,0.538,twilio-ruby/lib/twilio-ruby/rest/messaging/v1/service.rb,0.531
twilio-ruby,lib/twilio-ruby/rest/marketplace/v1/installed_add_on.rb,c58e213a6f04,third-party apis,8.1,32,0,72,0.0,2,0.0,57,12,35,0.614,twilio-ruby/lib/twilio-ruby/rest/messaging/v1/service.rb,0.531
twilio-ruby,lib/twilio-ruby/rest/flex_api/v2/flex_user.rb,c58e213a6f04,third-party apis,6.6,32,0,68,0.0,2,0.0,47,12,20,0.426,twilio-ruby/lib/twilio-ruby/rest/api/v2010/account/conference.rb,0.531
twilio-ruby,lib/twilio-ruby/rest/flex_api/v1/interaction.rb,c58e213a6f04,third-party apis,7.9,32,0,65,0.0,2,0.0,43,12,24,0.558,twilio-ruby/lib/twilio-ruby/rest/insights/v1/conference.rb,0.531
twilio-ruby,lib/twilio-ruby/rest/taskrouter/v1/workspace/event.rb,c58e213a6f04,third-party apis,6.8,29,0,73,0.0,2,0.0,52,13,23,0.442,twilio-ruby/lib/twilio-ruby/rest/api/v2010/account/conference.rb,0.529
capybara,lib/capybara/selenium/driver_specializations/chrome_driver.rb,a210c6e57872,testing,6.6,20,7,79,0.0,0,14.3,14,1,14,1.0,capybara/lib/capybara/selenium/driver_specializations/edge_driver.rb,0.526
twilio-ruby,lib/twilio-ruby/rest/verify/v2/service/entity/challenge.rb,c58e213a6f04,third-party apis,7.9,38,0,77,0.0,2,0.0,60,14,30,0.5,twilio-ruby/lib/twilio-ruby/rest/api/v2010/account/call/recording.rb,0.525
twilio-ruby,lib/twilio-ruby/rest/intelligence/v3/operator_result.rb,c58e213a6f04,third-party apis,6.6,29,0,74,0.0,2,0.0,54,12,26,0.481,twilio-ruby/lib/twilio-ruby/rest/intelligence/v3/operator.rb,0.525
twilio-ruby,lib/twilio-ruby/rest/api/v2010/account/available_phone_number_country.rb,c58e213a6f04,third-party apis,6.3,22,0,74,0.0,2,0.0,54,13,31,0.574,twilio-ruby/lib/twilio-ruby/rest/api/v2010/account/sip/domain.rb,0.523
twilio-ruby,lib/twilio-ruby/rest/supersim/v1/fleet.rb,c58e213a6f04,third-party apis,8.6,42,0,71,0.0,2,0.0,55,12,28,0.509,twilio-ruby/lib/twilio-ruby/rest/taskrouter/v1/workspace.rb,0.522
twilio-ruby,lib/twilio-ruby/rest/verify/v2/verification_attempts_summary.rb,c58e213a6f04,third-party apis,7.0,35,0,50,0.0,2,0.0,34,12,16,0.471,twilio-ruby/lib/twilio-ruby/rest/insights/v1/setting.rb,0.522
twilio-ruby,lib/twilio-ruby/rest/flex_api/v1/insights_session.rb,c58e213a6f04,third-party apis,6.0,22,0,50,0.0,2,0.0,34,12,16,0.471,twilio-ruby/lib/twilio-ruby/rest/insights/v1/setting.rb,0.522
twilio-ruby,lib/twilio-ruby/rest/accounts/v1/auth_token_promotion.rb,c58e213a6f04,third-party apis,5.7,20,0,50,0.0,2,0.0,34,12,16,0.471,twilio-ruby/lib/twilio-ruby/rest/insights/v1/setting.rb,0.522
twilio-ruby,lib/twilio-ruby/rest/notify/v1/service.rb,c58e213a6f04,third-party apis,9.2,53,0,76,0.0,2,0.0,67,12,35,0.522,twilio-ruby/lib/twilio-ruby/rest/messaging/v2/channels_sender.rb,0.521
twilio-ruby,lib/twilio-ruby/rest/preview/marketplace/installed_add_on.rb,c58e213a6f04,third-party apis,8.1,32,0,71,0.0,2,0.0,55,12,33,0.6,twilio-ruby/lib/twilio-ruby/rest/messaging/v1/service.rb,0.521
twilio-ruby,lib/twilio-ruby/rest/ip_messaging/v2/service.rb,c58e213a6f04,third-party apis,9.7,87,0,78,0.0,2,0.0,74,12,36,0.486,twilio-ruby/lib/twilio-ruby/rest/messaging/v1/service.rb,0.52
twilio-ruby,lib/twilio-ruby/rest/chat/v2/service.rb,c58e213a6f04,third-party apis,9.7,87,0,78,0.0,2,0.0,74,12,36,0.486,twilio-ruby/lib/twilio-ruby/rest/messaging/v1/service.rb,0.52
twilio-ruby,lib/twilio-ruby/rest/sync/v1/service.rb,c58e213a6f04,third-party apis,8.7,39,0,75,0.0,2,0.0,65,12,36,0.554,twilio-ruby/lib/twilio-ruby/rest/messaging/v1/service.rb,0.52
twilio-ruby,lib/twilio-ruby/rest/serverless/v1/service.rb,c58e213a6f04,third-party apis,8.3,32,0,74,0.0,2,0.0,62,12,36,0.581,twilio-ruby/lib/twilio-ruby/rest/messaging/v1/service.rb,0.52
twilio-ruby,lib/twilio-ruby/rest/api/v2010/account/call/payment.rb,c58e213a6f04,third-party apis,9.6,62,0,65,0.0,2,0.0,37,14,19,0.514,twilio-ruby/lib/twilio-ruby/rest/api/v2010/account/call/stream.rb,0.52
twilio-ruby,lib/twilio-ruby/rest/api/v2010/account/call/user_defined_message_subscription.rb,c58e213a6f04,third-party apis,6.8,32,0,64,0.0,2,0.0,36,14,19,0.528,twilio-ruby/lib/twilio-ruby/rest/api/v2010/account/call/stream.rb,0.52
twilio-ruby,lib/twilio-ruby/rest/conversations/v1/service/participant_conversation.rb,c58e213a6f04,third-party apis,5.9,24,0,73,0.0,2,0.0,37,10,15,0.405,twilio-ruby/lib/twilio-ruby/rest/api/v2010/account/short_code.rb,0.519
twilio-ruby,lib/twilio-ruby/rest/flex_api/v1/insights_questionnaires.rb,c58e213a6f04,third-party apis,9.2,34,0,68,0.0,2,0.0,50,12,31,0.62,twilio-ruby/lib/twilio-ruby/rest/flex_api/v1/assessments.rb,0.514
twilio-ruby,lib/twilio-ruby/rest/flex_api/v1/interaction/interaction_channel/interaction_channel_participant.rb,c58e213a6f04,third-party apis,8.0,32,0,67,0.0,2,0.0,43,14,25,0.581,twilio-ruby/lib/twilio-ruby/rest/conversations/v1/service/conversation/participant.rb,0.514
twilio-ruby,lib/twilio-ruby/rest/preview/wireless/rate_plan.rb,c58e213a6f04,third-party apis,8.2,44,0,72,0.0,2,0.0,57,12,31,0.544,twilio-ruby/lib/twilio-ruby/rest/video/v1/composition_hook.rb,0.512
twilio-ruby,lib/twilio-ruby/rest/sync/v1/service/sync_list/sync_list_item.rb,c58e213a6f04,third-party apis,8.9,36,0,74,0.0,2,0.0,54,14,31,0.574,twilio-ruby/lib/twilio-ruby/rest/conversations/v1/service/conversation/participant.rb,0.512
twilio-ruby,lib/twilio-ruby/rest/sync/v1/service/sync_map/sync_map_item.rb,c58e213a6f04,third-party apis,9.0,36,0,74,0.0,2,0.0,54,14,31,0.574,twilio-ruby/lib/twilio-ruby/rest/conversations/v1/service/conversation/participant.rb,0.512
twilio-ruby,lib/twilio-ruby/rest/conversations/v1/role.rb,c58e213a6f04,third-party apis,8.0,30,0,69,0.0,2,0.0,52,12,31,0.596,twilio-ruby/lib/twilio-ruby/rest/video/v1/composition_hook.rb,0.512
twilio-ruby,lib/twilio-ruby/rest/ip_messaging/v1/credential.rb,c58e213a6f04,third-party apis,9.0,38,0,69,0.0,2,0.0,51,12,31,0.608,twilio-ruby/lib/twilio-ruby/rest/supersim/v1/sim.rb,0.512
twilio-ruby,lib/twilio-ruby/rest/ip_messaging/v2/credential.rb,c58e213a6f04,third-party apis,9.0,38,0,69,0.0,2,0.0,51,12,31,0.608,twilio-ruby/lib/twilio-ruby/rest/supersim/v1/sim.rb,0.512
twilio-ruby,lib/twilio-ruby/rest/notify/v1/credential.rb,c58e213a6f04,third-party apis,9.0,38,0,69,0.0,2,0.0,51,12,31,0.608,twilio-ruby/lib/twilio-ruby/rest/supersim/v1/sim.rb,0.512
twilio-ruby,lib/twilio-ruby/rest/chat/v1/credential.rb,c58e213a6f04,third-party apis,9.0,38,0,69,0.0,2,0.0,51,12,31,0.608,twilio-ruby/lib/twilio-ruby/rest/supersim/v1/sim.rb,0.512
twilio-ruby,lib/twilio-ruby/rest/chat/v2/credential.rb,c58e213a6f04,third-party apis,9.0,38,0,69,0.0,2,0.0,51,12,31,0.608,twilio-ruby/lib/twilio-ruby/rest/supersim/v1/sim.rb,0.512
twilio-ruby,lib/twilio-ruby/rest/conversations/v1/credential.rb,c58e213a6f04,third-party apis,9.1,39,0,69,0.0,2,0.0,51,12,31,0.608,twilio-ruby/lib/twilio-ruby/rest/video/v1/composition_hook.rb,0.512
twilio-ruby,lib/twilio-ruby/rest/assistants/v1/assistant/assistants_tool.rb,c58e213a6f04,third-party apis,6.4,23,0,71,0.0,2,0.0,49,13,26,0.531,twilio-ruby/lib/twilio-ruby/rest/api/v2010/account/sip/domain.rb,0.512
twilio-ruby,lib/twilio-ruby/rest/assistants/v1/assistant/assistants_knowledge.rb,c58e213a6f04,third-party apis,6.4,23,0,71,0.0,2,0.0,49,13,26,0.531,twilio-ruby/lib/twilio-ruby/rest/api/v2010/account/sip/domain.rb,0.512
twilio-ruby,lib/twilio-ruby/rest/flex_api/v1/web_channel.rb,c58e213a6f04,third-party apis,8.6,36,0,67,0.0,2,0.0,49,12,31,0.633,twilio-ruby/lib/twilio-ruby/rest/video/v1/composition_hook.rb,0.512
twilio-ruby,lib/twilio-ruby/rest/conversations/v1/service/conversation.rb,c58e213a6f04,third-party apis,9.8,49,0,78,0.0,2,0.0,63,13,35,0.556,twilio-ruby/lib/twilio-ruby/rest/ip_messaging/v2/service/channel.rb,0.511
twilio-ruby,lib/twilio-ruby/rest/intelligence/v2/service.rb,c58e213a6f04,third-party apis,8.8,44,0,73,0.0,2,0.0,60,12,31,0.517,twilio-ruby/lib/twilio-ruby/rest/messaging/v1/service.rb,0.511
twilio-ruby,lib/twilio-ruby/rest/wireless/v1/rate_plan.rb,c58e213a6f04,third-party apis,8.2,48,0,73,0.0,2,0.0,59,12,31,0.525,twilio-ruby/lib/twilio-ruby/rest/messaging/v1/service.rb,0.511
